7fff
7fff
7fff
7fff
7fff
7fff
7fff
7fff
6c4a
7dfb
7fcc
7ffb
7fff
7fff
7fff
7fff
373a
77fd
7f31
7feb
7ffe
7fff
7fff
7fff
f128
6e37
7e2f
7fd1
7ffb
7fff
7fff
7fff
afa8
60f6
7cc7
7fad
7ff8
7fff
7fff
7fff
86e7
50a6
7af9
7f7f
7ff3
7fff
7fff
7fff
8371
3dcc
78c8
7f46
7fed
7ffe
7fff
7fff
a658
28fe
7636
7f02
7fe7
7ffd
7fff
7fff
e4dc
12e6
7344
7eb5
7fdf
7ffd
7fff
7fff
2bbc
fc34
6ff4
7e5d
7fd6
7ffc
7fff
7fff
6523
e5a2
6c4a
7dfb
7fcc
7ffb
7fff
7fff
7f65
cfe4
6848
7d8f
7fc1
7ffa
7fff
7fff
726a
bbab
63f2
7d19
7fb5
7ff9
7fff
7fff
4233
a99a
5f4b
7c98
7fa8
7ff7
7fff
7fff
fd98
9a42
5a57
7c0e
7f9b
7ff6
7fff
7fff
b9bb
8e1f
551a
7b79
7f8b
7ff4
7fff
7fff
8b82
8594
4f97
7adb
7f7b
7ff3
7fff
7fff
812a
80e6
49d5
7a32
7f6a
7ff1
7fff
7fff
9de2
803a
43d7
7980
7f58
7fef
7ffe
7fff
d8d2
8395
3da1
78c3
7f45
7fed
7ffe
7fff
1fd3
8add
373a
77fd
7f31
7feb
7ffe
7fff
5d06
95d7
30a6
772e
7f1c
7fe9
7ffe
7fff
7d94
a42a
29eb
7654
7f06
7fe7
7ffd
7fff
7774
b562
230e
7571
7eee
7fe5
7ffd
7fff
4c8b
c8f5
1c15
7485
7ed6
7fe2
7ffd
7fff
0a0e
de44
1504
738f
7ebd
7fe0
7ffd
7fff
c479
f4a4
0de3
7290
7ea2
7fdd
7ffc
7fff
9139
0b5f
06b7
7187
7e87
7fda
7ffc
7fff
8017
21bf
ff85
7075
7e6b
7fd7
7ffc
7fff
965a
370e
f853
6f5a
7e4d
7fd4
7ffc
7fff
cd27
4aa1
f128
6e37
7e2f
7fd1
7ffb
7fff
139d
5bd9
ea09
6d0a
7e0f
7fce
7ffb
7fff
5408
6a2b
e2fb
6bd4
7def
7fcb
7ffb
7fff
7a92
7524
dc05
6a96
7dcd
7fc8
7ffa
7fff
7b5c
7c6c
d52c
694f
7dab
7fc4
7ffa
7fff
5628
7fc7
ce76
67ff
7d87
7fc1
7ffa
7fff
166c
7f1a
c7e8
66a8
7d63
7fbd
7ff9
7fff
cfc7
7a6b
c187
6547
7d3d
7fb9
7ff9
7fff
97fc
71df
bb59
63df
7d17
7fb5
7ff9
7fff
803b
65bc
b562
626e
7cef
7fb1
7ff8
7fff
8fd3
5664
afa8
60f6
7cc7
7fad
7ff8
7fff
c1f7
4452
aa2f
5f76
7c9d
7fa9
7ff7
7fff
0737
3019
a4fb
5dee
7c72
7fa5
7ff7
7fff
4a3e
1a5b
a011
5c5e
7c47
7fa0
7ff6
7fff
7667
03c8
9b75
5ac7
7c1a
7f9c
7ff6
7fff
7e19
ed17
972a
5928
7bec
7f97
7ff6
7fff
5ef5
d6ff
9333
5783
7bbe
7f92
7ff5
7fff
2293
c231
8f95
55d6
7b8e
7f8e
7ff5
7fff
db8a
af57
8c52
5422
7b5e
7f89
7ff4
7fff
9fbc
9f08
896c
5268
7b2c
7f84
7ff4
7fff
8194
91c8
86e7
50a6
7af9
7f7f
7ff3
7fff
8a5c
8802
84c3
4edf
7ac6
7f79
7ff3
7fff
b75e
8204
8303
4d11
7a91
7f74
7ff2
7fff
fac0
8000
81a9
4b3c
7a5b
7f6f
7ff1
7fff
3fbf
8205
80b4
4962
7a25
7f69
7ff1
7ffe
711c
8804
8027
4781
79ed
7f63
7ff0
7ffe
7fa3
91cb
8001
459b
79b5
7f5e
7ff0
7ffe
66db
9f0c
8043
43af
797b
7f58
7fef
7ffe
2e66
af5c
80ec
41be
7940
7f52
7fef
7ffe
e7a6
c237
81fb
3fc8
7905
7f4c
7fee
7ffe
a866
d705
8371
3dcc
78c8
7f46
7fed
7ffe
8421
ed1e
854c
3bcb
788b
7f3f
7fed
7ffe
8602
03cf
878a
39c5
784c
7f39
7fec
7ffe
ad76
1a61
8a29
37bb
780d
7f33
7feb
7ffe
ee55
301f
8d28
35ac
77cd
7f2c
7feb
7ffe
34a5
4458
9084
3399
778b
7f25
7fea
7ffe
6abf
5669
943a
3182
7749
7f1f
7fe9
7ffe
7ff8
65c0
9847
2f67
7706
7f18
7fe9
7ffe
6dc8
71e2
9ca9
2d47
76c1
7f11
7fe8
7ffe
39c8
7a6d
a15a
2b25
767c
7f0a
7fe7
7ffe
f3fd
7f1b
a658
28fe
7636
7f02
7fe7
7ffd
b1e5
7fc6
ab9f
26d5
75ef
7efb
7fe6
7ffd
87db
7c6a
b12a
24a8
75a7
7ef4
7fe5
7ffd
82d1
7522
b6f5
2278
755e
7eec
7fe4
7ffd
a456
6a27
bcfb
2045
7514
7ee5
7fe4
7ffd
e215
5bd4
c337
1e10
74c9
7edd
7fe3
7ffd
290c
4a9b
c9a4
1bd9
747d
7ed5
7fe2
7ffd
635e
3708
d03e
199f
7430
7ecd
7fe1
7ffd
7f16
21b8
d6fe
1763
73e2
7ec5
7fe0
7ffd
73aa
0b59
dddf
1525
7393
7ebd
7fe0
7ffd
449e
f49d
e4dc
12e6
7344
7eb5
7fdf
7ffd
0071
de3e
ebef
10a5
72f3
7ead
7fde
7ffd
bc21
c8ef
f312
0e62
72a2
7ea4
7fdd
7ffd
8cb8
b55d
fa3f
0c1f
724f
7e9c
7fdc
7ffc
80d0
a425
0172
09da
71fc
7e93
7fdb
7ffc
9c14
95d3
08a3
0795
71a7
7e8a
7fdb
7ffc
d61f
8ada
0fcd
054f
7152
7e82
7fda
7ffc
1d0f
8393
16ea
0308
70fc
7e79
7fd9
7ffc
5b0c
8039
1df5
00c2
70a5
7e70
7fd8
7ffc
7cff
80e7
24e7
fe7b
704d
7e66
7fd7
7ffc
7873
8596
2bbc
fc34
6ff4
7e5d
7fd6
7ffc
4ece
8e22
326d
f9ee
6f9a
7e54
7fd5
7ffc
0ce4
9a46
38f5
f7a8
6f40
7e4a
7fd4
7ffc
c702
a99f
3f4f
f563
6ee4
7e41
7fd3
7ffc
92ad
bbb1
4576
f31f
6e88
7e37
7fd2
7ffb
8004
cfea
4b65
f0dc
6e2a
7e2e
7fd1
7ffb
94c5
e5a8
5117
ee9a
6dcc
7e24
7fd0
7ffb
ca8d
fc3b
5687
ec59
6d6d
7e1a
7fcf
7ffb
10cb
12ec
5bb1
ea1a
6d0d
7e10
7fce
7ffb
51dd
2905
6091
e7dd
6cac
7e06
7fcd
7ffb
79b8
3dd2
6523
e5a2
6c4a
7dfb
7fcc
7ffb
7c17
50ac
6963
e369
6be7
7df1
7fcb
7ffb
583e
60fa
6d4e
e132
6b84
7de6
7fca
7ffb
1938
6e3a
70e0
defe
6b1f
7ddc
7fc9
7ffb
d26d
7800
7417
dccc
6aba
7dd1
7fc8
7ffa
99ac
7dfc
76ef
da9d
6a54
7dc6
7fc7
7ffa
806e
7fff
7968
d871
69ed
7dbc
7fc6
7ffa
8e7b
7dfa
7b7e
d649
6985
7db1
7fc5
7ffa
bf7e
77fb
7d31
d424
691c
7da6
7fc4
7ffa
045f
6e33
7e7e
d202
68b3
7d9a
7fc2
7ffa
47e7
60f2
7f65
cfe4
6848
7d8f
7fc1
7ffa
754a
50a1
7fe4
cdca
67dd
7d84
7fc0
7ffa
7e8e
3dc6
7ffc
cbb4
6771
7d78
7fbf
7ffa
60d8
28f8
7fad
c9a3
6704
7d6d
7fbe
7ff9
254e
12df
7ef6
c795
6696
7d61
7fbd
7ff9
de47
fc2e
7dd8
c58d
6628
7d55
7fbc
7ff9
a1a3
e59b
7c55
c389
65b8
7d49
7fba
7ff9
820f
cfde
7a6d
c189
6548
7d3d
7fb9
7ff9
8944
bba5
7822
bf8f
64d7
7d31
7fb8
7ff9
b50b
a995
7575
bd9a
6465
7d25
7fb7
7ff9
f7e8
9a3e
726a
bbab
63f2
7d19
7fb5
7ff9
3d43
8e1c
6f02
b9c1
637f
7d0c
7fb4
7ff8
6fc0
8592
6b40
b7dd
630a
7d00
7fb3
7ff8
7fd2
80e5
6728
b5fe
6295
7cf3
7fb2
7ff8
6887
803a
62bb
b426
621f
7ce7
7fb0
7ff8
310a
8397
5dff
b254
61a8
7cda
7faf
7ff8
ea73
8ae0
58f7
b088
6131
7ccd
7fae
7ff8
aa7f
95db
53a7
aec2
60b9
7cc0
7fac
7ff8
84e1
a42e
4e13
ad03
6040
7cb3
7fab
7ff8
852d
b568
4840
ab4b
5fc6
7ca6
7faa
7ff7
ab4e
c8fb
4233
a99a
5f4b
7c98
7fa8
7ff7
eb84
de4b
3bf0
a7ef
5ed0
7c8b
7fa7
7ff7
320a
f4ab
357c
a64c
5e53
7c7d
7fa6
7ff7
6926
0b66
2edd
a4b0
5dd7
7c70
7fa4
7ff7
7fe0
21c5
2818
a31b
5d59
7c62
7fa3
7ff7
6f38
3714
2133
a18e
5cda
7c54
7fa2
7ff7
3c4f
4aa6
1a33
a009
5c5b
7c46
7fa0
7ff6
f6d3
5bdd
131e
9e8b
5bdb
7c38
7f9f
7ff6
b42b
6a2f
0bf9
9d15
5b5a
7c2a
7f9d
7ff6
88de
7527
04ca
9ba7
5ad9
7c1c
7f9c
7ff6
8241
7c6d
fd98
9a42
5a57
7c0e
7f9b
7ff6
a25f
7fc7
f668
98e4
59d4
7bff
7f99
7ff6
df53
7f19
ef3f
978f
5950
7bf1
7f98
7ff6
2657
7a69
e824
9643
58cc
7be2
7f96
7ff5
618c
71dc
e11c
94fe
5847
7bd4
7f95
7ff5
7eb7
65b8
da2d
93c3
57c1
7bc5
7f93
7ff5
74da
565f
d35d
9290
573b
7bb6
7f92
7ff5
4701
444c
ccb1
9167
56b3
7ba7
7f90
7ff5
034a
3012
c62f
9046
562b
7b98
7f8f
7ff5
be8f
1a54
bfdb
8f2e
55a3
7b88
7f8d
7ff4
8dfc
03c1
b9bb
8e1f
551a
7b79
7f8b
7ff4
8086
ed10
b3d4
8d1a
5490
7b6a
7f8a
7ff4
9a53
d6f8
ae2b
8c1e
5405
7b5a
7f88
7ff4
d370
c22b
a8c4
8b2b
537a
7b4b
7f87
7ff4
1a47
af52
a3a3
8a42
52ee
7b3b
7f85
7ff4
5906
9f03
9ece
8962
5261
7b2b
7f84
7ff4
7c5a
91c4
9a47
888c
51d3
7b1b
7f82
7ff3
7962
87ff
9612
87bf
5145
7b0b
7f80
7ff3
5107
8203
9233
86fc
50b7
7afb
7f7f
7ff3
0fb8
8000
8ead
8643
5027
7aeb
7f7d
7ff3
c992
8207
8b82
8594
4f97
7adb
7f7b
7ff3
942f
8806
88b6
84ef
4f07
7aca
7f7a
7ff3
8001
91cf
864b
8454
4e76
7aba
7f78
7ff2
933e
9f11
8442
83c3
4de4
7aa9
7f76
7ff2
c7fa
af61
829d
833c
4d51
7a98
7f75
7ff2
0df8
c23d
815d
82be
4cbe
7a88
7f73
7ff2
4fa8
d70b
8084
824c
4c2a
7a77
7f71
7ff2
78cf
ed24
8013
81e3
4b96
7a66
7f70
7ff2
7cc2
03d6
8008
8184
4b01
7a55
7f6e
7ff1
5a48
1a68
8066
8130
4a6b
7a43
7f6c
7ff1
1c01
3025
812a
80e6
49d5
7a32
7f6a
7ff1
d519
445e
8256
80a6
493e
7a21
7f69
7ff1
9b68
566e
83e6
8071
48a7
7a0f
7f67
7ff1
80b2
65c4
85dc
8046
480f
79fe
7f65
7ff0
8d31
71e5
8834
8025
4776
79ec
7f63
7ff0
bd0c
7a6f
8aed
800e
46dd
79da
7f61
7ff0
0186
7f1b
8e05
8002
4643
79c8
7f60
7ff0
4588
7fc6
9179
8001
45a9
79b6
7f5e
7ff0
741f
7c69
9547
8009
450e
79a4
7f5c
7ff0
7ef3
751f
996b
801c
4473
7992
7f5a
7fef
62ae
6a24
9de2
803a
43d7
7980
7f58
7fef
2805
5bcf
a2a9
8061
433a
796d
7f56
7fef
e108
4a96
a7bb
8093
429d
795b
7f55
7fef
a395
3702
ad14
80d0
41ff
7948
7f53
7fef
8299
21b2
b2b1
8116
4161
7935
7f51
7fee
883b
0b52
b88c
8167
40c2
7923
7f4f
7fee
b2c1
f497
bea1
81c2
4023
7910
7f4d
7fee
f511
de37
c4ea
8228
3f84
78fd
7f4b
7fee
3abf
c8e9
cb64
8297
3ee3
78ea
7f49
7fee
6e55
b557
d208
8311
3e43
78d7
7f47
7fed
7ff1
a420
d8d2
8395
3da1
78c3
7f45
7fed
6a25
95cf
dfbb
8423
3d00
78b0
7f43
7fed
33a8
8ad8
e6be
84bb
3c5d
789d
7f41
7fed
ed43
8392
edd6
855d
3bbb
7889
7f3f
7fed
aca3
8039
f4fc
8609
3b17
7875
7f3d
7fed
85b0
80e7
fc2c
86be
3a74
7862
7f3b
7fec
8468
8598
035e
877e
39cf
784e
7f39
7fec
a931
8e25
0a8e
8847
392b
783a
7f37
7fec
e8b6
9a4a
11b5
891a
3886
7826
7f35
7fec
2f68
a9a4
18ce
89f7
37e0
7812
7f33
7feb
677f
bbb6
1fd3
8add
373a
77fd
7f31
7feb
7fb7
cff1
26be
8bcd
3694
77e9
7f2f
7feb
7099
e5af
2d89
8cc6
35ed
77d5
7f2d
7feb
3ece
fc42
3430
8dc8
3545
77c0
7f2b
7feb
f9ab
12f3
3aad
8ed4
349e
77ab
7f29
7fea
b67b
290b
40fa
8fe9
33f6
7797
7f27
7fea
89f0
3dd8
4712
9106
334d
7782
7f24
7fea
81c1
50b1
4cf1
922d
32a4
776d
7f22
7fea
a074
60ff
5292
935d
31fa
7758
7f20
7fea
dc94
6e3d
57f0
9496
3151
7743
7f1e
7fe9
239d
7802
5d06
95d7
30a6
772e
7f1c
7fe9
5fae
7dfe
61d2
9721
2ffc
7718
7f1a
7fe9
7e47
7fff
664e
9873
2f51
7703
7f17
7fe9
75fc
7df9
6a78
99ce
2ea5
76ed
7f15
7fe8
495b
77f9
6e4b
9b31
2dfa
76d8
7f13
7fe8
0622
6e30
71c5
9c9c
2d4d
76c2
7f11
7fe8
c105
60ed
74e3
9e0f
2ca1
76ac
7f0f
7fe8
8f4e
509c
77a2
9f8a
2bf4
7696
7f0c
7fe8
804c
3dc0
7a01
a10d
2b47
7680
7f0a
7fe7
989f
28f1
7bfc
a298
2a99
766a
7f08
7fe7
d0c8
12d8
7d94
a42a
29eb
7654
7f06
7fe7
177c
fc27
7ec6
a5c3
293d
763e
7f03
7fe7
56f5
e595
7f91
a764
288e
7628
7f01
7fe6
7ba5
cfd8
7ff5
a90c
27df
7611
7eff
7fe6
7a41
bba0
7ff1
aabb
2730
75fb
7efc
7fe6
5336
a990
7f86
ac71
2681
75e4
7efa
7fe6
128a
9a39
7eb4
ae2e
25d1
75cd
7ef8
7fe6
cc29
8e19
7d7b
aff2
2520
75b6
7ef5
7fe5
95bf
8590
7bdc
b1bb
2470
759f
7ef3
7fe5
800e
80e4
79da
b38c
23bf
7588
7ef1
7fe5
91c5
803a
7774
b562
230e
7571
7eee
7fe5
c56f
8398
74ae
b73f
225d
755a
7eec
7fe4
0b22
8ae2
718a
b921
21ab
7543
7eea
7fe4
4d68
95de
6e0a
bb09
20f9
752b
7ee7
7fe4
77d7
a433
6a30
bcf7
2047
7514
7ee5
7fe4
7d5d
b56d
6601
beea
1f95
74fc
7ee2
7fe3
5c47
c901
617f
c0e2
1ee2
74e4
7ee0
7fe3
1ec6
de51
5cae
c2e0
1e2f
74cd
7edd
7fe3
d7ca
f4b1
5792
c4e2
1d7c
74b5
7edb
7fe3
9d31
0b6d
5230
c6e9
1cc8
749d
7ed8
7fe2
8106
21cc
4c8b
c8f5
1c15
7485
7ed6
7fe2
8bf6
371a
46a7
cb05
1b61
746d
7ed4
7fe2
baa3
4aac
408b
cd1a
1aad
7454
7ed1
7fe2
fead
5be2
3a3b
cf33
19f8
743c
7ecf
7fe1
431f
6a33
33bb
d14f
1944
7423
7ecc
7fe1
72e5
752a
2d11
d370
188f
740b
7ec9
7fe1
7f48
7c6f
2643
d594
17da
73f2
7ec7
7fe1
6478
7fc7
1f56
d7bb
1725
73da
7ec4
7fe0
2ab7
7f18
1850
d9e6
1670
73c1
7ec2
7fe0
e3cd
7a67
1136
dc14
15ba
73a8
7ebf
7fe0
a593
71d9
0a0e
de44
1504
738f
7ebd
7fe0
8333
65b4
02de
e078
144f
7376
7eba
7fdf
8742
565a
fbac
e2ae
1399
735d
7eb8
7fdf
b081
4447
f47d
e4e6
12e2
7343
7eb5
7fdf
f23b
300c
ed57
e721
122c
732a
7eb2
7fdf
3834
1a4e
e641
e95d
1176
7310
7eb0
7fde
6cdd
03bb
df3f
eb9c
10bf
72f7
7ead
7fde
7fff
ed0a
d858
eddc
1008
72dd
7eaa
7fde
6bb5
d6f2
d191
f01d
0f51
72c3
7ea8
7fde
3640
c225
caef
f260
0e9a
72a9
7ea5
7fdd
f015
af4c
c479
f4a4
0de3
7290
7ea2
7fdd
aed1
9eff
be32
f6e9
0d2c
7276
7ea0
7fdd
868e
91c1
b821
f92e
0c75
725b
7e9d
7fdc
83b2
87fd
b24a
fb75
0bbd
7241
7e9a
7fdc
a71f
8202
acb2
fdbb
0b06
7227
7e98
7fdc
e5eb
8000
a75e
0002
0a4e
720c
7e95
7fdc
2cc0
8208
a251
0248
0996
71f2
7e92
7fdb
65cc
8809
9d90
048f
08de
71d7
7e8f
7fdb
7f7e
91d2
991f
06d5
0827
71bd
7e8d
7fdb
71ed
9f15
9500
091b
076f
71a2
7e8a
7fdb
4145
af67
9139
0b5f
06b7
7187
7e87
7fda
fc83
c243
8dcb
0da3
05ff
716c
7e84
7fda
b8d4
d712
8aba
0fe6
0547
7151
7e81
7fda
8b11
ed2b
8807
1228
048e
7136
7e7f
7fd9
8151
03dc
85b6
1468
03d6
711b
7e7c
7fd9
9e95
1a6f
83c7
16a6
031e
70ff
7e79
7fd9
d9da
302b
823d
18e3
0266
70e4
7e76
7fd9
20df
4463
8119
1b1d
01ae
70c8
7e73
7fd8
5dc4
5673
805c
1d56
00f5
70ad
7e70
7fd8
7dc8
65c9
8006
1f8c
003d
7091
7e6e
7fd8
7710
71e8
8017
21bf
ff85
7075
7e6b
7fd7
4bac
7a71
8090
23f0
fecd
7059
7e68
7fd7
08fa
7f1c
8170
261d
fe14
703d
7e65
7fd7
c384
7fc5
82b7
2848
fd5c
7021
7e62
7fd7
90af
7c67
8463
2a70
fca4
7005
7e5f
7fd6
8023
751c
8673
2c94
fbec
6fe9
7e5c
7fd6
96f8
6a20
88e5
2eb4
fb33
6fcd
7e59
7fd6
ce26
5bcb
8bb8
30d1
fa7b
6fb0
7e56
7fd5
14ae
4a90
8ee9
32e9
f9c3
6f94
7e53
7fd5
54d8
36fc
9275
34fe
f90b
6f77
7e50
7fd5
7ae1
21ab
965a
370e
f853
6f5a
7e4d
7fd4
7b11
0b4b
9a95
391a
f79b
6f3e
7e4a
7fd4
555b
f490
9f21
3b21
f6e4
6f21
7e47
7fd4
155a
de31
a3fc
3d23
f62c
6f04
7e44
7fd4
cec7
c8e3
a922
3f21
f574
6ee7
7e41
7fd3
975c
b552
ae8e
4119
f4bd
6eca
7e3e
7fd3
802b
a41c
b43c
430c
f405
6eac
7e3b
7fd3
9059
95cb
ba27
44fa
f34e
6e8f
7e38
7fd2
c2ea
8ad5
c04a
46e2
f296
6e72
7e35
7fd2
084b
8390
c6a1
48c4
f1df
6e54
7e32
7fd2
4b1f
8038
cd27
4aa1
f128
6e37
7e2f
7fd1
76cf
80e8
d3d6
4c77
f071
6e19
7e2c
7fd1
7de8
859a
daa8
4e47
efba
6dfb
7e29
7fd1
5e3a
8e29
e199
5011
ef04
6ddd
7e25
7fd0
2187
9a4e
e8a2
51d4
ee4d
6dbf
7e22
7fd0
da81
a9a8
efbe
5391
ed97
6da1
7e1f
7fd0
9f07
bbbc
f6e8
5547
ece0
6d83
7e1c
7fcf
816a
cff7
fe18
56f6
ec2a
6d65
7e19
7fcf
8aca
e5b6
054b
589e
eb74
6d47
7e16
7fcf
b843
fc49
0c79
5a3f
eabe
6d28
7e13
7fcf
fbd5
12fa
139d
5bd9
ea09
6d0a
7e0f
7fce
40af
2911
1ab1
5d6b
e953
6ceb
7e0c
7fce
719d
3dde
21af
5ef5
e89e
6ccd
7e09
7fce
7f8d
50b6
2892
6078
e7e9
6cae
7e06
7fcd
6635
6103
2f55
61f3
e734
6c8f
7e02
7fcd
2d63
6e41
35f1
6366
e67f
6c70
7dff
7fcd
e696
7804
3c61
64d1
e5cb
6c51
7dfc
7fcc
a79d
7dff
42a0
6634
e517
6c32
7df9
7fcc
83dc
7fff
48aa
678f
e463
6c13
7df5
7fcc
8658
7df8
4e79
68e1
e3af
6bf4
7df2
7fcb
ae4b
77f6
5408
6a2b
e2fb
6bd4
7def
7fcb
ef68
6e2c
5953
6b6c
e248
6bb5
7dec
7fcb
35a1
60e9
5e56
6ca5
e195
6b95
7de8
7fca
6b57
5097
630d
6dd4
e0e2
6b76
7de5
7fca
7ffd
3dba
6773
6efb
e02f
6b56
7de2
7fca
6d38
28eb
6b86
7019
df7d
6b36
7dde
7fc9
38d0
12d2
6f42
712e
decb
6b16
7ddb
7fc9
f2e9
fc20
72a3
7239
de19
6af6
7dd8
7fc9
b10a
e58e
75a8
733c
dd67
6ad6
7dd4
7fc8
877c
cfd1
784e
7435
dcb6
6ab6
7dd1
7fc8
830c
bb9a
7a92
7524
dc05
6a96
7dcd
7fc8
a518
a98b
7c73
760a
db55
6a76
7dca
7fc7
e323
9a35
7df0
76e7
daa4
6a55
7dc7
7fc7
2a12
8e16
7f06
77ba
d9f4
6a35
7dc3
7fc7
640c
858e
7fb6
7883
d944
6a14
7dc0
7fc6
7f36
80e3
7ffe
7943
d895
69f3
7dbc
7fc6
7332
803b
7fdf
79f8
d7e6
69d3
7db9
7fc6
43b4
839a
7f58
7aa4
d737
69b2
7db5
7fc5
ff5c
8ae5
7e6a
7b46
d688
6991
7db2
7fc5
bb36
95e2
7d16
7bde
d5da
6970
7dae
7fc4
8c40
a438
7b5c
7c6c
d52c
694f
7dab
7fc4
80f1
b573
793f
7cf0
d47f
692e
7da7
7fc4
9cc2
c907
76c0
7d69
d3d2
690d
7da4
7fc3
d725
de58
73e0
7dd9
d325
68eb
7da0
7fc3
1e1c
f4b8
70a3
7e3e
d279
68ca
7d9d
7fc3
5bce
0b74
6d0b
7e99
d1cd
68a8
7d99
7fc2
7d39
21d2
691a
7eea
d121
6887
7d96
7fc2
7814
3720
64d4
7f31
d076
6865
7d92
7fc2
4df3
4ab1
603d
7f6d
cfcb
6843
7d8f
7fc1
0bd0
5be7
5b58
7f9f
cf20
6821
7d8b
7fc1
c60a
6a36
5628
7fc7
ce76
67ff
7d87
7fc1
921e
752c
50b4
7fe4
cdcc
67dd
7d84
7fc0
8009
7c71
4afd
7ff7
cd23
67bb
7d80
7fc0
955e
7fc8
450a
7fff
cc7a
6799
7d7d
7fbf
cb8a
7f17
3ee0
7ffe
cbd2
6777
7d79
7fbf
11de
7a65
3882
7ff2
cb2a
6755
7d75
7fbf
52b1
71d6
31f7
7fdb
ca82
6732
7d72
7fbe
7a0d
65b0
2b43
7fba
c9db
6710
7d6e
7fbe
7bd2
5655
246c
7f8f
c934
66ed
7d6a
7fbe
5774
4441
1d78
7f5a
c88e
66ca
7d67
7fbd
1828
3006
166c
7f1a
c7e8
66a8
7d63
7fbd
d16a
1a47
0f4d
7ed0
c743
6685
7d5f
7fbd
9906
03b4
0823
7e7b
c69e
6662
7d5b
7fbc
8059
ed03
00f1
7e1d
c5f9
663f
7d58
7fbc
8efc
d6eb
f9bf
7db4
c555
661c
7d54
7fbb
c06e
c220
f292
7d41
c4b2
65f8
7d50
7fbb
0574
af47
eb70
7cc4
c40f
65d5
7d4c
7fbb
48cc
9efb
e45f
7c3d
c36c
65b2
7d49
7fba
75b8
91bd
dd64
7bab
c2ca
658e
7d45
7fba
7e64
87fa
d684
7b10
c228
656b
7d41
7fb9
6022
8201
cfc7
7a6b
c187
6547
7d3d
7fb9
2445
8000
c930
79bb
c0e7
6524
7d39
7fb9
dd3c
8209
c2c6
7902
c047
6500
7d36
7fb8
a0e8
880b
bc8e
7840
bfa7
64dc
7d32
7fb8
81de
91d5
b68c
7773
bf08
64b8
7d2e
7fb8
89ad
9f19
b0c5
769d
be69
6494
7d2a
7fb7
b5ec
af6c
ab3f
75bd
bdcc
6470
7d26
7fb7
f8fc
c249
a5fd
74d4
bd2e
644c
7d22
7fb6
3e36
d718
a104
73e1
bc91
6428
7d1e
7fb6
7046
ed32
9c58
72e5
bbf5
6403
7d1b
7fb6
7fc2
03e3
97fc
71df
bb59
63df
7d17
7fb5
67e6
1a75
93f5
70d0
babe
63ba
7d13
7fb5
300a
3032
9045
6fb9
ba23
6396
7d0f
7fb4
e962
4469
8cf0
6e98
b989
6371
7d0b
7fb4
a9b2
5678
89f8
6d6e
b8ef
634c
7d07
7fb4
8496
65cd
875f
6c3b
b856
6328
7d03
7fb3
857d
71eb
8528
6b00
b7be
6303
7cff
7fb3
ac1f
7a73
8354
69bc
b726
62de
7cfb
7fb2
ec96
7f1d
81e5
686f
b68f
62b9
7cf7
7fb2
3308
7fc5
80dc
671a
b5f8
6294
7cf3
7fb2
69c3
7c65
803b
65bc
b562
626e
7cef
7fb1
7feb
7519
8000
6457
b4cd
6249
7ceb
7fb1
6ead
6a1c
802d
62e9
b438
6224
7ce7
7fb0
3b5a
5bc6
80c2
6173
b3a4
61fe
7ce3
7fb0
f5bf
4a8b
81be
5ff5
b310
61d9
7cdf
7fb0
b34c
36f6
831f
5e70
b27d
61b3
7cdb
7faf
8879
21a5
84e6
5ce2
b1eb
618d
7cd7
7faf
8276
0b45
8711
5b4e
b159
6168
7cd3
7fae
a31d
f489
899d
59b2
b0c8
6142
7ccf
7fae
e05f
de2a
8c89
580e
b038
611c
7ccb
7fae
275f
c8dd
8fd3
5664
afa8
60f6
7cc7
7fad
623f
b54c
9377
54b3
af19
60d0
7cc2
7fad
7edd
a417
9773
52fa
ae8b
60aa
7cbe
7fac
7468
95c8
9bc4
513b
adfd
6083
7cba
7fac
461a
8ad2
a066
4f76
ad70
605d
7cb6
7fab
0235
838f
a556
4daa
ace3
6037
7cb2
7fab
bda1
8038
aa8e
4bd7
ac57
6010
7cae
7fab
8d7f
80e9
b00c
49ff
abcc
5fea
7ca9
7faa
80a0
859c
b5cb
4820
ab42
5fc3
7ca5
7faa
9afc
8e2c
bbc5
463c
aab8
5f9c
7ca1
7fa9
d475
9a52
c1f7
4452
aa2f
5f76
7c9d
7fa9
1b56
a9ad
c85b
4263
a9a7
5f4f
7c99
7fa9
59cc
bbc2
ceed
406e
a91f
5f28
7c94
7fa8
7c9a
cffd
d5a5
3e74
a898
5f01
7c90
7fa8
7908
e5bc
dc80
3c75
a812
5eda
7c8c
7fa7
5030
fc4f
e378
3a70
a78c
5eb3
7c88
7fa7
0ea5
1300
ea87
3868
a707
5e8b
7c83
7fa6
c898
2918
f1a8
365a
a683
5e64
7c7f
7fa6
939b
3de3
f8d3
3449
a600
5e3d
7c7b
7fa6
8000
50bb
0005
3233
a57d
5e15
7c77
7fa5
93d1
6108
0737
3019
a4fb
5dee
7c72
7fa5
c8f4
6e44
0e63
2dfb
a47a
5dc6
7c6e
7fa4
0f0b
7807
1583
2bd9
a3fa
5d9e
7c6a
7fa4
5080
7e00
1c92
29b4
a37a
5d77
7c65
7fa3
792a
7fff
2389
278b
a2fb
5d4f
7c61
7fa3
7c83
7df6
2a64
2560
a27d
5d27
7c5d
7fa2
5983
77f4
311d
2331
a1ff
5cff
7c58
7fa2
1af2
6e29
37ae
20ff
a183
5cd7
7c54
7fa2
d414
60e4
3e12
1ecb
a107
5cae
7c4f
7fa1
9abe
5092
4443
1c94
a08c
5c86
7c4b
7fa1
8096
3db4
4a3e
1a5b
a011
5c5e
7c47
7fa0
8dad
28e5
4ffc
1820
9f98
5c36
7c42
7fa0
bdf9
12cb
5579
15e2
9f1f
5c0d
7c3e
7f9f
029b
fc19
5ab2
13a3
9ea7
5be5
7c39
7f9f
4670
e587
5fa1
1163
9e2f
5bbc
7c35
7f9e
7493
cfcb
6442
0f21
9db9
5b93
7c30
7f9e
7ecf
bb94
6892
0cde
9d43
5b6b
7c2c
7f9e
61fd
a986
6c8e
0a99
9cce
5b42
7c28
7f9d
26fd
9a31
7032
0854
9c5a
5b19
7c23
7f9d
dffc
8e13
737b
060e
9be7
5af0
7c1f
7f9c
a2d6
858c
7667
03c8
9b75
5ac7
7c1a
7f9c
8262
80e3
78f3
0182
9b03
5a9e
7c16
7f9b
889e
803b
7b1d
ff3b
9a92
5a75
7c11
7f9b
b39f
839b
7ce3
fcf4
9a22
5a4b
7c0c
7f9a
f625
8ae8
7e44
faae
99b3
5a22
7c08
7f9a
3bb5
95e6
7f3f
f868
9945
59f9
7c03
7f99
6ee1
a43c
7fd3
f623
98d7
59cf
7bff
7f99
7fe7
b578
7fff
f3de
986b
59a5
7bfa
7f99
6989
c90d
7fc5
f19b
97ff
597c
7bf6
7f98
32aa
de5e
7f22
ef58
9794
5952
7bf1
7f98
ec31
f4bf
7e19
ed17
972a
5928
7bec
7f97
abd1
0b7a
7caa
ead8
96c0
58ff
7be8
7f97
855f
21d9
7ad5
e89a
9658
58d5
7be3
7f96
84b1
3726
789e
e65e
95f0
58ab
7bdf
7f96
a9fe
4ab7
7604
e424
958a
5881
7bda
7f95
e9c7
5beb
730c
e1ec
9524
5856
7bd5
7f95
3069
6a3a
6fb6
dfb7
94bf
582c
7bd1
7f94
6822
752f
6c05
dd85
945b
5802
7bcc
7f94
7fc8
7c72
67fe
db55
93f7
57d8
7bc7
7f93
7014
7fc8
63a2
d928
9395
57ad
7bc2
7f93
3ddc
7f17
5ef5
d6ff
9333
5783
7bbe
7f92
f896
7a63
59fc
d4d8
92d3
5758
7bb9
7f92
b599
71d3
54ba
d2b6
9273
572e
7bb4
7f91
8986
65ac
4f33
d096
9214
5703
7bb0
7f91
81f0
5650
496c
ce7b
91b6
56d8
7bab
7f91
a12d
443b
436a
cc64
9159
56ad
7ba6
7f90
dd9f
3000
3d31
ca51
90fd
5682
7ba1
7f90
24a7
1a40
36c6
c842
90a2
5657
7b9d
7f8f
6065
03ad
3030
c638
9047
562c
7b98
7f8f
7e74
ecfc
2972
c432
8fee
5601
7b93
7f8e
7590
d6e5
2293
c231
8f95
55d6
7b8e
7f8e
4877
c21a
1b97
c036
8f3e
55ab
7b89
7f8d
050d
af42
1486
be3f
8ee7
557f
7b84
7f8d
c015
9ef6
0d64
bc4e
8e91
5554
7b80
7f8c
8ecc
91ba
0637
ba62
8e3c
5528
7b7b
7f8c
8060
87f8
ff04
b87c
8de8
54fd
7b76
7f8b
9943
81ff
f7d3
b69b
8d95
54d1
7b71
7f8b
d1ca
8000
f0a9
b4c1
8d43
54a6
7b6c
7f8a
188c
820a
e98a
b2ed
8cf2
547a
7b67
7f8a
57bf
880d
e27e
b11f
8ca1
544e
7b62
7f89
7bec
91d9
db8a
af57
8c52
5422
7b5e
7f89
79ee
9f1e
d4b3
ad96
8c04
53f6
7b59
7f88
5263
af71
ce00
abdb
8bb6
53ca
7b54
7f88
1178
c24f
c775
aa28
8b6a
539e
7b4f
7f87
cb2c
d71f
c117
a87b
8b1e
5372
7b4a
7f87
9525
ed38
baed
a6d5
8ad3
5346
7b45
7f86
8007
03ea
b4fa
a537
8a8a
5319
7b40
7f86
9253
1a7c
af44
a3a0
8a41
52ed
7b3b
7f85
c666
3038
a9d0
a210
89f9
52c1
7b36
7f85
0c36
446f
a4a1
a088
89b2
5294
7b31
7f84
4e44
567d
9fbc
9f08
896c
5268
7b2c
7f84
7837
65d1
9b25
9d8f
8928
523b
7b27
7f83
7d24
71ef
96e0
9c1f
88e4
520e
7b22
7f83
5b86
7a74
92f0
9ab7
88a1
51e2
7b1d
7f82
1db9
7f1e
8f58
9956
885f
51b5
7b18
7f82
d6c4
7fc5
8c1b
97ff
881e
5188
7b13
7f81
9c82
7c64
893c
96af
87dd
515b
7b0e
7f81
80e4
7517
86be
9568
879e
512e
7b09
7f80
8c6c
6a18
84a1
942a
8760
5101
7b03
7f80
bb8d
5bc1
82e8
92f4
8723
50d4
7afe
7f7f
ffc2
4a85
8194
91c8
86e7
50a6
7af9
7f7f
440b
36f0
80a7
90a4
86ac
5079
7af4
7f7e
735e
219e
8021
8f89
8671
504c
7aef
7f7e
7f2a
0b3e
8002
8e77
8638
501e
7aea
7f7d
63cc
f482
804b
8d6f
8600
4ff1
7ae5
7f7c
29b1
de24
80fb
8c70
85c9
4fc3
7ae0
7f7c
e2bf
c8d7
8212
8b7a
8592
4f96
7ada
7f7b
a4d0
b547
838f
8a8d
855d
4f68
7ad5
7f7b
82f6
a412
8571
89ab
8529
4f3a
7ad0
7f7a
879f
95c4
87b6
88d1
84f6
4f0d
7acb
7f7a
b15b
8acf
8a5c
8802
84c3
4edf
7ac6
7f79
f34f
838d
8d61
873c
8492
4eb1
7ac0
7f79
392c
8038
90c3
867f
8462
4e83
7abb
7f78
6d6e
80ea
9480
85cd
8432
4e55
7ab6
7f78
7ffb
859e
9893
8524
8404
4e27
7ab1
7f77
6b1f
8e2f
9cfa
8486
83d7
4df8
7aab
7f77
3544
9a56
a1b1
83f1
83ab
4dca
7aa6
7f76
ef02
a9b2
a6b4
8367
837f
4d9c
7aa1
7f76
adfc
bbc8
ac00
82e7
8355
4d6e
7a9c
7f75
8638
d003
b18f
8270
832c
4d3f
7a96
7f75
83f6
e5c3
b75e
8204
8303
4d11
7a91
7f74
a7e7
fc56
bd68
81a2
82dc
4ce2
7a8c
7f73
e6fb
1307
c3a8
814b
82b6
4cb3
7a86
7f73
2dc3
291e
ca19
80fd
8291
4c85
7a81
7f72
6673
3de9
d0b5
80ba
826d
4c56
7a7c
7f72
7f96
50c1
d778
8081
8249
4c27
7a76
7f71
716d
610c
de5b
8053
8227
4bf8
7a71
7f71
4056
6e48
e559
802e
8206
4bc9
7a6c
7f70
fb6e
7809
ec6e
8015
81e6
4b9a
7a66
7f70
b7ee
7e01
f392
8005
81c7
4b6b
7a61
7f6f
8aa1
7fff
fac0
8000
81a9
4b3c
7a5b
7f6f
817a
7df5
01f2
8005
818c
4b0d
7a56
7f6e
9f4a
77f2
0923
8015
8170
4ade
7a51
7f6d
dae3
6e25
104c
802f
8155
4aaf
7a4b
7f6d
21ea
60e0
1768
8053
813b
4a7f
7a46
7f6c
5e80
508c
1e71
8082
8122
4a50
7a40
7f6c
7dfb
3dae
2562
80bb
810a
4a20
7a3b
7f6b
76a9
28de
2c34
80fe
80f3
49f1
7a35
7f6b
4acb
12c4
32e3
814c
80dd
49c1
7a30
7f6a
07e5
fc13
3968
81a3
80c8
4992
7a2a
7f6a
c290
e581
3fbf
8205
80b4
4962
7a25
7f69
9027
cfc5
45e2
8272
80a2
4932
7a1f
7f68
8031
bb8f
4bcd
82e8
8090
4902
7a1a
7f68
9797
a981
517a
8368
807f
48d2
7a14
7f67
cf25
9a2d
56e6
83f3
806f
48a2
7a0f
7f67
15c0
8e10
5c0b
8488
8061
4872
7a09
7f66
55a7
858b
60e5
8526
8053
4842
7a04
7f66
7b2d
80e2
6571
85cf
8046
4812
79fe
7f65
7ac4
803c
69ac
8681
803b
47e2
79f8
7f65
548b
839d
6d90
873e
8030
47b2
79f3
7f64
1449
8aeb
711c
8804
8027
4781
79ed
7f63
cdc7
95ea
744c
88d4
801e
4751
79e8
7f63
96bd
a441
771f
89ad
8017
4721
79e2
7f62
801e
b57e
7990
8a90
8011
46f0
79dc
7f62
90e2
c913
7ba0
8b7d
800b
46c0
79d7
7f61
c3de
de65
7d4b
8c73
8007
468f
79d1
7f61
0960
f4c6
7e91
8d72
8004
465e
79cb
7f60
4bfe
0b81
7f71
8e7b
8001
462e
79c6
7f5f
7735
21df
7fe9
8f8c
8000
45fd
79c0
7f5f
7db5
372c
7ffa
90a7
8000
45cc
79ba
7f5e
5d7e
4abc
7fa3
91cb
8001
459b
79b5
7f5e
207c
5bf0
7ee5
92f8
8003
456a
79af
7f5d
d978
6a3e
7dc1
942e
8006
4539
79a9
7f5c
9e53
7532
7c36
956c
800a
4508
79a3
7f5c
8142
7c74
7a47
96b3
800f
44d7
799e
7f5b
8b3b
7fc9
77f5
9803
8015
44a6
7998
7f5b
b92a
7f16
7542
995a
801c
4475
7992
7f5a
fcea
7a61
7230
9abb
8024
4444
798c
7f5a
419d
71d0
6ec2
9c23
802d
4412
7987
7f59
721b
65a8
6afa
9d94
8037
43e1
7981
7f58
7f75
564b
66db
9f0c
8043
43af
797b
7f58
658e
4436
626a
a08d
804f
437e
7975
7f57
2c5f
2ff9
5da8
a215
805c
434c
796f
7f57
e587
1a3a
589b
a3a4
806a
431b
796a
7f56
a6d5
03a7
5346
a53c
807a
42e9
7964
7f55
839a
ecf6
4dad
a6da
808a
42b7
795e
7f55
86af
d6df
47d6
a880
809c
4286
7958
7f54
af21
c214
41c5
aa2d
80ae
4254
7952
7f54
f07b
af3d
3b7e
abe0
80c2
4222
794c
7f53
369d
9ef2
3507
ad9b
80d6
41f0
7946
7f52
6bed
91b7
2e66
af5c
80ec
41be
7940
7f52
7fff
87f6
279e
b124
8102
418c
793b
7f51
6ca7
81fe
20b7
b2f2
811a
415a
7935
7f51
37d7
8000
19b5
b4c6
8132
4128
792f
7f50
f1d5
820b
129f
b6a1
814c
40f6
7929
7f4f
b030
8810
0b79
b881
8167
40c4
7923
7f4f
8720
91dc
044a
ba68
8182
4091
791d
7f4e
834a
9f22
fd18
bc53
819f
405f
7917
7f4e
a5dc
af76
f5e8
be45
81bd
402d
7911
7f4d
e432
c255
eec0
c03b
81dc
3ffa
790b
7f4c
2b17
d725
e7a6
c237
81fb
3fc8
7905
7f4c
64b8
ed3f
e0a0
c438
821c
3f95
78ff
7f4b
7f53
03f1
d9b3
c63e
823e
3f62
78f9
7f4b
72b8
1a82
d2e5
c848
8261
3f30
78f3
7f4a
42c8
303e
cc3c
ca57
8285
3efd
78ed
7f49
fe47
4474
c5bc
cc6a
82aa
3eca
78e7
7f49
ba4d
5682
bf6c
ce81
82d0
3e98
78e1
7f48
8bcb
65d5
b950
d09d
82f7
3e65
78db
7f48
8113
71f2
b36d
d2bc
831e
3e32
78d5
7f47
9d72
7a76
adc8
d4df
8347
3dff
78cf
7f46
d82c
7f1e
a866
d705
8371
3dcc
78c8
7f46
1f2a
7fc4
a34b
d92f
839c
3d99
78c2
7f45
5c8e
7c62
9e7a
db5b
83c8
3d66
78bc
7f44
7d72
7514
99f9
dd8b
83f5
3d32
78b6
7f44
77b3
6a14
95ca
dfbe
8423
3cff
78b0
7f43
4d16
5bbc
91f1
e1f3
8452
3ccc
78aa
7f43
0abc
4a80
8e71
e42b
8482
3c99
78a4
7f42
c513
36e9
8b4e
e664
84b3
3c65
789e
7f41
9191
2198
8888
e8a0
84e5
3c32
7897
7f41
8011
0b37
8623
eade
8518
3bff
7891
7f40
95f8
f47c
8421
ed1e
854c
3bcb
788b
7f3f
cc87
de1d
8283
ef5f
8581
3b97
7885
7f3f
12f0
c8d0
814b
f1a1
85b7
3b64
787f
7f3e
5384
b541
8079
f3e5
85ee
3b30
7878
7f3e
7a5f
a40e
800f
f629
8626
3afd
7872
7f3d
7b8b
95c0
800b
f86f
865f
3ac9
786c
7f3c
56a9
8acd
8070
fab5
8699
3a95
7866
7f3c
1717
838c
813c
fcfb
86d3
3a61
785f
7f3b
d069
8037
826e
ff42
870f
3a2d
7859
7f3a
9862
80eb
8406
0188
874c
39f9
7853
7f3a
8046
85a0
8602
03cf
878a
39c5
784c
7f39
8f7f
8e32
8862
0615
87c9
3991
7846
7f38
c15f
9a5a
8b21
085b
8809
395d
7840
7f38
0689
a9b7
8e40
0aa0
8849
3929
783a
7f37
49af
bbcd
91ba
0ce4
888b
38f5
7833
7f36
7624
d00a
958e
0f28
88ce
38c1
782d
7f36
7e37
e5c9
99b8
1169
8911
388d
7827
7f35
5f6a
fc5d
9e35
13aa
8956
3858
7820
7f35
233a
130e
a301
15e9
899b
3824
781a
7f34
dc32
2925
a818
1826
89e2
37f0
7813
7f33
a030
3def
ad76
1a61
8a29
37bb
780d
7f33
81b0
50c6
b317
1c9b
8a72
3787
7807
7f32
8a17
6110
b8f6
1ed1
8abb
3752
7800
7f31
b6cf
6e4b
bf0f
2106
8b06
371e
77fa
7f31
fa11
780b
c55c
2337
8b51
36e9
77f3
7f30
3f27
7e02
cbd9
2566
8b9d
36b4
77ed
7f2f
70ca
7fff
d280
2792
8bea
3680
77e7
7f2f
7fb0
7df4
d94c
29ba
8c38
364b
77e0
7f2e
6743
77ef
e037
2bdf
8c87
3616
77da
7f2d
2f08
6e22
e73c
2e01
8cd7
35e1
77d3
7f2d
e851
60dc
ee55
301f
8d28
35ac
77cd
7f2c
a8e6
5087
f57c
3239
8d7a
3577
77c6
7f2b
844e
3da8
fcac
344f
8dcd
3542
77c0
7f2b
85ce
28d8
03de
3660
8e21
350d
77b9
7f2a
acf1
12be
0b0e
386e
8e75
34d8
77b3
7f29
eda8
fc0c
1234
3a76
8ecb
34a3
77ac
7f29
3406
e57a
194c
3c7a
8f21
346e
77a6
7f28
6a5e
cfbf
204f
3e7a
8f79
3439
779f
7f27
7ff4
bb89
2738
4074
8fd1
3404
7798
7f27
6e21
a97c
2e01
4268
902a
33ce
7792
7f26
3a64
9a29
34a5
4458
9084
3399
778b
7f25
f4ab
8e0d
3b1f
4642
90df
3364
7785
7f25
b26f
8589
4168
4826
913b
332e
777e
7f24
8817
80e1
477d
4a04
9198
32f9
7777
7f23
82ad
803c
4d58
4bdd
91f5
32c4
7771
7f23
a3dc
839f
52f4
4daf
9254
328e
776a
7f22
e16c
8aed
584d
4f7b
92b3
3258
7764
7f21
2866
95ed
5d5e
5140
9314
3223
775d
7f21
62f0
a446
6224
52ff
9375
31ed
7756
7f20
7f00
b583
669b
54b8
93d7
31b8
7750
7f1f
73f4
c91a
6abf
5669
943a
3182
7749
7f1f
4531
de6b
6e8c
5813
949e
314c
7742
7f1e
011f
f4cc
71ff
59b7
9503
3116
773c
7f1d
bcb5
0b88
7517
5b53
9568
30e0
7735
7f1d
8d04
21e6
77d0
5ce7
95cf
30ab
772e
7f1c
80bd
3733
7a27
5e74
9636
3075
7727
7f1b
9ba8
4ac1
7c1c
5ffa
969e
303f
7721
7f1a
d57a
5bf5
7dac
6177
9707
3009
771a
7f1a
1c65
6a42
7ed7
62ed
9771
2fd3
7713
7f19
5a91
7535
7f9b
645b
97dc
2f9d
770c
7f18
7cd9
7c75
7ff8
65c0
9847
2f67
7706
7f18
78ad
7fc9
7fed
671e
98b4
2f30
76ff
7f17
4f57
7f15
7f7b
6873
9921
2efa
76f8
7f16
0d92
7a5f
7ea1
69bf
998f
2ec4
76f1
7f16
c79e
71cd
7d61
6b03
99fe
2e8e
76ea
7f15
9308
65a4
7bbc
6c3f
9a6e
2e57
76e4
7f14
8002
5646
79b2
6d71
9ade
2e21
76dd
7f14
9467
4430
7746
6e9b
9b50
2deb
76d6
7f13
c9ef
2ff3
7479
6fbc
9bc2
2db4
76cf
7f12
101e
1a33
714e
70d4
9c35
2d7e
76c8
7f11
5156
03a0
6dc8
71e2
9ca9
2d47
76c1
7f11
7982
ecef
69e8
72e8
9d1d
2d11
76ba
7f10
7c41
d6d8
65b3
73e4
9d93
2cda
76b4
7f0f
58bc
c20e
612c
74d6
9e09
2ca4
76ad
7f0f
19e3
af38
5c55
75c0
9e80
2c6d
76a6
7f0e
d310
9eed
5735
769f
9ef8
2c36
769f
7f0d
9a15
91b3
51cd
7776
9f70
2c00
7698
7f0c
807d
87f3
4c24
7842
9fe9
2bc9
7691
7f0c
8e2b
81fd
463c
7905
a064
2b92
768a
7f0b
bee7
8000
401c
79be
a0de
2b5b
7683
7f0a
03b0
820d
39c8
7a6d
a15a
2b25
767c
7f0a
4756
8812
3345
7b12
a1d7
2aee
7675
7f09
7504
91e0
2c99
7bad
a254
2ab7
766e
7f08
7ea8
9f27
25c9
7c3e
a2d2
2a80
7667
7f07
614a
af7c
1eda
7cc5
a350
2a49
7660
7f07
25f5
c25b
17d2
7d42
a3d0
2a12
7659
7f06
def0
d72b
10b7
7db5
a450
29db
7652
7f05
a219
ed46
098e
7e1e
a4d1
29a4
764b
7f05
822e
03f7
025e
7e7c
a553
296d
7644
7f04
8903
1a89
fb2b
7ed1
a5d5
2935
763d
7f03
b47e
3044
f3fd
7f1b
a658
28fe
7636
7f02
f73a
447a
ecd8
7f5a
a6dc
28c7
762f
7f02
3ca9
5687
e5c3
7f90
a761
2890
7628
7f01
6f6a
65d9
dec3
7fbb
a7e6
2858
7621
7f00
7fdb
71f5
d7de
7fdb
a86c
2821
761a
7f00
68eb
7a78
d119
7ff2
a8f3
27ea
7612
7eff
31ab
7f1f
ca7b
7ffe
a97a
27b2
760b
7efe
eb1f
7fc4
c407
7fff
aa02
277b
7604
7efd
ab01
7c61
bdc4
7ff7
aa8b
2744
75fd
7efd
8511
7511
b7b7
7fe4
ab15
270c
75f6
7efc
84fd
6a11
b1e5
7fc6
ab9f
26d5
75ef
7efb
aacc
5bb8
ac51
7f9e
ac2a
269d
75e8
7efa
ead8
4a7a
a701
7f6c
acb6
2665
75e0
7efa
3169
36e3
a1fa
7f30
ad42
262e
75d9
7ef9
68c2
2191
9d3e
7ee9
adcf
25f6
75d2
7ef8
7fd7
0b30
98d2
7e98
ae5c
25bf
75cb
7ef7
6f8e
f475
94ba
7e3d
aeeb
2587
75c4
7ef7
3ce9
de17
90f9
7dd8
af79
254f
75bc
7ef6
f781
c8ca
8d91
7d68
b009
2517
75b5
7ef5
b4b8
b53c
8a86
7cee
b099
24e0
75ae
7ef5
891e
a409
87db
7c6a
b12a
24a8
75a7
7ef4
8221
95bc
8590
7bdc
b1bc
2470
759f
7ef3
a1e8
8aca
83a9
7b44
b24e
2438
7598
7ef2
deaa
838a
8226
7aa2
b2e0
2400
7591
7ef2
25b0
8037
8109
79f6
b374
23c8
758a
7ef1
611b
80eb
8052
7941
b408
2390
7582
7ef0
7e9d
85a2
8004
7881
b49c
2358
757b
7eef
7521
8e35
801c
77b8
b532
2320
7574
7eef
4792
9a5e
809c
76e5
b5c7
22e8
756c
7eee
03f8
a9bc
8184
7608
b65e
22b0
7565
7eed
bf25
bbd3
82d1
7522
b6f5
2278
755e
7eec
8e4c
d010
8484
7432
b78d
2240
7556
7eec
8077
e5d0
869b
7339
b825
2208
754f
7eeb
99e9
fc64
8914
7236
b8be
21d0
7547
7eea
d2cd
1314
8bee
712b
b957
2197
7540
7ee9
199c
292b
8f25
7016
b9f1
215f
7539
7ee9
5888
3df5
92b8
6ef8
ba8b
2127
7531
7ee8
7c30
50cb
96a3
6dd1
bb26
20ee
752a
7ee7
7999
6115
9ae3
6ca1
bbc2
20b6
7522
7ee6
518e
6e4f
9f75
6b69
bc5e
207e
751b
7ee5
1065
780e
a456
6a27
bcfb
2045
7514
7ee5
ca30
7e04
a980
68dd
bd98
200d
750c
7ee4
948e
7fff
aef1
678b
be36
1fd5
7505
7ee3
8002
7df3
b4a3
6630
bed4
1f9c
74fd
7ee2
92e3
77ed
ba92
64cd
bf73
1f64
74f6
7ee2
c75e
6e1f
c0ba
6362
c013
1f2b
74ee
7ee1
0d4a
60d7
c714
61ef
c0b2
1ef3
74e7
7ee0
4f1f
5082
cd9d
6074
c153
1eba
74df
7edf
7895
3da2
d44e
5ef1
c1f4
1e82
74d8
7edf
7ce9
28d1
db23
5d66
c295
1e49
74d0
7ede
5ac4
12b7
e215
5bd4
c337
1e10
74c9
7edd
1cab
fc05
e920
5a3a
c3da
1dd8
74c1
7edc
d5be
e574
f03e
5899
c47c
1d9f
74b9
7edb
9bd4
cfb8
f768
56f1
c520
1d66
74b2
7edb
80c5
bb83
fe99
5542
c5c4
1d2e
74aa
7eda
8ce5
a977
05cb
538c
c668
1cf5
74a3
7ed9
bc78
9a25
0cf8
51cf
c70d
1cbc
749b
7ed8
00d8
8e0a
141b
500c
c7b2
1c83
7494
7ed8
44f5
8587
1b2e
4e42
c858
1c4a
748c
7ed7
73d5
80e0
222b
4c72
c8fe
1c12
7484
7ed6
7f09
803c
290c
4a9b
c9a4
1bd9
747d
7ed5
631d
83a0
2fcc
48bf
ca4c
1ba0
7475
7ed4
28ab
8af0
3665
46dc
caf3
1b67
746d
7ed4
e1b2
95f1
3cd2
44f4
cb9b
1b2e
7466
7ed3
a40e
a44b
430e
4306
cc43
1af5
745e
7ed2
82bc
b588
4913
4113
ccec
1abc
7456
7ed1
87fe
c920
4ede
3f1b
cd95
1a83
744f
7ed0
b236
de72
5469
3d1d
ce3f
1a4a
7447
7ed0
f463
f4d3
59af
3b1b
cee9
1a11
743f
7ecf
3a24
0b8e
5ead
3914
cf93
19d8
7438
7ece
6dfc
21ec
635e
3708
d03e
199f
7430
7ecd
7ff5
3739
67bf
34f8
d0e9
1966
7428
7ecc
6a86
4ac7
6bcb
32e3
d195
192d
7420
7ecc
3448
5bfa
6f81
30ca
d240
18f3
7419
7ecb
edef
6a45
72dc
2eae
d2ed
18ba
7411
7eca
ad28
7537
75db
2c8d
d399
1881
7409
7ec9
85e4
7c77
7879
2a69
d446
1848
7401
7ec9
843b
7fc9
7ab7
2842
d4f4
180f
73f9
7ec8
a8b1
7f14
7c91
2617
d5a1
17d5
73f2
7ec7
e80b
7a5d
7e06
23e9
d650
179c
73ea
7ec6
2ec5
71ca
7f16
21b8
d6fe
1763
73e2
7ec5
6718
65a0
7fbe
1f85
d7ad
172a
73da
7ec4
7fab
5641
7fff
1d4f
d85c
16f0
73d2
7ec4
70ec
442a
7fd9
1b17
d90b
16b7
73cb
7ec3
3f66
2fed
7f4b
18dc
d9bb
167e
73c3
7ec2
fa59
1a2d
7e56
169f
da6b
1644
73bb
7ec1
b70a
0399
7cfa
1461
db1b
160b
73b3
7ec0
8a34
ece8
7b3a
1221
dbcc
15d1
73ab
7ec0
81a5
d6d2
7916
0fdf
dc7d
1598
73a3
7ebf
a000
c208
7690
0d9d
dd2e
155f
739b
7ebe
dbed
af32
73aa
0b59
dddf
1525
7393
7ebd
22f5
9ee9
7066
0914
de91
14ec
738b
7ebc
5f3a
91b0
6cc7
06ce
df43
14b2
7383
7ebc
7e2a
87f1
68d0
0488
dff5
1479
737c
7ebb
7640
81fc
6485
0242
e0a8
143f
7374
7eba
49ea
8000
5fe8
fffb
e15a
1406
736c
7eb9
06d0
820e
5afe
fdb4
e20d
13cc
7364
7eb8
c19e
8814
55c9
fb6e
e2c1
1392
735c
7eb7
8fa2
91e3
5050
f928
e374
1359
7354
7eb7
8041
9f2b
4a95
f6e2
e428
131f
734c
7eb6
9838
af81
449e
f49d
e4dc
12e6
7344
7eb5
d026
c261
3e70
f259
e590
12ac
733c
7eb4
16d1
d732
380f
f017
e645
1272
7334
7eb3
5674
ed4c
3180
edd5
e6f9
1239
732c
7eb2
7b78
03fe
2aca
eb95
e7ae
11ff
7324
7eb2
7a74
1a90
23f1
e957
e863
11c5
731b
7eb1
53ba
304b
1cfb
e71a
e918
118c
7313
7eb0
1337
4480
15ed
e4e0
e9ce
1152
730b
7eaf
ccc9
568c
0ece
e2a7
ea83
1118
7303
7eae
9620
65dd
07a2
e071
eb39
10de
72fb
7ead
8013
71f8
0071
de3e
ebef
10a5
72f3
7ead
916c
7a7a
f93f
dc0d
eca5
106b
72eb
7eac
c4d4
7f20
f213
d9df
ed5b
1031
72e3
7eab
0a74
7fc3
eaf1
d7b5
ee11
0ff7
72db
7eaa
4cdd
7c5f
e3e1
d58d
eec8
0fbd
72d3
7ea9
7799
750f
dce8
d369
ef7f
0f83
72ca
7ea8
7d80
6a0d
d60b
d149
f035
0f4a
72c2
7ea8
5cc0
5bb3
cf50
cf2c
f0ec
0f10
72ba
7ea7
1f6f
4a75
c8bd
cd14
f1a3
0ed6
72b2
7ea6
d870
36dd
c256
caff
f25b
0e9c
72aa
7ea5
9da0
218b
bc21
c8ef
f312
0e62
72a2
7ea4
811d
0b2a
b623
c6e3
f3c9
0e28
7299
7ea3
8bad
f46e
b061
c4dc
f481
0dee
7291
7ea3
ba11
de10
aadf
c2da
f538
0db4
7289
7ea2
fdff
c8c4
a5a2
c0dc
f5f0
0d7a
7281
7ea1
428a
b536
a0ae
bee4
f6a8
0d40
7278
7ea0
7298
a404
9c07
bcf1
f75f
0d07
7270
7e9f
7f5a
95b9
97b2
bb03
f817
0ccd
7268
7e9e
64e4
8ac7
93b1
b91b
f8cf
0c93
7260
7e9d
2b5b
8388
9007
b739
f987
0c59
7257
7e9d
e478
8036
8cb8
b55d
fa3f
0c1f
724f
7e9c
a60f
80ec
89c6
b386
faf7
0be5
7247
7e9b
835a
85a4
8734
b1b6
fbb0
0bab
723e
7e9a
8708
8e38
8504
afec
fc68
0b70
7236
7e99
aff8
9a62
8337
ae29
fd20
0b36
722e
7e98
f18e
a9c1
81cf
ac6c
fdd8
0afc
7226
7e97
3797
bbd9
80ce
aab6
fe90
0ac2
721d
7e97
6c81
d016
8033
a907
ff49
0a88
7215
7e96
7fff
e5d7
8000
a75f
0001
0a4e
720c
7e95
6c13
fc6a
8034
a5bf
00b9
0a14
7204
7e94
36de
131b
80d0
a425
0172
09da
71fc
7e93
f0c2
2931
81d3
a293
022a
09a0
71f3
7e92
af58
3dfb
833c
a108
02e2
0966
71eb
7e91
86c6
50d0
850a
9f86
039a
092c
71e3
7e90
8389
6119
873b
9e0b
0452
08f2
71da
7e90
a6a2
6e52
89ce
9c97
050b
08b7
71d2
7e8f
e540
7810
8cc1
9b2c
05c3
087d
71c9
7e8e
2c1c
7e05
9011
99ca
067b
0843
71c1
7e8d
6562
7fff
93bb
986f
0733
0809
71b8
7e8c
7f6e
7df2
97be
971d
07eb
07cf
71b0
7e8b
723c
77ea
9c14
95d3
08a3
0795
71a7
7e8a
41db
6e1b
a0bc
9492
095a
075a
719f
7e8a
fd31
60d3
a5b0
9359
0a12
0720
7196
7e89
b965
507d
aaee
922a
0aca
06e6
718e
7e88
8b58
3d9d
b071
9103
0b81
06ac
7185
7e87
8138
28cb
b634
8fe5
0c39
0672
717d
7e86
9e24
12b0
bc32
8ed1
0cf0
0638
7174
7e85
d934
fbfe
c268
8dc5
0da7
05fd
716c
7e84
2036
e56d
c8cf
8cc3
0e5f
05c3
7163
7e83
5d4d
cfb2
cf63
8bca
0f16
0589
715b
7e82
7da8
bb7d
d61f
8ada
0fcd
054f
7152
7e82
774f
a972
dcfc
89f4
1083
0514
714a
7e81
4c38
9a21
e3f5
8918
113a
04da
7141
7e80
09a8
8e07
eb06
8845
11f1
04a0
7138
7e7f
c41e
8585
f227
877c
12a7
0466
7130
7e7e
9106
80e0
f954
86bc
135d
042c
7127
7e7d
801b
803d
0085
8607
1413
03f1
711f
7e7c
9694
83a2
07b7
855b
14c9
03b7
7116
7e7b
cd85
8af3
0ee2
84b9
157f
037d
710d
7e7a
1402
95f5
1601
8421
1634
0343
7105
7e7a
5455
a44f
1d0f
8393
16ea
0308
70fc
7e79
7ab0
b58e
2405
8310
179f
02ce
70f3
7e78
7b41
c926
2add
8296
1854
0294
70eb
7e77
55dc
de78
3193
8227
1909
025a
70e2
7e76
1606
f4da
3821
81c1
19bd
021f
70d9
7e75
cf68
0b95
3e82
8166
1a72
01e5
70d1
7e74
97c1
21f3
44b0
8116
1b26
01ab
70c8
7e73
8035
373f
4aa6
80cf
1bda
0170
70bf
7e72
9004
4acc
5060
8093
1c8e
0136
70b6
7e71
c251
5bfe
55d9
8061
1d41
00fc
70ae
7e71
079d
6a49
5b0c
8039
1df5
00c2
70a5
7e70
4a91
753a
5ff6
801c
1ea8
0087
709c
7e6f
768e
7c78
6492
8009
1f5a
004d
7093
7e6e
7e07
7fca
68dc
8001
200d
0013
708b
7e6d
5eb0
7f13
6cd2
8002
20bf
ffd9
7082
7e6c
2230
7a5b
7070
800f
2171
ff9e
7079
7e6b
db28
71c6
73b2
8025
2223
ff64
7070
7e6a
9f79
659c
7697
8046
22d4
ff2a
7068
7e69
8184
563c
791c
8071
2385
fef0
705f
7e68
8a84
4424
7b3f
80a7
2436
feb5
7056
7e67
b7b3
2fe7
7cff
80e7
24e7
fe7b
704d
7e66
fb26
1a26
7e59
8131
2597
fe41
7044
7e66
4018
0392
7f4d
8185
2647
fe06
703b
7e65
714c
ece2
7fda
81e4
26f7
fdcc
7032
7e64
7f9c
d6cc
7fff
824d
27a6
fd92
702a
7e63
669e
c202
7fbd
82c0
2855
fd58
7021
7e62
2e06
af2d
7f13
833d
2904
fd1d
7018
7e61
e741
9ee5
7e03
83c4
29b2
fce3
700f
7e60
a81b
91ac
7c8c
8456
2a60
fca9
7006
7e5f
8407
87ef
7ab1
84f1
2b0e
fc6f
6ffd
7e5e
8622
81fb
7873
8596
2bbc
fc34
6ff4
7e5d
adc4
8000
75d3
8646
2c69
fbfa
6feb
7e5c
eebb
820f
72d3
86ff
2d15
fbc0
6fe2
7e5b
3503
8817
6f77
87c2
2dc1
fb86
6fd9
7e5a
6af7
91e7
6bc0
888e
2e6d
fb4b
6fd0
7e5a
7ffa
9f30
67b3
8964
2f19
fb11
6fc7
7e59
6d93
af86
6351
8a44
2fc4
fad7
6fbe
7e58
396c
c266
5e9f
8b2e
306f
fa9d
6fb5
7e57
f397
d738
59a0
8c21
3119
fa63
6fac
7e56
b193
ed53
5459
8d1d
31c3
fa28
6fa3
7e55
87b7
0405
4ece
8e22
326d
f9ee
6f9a
7e54
82e7
1a96
4903
8f31
3316
f9b4
6f91
7e53
a49e
3051
42fc
9049
33bf
f97a
6f88
7e52
e279
4485
3cc0
916a
3467
f940
6f7f
7e51
296d
5691
3652
9294
350f
f905
6f76
7e50
639f
65e1
2fb9
93c7
35b6
f8cb
6f6d
7e4f
7f22
71fb
28f8
9502
365d
f891
6f64
7e4e
737d
7a7c
2217
9646
3704
f857
6f5b
7e4d
4448
7f21
1b1a
9793
37aa
f81d
6f52
7e4c
000a
7fc3
1407
98e8
3850
f7e3
6f49
7e4b
bbca
7c5d
0ce4
9a46
38f5
f7a8
6f40
7e4a
8c8b
750c
05b6
9bac
399a
f76e
6f37
7e4a
80dc
6a09
fe84
9d19
3a3e
f734
6f2d
7e49
9c55
5bae
f753
9e8f
3ae2
f6fa
6f24
7e48
d680
4a6f
f029
a00d
3b85
f6c0
6f1b
7e47
1d73
36d7
e90c
a193
3c28
f686
6f12
7e46
5b54
2184
e202
a320
3ccb
f64c
6f09
7e45
7d15
0b23
db0f
a4b5
3d6d
f612
6f00
7e44
7850
f468
d43b
a651
3e0e
f5d7
6ef6
7e43
4e7d
de0a
cd8a
a7f4
3eaf
f59d
6eed
7e42
0c7e
c8be
c702
a99f
3f4f
f563
6ee4
7e41
c6a6
b531
c0a8
ab50
3fef
f529
6edb
7e40
9278
a3ff
ba81
ad08
408f
f4ef
6ed2
7e3f
8006
95b5
b492
aec7
412d
f4b5
6ec8
7e3e
94fe
8ac5
aee1
b08d
41cc
f47b
6ebf
7e3d
caeb
8387
a971
b259
426a
f441
6eb6
7e3c
1131
8036
a448
b42b
4307
f407
6ead
7e3b
522c
80ed
9f68
b604
43a4
f3cd
6ea3
7e3a
79d8
85a6
9ad7
b7e2
4440
f393
6e9a
7e39
7bfe
8e3b
9697
b9c7
44db
f359
6e91
7e38
57f4
9a67
92ad
bbb1
4576
f31f
6e88
7e37
18d3
a9c6
8f1b
bda0
4611
f2e5
6e7e
7e36
d20d
bbde
8be5
bf95
46ab
f2ab
6e75
7e35
996e
d01d
890d
c18f
4744
f271
6e6c
7e34
8066
e5dd
8695
c38e
47dd
f237
6e62
7e33
8eaa
fc71
847f
c593
4875
f1fd
6e59
7e32
bfd7
1322
82cd
c79b
490d
f1c3
6e50
7e31
04c5
2938
8181
c9a9
49a4
f189
6e46
7e30
483c
3e01
809a
cbba
4a3a
f150
6e3d
7e2f
7573
50d6
801b
cdd0
4ad0
f116
6e34
7e2e
7e7f
611e
8004
cfea
4b65
f0dc
6e2a
7e2e
6095
6e55
8054
d208
4bfa
f0a2
6e21
7e2d
24ec
7812
810b
d42a
4c8e
f068
6e17
7e2c
dde4
7e06
8229
d64f
4d21
f02e
6e0e
7e2b
a15e
7fff
83ad
d878
4db4
eff4
6e05
7e2a
81fc
7df0
8596
daa4
4e46
efbb
6dfb
7e29
896b
77e8
87e2
dcd3
4ed8
ef81
6df2
7e28
b55e
6e18
8a8f
df04
4f68
ef47
6de8
7e27
f84e
60ce
8d9b
e139
4ff9
ef0d
6ddf
7e26
3d9d
5077
9103
e36f
5088
eed4
6dd5
7e25
6ff2
3d97
94c5
e5a8
5117
ee9a
6dcc
7e24
7fcc
28c5
98df
e7e4
51a5
ee60
6dc2
7e23
684b
12aa
9d4b
ea21
5233
ee26
6db9
7e22
30ab
fbf8
a208
ec60
52c0
eded
6db0
7e21
ea0e
e566
a710
eea1
534c
edb3
6da6
7e20
aa33
cfac
ac61
f0e3
53d8
ed79
6d9c
7e1f
84c5
bb78
b1f5
f326
5462
ed40
6d93
7e1e
854b
a96d
b7c8
f56a
54ed
ed06
6d89
7e1d
ab9b
9a1d
bdd6
f7af
5576
eccc
6d80
7e1c
ebea
8e04
c419
f9f5
55ff
ec93
6d76
7e1b
3268
8583
ca8d
fc3b
5687
ec59
6d6d
7e1a
6960
80df
d12c
fe82
570f
ec20
6d63
7e19
7fe4
803d
d7f1
00c8
5795
ebe6
6d5a
7e18
6f05
83a3
ded7
030f
581b
ebad
6d50
7e17
3bf4
8af6
e5d7
0555
58a1
eb73
6d46
7e16
f66d
95f9
ecec
079b
5925
eb3a
6d3d
7e15
b3d8
a454
f411
09e1
59a9
eb00
6d33
7e14
88b8
b593
fb40
0c25
5a2c
eac7
6d2a
7e13
8255
c92c
0272
0e69
5aaf
ea8d
6d20
7e12
a2a5
de7f
09a3
10ab
5b30
ea54
6d16
7e11
dfb6
f4e0
10cb
12ec
5bb1
ea1a
6d0d
7e10
26b9
0b9c
17e6
152c
5c32
e9e1
6d03
7e0f
61cf
21f9
1eee
176a
5cb1
e9a8
6cf9
7e0e
7ec5
3745
25dc
19a5
5d30
e96e
6cf0
7e0d
74b0
4ad2
2cac
1bdf
5dae
e935
6ce6
7e0c
46ac
5c03
3358
1e17
5e2b
e8fb
6cdc
7e0b
02e3
6a4d
39da
204c
5ea7
e8c2
6cd3
7e0a
be37
753d
402e
227e
5f23
e889
6cc9
7e09
8dcd
7c7a
464d
24ae
5f9e
e850
6cbf
7e08
8090
7fca
4c34
26db
6018
e816
6cb6
7e07
9a92
7f12
51dd
2905
6091
e7dd
6cac
7e06
d3d1
7a59
5744
2b2b
610a
e7a4
6ca2
7e04
1aac
71c3
5c64
2d4e
6182
e76b
6c98
7e03
5950
6597
6139
2f6d
61f9
e732
6c8f
7e02
7c72
5637
65c0
3188
626f
e6f8
6c85
7e01
7941
441f
69f4
339f
62e4
e6bf
6c7b
7e00
50b8
2fe0
6dd2
35b2
6359
e686
6c71
7dff
0f52
1a1f
7158
37c1
63cd
e64d
6c67
7dfe
c935
038c
7482
39cb
6440
e614
6c5e
7dfd
93f8
ecdb
774d
3bd1
64b2
e5db
6c54
7dfc
8000
d6c5
79b8
3dd2
6523
e5a2
6c4a
7dfb
9374
c1fc
7bc1
3fcd
6594
e569
6c40
7dfa
c857
af28
7d65
41c4
6603
e530
6c36
7df9
0e5e
9ee0
7ea4
43b5
6672
e4f7
6c2d
7df8
4ff8
91a9
7f7d
45a1
66e0
e4be
6c23
7df7
78f1
87ec
7fee
4787
674d
e485
6c19
7df6
7cab
81f9
7ff7
4967
67ba
e44c
6c0f
7df5
59ff
8000
7f9a
4b42
6825
e413
6c05
7df4
1b9c
8210
7ed4
4d16
6890
e3da
6bfb
7df3
d4b8
8819
7da9
4ee4
68fa
e3a2
6bf1
7df2
9b29
91ea
7c17
50ac
6963
e369
6be7
7df1
80a8
9f34
7a21
526d
69cb
e330
6bdd
7df0
8d5f
af8b
77c8
5427
6a32
e2f7
6bd4
7def
bd64
c26c
750f
55db
6a99
e2be
6bca
7dee
01ed
d73f
71f6
5788
6afe
e286
6bc0
7ded
45de
ed5a
6e81
592d
6b63
e24d
6bb6
7dec
744a
040c
6ab3
5acc
6bc7
e214
6bac
7deb
7ee6
1a9d
668f
5c63
6c2a
e1dc
6ba2
7dea
626d
3057
6217
5df2
6c8c
e1a3
6b98
7de9
27a3
448b
5d50
5f7a
6ced
e16b
6b8e
7de7
e0a5
5696
583e
60fa
6d4e
e132
6b84
7de6
a34e
65e5
52e4
6273
6dad
e0f9
6b7a
7de5
8284
71fe
4d47
63e3
6e0c
e0c1
6b70
7de4
8860
7a7e
476c
654b
6e69
e088
6b66
7de3
b313
7f22
4157
66ac
6ec6
e050
6b5c
7de2
f577
7fc3
3b0c
6803
6f22
e017
6b52
7de1
3b1a
7c5c
3492
6953
6f7d
dfdf
6b48
7de0
6e89
7509
2dee
6a9a
6fd7
dfa7
6b3e
7ddf
7fed
6a05
2724
6bd8
7030
df6e
6b34
7dde
69eb
5baa
203b
6d0d
7088
df36
6b29
7ddd
334a
4a6a
1938
6e3a
70e0
defe
6b1f
7ddc
ecdd
36d1
1220
6f5e
7136
dec5
6b15
7ddb
ac55
217e
0af9
7078
718c
de8d
6b0b
7dda
8592
0b1c
03ca
718a
71e0
de55
6b01
7dd9
8483
f461
fc98
7293
7234
de1d
6af7
7dd8
a97d
de03
f568
7392
7287
dde4
6aed
7dd7
e91b
c8b8
ee41
7488
72d9
ddac
6ae3
7dd5
2fc7
b52b
e728
7574
7329
dd74
6ad9
7dd4
67bc
a3fb
e023
7657
7379
dd3c
6ace
7dd3
7fbe
95b1
d939
7730
73c8
dd04
6ac4
7dd2
7068
8ac2
d26d
7800
7417
dccc
6aba
7dd1
3e74
8385
cbc6
78c6
7464
dc94
6ab0
7dd0
f944
8036
c54a
7982
74b0
dc5c
6aa6
7dcf
b627
80ee
befd
7a34
74fb
dc24
6a9c
7dce
89c8
85a8
b8e5
7adc
7546
dbec
6a91
7dcd
81d2
8e3e
b307
7b7b
758f
dbb4
6a87
7dcc
a0b8
9a6b
ad66
7c0f
75d7
db7c
6a7d
7dcb
dcf7
a9cb
a809
7c9a
761f
db45
6a73
7dca
2400
bbe4
a2f2
7d1a
7665
db0d
6a68
7dc9
5ff2
d023
9e27
7d90
76ab
dad5
6a5e
7dc8
7e58
e5e4
99ac
7dfc
76ef
da9d
6a54
7dc6
75d5
fc78
9583
7e5e
7733
da66
6a4a
7dc5
4907
1328
91b0
7eb6
7776
da2e
6a3f
7dc4
05bc
293e
8e36
7f03
77b7
d9f6
6a35
7dc3
c0ac
3e07
8b19
7f46
77f8
d9bf
6a2b
7dc2
8f1e
50db
885a
7f7f
7838
d987
6a21
7dc1
8054
6122
85fc
7fae
7877
d94f
6a16
7dc0
98dc
6e59
8401
7fd2
78b5
d918
6a0c
7dbf
d128
7815
826a
7fec
78f1
d8e0
6a02
7dbe
17e1
7e07
8139
7ffb
792d
d8a9
69f7
7dbd
5740
7fff
806e
7fff
7968
d871
69ed
7dbc
7bc0
7def
800b
7ffb
79a2
d83a
69e3
7dba
7a23
77e6
800f
7feb
79db
d803
69d8
7db9
52e8
6e14
807b
7fd1
7a13
d7cb
69ce
7db8
1225
60ca
814e
7fad
7a4a
d794
69c3
7db7
cbcb
5072
8287
7f7e
7a80
d75d
69b9
7db6
9586
3d91
8426
7f45
7ab5
d726
69af
7db5
800b
28be
862a
7f02
7ae9
d6ee
69a4
7db4
91f9
12a3
888f
7eb4
7b1b
d6b7
699a
7db3
c5ca
fbf1
8b56
7e5c
7b4d
d680
698f
7db2
0b88
e560
8e7b
7dfa
7b7e
d649
6985
7db1
4dba
cfa6
91fc
7d8e
7bae
d612
697b
7db0
77fb
bb72
95d6
7d17
7bdd
d5db
6970
7dae
7d48
a968
9a05
7c97
7c0b
d5a4
6966
7dad
5c00
9a19
9e88
7c0c
7c38
d56d
695b
7dac
1e62
8e01
a359
7b77
7c64
d536
6951
7dab
d769
8581
a875
7ad9
7c8f
d4ff
6946
7daa
9cf0
80de
add8
7a30
7cb9
d4c8
693c
7da9
80f9
803e
b37e
797d
7ce2
d491
6931
7da8
8c22
83a5
b961
78c1
7d0a
d45b
6927
7da7
bafa
8af8
bf7e
77fb
7d31
d424
691c
7da6
ff14
95fd
c5cf
772b
7d57
d3ed
6912
7da4
4377
a459
cc4f
7652
7d7c
d3b6
6907
7da3
7312
b599
d2f8
756f
7d9f
d380
68fd
7da2
7f3d
c932
d9c6
7482
7dc2
d349
68f2
7da1
6439
de85
e0b4
738c
7de4
d312
68e8
7da0
2a56
f4e7
e7ba
728d
7e05
d2dc
68dd
7d9f
e369
0ba3
eed4
7184
7e25
d2a5
68d2
7d9e
a54b
2200
f5fc
7072
7e43
d26f
68c8
7d9d
831c
374b
fd2c
6f57
7e61
d239
68bd
7d9b
8764
4ad7
045f
6e33
7e7e
d202
68b3
7d9a
b0d1
5c08
0b8e
6d06
7e9a
d1cc
68a8
7d99
f2a2
6a51
12b3
6bd1
7eb4
d195
689d
7d98
3890
753f
19ca
6a92
7ece
d15f
6893
7d97
6d13
7c7c
20cb
694b
7ee7
d129
6888
7d96
7ffe
7fcb
27b2
67fc
7efe
d0f3
687e
7d95
6b7e
7f12
2e79
66a4
7f15
d0bd
6873
7d94
35e3
7a57
351a
6543
7f2a
d086
6868
7d92
efaf
71c0
3b90
63db
7f3f
d050
685e
7d91
ae82
6593
41d6
626a
7f52
d01a
6853
7d90
866e
5632
47e7
60f2
7f65
cfe4
6848
7d8f
83cb
4419
4dbe
5f71
7f76
cfae
683e
7d8e
a769
2fda
5355
5de9
7f86
cf78
6833
7d8d
e650
1a19
58aa
5c59
7f96
cf42
6828
7d8c
2d20
0385
5db6
5ac2
7fa4
cf0d
681d
7d8b
660a
ecd4
6277
5924
7fb1
ced7
6813
7d89
7f87
d6bf
66e8
577e
7fbe
cea1
6808
7d88
71be
c1f6
6b05
55d1
7fc9
ce6b
67fd
7d87
40ed
af23
6ecc
541d
7fd3
ce36
67f3
7d86
fc1c
9edc
723a
5263
7fdc
ce00
67e8
7d85
b87f
91a5
754a
50a1
7fe4
cdca
67dd
7d84
8ae7
87ea
77fc
4ed9
7feb
cd95
67d2
7d83
8160
81f8
7a4d
4d0b
7ff1
cd5f
67c7
7d81
9ed8
8000
7c3b
4b37
7ff6
cd2a
67bd
7d80
da3c
8211
7dc5
495c
7ffa
ccf4
67b2
7d7f
2142
881b
7ee8
477c
7ffd
ccbf
67a7
7d7e
5e0a
91ed
7fa5
4596
7fff
cc89
679c
7d7d
7ddb
9f38
7ffa
43aa
7fff
cc54
6791
7d7c
76ea
af91
7fe8
41b8
7fff
cc1f
6787
7d7b
4b59
c272
7f6f
3fc2
7fff
cbe9
677c
7d79
0893
d745
7e8e
3dc6
7ffc
cbb4
6771
7d78
c32a
ed60
7d47
3bc5
7ff9
cb7f
6766
7d77
907d
0412
7b9b
39bf
7ff5
cb4a
675b
7d76
8028
1aa3
798a
37b5
7fef
cb15
6750
7d75
9732
305d
7717
35a6
7fe9
cae0
6745
7d74
ce84
4491
7444
3393
7fe1
caab
673b
7d72
1514
569b
7112
317c
7fd9
ca76
6730
7d71
5525
65e9
6d86
2f60
7fd0
ca41
6725
7d70
7afe
7201
69a0
2d41
7fc5
ca0c
671a
7d6f
7af5
7a80
6565
2b1e
7fb9
c9d7
670f
7d6e
550e
7f22
60d8
28f8
7fad
c9a3
6704
7d6d
14f5
7fc2
5bfc
26ce
7f9f
c96e
66f9
7d6b
ce68
7c5a
56d7
24a1
7f90
c939
66ee
7d6a
9721
7506
516a
2271
7f81
c905
66e3
7d69
8026
6a02
4bbc
203f
7f70
c8d0
66d8
7d68
908c
5ba5
45d1
1e0a
7f5e
c89b
66cd
7d67
c345
4a64
3fad
1bd2
7f4b
c867
66c2
7d66
08b2
36cb
3956
1998
7f38
c832
66b7
7d64
4b72
2177
32d0
175c
7f23
c7fe
66ac
7d63
76f5
0b15
2c21
151e
7f0d
c7ca
66a1
7d62
7dd6
f45a
254e
12df
7ef6
c795
6696
7d61
5df5
ddfd
1e5d
109e
7ede
c761
668b
7d60
2124
c8b2
1754
0e5b
7ec5
c72d
6680
7d5f
da1f
b526
1038
0c18
7eab
c6f9
6675
7d5d
9ec4
a3f6
090e
09d3
7e90
c6c4
666a
7d5c
815b
95ad
01dd
078e
7e74
c690
665f
7d5b
8af4
8abf
faab
0548
7e57
c65c
6654
7d5a
b898
8384
f37d
0302
7e39
c628
6649
7d59
fc3b
8035
ec59
00bb
7e1a
c5f4
663e
7d58
4107
80ef
e545
fe74
7dfa
c5c0
6633
7d56
71cc
85aa
de47
fc2e
7dd8
c58d
6628
7d55
7f85
8e41
d764
f9e7
7db6
c559
661c
7d54
65f8
9a6f
d0a2
f7a2
7d93
c525
6611
7d53
2d03
a9d0
ca06
f55d
7d6f
c4f1
6606
7d52
e631
bbea
c396
f318
7d4a
c4be
65fb
7d50
a753
d029
bd57
f0d5
7d23
c48a
65f0
7d4f
83c4
e5ea
b74e
ee93
7cfc
c456
65e5
7d4e
8678
fc7f
b17f
ec53
7cd4
c423
65da
7d4d
ae9a
132f
abf0
ea14
7cab
c3ef
65ce
7d4c
efce
2944
a6a5
e7d6
7c80
c3bc
65c3
7d4a
35fe
3e0d
a1a3
e59b
7c55
c389
65b8
7d49
6b8e
50e0
9ced
e362
7c29
c355
65ad
7d48
7ffe
6126
9887
e12b
7bfb
c322
65a2
7d47
6d03
6e5c
9474
def7
7bcd
c2ef
6596
7d46
3874
7817
90b9
dcc6
7b9e
c2bb
658b
7d45
f283
7e08
8d58
da97
7b6d
c288
6580
7d43
b0b9
7fff
8a54
d86b
7b3c
c255
6575
7d42
875a
7dee
87af
d643
7b0a
c222
656a
7d41
8323
77e3
856b
d41d
7ad7
c1ef
655e
7d40
a560
6e11
838a
d1fc
7aa2
c1bc
6553
7d3f
e387
60c5
820f
cfde
7a6d
c189
6548
7d3d
2a73
506d
80f9
cdc4
7a37
c157
653d
7d3c
644c
3d8b
804a
cbae
79ff
c124
6531
7d3b
7f41
28b8
8002
c99c
79c7
c0f1
6526
7d3a
7305
129c
8022
c78f
798e
c0be
651b
7d38
435c
fbea
80a9
c587
7954
c08c
650f
7d37
fef5
e559
8198
c383
7918
c059
6504
7d36
bae0
cfa0
82ec
c184
78dc
c027
64f9
7d35
8c15
bb6c
84a6
bf8a
789f
bff4
64ed
7d34
80fd
a963
86c4
bd95
7861
bfc2
64e2
7d32
9d03
9a15
8944
bba5
7822
bf8f
64d7
7d31
d786
8dfd
8c24
b9bb
77e2
bf5d
64cb
7d30
1e80
857f
8f62
b7d7
77a1
bf2b
64c0
7d2f
5c15
80dd
92fb
b5f9
775f
bef9
64b5
7d2e
7d4e
803e
96ec
b421
771c
bec6
64a9
7d2c
77f0
83a7
9b32
b24e
76d8
be94
649e
7d2b
4da1
8afb
9fca
b082
7693
be62
6492
7d2a
0b6a
9600
a4b0
aebd
764d
be30
6487
7d29
c5af
a45d
a9df
acfe
7606
bdfe
647c
7d27
91e9
b59e
af54
ab46
75be
bdcc
6470
7d26
800c
c938
b50b
a995
7575
bd9a
6465
7d25
9597
de8c
bafe
a7ea
752c
bd69
6459
7d24
cbe7
f4ee
c129
a647
74e1
bd37
644e
7d23
1243
0ba9
c787
a4ab
7496
bd05
6442
7d21
5300
2206
ce13
a317
7449
bcd4
6437
7d20
7a2c
3751
d4c7
a18a
73fc
bca2
642c
7d1f
7bb8
4add
db9e
a004
73ad
bc71
6420
7d1e
5729
5c0c
e292
9e87
735e
bc3f
6415
7d1c
17c3
6a54
e99f
9d11
730d
bc0e
6409
7d1b
d10b
7542
f0bd
9ba3
72bc
bbdc
63fe
7d1a
98c9
7c7d
f7e8
9a3e
726a
bbab
63f2
7d19
8051
7fcb
ff19
98e0
7217
bb7a
63e7
7d18
8f2c
7f11
064b
978b
71c3
bb49
63db
7d16
c0c7
7a55
0d78
963f
716e
bb17
63d0
7d15
05da
71bd
149a
94fb
7118
bae6
63c4
7d14
4920
658f
1bab
93bf
70c1
bab5
63b8
7d13
75e1
562d
22a6
928d
706a
ba84
63ad
7d11
7e53
4413
2985
9163
7011
ba53
63a1
7d10
5fde
2fd4
3043
9042
6fb8
ba23
6396
7d0f
23e2
1a12
36d9
8f2b
6f5d
b9f2
638a
7d0e
dcd9
037e
3d43
8e1c
6f02
b9c1
637f
7d0c
a0a4
ecce
437b
8d17
6ea6
b990
6373
7d0b
81cd
d6b8
497d
8c1b
6e49
b960
6367
7d0a
89d4
c1f0
4f43
8b28
6deb
b92f
635c
7d09
b640
af1d
54c9
8a3f
6d8c
b8ff
6350
7d07
f963
9ed7
5a0a
895f
6d2c
b8ce
6345
7d06
3e8f
91a2
5f03
8889
6ccc
b89e
6339
7d05
7077
87e8
63af
87bd
6c6a
b86e
632d
7d04
7fbc
81f7
680a
86fa
6c08
b83d
6322
7d02
67aa
8000
6c10
8641
6ba4
b80d
6316
7d01
2faa
8213
6fc0
8592
6b40
b7dd
630a
7d00
e8fd
881e
7315
84ed
6adb
b7ad
62ff
7cff
a966
91f1
760c
8452
6a75
b77d
62f3
7cfd
847b
9f3d
78a5
83c1
6a0f
b74d
62e7
7cfc
859b
af96
7adb
833a
69a7
b71d
62db
7cfb
ac6c
c278
7cae
82bd
693f
b6ed
62d0
7cfa
ecfc
d74b
7e1d
824a
68d5
b6bd
62c4
7cf8
3366
ed67
7f25
81e2
686b
b68d
62b8
7cf7
69fc
0419
7fc6
8183
6800
b65e
62ad
7cf6
7fee
1aaa
7fff
812f
6794
b62e
62a1
7cf5
6e7a
3064
7fd2
80e5
6728
b5fe
6295
7cf3
3aff
4497
7f3d
80a5
66ba
b5cf
6289
7cf2
f559
56a0
7e41
8070
664c
b59f
627e
7cf1
b2fa
65ed
7cde
8045
65dc
b570
6272
7cef
8855
7204
7b17
8024
656c
b541
6266
7cee
828a
7a82
78ec
800e
64fc
b511
625a
7ced
a364
7f23
765f
8002
648a
b4e2
624e
7cec
e0c3
7fc2
7372
8001
6418
b4b3
6243
7cea
27c1
7c59
7028
8009
63a4
b484
6237
7ce9
6280
7504
6c83
801d
6330
b455
622b
7ce8
7eea
69fe
6887
803a
62bb
b426
621f
7ce7
743d
5ba0
6435
8062
6246
b3f7
6213
7ce5
45c4
4a5f
5f93
8094
61cf
b3c8
6208
7ce4
01ce
36c5
5aa3
80d0
6158
b399
61fc
7ce3
bd4a
2171
556a
8117
60e0
b36b
61f0
7ce1
8d51
0b0f
4fec
8168
6067
b33c
61e4
7ce0
80ab
f453
4a2d
81c4
5fed
b30e
61d8
7cdf
9b3c
ddf6
4432
8229
5f73
b2df
61cc
7cde
d4d5
c8ac
3e00
8299
5ef8
b2b0
61c0
7cdc
1bba
b520
379b
8313
5e7c
b282
61b4
7cdb
5a15
a3f1
310a
8397
5dff
b254
61a8
7cda
7cb2
95aa
2a51
8425
5d82
b225
619d
7cd8
78e7
8abc
2376
84bd
5d04
b1f7
6191
7cd7
4fe0
8382
1c7e
855f
5c85
b1c9
6185
7cd6
0e3f
8035
156f
860b
5c05
b19b
6179
7cd5
c83b
80f0
0e4e
86c1
5b85
b16d
616d
7cd3
9364
85ac
0722
8780
5b03
b13f
6161
7cd2
8000
8e44
fff1
884a
5a81
b111
6155
7cd1
9408
9a73
f8bf
891d
59ff
b0e3
6149
7ccf
c951
a9d5
f193
89f9
597b
b0b5
613d
7cce
0f71
bbf0
ea73
8ae0
58f7
b088
6131
7ccd
50cf
d02f
e364
8bd0
5872
b05a
6125
7ccc
794b
e5f1
dc6d
8cc9
57ed
b02d
6119
7cca
7c6b
fc85
d592
8dcb
5767
afff
610d
7cc9
593a
1336
ceda
8ed7
56e0
afd2
6101
7cc8
1a8d
294b
c849
8fec
5658
afa4
60f5
7cc6
d3b4
3e13
c1e5
910a
55cf
af77
60e9
7cc5
9a7f
50e5
bbb4
9231
5546
af4a
60dd
7cc4
808d
612b
b5ba
9361
54bd
af1c
60d1
7cc2
8ddb
6e60
affc
9499
5432
aeef
60c5
7cc1
be51
7819
aa7f
95db
53a7
aec2
60b9
7cc0
0302
7e09
a547
9724
531b
ae95
60ad
7cbf
46c5
7fff
a059
9877
528f
ae68
60a0
7cbd
74bd
7ded
9bb8
99d2
5202
ae3b
6094
7cbc
7ec1
77e1
9768
9b35
5174
ae0f
6088
7cbb
61bb
6e0d
936c
9ca0
50e5
ade2
607c
7cb9
269b
60c1
8fc9
9e13
5056
adb5
6070
7cb8
df98
5068
8c80
9f8e
4fc6
ad89
6064
7cb7
a290
3d85
8995
a111
4f36
ad5c
6058
7cb5
824f
28b1
870a
a29c
4ea5
ad30
604c
7cb4
88c3
1296
84e1
a42e
4e13
ad03
6040
7cb3
b3f1
fbe4
831b
a5c8
4d81
acd7
6033
7cb1
f68c
e553
81ba
a769
4cee
acab
6027
7cb0
3c0f
cf99
80c0
a911
4c5a
ac7e
601b
7caf
6f14
bb67
802c
aac0
4bc6
ac52
600f
7cae
7fe3
a95e
8000
ac77
4b31
ac26
6003
7cac
694f
9a11
803c
ae33
4a9c
abfa
5ff7
7cab
324c
8dfa
80df
aff7
4a06
abce
5fea
7caa
ebcb
857d
81e9
b1c1
496f
aba2
5fde
7ca8
ab84
80dc
8359
b391
48d8
ab77
5fd2
7ca7
8542
803f
852d
b568
4840
ab4b
5fc6
7ca6
84cd
83a8
8766
b744
47a8
ab1f
5fb9
7ca4
aa4a
8afe
8a00
b927
470f
aaf4
5fad
7ca3
ea2c
9604
8cf9
bb0f
4675
aac8
5fa1
7ca2
30c8
a462
904f
bcfc
45db
aa9d
5f95
7ca0
685d
b5a4
9400
bef0
4540
aa71
5f88
7c9f
7fce
c93e
9808
c0e8
44a5
aa46
5f7c
7c9e
6fe3
de92
9c65
c2e5
4409
aa1b
5f70
7c9c
3d82
f4f5
a112
c4e8
436d
a9f0
5f64
7c9b
f82f
0bb0
a60c
c6ef
42d0
a9c5
5f57
7c9a
b545
220d
ab4e
c8fb
4233
a99a
5f4b
7c98
895f
3757
b0d5
cb0b
4195
a96f
5f3f
7c97
8202
4ae2
b69d
cd20
40f6
a944
5f32
7c96
a172
5c11
bc9f
cf39
4057
a919
5f26
7c94
de02
6a58
c2d8
d155
3fb8
a8ee
5f1a
7c93
2509
7545
c943
d376
3f18
a8c3
5f0d
7c92
60a9
7c7f
cfda
d59a
3e77
a899
5f01
7c90
7e83
7fcb
d698
d7c1
3dd6
a86e
5ef5
7c8f
7567
7f10
dd77
d9ec
3d34
a844
5ee8
7c8e
4823
7a53
e473
dc1a
3c92
a819
5edc
7c8c
04a7
71ba
eb84
de4b
3bf0
a7ef
5ed0
7c8b
bfbc
658b
f2a7
e07e
3b4d
a7c5
5ec3
7c8a
8e9c
5628
f9d4
e2b4
3aa9
a79b
5eb7
7c88
8069
440e
0106
e4ed
3a05
a771
5eaa
7c87
9981
2fce
0837
e727
3961
a747
5e9e
7c86
d22a
1a0c
0f62
e964
38bc
a71d
5e92
7c84
18f1
0377
1680
eba2
3816
a6f3
5e85
7c83
580a
ecc7
1d8c
ede2
3770
a6c9
5e79
7c81
7c05
d6b2
2480
f024
36ca
a69f
5e6c
7c80
79cf
c1ea
2b56
f267
3623
a675
5e60
7c7f
5214
af18
320a
f4ab
357c
a64c
5e53
7c7d
1112
9ed3
3894
f6f0
34d4
a622
5e47
7c7c
cacf
919f
3ef2
f935
342c
a5f9
5e3b
7c7b
94ed
87e5
451c
fb7b
3384
a5cf
5e2e
7c79
8005
81f6
4b0e
fdc2
32db
a5a6
5e22
7c78
9288
8000
50c4
0008
3232
a57d
5e15
7c77
c6c1
8214
5638
024f
3188
a554
5e09
7c75
0c9c
8820
5b66
0496
30de
a52b
5dfc
7c74
4e95
91f4
604a
06dc
3033
a502
5df0
7c73
785a
9f41
64e1
0921
2f88
a4d9
5de3
7c71
7d0e
af9b
6926
0b66
2edd
a4b0
5dd7
7c70
5b3e
c27e
6d15
0daa
2e32
a487
5dca
7c6e
1d55
d752
70ad
0fed
2d86
a45e
5dbd
7c6d
d662
ed6e
73e9
122e
2cd9
a436
5db1
7c6c
9c41
0420
76c7
146e
2c2c
a40d
5da4
7c6a
80d8
1ab1
7946
16ad
2b7f
a3e5
5d98
7c69
8c99
306a
7b62
18e9
2ad2
a3bc
5d8b
7c68
bbe4
449c
7d1a
1b24
2a24
a394
5d7f
7c66
0029
56a5
7e6d
1d5c
2976
a36c
5d72
7c65
4462
65f1
7f5a
1f92
28c7
a343
5d65
7c63
738b
7207
7fe0
21c5
2818
a31b
5d59
7c62
7f1e
7a84
7ffe
23f6
2769
a2f3
5d4c
7c61
638b
7f24
7fb4
2624
26ba
a2cb
5d40
7c5f
2950
7fc1
7f04
284f
260a
a2a3
5d33
7c5e
e25b
7c57
7dec
2a76
255a
a27b
5d26
7c5d
a488
7501
7c6e
2c9a
24a9
a254
5d1a
7c5b
82e0
69fa
7a8c
2eba
23f9
a22c
5d0d
7c5a
87c2
5b9b
7847
30d7
2348
a204
5d00
7c58
b1ac
4a59
75a0
32ef
2297
a1dd
5cf4
7c57
f3b5
36bf
729a
3504
21e5
a1b5
5ce7
7c56
3988
216a
6f38
3714
2133
a18e
5cda
7c54
6da3
0b08
6b7b
3920
2081
a167
5cce
7c53
7ff9
f44d
6767
3b27
1fcf
a140
5cc1
7c52
6ae6
ddf0
6300
3d29
1f1c
a118
5cb4
7c50
34e7
c8a6
5e48
3f27
1e69
a0f1
5ca8
7c4f
ee9c
b51b
5945
411f
1db6
a0ca
5c9b
7c4d
adad
a3ed
53f9
4312
1d03
a0a3
5c8e
7c4c
8618
95a6
4e69
4500
1c4f
a07d
5c81
7c4b
840f
8aba
4899
46e8
1b9b
a056
5c75
7c49
a832
8381
428f
48ca
1ae7
a02f
5c68
7c48
e75f
8035
3c4f
4aa6
1a33
a009
5c5b
7c46
2e23
80f0
35de
4c7c
197f
9fe2
5c4e
7c45
66b1
85ae
2f41
4e4d
18ca
9fbc
5c42
7c44
7f9e
8e47
287f
5016
1815
9f95
5c35
7c42
713e
9a77
219b
51da
1760
9f6f
5c28
7c41
3ffd
a9da
1a9d
5396
16ab
9f49
5c1b
7c3f
fb07
bbf5
1388
554c
15f5
9f23
5c0e
7c3e
b79a
d036
0c64
56fb
1540
9efd
5c02
7c3d
8a78
e5f8
0536
58a3
148a
9ed7
5bf5
7c3b
8189
fc8c
fe04
5a44
13d4
9eb1
5be8
7c3a
9f8d
133c
f6d3
5bdd
131e
9e8b
5bdb
7c38
db45
2951
efaa
5d6f
1267
9e65
5bce
7c37
224d
3e19
e88e
5efa
11b1
9e40
5bc2
7c36
5ec5
50ea
e185
607d
10fa
9e1a
5bb5
7c34
7e0d
612f
da94
61f8
1044
9df4
5ba8
7c33
7682
6e63
d3c2
636b
0f8d
9dcf
5b9b
7c31
4a78
781c
cd14
64d6
0ed6
9daa
5b8e
7c30
077f
7e0b
c68f
6638
0e1f
9d84
5b81
7c2f
c236
7fff
c038
6793
0d68
9d5f
5b74
7c2d
8ff5
7dec
ba15
68e5
0cb0
9d3a
5b67
7c2c
8036
77df
b42b
6a2f
0bf9
9d15
5b5a
7c2a
97d3
6e0a
ae7e
6b70
0b41
9cf0
5b4e
7c29
cf84
60bd
a913
6ca8
0a8a
9ccb
5b41
7c27
1625
5062
a3ee
6dd8
09d2
9ca7
5b34
7c26
55f3
3d7f
9f14
6eff
091a
9c82
5b27
7c25
7b49
28ab
9a88
701c
0863
9c5d
5b1a
7c23
7aa7
128f
964f
7131
07ab
9c39
5b0d
7c22
543e
fbdd
926b
723c
06f3
9c14
5b00
7c20
13e4
e54c
8edf
733f
063b
9bf0
5af3
7c1f
cd69
cf93
8baf
7438
0583
9bcc
5ae6
7c1d
9683
bb61
88de
7527
04ca
9ba7
5ad9
7c1c
801a
a959
866c
760d
0412
9b83
5acc
7c1b
9115
9a0d
845d
76ea
035a
9b5f
5abf
7c19
c439
8df7
82b3
77bc
02a2
9b3b
5ab2
7c18
09c6
857b
816d
7885
01ea
9b17
5aa5
7c16
4c51
80dc
808e
7945
0131
9af3
5a98
7c15
775a
803f
8016
79fa
0079
9ad0
5a8b
7c13
7da2
83aa
8006
7aa6
ffc1
9aac
5a7e
7c12
5d38
8b00
805d
7b48
ff09
9a89
5a71
7c11
2018
9608
811c
7be0
fe50
9a65
5a64
7c0f
d916
a467
8241
7c6d
fd98
9a42
5a57
7c0e
9e10
b5a9
83cc
7cf1
fce0
9a1e
5a4a
7c0c
8134
c944
85bc
7d6b
fc28
99fb
5a3d
7c0b
8b65
de99
880e
7dda
fb70
99d8
5a30
7c09
b97f
f4fb
8ac2
7e3f
fab7
99b5
5a23
7c08
fd50
0bb7
8dd4
7e9a
f9ff
9992
5a16
7c07
41f5
2213
9143
7eeb
f947
996f
5a08
7c05
724a
375d
950c
7f31
f88f
994c
59fb
7c04
7f6c
4ae8
992b
7f6e
f7d7
9929
59ee
7c02
654f
5c16
9d9d
7f9f
f71f
9907
59e1
7c01
2bff
6a5c
a25f
7fc7
f668
98e4
59d4
7bff
e522
7548
a76d
7fe4
f5b0
98c2
59c7
7bfe
a68c
7c80
acc2
7ff7
f4f8
989f
59ba
7bfc
8382
7fcc
b25b
7fff
f441
987d
59ad
7bfb
86d0
7f0f
b832
7ffe
f389
985b
599f
7bfa
af70
7a51
be44
7ff1
f2d2
9839
5992
7bf8
f0e1
71b7
c48b
7fdb
f21b
9817
5985
7bf7
36f9
6587
cb02
7fba
f164
97f5
5978
7bf5
6c24
5623
d1a4
7f8e
f0ad
97d3
596b
7bf4
7fff
4408
d86b
7f59
eff6
97b1
595e
7bf2
6c70
2fc7
df53
7f19
ef3f
978f
5950
7bf1
377b
1a05
e655
7ecf
ee88
976d
5943
7bef
f16f
0371
ed6b
7e7a
edd2
974c
5936
7bee
afe0
ecc0
f491
7e1c
ed1c
972a
5929
7bec
86fe
d6ac
fbc0
7db3
ec65
9709
591b
7beb
8361
c1e5
02f2
7d3f
ebaf
96e8
590e
7bea
a625
af13
0a22
7cc2
eafa
96c7
5901
7be8
e496
9ecf
114a
7c3b
ea44
96a5
58f4
7be7
2b78
919b
1864
7ba9
e98e
9684
58e7
7be5
64f7
87e3
1f6a
7b0e
e8d9
9663
58d9
7be4
7f5e
81f5
2657
7a69
e824
9643
58cc
7be2
728a
8000
2d25
79b9
e76f
9622
58bf
7be1
4270
8215
33ce
7900
e6ba
9601
58b1
7bdf
fde0
8822
3a4d
783d
e606
95e0
58a4
7bde
b9f7
91f8
409d
7771
e551
95c0
5897
7bdc
8ba0
9f46
46b9
769a
e49d
959f
588a
7bdb
8121
afa0
4c9b
75ba
e3e9
957f
587c
7bd9
9db4
c284
523f
74d1
e336
955f
586f
7bd8
d88d
d758
57a1
73de
e282
953f
5862
7bd6
1f8d
ed74
5cbc
72e2
e1cf
951e
5854
7bd5
5cd5
0427
618c
71dc
e11c
94fe
5847
7bd4
7d86
1ab7
660d
70cd
e069
94de
583a
7bd2
778e
3070
6a3c
6fb5
dfb7
94bf
582c
7bd1
4cc4
44a2
6e14
6e94
df05
949f
581f
7bcf
0a56
56aa
7193
6d6a
de53
947f
5811
7bce
c4b8
65f5
74b7
6c38
dda1
9460
5804
7bcc
915d
720a
777c
6afc
dcf0
9440
57f7
7bcb
8015
7a86
79e0
69b8
dc3f
9421
57e9
7bc9
9632
7f25
7be1
686b
db8e
9401
57dc
7bc8
cce5
7fc1
7d7f
6716
dade
93e2
57cf
7bc6
1356
7c55
7eb7
65b8
da2d
93c3
57c1
7bc5
53d2
74fe
7f88
6452
d97e
93a4
57b4
7bc3
7a7d
69f6
7ff2
62e4
d8ce
9385
57a6
7bc2
7b70
5b97
7ff4
616e
d81f
9366
5799
7bc0
565e
4a54
7f8f
5ff1
d770
9347
578b
7bbf
16b2
36b9
7ec3
5e6b
d6c1
9329
577e
7bbd
d00a
2164
7d90
5cde
d613
930a
5771
7bbc
9826
0b01
7bf7
5b49
d565
92eb
5763
7bba
803f
f446
79fa
59ad
d4b7
92cd
5756
7bb9
8fb0
dde9
779b
580a
d40a
92af
5748
7bb7
c1b9
c8a0
74da
565f
d35d
9290
573b
7bb6
06ef
b515
71bb
54ad
d2b1
9272
572d
7bb4
4a03
a3e8
6e40
52f5
d205
9254
5720
7bb3
764b
95a2
6a6c
5136
d159
9236
5712
7bb1
7e25
8ab7
6642
4f70
d0ad
9218
5705
7bb0
5f25
837f
61c5
4da4
d002
91fa
56f7
7bae
22d8
8034
5cf8
4bd2
cf58
91dd
56ea
7bad
dbcf
80f1
57e1
49f9
ceae
91bf
56dc
7bab
9fec
85b0
5282
481b
ce04
91a1
56cf
7baa
81a0
8e4b
4ce1
4636
cd5a
9184
56c1
7ba8
8a40
9a7b
4701
444c
ccb1
9167
56b3
7ba7
b723
a9df
40e8
425d
cc09
9149
56a6
7ba5
fa78
bbfb
3a9a
4068
cb60
912c
5698
7ba4
3f80
d03c
341d
3e6e
cab9
910f
568b
7ba2
70fa
e5fe
2d76
3c6f
ca11
90f2
567d
7ba1
7fa9
fc93
26aa
3a6a
c96a
90d5
5670
7b9f
6706
1343
1fbf
3862
c8c4
90b8
5662
7b9e
2ea9
2958
18ba
3654
c81e
909b
5654
7b9c
e7ed
3e1e
11a1
3442
c778
907f
5647
7b9b
a89b
50f0
0a79
322c
c6d3
9062
5639
7b99
8433
6134
034a
3012
c62f
9046
562b
7b98
85ed
6e66
fc17
2df4
c58b
9029
561e
7b96
ad3f
781e
f4e8
2bd3
c4e7
900d
5610
7b95
ee0e
7e0c
edc2
29ad
c444
8ff1
5603
7b93
3464
7fff
e6aa
2785
c3a1
8fd5
55f5
7b92
6a97
7dea
dfa7
2559
c2ff
8fb9
55e7
7b90
7ff6
77dc
d8be
232a
c25d
8f9d
55da
7b8f
6ded
6e06
d1f5
20f9
c1bc
8f81
55cc
7b8d
3a08
60b8
cb51
1ec4
c11b
8f65
55be
7b8c
f444
505d
c4d8
1c8d
c07b
8f4a
55b1
7b8a
b21e
3d79
be8f
1a54
bfdb
8f2e
55a3
7b88
87f3
28a5
b87b
1819
bf3c
8f12
5595
7b87
82c2
1288
b2a0
15dc
be9d
8ef7
5587
7b85
a424
fbd6
ad04
139d
bdff
8edc
557a
7b84
e1d0
e546
a7ac
115c
bd61
8ec1
556c
7b82
28c8
cf8d
a29b
0f1a
bcc4
8ea5
555e
7b81
6331
bb5b
9dd5
0cd7
bc28
8e8a
5551
7b7f
7f0d
a954
995f
0a93
bb8c
8e70
5543
7b7e
73c8
9a08
953c
084e
baf0
8e55
5535
7b7c
44db
8df4
916f
0608
ba55
8e3a
5527
7b7b
00b9
8579
8dfc
03c1
b9bb
8e1f
551a
7b79
bc5e
80db
8ae5
017b
b921
8e05
550c
7b78
8cd7
803f
882d
ff34
b888
8dea
54fe
7b76
80c8
83ab
85d6
fcee
b7f0
8dd0
54f0
7b75
9be7
8b03
83e1
faa7
b758
8db6
54e2
7b73
d5db
960c
8252
f861
b6c0
8d9b
54d5
7b71
1cc9
a46c
8127
f61c
b629
8d81
54c7
7b70
5ad9
b5af
8064
f3d7
b593
8d67
54b9
7b6e
7cef
c94a
8008
f194
b4fe
8d4d
54ab
7b6d
788b
de9f
8013
ef51
b469
8d34
549d
7b6b
4f06
f502
8086
ed10
b3d4
8d1a
5490
7b6a
0d2b
0bbd
8160
ead1
b340
8d00
5482
7b68
c742
221a
82a1
e893
b2ad
8ce7
5474
7b67
92d3
3763
8447
e657
b21b
8ccd
5466
7b65
8003
4aed
8651
e41d
b189
8cb4
5458
7b64
949e
5c1a
88be
e1e6
b0f8
8c9b
544a
7b62
ca4c
6a60
8b8b
dfb1
b067
8c81
543c
7b60
1084
754a
8eb6
dd7e
afd7
8c68
542f
7b5f
51a6
7c82
923e
db4f
af48
8c4f
5421
7b5d
79a2
7fcc
961d
d922
aeb9
8c36
5413
7b5c
7c29
7f0e
9a53
d6f8
ae2b
8c1e
5405
7b5a
5872
7a4f
9edb
d4d2
ad9e
8c05
53f7
7b59
197e
71b4
a3b2
d2af
ad11
8bec
53e9
7b57
d2b0
6583
a8d3
d090
ac85
8bd4
53db
7b56
99d7
561e
ae3b
ce75
abfa
8bbb
53cd
7b54
8074
4402
b3e5
cc5e
ab6f
8ba3
53bf
7b52
8e5a
2fc1
b9cc
ca4a
aae5
8b8b
53b1
7b51
bf40
19fe
bfed
c83c
aa5c
8b73
53a3
7b4f
0417
036a
c641
c632
a9d3
8b5b
5396
7b4e
47ac
ecba
ccc4
c42c
a94b
8b43
5388
7b4c
752e
d6a5
d370
c22b
a8c4
8b2b
537a
7b4b
7e99
c1df
da41
c030
a83d
8b13
536c
7b49
6107
af0e
e130
be39
a7b8
8afc
535e
7b47
2593
9eca
e838
bc48
a733
8ae4
5350
7b46
de8c
9198
ef53
ba5c
a6ae
8acc
5342
7b44
a1d3
87e1
f67c
b876
a62b
8ab5
5334
7b43
821b
81f4
fdad
b696
a5a8
8a9e
5326
7b41
8929
8000
04df
b4bc
a525
8a87
5318
7b40
b4d1
8216
0c0d
b2e7
a4a4
8a70
530a
7b3e
f7a0
8825
1332
b119
a423
8a59
52fc
7b3c
3d04
91fb
1a47
af52
a3a3
8a42
52ee
7b3b
6f9d
9f4a
2147
ad91
a324
8a2b
52e0
7b39
7fd6
afa6
282c
abd6
a2a6
8a14
52d1
7b38
68b0
c28a
2ef0
aa23
a228
89fd
52c3
7b36
314c
d75f
358f
a876
a1ab
89e7
52b5
7b35
eaba
ed7b
3c02
a6d0
a12f
89d1
52a7
7b33
aab5
042d
4244
a532
a0b4
89ba
5299
7b31
84f4
1abe
4851
a39b
a039
89a4
528b
7b30
8519
3076
4e23
a20c
9fbf
898e
527d
7b2e
ab18
44a8
53b7
a084
9f46
8978
526f
7b2d
eb3d
56af
5906
9f03
9ece
8962
5261
7b2b
31c7
65fa
5e0d
9d8b
9e56
894c
5253
7b2a
68fd
720d
62c8
9c1b
9ddf
8936
5245
7b28
7fdc
7a88
6734
9ab2
9d6a
8921
5237
7b26
6f5b
7f26
6b4b
9952
9cf4
890b
5228
7b25
3c8e
7fc0
6f0c
97fb
9c80
88f6
521a
7b23
f71b
7c54
7273
96ab
9c0d
88e0
520c
7b22
b465
74fb
757e
9565
9b9a
88cb
51fe
7b20
88f8
69f2
7829
9426
9b28
88b6
51f0
7b1e
8234
5b92
7a73
92f1
9ab7
88a1
51e2
7b1d
a22e
4a4e
7c5a
91c4
9a47
888c
51d3
7b1b
df0d
36b3
7ddc
90a1
99d7
8877
51c5
7b1a
2612
215d
7ef9
8f86
9969
8862
51b7
7b18
615e
0afb
7fae
8e74
98fb
884d
51a9
7b16
7eac
f43f
7ffd
8d6c
988e
8839
519b
7b15
74f8
dde3
7fe3
8c6d
9822
8824
518d
7b13
473d
c89a
7f63
8b77
97b7
8810
517e
7b12
0392
b510
7e7b
8a8b
974c
87fc
5170
7b10
becd
a3e3
7d2d
89a8
96e3
87e7
5162
7b0e
8e1d
959e
7b79
88cf
967a
87d3
5154
7b0d
8080
8ab4
7962
87ff
9612
87bf
5145
7b0b
9a28
837d
76e8
8739
95ab
87ab
5137
7b0a
d32d
8034
740e
867d
9545
8797
5129
7b08
1a01
80f2
70d6
85cb
94e0
8784
511b
7b06
58d2
85b2
6d43
8523
947b
8770
510c
7b05
7c49
8e4e
6957
8484
9418
875d
50fe
7b03
7978
9a7f
6516
83f0
93b5
8749
50f0
7b02
513f
a9e4
6084
8365
9353
8736
50e2
7b00
1000
bc01
5ba3
82e5
92f2
8723
50d3
7afe
c9d3
d042
5678
826f
9292
870f
50c5
7afd
9456
e605
5107
8203
9233
86fc
50b7
7afb
8001
fc9a
4b55
81a1
91d5
86e9
50a8
7af9
9318
134a
4565
814a
9177
86d7
509a
7af8
c7ba
295e
3f3e
80fc
911b
86c4
508c
7af6
0db0
3e24
38e3
80b9
90bf
86b1
507e
7af5
4f6f
50f5
325a
8081
9065
869f
506f
7af3
78b7
6138
2ba8
8052
900b
868c
5061
7af1
7cd2
6e6a
24d3
802e
8fb2
867a
5052
7af0
5a7b
7820
1de1
8014
8f5a
8668
5044
7aee
1c47
7e0d
16d6
8005
8f03
8656
5036
7aed
d55d
7fff
0fb8
8000
8ead
8643
5027
7aeb
9b95
7de9
088e
8005
8e58
8632
5019
7ae9
80ba
77da
015d
8015
8e03
8620
500b
7ae8
8d12
6e03
fa2b
802f
8db0
860e
4ffc
7ae6
bccf
60b4
f2fd
8054
8d5e
85fc
4fee
7ae4
013e
5058
ebdb
8082
8d0c
85eb
4fe0
7ae3
454b
3d73
e4c8
80bb
8cbb
85d9
4fd1
7ae1
7401
289e
ddcb
80ff
8c6c
85c8
4fc3
7adf
7efc
1281
d6ea
814c
8c1d
85b7
4fb4
7ade
62dc
fbcf
d02b
81a4
8bcf
85a5
4fa6
7adc
2849
e53f
c992
8207
8b82
8594
4f97
7adb
e14e
cf87
c325
8273
8b37
8583
4f89
7ad9
a3c7
bb56
bce9
82e9
8aec
8573
4f7b
7ad7
82a7
a94f
b6e4
836a
8aa2
8562
4f6c
7ad6
8822
9a04
b11a
83f5
8a59
8551
4f5e
7ad4
b288
8df1
ab90
848a
8a10
8541
4f4f
7ad2
f4c9
8577
a64a
8528
89c9
8530
4f41
7ad1
3a7f
80da
a14c
85d1
8983
8520
4f32
7acf
6e31
8040
9c9c
8684
893e
850f
4f24
7acd
7ff3
83ad
983b
8740
88fa
84ff
4f15
7acc
6a4d
8b06
942f
8806
88b6
84ef
4f07
7aca
33ea
960f
907a
88d6
8874
84df
4ef8
7ac9
ed8a
a470
8d1f
89b0
8833
84cf
4eea
7ac7
acd9
b5b4
8a21
8a93
87f2
84c0
4edb
7ac5
85c5
c950
8783
8b7f
87b3
84b0
4ecd
7ac4
8455
dea6
8546
8c76
8774
84a0
4ebe
7ac2
a8fc
f509
836d
8d75
8737
8491
4eb0
7ac0
e870
0bc4
81f8
8e7e
86fa
8481
4ea1
7abf
2f25
2220
80e9
8f90
86bf
8472
4e93
7abd
6755
3769
8041
90ab
8684
8463
4e84
7abb
7fb2
4af3
8001
91cf
864b
8454
4e76
7aba
70bb
5c1f
8028
92fb
8612
8445
4e67
7ab8
3f0c
6a63
80b6
9431
85db
8436
4e58
7ab6
f9f2
754d
81ac
9570
85a4
8427
4e4a
7ab5
b6b6
7c83
8308
96b7
856e
8419
4e3b
7ab3
8a0b
7fcc
84c9
9806
853a
840a
4e2d
7ab1
81b5
7f0e
86ee
995f
8506
83fc
4e1e
7ab0
a044
7a4d
8974
9abf
84d4
83ed
4e0f
7aae
dc4f
71b1
8c5b
9c27
84a2
83df
4e01
7aac
2358
657f
8f9f
9d98
8471
83d1
4df2
7aab
5f7e
5619
933e
9f11
8442
83c3
4de4
7aa9
7e3c
43fc
9735
a091
8413
83b5
4dd5
7aa7
7618
2fbb
9b81
a219
83e5
83a7
4dc6
7aa6
4996
19f8
a01f
a3a9
83b9
8399
4db8
7aa4
066a
0363
a50a
a540
838d
838b
4da9
7aa2
c144
ecb3
aa3e
a6df
8363
837e
4d9a
7aa1
8f71
d69f
afb8
a885
8339
8370
4d8c
7a9f
8048
c1d9
b573
aa32
8310
8363
4d7d
7a9d
9875
af08
bb6a
abe5
82e9
8356
4d6e
7a9c
d085
9ec6
c199
ada0
82c2
8349
4d60
7a9a
1736
9194
c7fa
af61
829d
833c
4d51
7a98
56c0
87de
ce89
b129
8278
832f
4d42
7a97
7b93
81f2
d540
b2f7
8255
8322
4d34
7a95
7a56
8000
dc19
b4cc
8232
8315
4d25
7a93
536d
8217
e30f
b6a6
8211
8308
4d16
7a92
12d2
8827
ea1d
b887
81f0
82fc
4d08
7a90
cc6b
91ff
f13c
ba6d
81d1
82ef
4cf9
7a8e
95e7
9f4e
f868
bc59
81b2
82e3
4cea
7a8d
8010
afab
ff99
be4b
8195
82d7
4cdb
7a8b
91a0
c290
06cb
c041
8179
82ca
4ccd
7a89
c52f
d765
0df8
c23d
815d
82be
4cbe
7a88
0adb
ed82
1519
c43e
8143
82b2
4caf
7a86
4d2f
0434
1c29
c644
812a
82a7
4ca0
7a84
77bd
1ac4
2322
c84e
8111
829b
4c92
7a82
7d6b
307d
29ff
ca5d
80fa
828f
4c83
7a81
5c79
44ad
30b9
cc70
80e4
8284
4c74
7a7f
1f0c
56b3
374d
ce87
80cf
8278
4c65
7a7d
d80f
65fe
3db3
d0a3
80bb
826d
4c57
7a7c
9d5f
7210
43e8
d2c2
80a8
8262
4c48
7a7a
810f
7a8a
49e6
d4e5
8095
8257
4c39
7a78
8bd8
7f26
4fa8
d70b
8084
824c
4c2a
7a77
ba67
7fc0
5529
d935
8074
8241
4c1b
7a75
fe65
7c52
5a65
db62
8065
8236
4c0c
7a73
42e2
74f9
5f59
dd92
8057
822b
4bfe
7a72
72c6
69ef
63ff
dfc4
804a
8220
4bef
7a70
7f50
5b8d
6854
e1fa
803f
8216
4be0
7a6e
64a5
4a49
6c55
e431
8034
820b
4bd1
7a6c
2afa
36ad
6ffe
e66b
802a
8201
4bc2
7a6b
e414
2157
734d
e8a7
8021
81f7
4bb3
7a69
a5c6
0af4
763e
eae5
8019
81ed
4ba5
7a67
8343
f439
78cf
ed24
8013
81e3
4b96
7a66
872a
dddc
7aff
ef66
800d
81d9
4b87
7a64
b048
c894
7ccb
f1a8
8008
81cf
4b78
7a62
f1f4
b50b
7e32
f3ec
8005
81c5
4b69
7a61
37f3
a3df
7f33
f630
8002
81bc
4b5a
7a5f
6cb7
959b
7fcd
f875
8001
81b2
4b4b
7a5d
7fff
8ab2
7fff
fabb
8000
81a9
4b3c
7a5b
6bdc
837c
7fcb
fd02
8001
81a0
4b2d
7a5a
3681
8033
7f2f
ff48
8002
8196
4b1f
7a58
f05c
80f3
7e2b
018f
8005
818d
4b10
7a56
af09
85b4
7cc2
03d6
8008
8184
4b01
7a55
86a5
8e51
7af4
061c
800d
817b
4af2
7a53
83a1
9a83
78c2
0862
8013
8173
4ae3
7a51
a6eb
a9e9
762e
0aa7
8019
816a
4ad4
7a4f
e5a5
bc06
733b
0ceb
8021
8161
4ac5
7a4e
2c7c
d048
6fea
0f2e
802a
8159
4ab6
7a4c
65a0
e60c
6c3f
1170
8034
8150
4aa7
7a4a
7f78
fca0
683c
13b1
803f
8148
4a98
7a49
720d
1350
63e5
15f0
804b
8140
4a89
7a47
4183
2964
5f3d
182d
8058
8138
4a7a
7a45
fccb
3e2a
5a48
1a68
8066
8130
4a6b
7a43
b910
50fa
550a
1ca1
8075
8128
4a5c
7a42
8b2e
613c
4f87
1ed8
8085
8120
4a4d
7a40
8147
6e6d
49c4
210c
8096
8119
4a3e
7a3e
9e66
7823
43c5
233e
80a8
8111
4a2f
7a3c
d995
7e0e
3d8f
256c
80bb
810a
4a20
7a3b
2099
7fff
3728
2798
80cf
8102
4a11
7a39
5d93
7de8
3093
29c1
80e4
80fb
4a02
7a37
7dbb
77d8
29d8
2be6
80fb
80f4
49f3
7a36
772a
6e00
22fa
2e07
8112
80ed
49e4
7a34
4be6
60af
1c01
3025
812a
80e6
49d5
7a32
0941
5053
14f0
323f
8144
80df
49c6
7a30
c3c3
3d6d
0dcf
3455
815e
80d8
49b7
7a2f
90d3
2898
06a2
3667
8179
80d2
49a8
7a2d
8020
127b
ff70
3874
8196
80cb
4999
7a2b
96cf
fbc9
f83f
3a7c
81b3
80c5
498a
7a29
cde4
e538
f114
3c80
81d2
80be
497a
7a28
1467
cf80
e9f5
3e7f
81f1
80b8
496b
7a26
54a2
bb50
e2e7
4079
8211
80b2
495c
7a24
7acd
a94a
dbf2
426e
8233
80ac
494d
7a22
7b25
9a00
d519
445e
8256
80a6
493e
7a21
5590
8dee
ce63
4647
8279
80a0
492f
7a1f
15a1
8575
c7d6
482c
829e
809b
4920
7a1d
cf09
80d9
c175
4a0a
82c3
8095
4911
7a1b
9785
8040
bb48
4be2
82ea
8090
4902
7a1a
802f
83af
b552
4db4
8311
808a
48f2
7a18
9036
8b09
af98
4f80
833a
8085
48e3
7a16
c2ab
9613
aa20
5146
8364
8080
48d4
7a14
0804
a475
a4ed
5304
838e
807b
48c5
7a13
4ae4
b5ba
a004
54bd
83ba
8076
48b6
7a11
76b4
c957
9b68
566e
83e6
8071
48a7
7a0f
7df5
deac
971e
5818
8414
806c
4897
7a0d
5e6b
f50f
9329
59bb
8443
8067
4888
7a0c
21cd
0bcb
8f8b
5b57
8472
8063
4879
7a0a
dac6
2227
8c49
5cec
84a3
805e
486a
7a08
9f36
376f
8965
5e79
84d5
805a
485b
7a06
8175
4af8
86e0
5ffe
8507
8056
484b
7a05
8aad
5c24
84be
617c
853b
8051
483c
7a03
b808
6a67
82ff
62f1
8570
804d
482d
7a01
fb8d
7550
81a5
645f
85a5
8049
481e
79ff
4070
7c85
80b2
65c4
85dc
8046
480f
79fe
717c
7fcd
8026
6722
8613
8042
47ff
79fc
7f93
7f0d
8001
6877
864c
803e
47f0
79fa
6661
7a4b
8044
69c3
8686
803b
47e1
79f8
2da6
71ae
80ee
6b07
86c0
8037
47d2
79f6
e6dd
657b
81ff
6c42
86fc
8034
47c2
79f5
a7d1
5614
8376
6d75
8738
8031
47b3
79f3
83ee
43f7
8552
6e9f
8776
802e
47a4
79f1
8641
2fb5
8791
6fbf
87b4
802b
4795
79ef
ae13
19f1
8a31
70d7
87f4
8028
4785
79ee
ef20
035c
8d31
71e5
8834
8025
4776
79ec
3560
ecac
908e
72eb
8875
8022
4767
79ea
6b2f
d698
9445
73e7
88b8
801f
4757
79e8
7ffc
c1d3
9853
74d9
88fb
801d
4748
79e7
6d5e
af03
9cb5
75c2
893f
801b
4739
79e5
3911
9ec2
a168
76a2
8985
8018
472a
79e3
f331
9191
a667
7778
89cb
8016
471a
79e1
b142
87dc
abaf
7844
8a12
8014
470b
79df
8794
81f1
b13a
7907
8a5a
8012
46fc
79de
82fd
8000
b706
79c0
8aa3
8010
46ec
79dc
a4e6
8219
bd0c
7a6f
8aed
800e
46dd
79da
e2dd
882a
c349
7b14
8b38
800d
46ce
79d8
29ce
9202
c9b7
7baf
8b84
800b
46be
79d6
63df
9f53
d051
7c40
8bd1
800a
46af
79d5
7f2e
afb0
d711
7cc7
8c1f
8008
469f
79d3
7351
c296
ddf3
7d44
8c6e
8007
4690
79d1
43f1
d76b
e4f0
7db6
8cbd
8006
4681
79cf
ffa4
ed89
ec03
7e1f
8d0e
8005
4671
79ce
bb73
043b
f326
7e7d
8d5f
8004
4662
79cc
8c5f
1acb
fa54
7ed1
8db2
8003
4653
79ca
80e8
3083
0186
7f1b
8e05
8002
4643
79c8
9c95
44b3
08b7
7f5b
8e5a
8002
4634
79c6
d6e1
56b8
0fe1
7f90
8eaf
8001
4624
79c5
1dd7
6602
16fe
7fbb
8f05
8001
4615
79c3
5b9c
7213
1e08
7fdc
8f5c
8000
4605
79c1
7d2a
7a8c
24fb
7ff2
8fb4
8000
45f6
79bf
782c
7f27
2bcf
7ffe
900d
8000
45e7
79bd
4e2c
7fc0
3280
7fff
9067
8000
45d7
79bc
0c18
7c51
3907
7ff7
90c1
8000
45c8
79ba
c64a
74f6
3f61
7fe3
911d
8000
45b8
79b8
9243
69eb
4588
7fc6
9179
8001
45a9
79b6
8008
5b89
4b76
7f9e
91d7
8001
4599
79b4
9536
4a43
5127
7f6c
9235
8001
458a
79b3
cb48
36a6
5696
7f2f
9294
8002
457a
79b1
1197
2150
5bc0
7ee8
92f4
8003
456b
79af
527a
0aed
609f
7e97
9355
8004
455b
79ad
79f7
f432
6530
7e3c
93b7
8005
454c
79ab
7be4
ddd6
696f
7dd6
941a
8006
453c
79aa
57a9
c88e
6d58
7d67
947d
8007
452d
79a8
186e
b505
70e9
7ced
94e2
8008
451d
79a6
d1ad
a3da
741f
7c69
9547
8009
450e
79a4
9931
9597
76f7
7bda
95ad
800b
44fe
79a2
805e
8aaf
796f
7b42
9614
800c
44ef
79a0
8eda
837a
7b84
7aa0
967c
800e
44df
799f
c02f
8033
7d35
79f4
96e5
8010
44d0
799d
052c
80f4
7e81
793e
974e
8011
44c0
799b
4891
85b6
7f67
787f
97b9
8013
44b1
7999
759c
8e54
7fe5
77b5
9824
8015
44a1
7997
7e6f
9a87
7ffc
76e2
9890
8018
4492
7996
6051
a9ee
7fab
7605
98fd
801a
4482
7994
248a
bc0c
7ef3
751f
996b
801c
4473
7992
dd81
d04f
7dd5
742f
99da
801f
4463
7990
a119
e612
7c50
7336
9a49
8021
4453
798e
81eb
fca7
7a67
7233
9ab9
8024
4444
798c
8991
1357
781b
7128
9b2b
8027
4434
798b
b5b2
296b
756d
7013
9b9c
802a
4425
7989
f8b5
3e30
7261
6ef5
9c0f
802d
4415
7987
3df7
50ff
6ef8
6dce
9c83
8030
4405
7985
7023
6141
6b35
6c9e
9cf7
8033
43f6
7983
7fc7
6e71
671b
6b65
9d6c
8036
43e6
7981
6810
7825
62ae
6a24
9de2
803a
43d7
7980
304c
7e0f
5df1
68da
9e59
803d
43c7
797e
e9a9
7fff
58e8
6787
9ed0
8041
43b7
797c
a9e7
7de7
5398
662c
9f49
8044
43a8
797a
84a9
77d5
4e03
64c9
9fc2
8048
4398
7978
8568
6dfc
482f
635e
a03c
804c
4388
7976
abe8
60ab
4221
61eb
a0b6
8050
4379
7975
ec4f
504d
3bde
606f
a132
8054
4369
7973
32c6
3d67
3569
5eec
a1ae
8059
4359
7971
699a
2891
2eca
5d62
a22b
805d
434a
796f
7fe8
1274
2805
5bcf
a2a9
8061
433a
796d
6ed1
fbc2
211f
5a36
a327
8066
432a
796b
3b99
e532
1a1f
5894
a3a6
806b
431b
796a
f606
cf7a
1309
56ec
a426
806f
430b
7968
b386
bb4a
0be4
553d
a4a7
8074
42fb
7966
8893
a945
04b6
5387
a528
8079
42ec
7964
8268
99fc
fd84
51ca
a5ab
807e
42dc
7962
a2eb
8deb
f653
5007
a62d
8083
42cc
7960
e019
8573
ef2b
4e3d
a6b1
8089
42bc
795e
271b
80d9
e810
4c6c
a735
808e
42ad
795d
6211
8041
e108
4a96
a7bb
8093
429d
795b
7ed3
83b0
da1a
48b9
a840
8099
428d
7959
7486
8b0b
d34a
46d7
a8c7
809f
427d
7957
4656
9617
cc9e
44ee
a94e
80a4
426e
7955
027c
a47a
c61c
4301
a9d6
80aa
425e
7953
bddf
b5bf
bfc9
410e
aa5f
80b0
424e
7951
8d9f
c95d
b9aa
3f15
aae8
80b6
423e
7950
8099
deb3
b3c4
3d18
ab72
80bd
422f
794e
9ad0
f516
ae1b
3b15
abfd
80c3
421f
794c
d431
0bd2
a8b5
390e
ac88
80c9
420f
794a
1b10
222d
a395
3702
ad14
80d0
41ff
7948
5999
3775
9ec0
34f2
ada1
80d6
41f0
7946
7c8a
4afe
9a3a
32dd
ae2e
80dd
41e0
7944
7920
5c28
9606
30c4
aebc
80e4
41d0
7943
5068
6a6b
9228
2ea7
af4b
80eb
41c0
7941
0eec
7552
8ea3
2c87
afda
80f2
41b0
793f
c8d8
7c86
8b7a
2a63
b06a
80f9
41a0
793d
93c1
7fcd
88af
283b
b0fb
8100
4191
793b
8000
7f0c
8644
2611
b18c
8107
4181
7939
93ab
7a49
843c
23e3
b21e
810f
4171
7937
c8b3
71ab
8299
21b2
b2b1
8116
4161
7935
0ec4
6577
815a
1f7e
b344
811e
4151
7934
5048
560f
8083
1d48
b3d8
8126
4141
7932
7912
43f1
8012
1b10
b46c
812e
4132
7930
7c93
2fae
8009
18d5
b501
8136
4122
792e
59b6
19eb
8067
1699
b597
813e
4112
792c
1b38
0356
812d
145a
b62d
8146
4102
792a
d458
eca6
8259
121a
b6c4
814e
40f2
7928
9aea
d692
83eb
0fd9
b75b
8156
40e2
7926
809d
c1cd
85e2
0d96
b7f3
815f
40d2
7925
8d8d
aefe
883b
0b52
b88c
8167
40c2
7923
bdbc
9ebd
8af6
090d
b925
8170
40b3
7921
0253
918e
8e0f
06c8
b9bf
8179
40a3
791f
4634
87da
9184
0481
ba59
8182
4093
791d
7475
81f0
9552
023b
baf4
818b
4083
791b
7ed9
8000
9977
fff4
bb8f
8194
4073
7919
622b
821a
9def
fdae
bc2b
819d
4063
7917
2742
882c
a2b7
fb67
bcc8
81a6
4053
7916
e041
9206
a7c9
f921
bd65
81af
4043
7914
a308
9f57
ad24
f6db
be02
81b9
4033
7912
8270
afb5
b2c1
f497
bea1
81c2
4023
7910
8884
c29c
b89d
f253
bf3f
81cc
4013
790e
b365
d772
beb2
f010
bfdf
81d6
4003
790c
f5dd
ed8f
c4fd
edce
c07e
81e0
3ff3
790a
3b75
0442
cb77
eb8e
c11e
81ea
3fe3
7908
6ebd
1ad2
d21c
e950
c1bf
81f4
3fd3
7906
7fea
3089
d8e5
e713
c261
81fe
3fc3
7904
69b1
44b9
dfcf
e4d9
c302
8208
3fb3
7903
32ec
56bd
e6d2
e2a1
c3a5
8213
3fa4
7901
ec78
6606
edea
e06b
c447
821d
3f94
78ff
ac07
7216
f511
de37
c4ea
8228
3f84
78fd
8574
7a8e
fc40
dc07
c58e
8233
3f74
78fb
849e
7f28
0373
d9d9
c632
823d
3f64
78f9
a9c8
7fbf
0aa2
d7ae
c6d7
8248
3f54
78f7
e980
7c4f
11c9
d587
c77c
8253
3f43
78f5
3026
74f3
18e2
d363
c822
825e
3f33
78f3
67f8
69e7
1fe7
d143
c8c8
826a
3f23
78f1
7fc4
5b84
26d1
cf26
c96e
8275
3f13
78f0
7037
4a3e
2d9d
cd0d
ca15
8280
3f03
78ee
3e1b
36a0
3443
caf9
cabc
828c
3ef3
78ec
f8de
214a
3abf
c8e9
cb64
8297
3ee3
78ea
b5d3
0ae6
410b
c6dd
cc0c
82a3
3ed3
78e8
89a1
f42b
4723
c4d6
ccb5
82af
3ec3
78e6
81e3
ddcf
4d02
c2d4
cd5e
82bb
3eb3
78e4
a0fd
c887
52a2
c0d6
ce07
82c7
3ea3
78e2
dd5a
b500
57ff
bede
ceb1
82d3
3e93
78e0
2462
a3d5
5d15
bceb
cf5c
82df
3e83
78de
6036
9593
61df
bafe
d006
82ec
3e73
78dc
7e68
8aac
665a
b916
d0b1
82f8
3e63
78da
75ac
8379
6a83
b733
d15d
8305
3e53
78d9
48b2
8033
6e55
b557
d208
8311
3e43
78d7
0555
80f4
71ce
b381
d2b5
831e
3e32
78d5
c053
85b8
74eb
b1b1
d361
832b
3e22
78d3
8eee
8e57
77a9
afe7
d40e
8338
3e12
78d1
805b
9a8c
7a07
ae24
d4bb
8345
3e02
78cf
9918
a9f3
7c02
ac67
d569
8352
3df2
78cd
d187
bc12
7d98
aab1
d617
835f
3de2
78cb
1846
d055
7ec8
a902
d6c5
836c
3dd2
78c9
578b
e619
7f93
a75a
d774
837a
3dc2
78c7
7bda
fcae
7ff5
a5ba
d823
8387
3db1
78c5
7a04
135e
7ff1
a420
d8d2
8395
3da1
78c3
529a
2971
7f84
a28e
d981
83a3
3d91
78c1
11bf
3e36
7eb1
a104
da31
83b1
3d81
78bf
cb6e
5105
7d77
9f81
dae2
83bf
3d71
78be
954d
6145
7bd7
9e06
db92
83cd
3d61
78bc
8009
6e74
79d3
9c93
dc43
83db
3d50
78ba
922e
7827
776d
9b28
dcf4
83e9
3d40
78b8
c626
7e11
74a6
99c6
dda5
83f7
3d30
78b6
0bef
7fff
7180
986b
de57
8406
3d20
78b4
4e0b
7de6
6dff
9719
df09
8414
3d10
78b2
781e
77d3
6a25
95cf
dfbb
8423
3d00
78b0
7d33
6df9
65f4
948e
e06d
8432
3cef
78ae
5bb9
60a7
6172
9356
e120
8441
3cdf
78ac
1dff
5048
5ca0
9226
e1d3
844f
3ccf
78aa
d708
3d61
5783
9100
e286
845f
3cbf
78a8
9caf
288b
5220
8fe2
e33a
846e
3cae
78a6
80ed
126d
4c7a
8ecd
e3ed
847d
3c9e
78a4
8c4e
fbbb
4696
8dc2
e4a1
848c
3c8e
78a2
bb50
e52b
4079
8cc0
e555
849c
3c7e
78a0
ff7b
cf74
3a28
8bc7
e60a
84ab
3c6e
789e
43ce
bb44
33a8
8ad8
e6be
84bb
3c5d
789d
733f
a940
2cfe
89f2
e773
84cb
3c4d
789b
7f32
99f8
2630
8915
e828
84da
3c3d
7899
63f9
8de8
1f42
8842
e8dd
84ea
3c2d
7897
29f5
8571
183c
8779
e992
84fa
3c1c
7895
e305
80d8
1122
86ba
ea48
850b
3c0c
7893
a502
8041
09fa
8605
eafe
851b
3bfc
7891
8306
83b2
02c9
8559
ebb3
852b
3beb
788f
8787
8b0e
fb97
84b7
ec6a
853c
3bdb
788d
b122
961b
f468
8420
ed20
854c
3bcb
788b
f308
a47e
ed43
8392
edd6
855d
3bbb
7889
38ec
b5c5
e62c
830e
ee8c
856e
3baa
7887
6d48
c963
df2b
8295
ef43
857e
3b9a
7885
7ffc
deb9
d844
8225
effa
858f
3b8a
7883
6b46
f51d
d17e
81c0
f0b1
85a0
3b79
7881
3585
0bd8
cadd
8165
f168
85b2
3b69
787f
ef49
2234
c467
8115
f21f
85c3
3b59
787d
ae33
377c
be21
80ce
f2d6
85d4
3b48
787b
864e
4b03
b810
8092
f38d
85e6
3b38
7879
83e4
5c2d
b23a
8060
f445
85f7
3b28
7877
a7b3
6a6f
aca3
8039
f4fc
8609
3b17
7875
e6b4
7555
a74f
801c
f5b4
861a
3b07
7873
2d80
7c88
a243
8009
f66c
862c
3af7
7871
6648
7fce
9d83
8001
f724
863e
3ae6
786f
7f90
7f0b
9912
8002
f7db
8650
3ad6
786d
718f
7a47
94f5
800f
f893
8662
3ac6
786b
4094
71a8
912f
8025
f94b
8675
3ab5
7869
fbb6
6572
8dc2
8046
fa03
8687
3aa5
7867
b82a
560a
8ab1
8072
fabb
8699
3a94
7866
8abe
43eb
8800
80a7
fb74
86ac
3a84
7864
816f
2fa8
85b0
80e7
fc2c
86be
3a74
7862
9f1b
19e4
83c2
8132
fce4
86d1
3a63
7860
da9e
034f
823a
8186
fd9c
86e4
3a53
785e
21a5
ec9f
8117
81e5
fe54
86f7
3a42
785c
5e4f
d68c
805a
824e
ff0d
870a
3a32
785a
7dee
c1c7
8005
82c1
ffc5
871d
3a22
7858
76c4
aef9
8018
833f
007d
8730
3a11
7856
4b06
9eb9
8092
83c6
0136
8743
3a01
7854
082d
918a
8173
8457
01ee
8757
39f0
7852
c2cf
87d7
82bb
84f3
02a6
876a
39e0
7850
904a
81ef
8468
8598
035e
877e
39cf
784e
802d
8000
8679
8648
0416
8792
39bf
784c
976e
821b
88ed
8701
04cf
87a5
39af
784a
cee3
882e
8bc0
87c4
0587
87b9
399e
7848
1579
9209
8ef2
8891
063f
87cd
398e
7846
5572
9f5c
9280
8967
06f7
87e1
397d
7844
7b1a
afbb
9666
8a47
07af
87f6
396d
7842
7ad8
c2a2
9aa1
8b30
0867
880a
395c
7840
54c1
d778
9f2f
8c23
091e
881e
394c
783e
1490
ed96
a40b
8d20
09d6
8833
393b
783c
ce09
0448
a931
8e25
0a8e
8847
392b
783a
96e6
1ad8
ae9e
8f34
0b46
885c
391a
7838
8021
308f
b44c
904c
0bfd
8871
390a
7836
90be
44be
ba38
916d
0cb4
8886
38f9
7834
c39f
56c2
c05c
9297
0d6c
889a
38e9
7832
0918
660a
c6b4
93ca
0e23
88b0
38d8
7830
4bc4
7219
cd3a
9506
0eda
88c5
38c8
782e
771b
7a90
d3e9
964a
0f91
88da
38b7
782c
7dc3
7f29
dabc
9797
1048
88ef
38a7
782a
5daf
7fbf
e1ad
98ec
10ff
8905
3896
7828
20c1
7c4d
e8b6
9a4a
11b5
891a
3886
7826
d9bd
74f0
efd3
9bb0
126c
8930
3875
7824
9e81
69e3
f6fc
9d1e
1322
8946
3865
7822
814c
5b7f
fe2d
9e94
13d8
895b
3854
7820
8b1d
4a38
055f
a012
148e
8971
3844
781e
b8ee
369a
0c8d
a197
1544
8987
3833
781c
fca2
2143
13b1
a324
15f9
899d
3822
781a
415f
0ae0
1ac5
a4b9
16af
89b4
3812
7818
71fb
f424
21c3
a655
1764
89ca
3801
7816
7f7c
ddc9
28a6
a7f9
1819
89e0
37f1
7814
65b9
c881
2f68
a9a4
18ce
89f7
37e0
7812
2ca3
b4fa
3603
ab55
1983
8a0d
37d0
7810
e5cd
a3d1
3c73
ad0d
1a37
8a24
37bf
780e
a709
958f
42b2
aecd
1aeb
8a3b
37ae
780c
83ab
8aaa
48bb
b092
1b9f
8a52
379e
7809
8698
8377
4e89
b25e
1c53
8a69
378d
7807
aee9
8032
5418
b431
1d07
8a80
377d
7805
f033
80f5
5962
b609
1dba
8a97
376c
7803
365b
85ba
5e64
b7e8
1e6d
8aae
375b
7801
6bc6
8e5a
631a
b9cc
1f20
8ac6
374b
77ff
7fff
9a90
677f
bbb6
1fd3
8add
373a
77fd
6ccd
a9f8
6b91
bda6
2085
8af5
372a
77fb
3818
bc18
6f4c
bf9b
2137
8b0c
3719
77f9
f21d
d05b
72ac
c195
21e9
8b24
3708
77f7
b069
e61f
75b0
c394
229a
8b3c
36f8
77f5
8738
fcb4
7855
c599
234c
8b54
36e7
77f3
8339
1364
7a98
c7a1
23fd
8b6c
36d6
77f1
a5a9
2977
7c78
c9af
24ad
8b84
36c6
77ef
e3eb
3e3c
7df3
cbc1
255e
8b9c
36b5
77ed
2ad4
510a
7f09
cdd7
260e
8bb4
36a4
77eb
648b
6149
7fb7
cff1
26be
8bcd
3694
77e9
7f4c
6e78
7ffe
d20f
276d
8be5
3683
77e7
72d8
782a
7fde
d430
281c
8bfe
3672
77e5
4305
7e12
7f56
d656
28cb
8c16
3662
77e3
fe8e
7fff
7e67
d87e
297a
8c2f
3651
77e1
ba8a
7de4
7d11
daaa
2a28
8c48
3640
77df
8be9
77d0
7b57
dcd9
2ad6
8c61
3630
77dd
810a
6df5
7939
df0b
2b83
8c7a
361f
77db
9d45
60a2
76b8
e13f
2c30
8c93
360e
77d9
d7e8
5043
73d8
e376
2cdd
8cac
35fe
77d7
1ee4
3d5b
7099
e5af
2d89
8cc6
35ed
77d5
5c5d
2885
6d00
e7ea
2e35
8cdf
35dc
77d2
7d63
1267
690e
ea28
2ee1
8cf9
35cb
77d0
77cc
fbb4
64c8
ec67
2f8c
8d12
35bb
77ce
4d4f
e525
602f
eea7
3037
8d2c
35aa
77cc
0b04
cf6e
5b49
f0e9
30e2
8d46
3599
77ca
c553
bb3f
5619
f32c
318c
8d60
3588
77c8
91b5
a93b
50a4
f571
3235
8d7a
3578
77c6
800f
99f4
4aed
f7b6
32df
8d94
3567
77c4
95d0
8de5
44f9
f9fc
3388
8dae
3556
77c2
cc45
856f
3ece
fc42
3430
8dc8
3545
77c0
12a9
80d7
3870
fe88
34d8
8de2
3535
77be
534e
8041
31e4
00cf
3580
8dfd
3524
77bc
7a4a
83b3
2b30
0316
3627
8e17
3513
77ba
7b9d
8b11
2458
055c
36ce
8e32
3502
77b8
56de
961f
1d64
07a2
3774
8e4d
34f2
77b6
175e
a483
1657
09e7
381a
8e68
34e1
77b4
d0ac
b5ca
0f39
0c2c
38bf
8e82
34d0
77b2
988d
c969
080e
0e70
3964
8e9d
34bf
77b0
804a
dec0
00dd
10b2
3a09
8eb9
34af
77ad
8f5d
f524
f9ab
12f3
3aad
8ed4
349e
77ab
c120
0bdf
f27e
1532
3b50
8eef
348d
77a9
0641
223a
eb5c
1770
3bf3
8f0a
347c
77a7
4974
3782
e44b
19ac
3c96
8f26
346b
77a5
7608
4b09
dd50
1be6
3d38
8f41
345a
77a3
7e42
5c32
d671
1e1d
3dd9
8f5d
344a
77a1
5f9a
6a72
cfb4
2052
3e7b
8f79
3439
779f
2380
7558
c91e
2285
3f1b
8f95
3428
779d
dc77
7c8a
c2b4
24b5
3fbb
8fb0
3417
779b
a05f
7fce
bc7c
26e1
405b
8fcc
3406
7799
81bc
7f0a
b67b
290b
40fa
8fe9
33f6
7797
89fc
7a45
b0b5
2b31
4198
9005
33e5
7795
b694
71a4
ab2f
2d54
4236
9021
33d4
7793
f9c9
656e
a5ee
2f73
42d4
903d
33c3
7790
3ee9
5605
a0f6
318e
4371
905a
33b2
778e
70a8
43e6
9c4b
33a6
440d
9076
33a1
778c
7fb5
2fa2
97f0
35b9
44a9
9093
3390
778a
676d
19dd
93ea
37c7
4544
90b0
3380
7788
2f4b
0348
903b
39d1
45df
90cd
336f
7786
e898
ec98
8ce7
3bd7
4679
90e9
335e
7784
a91a
d685
89f0
3dd8
4712
9106
334d
7782
8460
c1c1
8758
3fd3
47ab
9123
333c
7780
85b9
aef4
8522
41ca
4844
9141
332b
777e
acba
9eb4
834f
43bb
48db
915e
331a
777c
ed61
9187
81e2
45a7
4973
917b
3309
7779
33c4
87d5
80da
478d
4a09
9199
32f8
7777
6a36
81ee
8039
496d
4a9f
91b6
32e8
7775
7ff1
8000
8000
4b47
4b35
91d4
32d7
7773
6e46
821c
802e
4d1b
4bc9
91f2
32c6
7771
3aa4
8831
80c4
4ee9
4c5e
920f
32b5
776f
f4f2
920d
81c1
50b1
4cf1
922d
32a4
776d
b2a8
9f60
8324
5272
4d84
924b
3293
776b
8830
afc0
84ec
542c
4e16
9269
3282
7769
829f
c2a8
8717
55e0
4ea8
9287
3271
7767
a3ab
d77e
89a5
578d
4f39
92a6
3260
7765
e126
ed9d
8c92
5932
4fca
92c4
324f
7762
2822
044f
8fdd
5ad0
5059
92e2
323e
7760
62c2
1adf
9382
5c67
50e9
9301
322d
775e
7ef7
3096
977f
5df7
5177
9320
321c
775c
7412
44c4
9bd1
5f7f
5205
933e
320b
775a
456e
56c7
a074
60ff
5292
935d
31fa
7758
0167
660e
a564
6277
531e
937c
31e9
7756
bcf2
721d
aa9e
63e7
53aa
939b
31d9
7754
8d24
7a92
b01c
6550
5435
93ba
31c8
7752
80b5
7f29
b5dc
66b0
54c0
93d9
31b7
774f
9b7b
7fbe
bbd7
6807
5549
93f8
31a6
774d
d536
7c4c
c209
6957
55d3
9417
3195
774b
1c1f
74ee
c86e
6a9d
565b
9437
3184
7749
5a5e
69e0
ceff
6bdb
56e3
9456
3173
7747
7cc9
5b7b
d5b9
6d11
576a
9476
3162
7745
78c5
4a33
dc94
6e3d
57f0
9496
3151
7743
4f8f
3694
e38c
6f61
5875
94b5
3140
7741
0dd9
213d
ea9b
707c
58fa
94d5
312f
773f
c7df
0ad9
f1bc
718d
597e
94f5
311e
773c
932e
f41e
f8e8
7296
5a02
9515
310d
773a
8001
ddc2
001a
7395
5a84
9535
30fc
7738
9440
c87b
074b
748a
5b06
9555
30eb
7736
c9ae
b4f5
0e77
7577
5b87
9576
30d9
7734
0fd7
a3cc
1597
7659
5c08
9596
30c8
7732
511f
958c
1ca6
7732
5c88
95b6
30b7
7730
796b
8aa7
239d
7802
5d06
95d7
30a6
772e
7c53
8376
2a78
78c8
5d85
95f7
3095
772b
58f0
8032
3130
7984
5e02
9618
3084
7729
1a29
80f6
37c0
7a36
5e7f
9639
3073
7727
d354
85bc
3e24
7ade
5efb
965a
3062
7725
9a40
8e5d
4455
7b7d
5f76
967b
3051
7723
8083
9a94
4a4e
7c11
5ff0
969c
3040
7721
8e0a
a9fd
500c
7c9b
606a
96bd
302f
771f
bea9
bc1d
5589
7d1c
60e3
96de
301e
771d
0368
d061
5ac0
7d92
615b
96ff
300d
771a
471b
e626
5fae
7dfe
61d2
9721
2ffc
7718
74e7
fcbb
644f
7e5f
6248
9742
2feb
7716
7eb2
136b
689e
7eb7
62be
9764
2fda
7714
6178
297e
6c99
7f04
6333
9785
2fc8
7712
263a
3e42
703c
7f47
63a7
97a7
2fb7
7710
df35
510f
7384
7f80
641a
97c9
2fa6
770e
a24a
614e
766f
7fae
648d
97eb
2f95
770b
823b
6e7b
78f9
7fd2
64fe
980d
2f84
7709
88e9
782c
7b22
7fec
656f
982f
2f73
7707
b444
7e13
7ce7
7ffb
65df
9851
2f62
7705
f6f2
7fff
7e47
7fff
664e
9873
2f51
7703
3c6a
7de3
7f41
7ffb
66bc
9895
2f40
7701
6f47
77ce
7fd4
7feb
672a
98b8
2f2e
76ff
7fde
6df2
7fff
7fd1
6797
98da
2f1d
76fc
6914
609e
7fc3
7fac
6802
98fd
2f0c
76fa
31ed
503e
7f20
7f7d
686d
991f
2efb
76f8
eb66
3d56
7e15
7f44
68d8
9942
2eea
76f6
ab37
287e
7ca5
7f01
6941
9965
2ed9
76f4
8525
1260
7ad0
7eb3
69a9
9988
2ec8
76f2
84e9
fbae
7897
7e5b
6a11
99ab
2eb6
76f0
aa96
e51e
75fc
7df9
6a78
99ce
2ea5
76ed
ea91
cf67
7303
7d8c
6add
99f1
2e94
76eb
3126
bb39
6fac
7d16
6b42
9a14
2e83
76e9
6898
a936
6bfa
7c95
6ba7
9a37
2e72
76e7
7fd4
99f0
67f2
7c0a
6c0a
9a5b
2e61
76e5
6fb1
8de2
6395
7b76
6c6c
9a7e
2e4f
76e3
3d28
856d
5ee7
7ad7
6cce
9aa2
2e3e
76e0
f7c9
80d6
59ed
7a2e
6d2e
9ac5
2e2d
76de
b4f2
8042
54aa
797b
6d8e
9ae9
2e1c
76dc
8939
83b5
4f23
78bf
6ded
9b0d
2e0b
76da
8214
8b14
495b
77f9
6e4b
9b31
2dfa
76d8
a1b8
9622
4358
7729
6ea8
9b55
2de8
76d6
de65
a488
3d1f
764f
6f04
9b79
2dd7
76d3
256c
b5d0
36b4
756c
6f5f
9b9d
2dc6
76d1
60ec
c96f
301d
747f
6fba
9bc1
2db5
76cf
7e93
dec7
295e
7389
7013
9be5
2da3
76cd
753e
f52a
227f
728a
706c
9c0a
2d92
76cb
47ce
0be6
1b83
7181
70c3
9c2e
2d81
76c9
0440
2241
1471
706f
711a
9c52
2d70
76c6
bf63
3788
0d4f
6f54
7170
9c77
2d5f
76c4
8e6d
4b0e
0622
6e30
71c5
9c9c
2d4d
76c2
8071
5c36
fef0
6d03
7219
9cc0
2d3c
76c0
99be
6a76
f7bf
6bcd
726c
9ce5
2d2b
76be
d28a
755a
f094
6a8e
72be
9d0a
2d1a
76bc
1956
7c8b
e976
6947
730f
9d2f
2d08
76b9
5854
7fce
e26a
67f8
7360
9d54
2cf7
76b7
7c1f
7f09
db76
669f
73af
9d79
2ce6
76b5
79af
7a43
d4a0
653f
73fd
9d9f
2cd5
76b3
51c5
71a1
cded
63d6
744b
9dc4
2cc3
76b1
10ad
656a
c762
6266
7497
9de9
2cb2
76ae
ca71
5600
c105
60ed
74e3
9e0f
2ca1
76ac
94b5
43e0
badc
5f6d
752d
9e34
2c90
76aa
8003
2f9c
b4ea
5de4
7577
9e5a
2c7e
76a8
92bd
19d7
af35
5c55
75c0
9e80
2c6d
76a6
c71d
0341
a9c1
5abd
7608
9ea6
2c5c
76a4
0d03
ec92
a493
591f
764e
9ecb
2c4a
76a1
4ee6
d67f
9faf
5779
7694
9ef1
2c39
769f
787d
c1bb
9b19
55cc
76d9
9f17
2c28
769d
7cf8
aeee
96d5
5418
771d
9f3e
2c17
769b
5af6
9eb0
92e5
525d
7760
9f64
2c05
7699
1cf1
9183
8f4e
509c
77a2
9f8a
2bf4
7696
d601
87d3
8c13
4ed4
77e3
9fb0
2be3
7694
9c01
81ed
8935
4d06
7823
9fd7
2bd1
7692
80cd
8000
86b7
4b31
7862
9ffd
2bc0
7690
8cc5
821d
849b
4957
78a0
a024
2baf
768e
bc3b
8833
82e4
4776
78de
a04b
2b9d
768b
0090
9210
8191
4590
791a
a071
2b8c
7689
44b8
9f65
80a5
43a4
7955
a098
2b7b
7687
73b7
afc5
8020
41b3
798f
a0bf
2b69
7685
7f12
c2ad
8002
3fbc
79c8
a0e6
2b58
7683
634b
d785
804c
3dc0
7a01
a10d
2b47
7680
28ef
eda3
80fe
3bbf
7a38
a134
2b35
767e
e1f8
0456
8216
39b9
7a6e
a15b
2b24
767c
a440
1ae5
8394
37af
7aa3
a183
2b13
767a
82cb
309c
8577
35a0
7ad8
a1aa
2b01
7678
87e5
44ca
87bd
338d
7b0b
a1d1
2af0
7675
b1fd
56cc
8a64
3175
7b3d
a1f9
2adf
7673
f41b
6612
8d6a
2f5a
7b6f
a220
2acd
7671
39e4
7220
90ce
2d3b
7b9f
a248
2abc
766f
6dd8
7a94
948b
2b18
7bce
a270
2aaa
766d
7ff7
7f2a
989f
28f1
7bfc
a298
2a99
766a
6aae
7fbe
9d07
26c8
7c2a
a2bf
2a88
7668
3489
7c4a
a1bf
249b
7c56
a2e7
2a76
7666
ee37
74eb
a6c3
226b
7c81
a30f
2a65
7664
ad5e
69dc
ac0f
2038
7cac
a337
2a54
7661
85f9
5b76
b1a0
1e03
7cd5
a360
2a42
765f
8429
4a2d
b76f
1bcc
7cfd
a388
2a31
765d
a87d
368e
bd7a
1992
7d24
a3b0
2a1f
765b
e7c4
2136
c3ba
1756
7d4a
a3d9
2a0e
7659
2e82
0ad2
ca2b
1518
7d70
a401
29fd
7656
66ee
f417
d0c8
12d8
7d94
a42a
29eb
7654
7fa6
ddbc
d78b
1097
7db7
a452
29da
7652
710e
c875
de6f
0e55
7dd9
a47b
29c8
7650
3fa4
b4ef
e56e
0c11
7dfa
a4a4
29b7
764e
faa1
a3c7
ec82
09cd
7e1a
a4cd
29a6
764b
b745
9588
f3a6
0787
7e3a
a4f6
2994
7649
8a50
8aa4
fad4
0541
7e58
a51f
2983
7647
8199
8374
0206
02fb
7e75
a548
2971
7645
9fd1
8032
0937
00b4
7e91
a571
2960
7642
dba8
80f7
1060
fe6d
7eac
a59a
294e
7640
22b0
85be
177c
fc27
7ec6
a5c3
293d
763e
5f0a
8e60
1e85
f9e1
7edf
a5ed
292b
763c
7e1e
9a98
2575
f79b
7ef7
a616
291a
7639
765b
aa02
2c47
f556
7f0d
a640
2909
7637
4a24
bc23
32f5
f312
7f23
a669
28f7
7635
0718
d068
397a
f0ce
7f38
a693
28e6
7633
c1dc
e62d
3fd1
ee8c
7f4c
a6bd
28d4
7631
8fc4
fcc2
45f3
ec4c
7f5f
a6e6
28c3
762e
803c
1372
4bdd
ea0d
7f70
a710
28b1
762c
980e
2984
518a
e7d0
7f81
a73a
28a0
762a
cfe3
3e48
56f5
e595
7f91
a764
288e
7628
168a
5114
5c19
e35c
7f9f
a78e
287d
7625
563f
6152
60f3
e125
7fad
a7b8
286b
7623
7b65
6e7e
657e
def1
7fba
a7e3
285a
7621
7a89
782e
69b7
dcbf
7fc5
a80d
2848
761f
53f1
7e14
6d9b
da90
7fd0
a837
2837
761c
137e
7fff
7126
d865
7fd9
a862
2825
761a
cd0b
7de2
7455
d63c
7fe2
a88c
2814
7618
9649
77cc
7726
d417
7fe9
a8b7
2802
7616
8016
6dee
7997
d1f6
7fef
a8e2
27f1
7613
9148
6099
7ba5
cfd8
7ff5
a90c
27df
7611
c494
5038
7d4f
cdbe
7ff9
a937
27ce
760f
0a2d
3d50
7e94
cba8
7ffc
a962
27bc
760d
4ca3
2878
7f73
c996
7fff
a98d
27ab
760a
777f
1259
7fea
c789
7fff
a9b8
2799
7608
7d8e
fba7
7ffa
c581
7fff
a9e3
2788
7606
5cf1
e517
7fa2
c37d
7fff
aa0e
2776
7604
1fb5
cf61
7ee3
c17e
7ffd
aa39
2765
7601
d8b5
bb33
7dbd
bf84
7ffa
aa65
2753
75ff
9dce
a931
7c31
bd8f
7ff6
aa90
2742
75fd
8126
99ec
7a41
bba0
7ff1
aabb
2730
75fb
8b8f
8ddf
77ee
b9b6
7feb
aae7
271f
75f8
b9d5
856b
753a
b7d2
7fe4
ab12
270d
75f6
fdb7
80d5
7227
b5f3
7fdc
ab3e
26fb
75f4
424d
8042
6eb8
b41b
7fd3
ab6a
26ea
75f1
7278
83b7
6aef
b249
7fc9
ab96
26d8
75ef
7f62
8b16
66cf
b07d
7fbd
abc1
26c7
75ed
6510
9626
625c
aeb8
7fb1
abed
26b5
75eb
2b9f
a48d
5d9a
acf9
7fa4
ac19
26a4
75e8
e4be
b5d5
588c
ab41
7f95
ac45
2692
75e6
a642
c975
5336
a990
7f86
ac71
2681
75e4
836a
decd
4d9d
a7e5
7f76
ac9e
266f
75e2
86f1
f531
47c5
a642
7f64
acca
265d
75df
afc0
0bec
41b3
a4a6
7f52
acf6
264c
75dd
f147
2247
3b6c
a312
7f3e
ad23
263a
75db
3756
378e
34f5
a185
7f2a
ad4f
2629
75d9
6c5a
4b14
2e53
a000
7f14
ad7b
2617
75d6
7fff
5c3b
278b
9e82
7efe
ada8
2605
75d4
6c3a
6a7a
20a3
9d0d
7ee6
add5
25f4
75d2
371e
755d
19a1
9b9f
7ecd
ae01
25e2
75cf
f109
7c8d
128a
9a39
7eb4
ae2e
25d1
75cd
af90
7fcf
0b65
98dc
7e99
ae5b
25bf
75cb
86dd
7f09
0436
9787
7e7d
ae88
25ad
75c9
8378
7a41
fd03
963b
7e61
aeb5
259c
75c6
a66e
719e
f5d3
94f7
7e43
aee2
258a
75c4
e4fa
6566
eeac
93bc
7e24
af0f
2579
75c2
2bd8
55fb
e792
9289
7e04
af3c
2567
75bf
6536
43da
e08c
9160
7de3
af69
2555
75bd
7f68
2f95
d99f
903f
7dc1
af97
2544
75bb
725c
19d0
d2d2
8f28
7d9f
afc4
2532
75b9
4218
033b
cc29
8e19
7d7b
aff2
2520
75b6
fd79
ec8b
c5aa
8d14
7d56
b01f
250f
75b4
b9a1
d679
bf5a
8c18
7d30
b04d
24fd
75b2
8b76
c1b5
b93f
8b25
7d09
b07a
24ec
75af
812e
aee9
b35d
8a3c
7ce1
b0a8
24da
75ad
9df6
9eac
adb9
895d
7cb8
b0d6
24c8
75ab
d8ef
9180
a857
8887
7c8e
b104
24b7
75a9
1ff0
87d0
a33d
87bb
7c63
b131
24a5
75a6
5d1c
81eb
9e6d
86f8
7c37
b15f
2493
75a4
7d9a
8000
99ed
863f
7c0a
b18d
2482
75a2
7769
821f
95bf
8590
7bdc
b1bb
2470
759f
4c72
8835
91e7
84eb
7bad
b1ea
245e
759d
09ef
9213
8e68
8450
7b7d
b218
244d
759b
c45e
9f69
8b45
83bf
7b4c
b246
243b
7598
912a
afca
8881
8339
7b1a
b274
2429
7596
8018
c2b3
861d
82bc
7ae7
b2a3
2418
7594
966c
d78b
841c
8249
7ab3
b2d1
2406
7592
cd43
edaa
827f
81e0
7a7e
b300
23f4
758f
13bb
045d
8148
8182
7a48
b32e
23e3
758d
541f
1aec
8077
812e
7a12
b35d
23d1
758b
7a9b
30a2
800e
80e4
79da
b38c
23bf
7588
7b54
44cf
800c
80a5
79a1
b3ba
23ad
7586
5612
56d1
8072
8070
7967
b3e9
239c
7584
164d
6616
813f
8045
792c
b418
238a
7581
cfaa
7223
8272
8024
78f0
b447
2378
757f
97ea
7a96
840b
800e
78b3
b476
2367
757d
8039
7f2b
8609
8002
7875
b4a5
2355
757a
8fe2
7fbd
8869
8001
7837
b4d4
2343
7578
c212
7c49
8b2a
800a
77f7
b504
2332
7576
0756
74e8
8e49
801d
77b6
b533
2320
7574
4a57
69d8
91c5
803a
7774
b562
230e
7571
7673
5b71
959a
8062
7732
b591
22fc
756f
7e14
4a28
99c4
8095
76ee
b5c1
22eb
756d
5ee1
3688
9e42
80d1
76a9
b5f0
22d9
756a
2275
2130
a30f
8118
7664
b620
22c7
7568
db6d
0acc
a827
8169
761d
b650
22b5
7566
9fa8
f410
ad86
81c5
75d6
b67f
22a4
7563
8190
ddb5
b327
822a
758d
b6af
2292
7561
8a68
c86f
b907
829a
7544
b6df
2280
755f
b778
b4ea
bf21
8314
74fa
b70f
226e
755c
fade
a3c3
c56f
8398
74ae
b73f
225d
755a
3fd9
9584
cbec
8426
7462
b76f
224b
7558
712a
8aa2
d293
84bf
7415
b79f
2239
7555
7fa1
8373
d960
8561
73c7
b7cf
2227
7553
66c9
8031
e04b
860d
7378
b7ff
2216
7551
2e49
80f8
e750
86c3
7328
b82f
2204
754e
e788
85c0
ee69
8782
72d7
b85f
21f2
754c
a850
8e63
f591
884c
7285
b890
21e0
754a
8419
9a9c
fcc1
891f
7232
b8c0
21cf
7547
860c
aa07
03f3
89fc
71de
b8f0
21bd
7545
ad8d
bc29
0b22
8ae2
718a
b921
21ab
7543
ee74
d06e
1248
8bd2
7134
b951
2199
7540
34c1
e633
1960
8ccc
70de
b982
2188
753e
6ad0
fcc9
2063
8dce
7086
b9b3
2176
753c
7ff9
1378
274b
8eda
702e
b9e3
2164
7539
6db8
298b
2e14
8fef
6fd5
ba14
2152
7537
39ad
3e4e
34b8
910d
6f7b
ba45
2140
7535
f3de
5119
3b31
9234
6f20
ba76
212f
7532
b1cc
6157
417a
9364
6ec4
baa7
211d
7530
87d0
6e82
478e
949d
6e67
bad8
210b
752e
82d8
7831
4d68
95de
6e0a
bb09
20f9
752b
a46b
7e15
5303
9728
6dab
bb3a
20e7
7529
e233
7fff
585c
987b
6d4b
bb6b
20d6
7527
2929
7de1
5d6c
99d6
6ceb
bb9d
20c4
7524
6371
77c9
6232
9b39
6c8a
bbce
20b2
7522
7f19
6deb
66a7
9ca4
6c28
bbff
20a0
7520
739c
6095
6aca
9e18
6bc5
bc31
208e
751d
4484
5033
6e96
9f93
6b61
bc62
207c
751b
0052
3d4a
7209
a116
6afc
bc93
206b
7518
bc07
2872
751f
a2a1
6a97
bcc5
2059
7516
8cab
1253
77d7
a433
6a30
bcf7
2047
7514
80d4
fba0
7a2d
a5cd
69c9
bd28
2035
7511
9c28
e511
7c21
a76e
6961
bd5a
2023
750f
d63c
cf5b
7db0
a916
68f8
bd8c
2011
750d
1d2d
bb2e
7eda
aac5
688e
bdbe
2000
750a
5b22
a92c
7f9d
ac7c
6823
bdf0
1fee
7508
7d05
99e8
7ff8
ae39
67b7
be21
1fdc
7506
7868
8ddc
7fec
affc
674b
be53
1fca
7503
4eb6
8569
7f79
b1c6
66de
be85
1fb8
7501
0cc5
80d5
7e9e
b397
6670
beb8
1fa6
74ff
c6e6
8043
7d5d
b56d
6601
beea
1f95
74fc
929d
83b8
7bb6
b74a
6591
bf1c
1f83
74fa
8004
8b19
79ac
b92c
6521
bf4e
1f71
74f7
94d6
962a
773e
bb14
64af
bf81
1f5f
74f5
caa9
a491
7471
bd02
643d
bfb3
1f4d
74f3
10ea
b5db
7145
bef5
63ca
bfe5
1f3b
74f0
51f5
c97b
6dbd
c0ee
6356
c018
1f29
74ee
79c2
ded4
69dd
c2eb
62e2
c04a
1f17
74ec
7c0f
f538
65a7
c4ee
626c
c07d
1f06
74e9
5828
0bf3
611e
c6f5
61f6
c0af
1ef4
74e7
1919
224e
5c47
c901
617f
c0e2
1ee2
74e4
d250
3794
5726
cb12
6107
c115
1ed0
74e2
9999
4b19
51bd
cd26
608f
c148
1ebe
74e0
806c
5c40
4c13
cf3f
6015
c17a
1eac
74dd
8e89
6a7e
462b
d15c
5f9b
c1ad
1e9a
74db
bf98
7560
400a
d37c
5f20
c1e0
1e88
74d9
047d
7c8e
39b6
d5a0
5ea4
c213
1e76
74d6
4801
7fcf
3333
d7c8
5e28
c246
1e65
74d4
7557
7f08
2c86
d9f3
5dab
c279
1e53
74d1
7e8a
7a3f
25b5
dc21
5d2d
c2ac
1e41
74cf
60c4
719b
1ec6
de51
5cae
c2e0
1e2f
74cd
2531
6562
17be
e085
5c2f
c313
1e1d
74ca
de29
55f6
10a2
e2bb
5bae
c346
1e0b
74c8
a18e
43d4
097a
e4f3
5b2e
c379
1df9
74c6
8209
2f8f
0249
e72e
5aac
c3ad
1de7
74c3
8950
19ca
fb17
e96b
5a29
c3e0
1dd5
74c1
b524
0334
f3e8
eba9
59a6
c414
1dc3
74be
f806
ec84
ecc4
ede9
5922
c447
1db1
74bc
3d5e
d672
e5af
f02b
589e
c47b
1da0
74ba
6fcf
c1af
deaf
f26d
5818
c4ae
1d8e
74b7
7fd0
aee4
d7ca
f4b1
5792
c4e2
1d7c
74b5
6875
9ea7
d106
f6f6
570c
c516
1d6a
74b2
30ee
917d
ca68
f93c
5684
c549
1d58
74b0
ea55
87ce
c3f5
fb82
55fc
c57d
1d46
74ae
aa68
81ea
bdb3
fdc8
5573
c5b1
1d34
74ab
84d8
8000
b7a6
000f
54ea
c5e5
1d22
74a9
8536
8220
b1d4
0256
545f
c619
1d10
74a6
ab65
8838
ac42
049c
53d4
c64d
1cfe
74a4
eba3
9217
a6f3
06e2
5349
c681
1cec
74a2
3226
9f6d
a1ec
0928
52bd
c6b5
1cda
749f
6937
afd0
9d31
0b6d
5230
c6e9
1cc8
749d
7fe1
c2b9
98c6
0db1
51a2
c71d
1cb6
749a
6f28
d792
94af
0ff3
5114
c752
1ca4
7498
3c34
edb1
90ef
1235
5085
c786
1c92
7496
f6b5
0463
8d88
1475
4ff5
c7ba
1c80
7493
b412
1af3
8a7e
16b3
4f65
c7ef
1c6e
7491
88d2
30a8
87d4
18f0
4ed4
c823
1c5c
748e
8247
44d5
858a
1b2a
4e43
c857
1c4b
748c
a274
56d6
83a4
1d63
4db1
c88c
1c39
748a
df71
661a
8222
1f99
4d1e
c8c0
1c27
7487
2674
7226
8106
21cc
4c8b
c8f5
1c15
7485
61a0
7a98
8051
23fd
4bf7
c92a
1c03
7482
7ebb
7f2c
8003
262a
4b62
c95e
1bf1
7480
74ce
7fbd
801d
2855
4acd
c993
1bdf
747d
46e8
7c47
809e
2a7c
4a37
c9c8
1bcd
747b
032b
74e5
8187
2ca0
49a0
c9fd
1bbb
7479
be75
69d4
82d6
2ec1
4909
ca31
1ba9
7476
8dee
5b6c
848a
30dd
4872
ca66
1b97
7474
8089
4a22
86a2
32f6
47da
ca9b
1b85
7471
9a66
3682
891c
350a
4741
cad0
1b73
746f
d38d
2129
8bf6
371a
46a7
cb05
1b61
746d
1a65
0ac5
8f2f
3926
460d
cb3a
1b4f
746a
591c
f40a
92c2
3b2d
4573
cb6f
1b3d
7468
7c61
ddaf
96af
3d2f
44d8
cba5
1b2b
7465
7958
c869
9af0
3f2d
443c
cbda
1b19
7463
50ef
b4e4
9f83
4125
43a0
cc0f
1b07
7460
0f9a
a3be
a464
4318
4303
cc44
1af5
745e
c976
9580
a990
4505
4266
cc7a
1ae3
745c
941e
8a9f
af01
46ed
41c8
ccaf
1ad1
7459
8001
8371
b4b4
48cf
412a
cce4
1abf
7457
934e
8031
baa3
4aac
408b
cd1a
1aad
7454
c816
80f9
c0cb
4c82
3fec
cd4f
1a9b
7452
0e16
85c2
c726
4e52
3f4c
cd85
1a89
744f
4fc0
8e66
cdb0
501c
3eab
cdba
1a77
744d
78d9
9aa0
d461
51df
3e0a
cdf0
1a64
744b
7cbb
aa0c
db37
539b
3d69
ce26
1a52
7448
5a33
bc2e
e229
5551
3cc7
ce5b
1a40
7446
1be3
d074
e934
5700
3c25
ce91
1a2e
7443
d4fc
e63a
f052
58a8
3b82
cec7
1a1c
7441
9b55
fccf
f77c
5a49
3ade
cefd
1a0a
743e
80af
137f
fead
5be2
3a3b
cf33
19f8
743c
8d3f
2991
05df
5d74
3996
cf68
19e6
7439
bd27
3e53
0d0d
5efe
38f1
cf9e
19d4
7437
01a5
511f
1430
6081
384c
cfd4
19c2
7435
45a1
615b
1b42
61fc
37a6
d00a
19b0
7432
742c
6e85
223f
636f
3700
d040
199e
7430
7eef
7833
291f
64da
365a
d076
198c
742d
629b
7e16
2fdf
663d
35b3
d0ad
197a
742b
27e8
7fff
3677
6797
350b
d0e3
1968
7428
e0ea
7ddf
3ce4
68e9
3463
d119
1956
7426
a380
77c7
431f
6a33
33bb
d14f
1944
7423
8292
6de7
4924
6b74
3312
d185
1932
7421
8846
6090
4eee
6cac
3269
d1bc
1920
741f
b2d9
502e
5478
6ddb
31bf
d1f2
190e
741c
f530
3d44
59be
6f02
3115
d228
18fb
741a
3ada
286b
5ebb
7020
306b
d25f
18e9
7417
6e65
124c
636b
7134
2fc0
d295
18d7
7415
7ff0
fb99
67cb
723f
2f15
d2cc
18c5
7412
6a13
e50a
6bd6
7342
2e6a
d302
18b3
7410
338c
cf55
6f8b
743a
2dbe
d339
18a1
740d
ed24
bb28
72e5
752a
2d11
d370
188f
740b
ac8c
a927
75e3
7610
2c65
d3a6
187d
7408
85a7
99e4
7880
76ec
2bb8
d3dd
186b
7406
8470
8dd9
7abd
77bf
2b0a
d414
1859
7404
a948
8567
7c96
7888
2a5d
d44a
1847
7401
e8d5
80d4
7e0a
7947
29af
d481
1835
73ff
2f84
8043
7f18
79fc
2900
d4b8
1822
73fc
6791
83ba
7fbf
7aa8
2851
d4ef
1810
73fa
7fb9
8b1c
7fff
7b4a
27a2
d526
17fe
73f7
708b
962e
7fd8
7be1
26f3
d55d
17ec
73f5
3eb3
a496
7f48
7c6f
2643
d594
17da
73f2
f98c
b5e0
7e52
7cf2
2593
d5cb
17c8
73f0
b662
c981
7cf6
7d6c
24e3
d602
17b6
73ed
89e4
deda
7b34
7ddb
2432
d639
17a4
73eb
81c6
f53f
790f
7e40
2382
d670
1792
73e8
a088
0bfa
7688
7e9b
22d0
d6a7
177f
73e6
dcb2
2254
73a1
7eec
221f
d6de
176d
73e3
23bb
379a
705c
7f32
216d
d715
175b
73e1
5fc3
4b1e
6cbc
7f6e
20bb
d74d
1749
73df
7e4c
5c44
68c5
7fa0
2009
d784
1737
73dc
75f1
6a81
6478
7fc7
1f56
d7bb
1725
73da
4942
7563
5fda
7fe4
1ea4
d7f2
1713
73d7
0603
7c90
5aef
7ff7
1df1
d82a
1701
73d5
c0eb
7fcf
55ba
7fff
1d3d
d861
16ef
73d2
8f40
7f07
5040
7ffe
1c8a
d899
16dc
73d0
804f
7a3d
4a85
7ff1
1bd6
d8d0
16ca
73cd
98b1
7198
448d
7fda
1b22
d908
16b8
73cb
d0e5
655e
3e5e
7fb9
1a6e
d93f
16a6
73c8
179a
55f1
37fc
7f8e
19b9
d977
1694
73c6
570b
43cf
316d
7f58
1905
d9ae
1682
73c3
7bad
2f89
2ab7
7f18
1850
d9e6
1670
73c1
7a38
19c3
23dd
7ece
179b
da1d
165d
73be
531f
032d
1ce7
7e79
16e6
da55
164b
73bc
126c
ec7e
15d9
7e1a
1630
da8d
1639
73b9
cc0d
d66c
0eb9
7db1
157b
dac5
1627
73b7
95ae
c1aa
078e
7d3e
14c5
dafc
1615
73b4
800d
aedf
005c
7cc1
140f
db34
1603
73b2
91d4
9ea3
f92b
7c39
1359
db6c
15f1
73af
c58a
9179
f1fe
7ba8
12a3
dba4
15de
73ad
0b41
87cc
eadd
7b0c
11ec
dbdc
15cc
73aa
4d80
81e9
e3cd
7a67
1136
dc14
15ba
73a8
77e2
8000
dcd4
79b7
107f
dc4c
15a8
73a5
7d57
8221
d5f8
78fe
0fc9
dc84
1596
73a3
5c32
883a
cf3d
783b
0f12
dcbc
1584
73a0
1ea8
921a
c8aa
776e
0e5b
dcf4
1571
739e
d7ad
9f72
c244
7698
0da3
dd2c
155f
739b
9d1d
afd5
bc0f
75b8
0cec
dd64
154d
7399
8102
c2bf
b612
74ce
0c35
dd9c
153b
7396
8c03
d798
b050
73db
0b7d
ddd4
1529
7394
babd
edb7
aacf
72df
0ac6
de0c
1517
7391
fecc
046a
a593
71d9
0a0e
de44
1504
738f
433a
1af9
a0a0
70ca
0956
de7d
14f2
738c
72f3
30ae
9bfb
6fb2
089e
deb5
14e0
738a
7f45
44db
97a6
6e91
07e7
deed
14ce
7387
6465
56db
93a6
6d67
072f
df25
14bc
7385
2a9a
661e
8ffd
6c34
0677
df5e
14a9
7382
e3af
7229
8caf
6af8
05bf
df96
1497
7380
a57e
7a9a
89be
69b4
0506
dfce
1485
737d
832c
7f2c
872d
6867
044e
e007
1473
737b
874c
7fbd
84fe
6712
0396
e03f
1461
7378
b099
7c45
8333
65b4
02de
e078
144f
7376
f25a
74e3
81cc
644e
0226
e0b0
143c
7373
384f
69d0
80cc
62e0
016d
e0e9
142a
7371
6ced
5b68
8032
616a
00b5
e121
1418
736e
7fff
4a1d
8000
5fec
fffd
e15a
1406
736c
6ba5
367c
8036
5e67
ff45
e192
13f4
7369
3624
2123
80d2
5cd9
fe8c
e1cb
13e1
7367
eff6
0abe
81d6
5b44
fdd4
e204
13cf
7364
aeb9
f403
8340
59a8
fd1c
e23c
13bd
7362
8684
dda8
850f
5805
fc64
e275
13ab
735f
83ba
c863
8742
565a
fbac
e2ae
1399
735d
a735
b4df
89d6
54a8
faf3
e2e6
1386
735a
e609
a3b9
8cca
52f0
fa3b
e31f
1374
7357
2cdc
957d
901b
5131
f983
e358
1362
7355
65df
8a9c
93c6
4f6b
f8cb
e391
1350
7352
7f81
836f
97ca
4d9f
f813
e3ca
133d
7350
71df
8030
9c21
4bcc
f75b
e402
132b
734d
412a
80f9
a0ca
49f4
f6a4
e43b
1319
734b
fc64
85c4
a5bf
4815
f5ec
e474
1307
7348
b8bb
8e6a
aafd
4631
f534
e4ad
12f5
7346
8b04
9aa4
b081
4447
f47d
e4e6
12e2
7343
8155
aa11
b644
4257
f3c5
e51f
12d0
7341
9ea9
bc34
bc44
4062
f30e
e558
12be
733e
d9f7
d07a
c27a
3e68
f257
e591
12ac
733c
20fd
e640
c8e2
3c69
f19f
e5ca
1299
7339
5dd9
fcd6
cf76
3a64
f0e8
e603
1287
7337
7dce
1386
d632
385c
f031
e63c
1275
7334
7704
2997
dd10
364e
ef7b
e675
1263
7331
4b93
3e59
e409
343c
eec4
e6ae
1250
732f
08db
5124
eb1a
3226
ee0d
e6e8
123e
732c
c369
615f
f23b
300c
ed57
e721
122c
732a
90a0
6e89
f968
2dee
eca1
e75a
121a
7327
8024
7835
009a
2bcc
ebeb
e793
1208
7325
9709
7e17
07cb
29a7
eb35
e7cc
11f5
7322
ce42
7fff
0ef7
277e
ea7f
e805
11e3
7320
14cd
7dde
1616
2553
e9ca
e83f
11d1
731d
54ef
77c5
1d23
2324
e914
e878
11bf
731b
7aea
6de4
2418
20f2
e85f
e8b1
11ac
7318
7b09
608c
2af1
1ebe
e7aa
e8eb
119a
7315
5544
5029
31a6
1c87
e6f5
e924
1188
7313
153c
3d3e
3834
1a4e
e641
e95d
1176
7310
ceaa
2865
3e94
1812
e58c
e997
1163
730e
974a
1245
44c1
15d5
e4d8
e9d0
1151
730b
802a
fb93
4ab7
1396
e424
ea09
113f
7309
9068
e504
5070
1155
e370
ea43
112d
7306
c305
cf4e
55e8
0f13
e2bd
ea7c
111a
7304
086a
bb22
5b1a
0cd0
e20a
eab6
1108
7301
4b38
a922
6003
0a8c
e156
eaef
10f6
72fe
76db
99e0
649e
0847
e0a4
eb29
10e3
72fc
7de3
8dd6
68e8
0601
dff1
eb62
10d1
72f9
5e26
8565
6cdd
03bb
df3f
eb9c
10bf
72f7
216a
80d3
7079
0174
de8d
ebd5
10ad
72f4
da63
8044
73bb
ff2d
dddb
ec0f
109a
72f2
9ef3
83bb
769f
fce7
dd2a
ec48
1088
72ef
8166
8b1f
7923
faa0
dc79
ec82
1076
72ed
8ad6
9632
7b45
f85b
dbc8
ecbb
1064
72ea
b85d
a49b
7d03
f615
db17
ecf5
1051
72e7
fbf3
b5e6
7e5c
f3d1
da67
ed2f
103f
72e5
40c9
c987
7f4f
f18d
d9b7
ed68
102d
72e2
71ab
dee1
7fdb
ef4b
d907
eda2
101a
72e0
7f8b
f545
7fff
ed0a
d858
eddc
1008
72dd
6623
0c01
7fbb
eaca
d7a9
ee15
0ff6
72db
2d46
225b
7f11
e88d
d6fa
ee4f
0fe4
72d8
e678
37a0
7dff
e651
d64c
ee89
0fd1
72d5
a787
4b24
7c88
e417
d59e
eec3
0fbf
72d3
83d5
5c49
7aab
e1df
d4f0
eefc
0fad
72d0
8661
6a85
786c
dfaa
d443
ef36
0f9a
72ce
ae62
7565
75ca
dd78
d396
ef70
0f88
72cb
ef86
7c91
72ca
db48
d2e9
efaa
0f76
72c9
35bd
7fd0
6f6d
d91b
d23d
efe3
0f64
72c6
6b67
7f06
6bb5
d6f2
d191
f01d
0f51
72c3
7ffd
7a3b
67a7
d4cc
d0e5
f057
0f3f
72c1
6d28
7195
6344
d2a9
d03a
f091
0f2d
72be
38b5
655a
5e91
d08a
cf8f
f0cb
0f1a
72bc
f2ca
55ec
5992
ce6f
cee5
f105
0f08
72b9
b0f2
43c9
544a
cc57
ce3b
f13f
0ef6
72b6
8772
2f82
4ebe
ca44
cd91
f178
0ee4
72b4
8313
19bc
48f2
c836
cce8
f1b2
0ed1
72b1
a52e
0326
42eb
c62c
cc40
f1ec
0ebf
72af
e341
ec77
3cae
c426
cb97
f226
0ead
72ac
2a2f
d665
3640
c225
caef
f260
0e9a
72a9
641f
c1a4
2fa6
c02a
ca48
f29a
0e88
72a7
7f39
aed9
28e5
be33
c9a1
f2d4
0e76
72a4
7324
9e9e
2203
bc42
c8fa
f30e
0e63
72a2
439a
9176
1b06
ba57
c854
f348
0e51
729f
ff3d
87ca
13f3
b871
c7ae
f382
0e3f
729d
bb1c
81e8
0cd0
b690
c709
f3bc
0e2c
729a
8c33
8000
05a2
b4b6
c664
f3f6
0e1a
7297
80f4
8222
fe70
b2e2
c5c0
f430
0e08
7295
9cd6
883d
f73f
b114
c51c
f46a
0df5
7292
d742
921e
f015
af4c
c479
f4a4
0de3
7290
1e3a
9f76
e8f8
ad8b
c3d6
f4de
0dd1
728d
5be3
afda
e1ee
abd1
c333
f518
0dbf
728a
7d40
c2c5
dafc
aa1e
c292
f552
0dac
7288
7809
d79e
d428
a871
c1f0
f58c
0d9a
7285
4dda
edbe
cd77
a6cc
c14f
f5c6
0d88
7283
0bb1
0471
c6ef
a52d
c0af
f600
0d75
7280
c5ef
1b00
c096
a396
c00f
f63a
0d63
727d
920e
30b5
ba70
a207
bf70
f675
0d51
727b
800a
44e0
b482
a07f
bed1
f6af
0d3e
7278
956f
56e0
aed1
9eff
be32
f6e9
0d2c
7276
cba6
6622
a962
9d87
bd95
f723
0d1a
7273
11fc
722c
a439
9c17
bcf7
f75d
0d07
7270
52c9
7a9c
9f5b
9aae
bc5b
f797
0cf5
726e
7a16
7f2d
9aca
994e
bbbf
f7d1
0ce3
726b
7bca
7fbc
968c
97f7
bb23
f80c
0cd0
7268
575e
7c44
92a2
96a7
ba88
f846
0cbe
7266
1809
74e0
8f12
9561
b9ed
f880
0cac
7263
d14e
69cd
8bdc
9423
b953
f8ba
0c99
7261
98f4
5b63
8905
92ed
b8ba
f8f4
0c87
725e
8057
4a17
868e
91c1
b821
f92e
0c75
725b
8f0a
3676
847a
909d
b789
f969
0c62
7259
c088
211c
82c9
8f83
b6f2
f9a3
0c50
7256
0592
0ab7
817d
8e71
b65b
f9dd
0c3e
7254
48e5
f3fc
8098
8d69
b5c4
fa17
0c2b
7251
75c4
dda2
801b
8c6a
b52e
fa51
0c19
724e
7e5f
c85d
8004
8b74
b499
fa8c
0c07
724c
600d
b4d9
8055
8a88
b405
fac6
0bf4
7249
2427
a3b5
810e
89a5
b371
fb00
0be2
7246
dd1e
9579
822d
88cc
b2dd
fb3a
0bcf
7244
a0d4
8a99
83b2
87fd
b24a
fb75
0bbd
7241
81d9
836e
859c
8737
b1b8
fbaf
0bab
723f
89b8
8030
87e9
867b
b127
fbe9
0b98
723c
b605
80fa
8a97
85c9
b096
fc23
0b86
7239
f91b
85c6
8da4
8521
b006
fc5d
0b74
7237
3e50
8e6d
910d
8482
af76
fc98
0b61
7234
7055
9aa8
94d1
83ee
aee7
fcd2
0b4f
7231
7fc0
aa16
98eb
8364
ae59
fd0c
0b3d
722f
67d4
bc3a
9d58
82e4
adcc
fd46
0b2a
722c
2fed
d081
a216
826e
ad3f
fd81
0b18
7229
e944
e647
a71f
8202
acb2
fdbb
0b06
7227
a99b
fcdd
ac70
81a0
ac27
fdf5
0af3
7224
848e
138c
b205
8149
ab9c
fe30
0ae1
7222
8586
299e
b7d9
80fb
ab12
fe6a
0acf
721f
ac36
3e5f
bde8
80b9
aa88
fea4
0abc
721c
ecb5
5129
c42c
8080
a9ff
fede
0aaa
721a
3324
6164
caa0
8052
a977
ff19
0a97
7217
69d4
6e8c
d13f
802e
a8f0
ff53
0a85
7214
7fec
7838
d805
8014
a869
ff8d
0a73
7212
6e9e
7e19
deeb
8005
a7e3
ffc7
0a60
720f
3b3f
7fff
e5eb
8000
a75e
0002
0a4e
720c
f5a0
7ddd
ed01
8005
a6d9
003c
0a3c
720a
b334
77c2
f426
8015
a655
0076
0a29
7207
886e
6de0
fb54
8030
a5d2
00b0
0a17
7204
827c
6088
0287
8054
a550
00eb
0a05
7202
a332
5023
09b7
8083
a4ce
0125
09f2
71ff
e07d
3d38
10df
80bc
a44d
015f
09e0
71fd
277c
285e
17fa
8100
a3cd
019a
09cd
71fa
6253
123f
1f02
814d
a34e
01d4
09bb
71f7
7ee1
fb8c
25f0
81a5
a2cf
020e
09a9
71f5
745b
e4fd
2cc0
8208
a251
0248
0996
71f2
4600
cf48
336b
8274
a1d4
0283
0984
71ef
0216
bb1d
39ed
82eb
a157
02bd
0972
71ed
bd87
a91d
4040
836c
a0dc
02f7
095f
71ea
8d71
99dc
465f
83f6
a061
0331
094d
71e7
80a3
8dd3
4c45
848b
9fe7
036c
093a
71e5
9b0f
8564
51ed
852a
9f6d
03a6
0928
71e2
d492
80d2
5753
85d3
9ef5
03e0
0916
71df
1b74
8044
5c72
8686
9e7d
041a
0903
71dd
59e2
83bd
6146
8742
9e06
0455
08f1
71da
7ca1
8b21
65cc
8809
9d90
048f
08de
71d7
78fe
9635
69ff
88d9
9d1b
04c9
08cc
71d5
5018
a49f
6ddd
89b2
9ca6
0503
08ba
71d2
0e86
b5eb
7161
8a96
9c32
053e
08a7
71cf
c87c
c98d
748a
8b82
9bbf
0578
0895
71cd
938a
dee7
7755
8c78
9b4d
05b2
0883
71ca
8000
f54c
79bf
8d78
9adc
05ec
0870
71c7
93e2
0c07
7bc6
8e81
9a6b
0626
085e
71c5
c910
2261
7d69
8f93
99fb
0661
084b
71c2
0f2a
37a6
7ea7
90ae
998d
069b
0839
71bf
5098
4b29
7f7e
91d2
991f
06d5
0827
71bd
7934
5c4e
7fee
92ff
98b1
070f
0814
71ba
7c7c
6a89
7ff7
9435
9845
0749
0802
71b7
596d
7568
7f98
9573
97d9
0784
07ef
71b5
1ad4
7c93
7ed2
96bb
976f
07be
07dd
71b2
d3f7
7fd0
7da5
980a
9705
07f8
07cb
71af
9aab
7f05
7c12
9963
969c
0832
07b8
71ad
8094
7a39
7a1b
9ac3
9634
086c
07a6
71aa
8dbb
7192
77c1
9c2c
95cc
08a6
0793
71a7
be14
6556
7506
9d9c
9566
08e0
0781
71a5
02ba
55e7
71ed
9f15
9500
091b
076f
71a2
4689
43c3
6e77
a096
949c
0955
075c
719f
749f
2f7c
6aa8
a21e
9438
098f
074a
719d
7ecb
19b6
6682
a3ae
93d5
09c9
0737
719a
61e9
0320
620a
a545
9373
0a03
0725
7197
26e0
ec70
5d42
a6e4
9312
0a3d
0713
7194
dfde
d65f
582f
a88a
92b1
0a77
0700
7192
a2c1
c19e
52d5
aa37
9252
0ab1
06ee
718f
825c
aed4
4d37
abeb
91f3
0aeb
06dc
718c
88a9
9e9a
475b
ada5
9196
0b25
06c9
718a
b3b7
9172
4145
af67
9139
0b5f
06b7
7187
f644
87c7
3afa
b12f
90dd
0b99
06a4
7184
3bd0
81e7
3480
b2fd
9082
0bd3
0692
7182
6ef0
8000
2ddb
b4d1
9028
0c0d
067f
717f
7fe6
8224
2711
b6ac
8fcf
0c47
066d
717c
6977
883f
2027
b88d
8f77
0c81
065b
717a
328e
9221
1924
ba73
8f1f
0cbb
0648
7177
ec12
9f7b
120b
bc5f
8ec9
0cf5
0636
7174
abba
afdf
0ae5
be50
8e73
0d2f
0623
7171
8556
c2cb
03b5
c047
8e1f
0d69
0611
716f
84ba
d7a5
fc83
c243
8dcb
0da3
05ff
716c
aa14
edc5
f553
c444
8d78
0ddd
05ec
7169
e9e5
0477
ee2c
c64a
8d26
0e17
05da
7167
3085
1b06
e714
c854
8cd6
0e51
05c7
7164
6833
30bb
e00f
ca63
8c86
0e8b
05b5
7161
7fca
44e6
d925
cc76
8c37
0ec5
05a3
715f
7006
56e5
d25a
ce8e
8be9
0eff
0590
715c
3dc1
6626
cbb4
d0a9
8b9b
0f39
057e
7159
f877
722f
c538
d2c8
8b4f
0f72
056b
7156
b580
7a9d
beec
d4eb
8b04
0fac
0559
7154
897a
7f2e
b8d4
d712
8aba
0fe6
0547
7151
81f5
7fbc
b2f6
d93c
8a70
1020
0534
714e
a142
7c42
ad57
db68
8a28
105a
0522
714c
ddbc
74dd
a7fa
dd98
89e0
1093
050f
7149
24c5
69c9
a2e4
dfcb
899a
10cd
04fd
7146
607a
5b5e
9e1a
e200
8954
1107
04eb
7143
7e78
4a12
999f
e438
8910
1141
04d8
7141
7584
3670
9577
e672
88cc
117b
04c6
713e
485e
2116
91a6
e8ae
888a
11b4
04b3
713b
04ee
0ab1
8e2d
eaec
8848
11ee
04a1
7139
bffa
f3f5
8b11
ed2b
8807
1228
048e
7136
8ebe
dd9b
8853
ef6c
87c7
1261
047c
7133
8063
c857
85f6
f1af
8789
129b
046a
7130
9956
b4d4
83fc
f3f2
874b
12d5
0457
712e
d1e7
a3b0
8266
f637
870e
130e
0445
712b
18ab
9575
8136
f87c
86d2
1348
0432
7128
57d6
8a97
806d
fac2
8697
1381
0420
7126
7bf3
836c
800a
fd09
865d
13bb
040e
7123
79e5
8030
8010
ff4f
8625
13f5
03fb
7120
524b
80fb
807d
0196
85ed
142e
03e9
711d
115a
85c8
8151
03dc
85b6
1468
03d6
711b
cb10
8e70
828b
0623
8580
14a1
03c4
7118
9514
9aac
842b
0868
854b
14db
03b1
7115
8006
aa1b
8630
0aae
8517
1514
039f
7112
9263
bc40
8897
0cf2
84e4
154e
038d
7110
c681
d087
8b5e
0f35
84b2
1587
037a
710d
0c55
e64e
8e84
1177
8481
15c1
0368
710a
4e5c
fce4
9206
13b7
8451
15fa
0355
7107
7842
1393
95e1
15f6
8422
1633
0343
7105
7d1d
29a4
9a12
1833
83f4
166d
0330
7102
5b71
3e65
9e95
1a6f
83c7
16a6
031e
70ff
1d9b
512e
a367
1ca8
839b
16df
030c
70fd
d6a6
6168
a884
1ede
8370
1719
02f9
70fa
9c6e
6e8f
ade8
2113
8346
1752
02e7
70f7
80e1
783a
b38e
2344
831e
178b
02d4
70f4
8c7a
7e1a
b972
2573
82f6
17c5
02c2
70f2
bba7
7fff
bf90
279f
82cf
17fe
02b0
70ef
ffe1
7ddc
c5e1
29c7
82a9
1837
029d
70ec
4425
77c0
cc61
2bec
8284
1870
028b
70e9
736c
6ddd
d30c
2e0e
8260
18a9
0278
70e7
7f26
6083
d9da
302b
823d
18e3
0266
70e4
63b8
501e
e0c8
3245
821c
191c
0253
70e1
2994
3d32
e7ce
345b
81fb
1955
0241
70de
e2a1
2858
eee9
366d
81db
198e
022f
70dc
a4ba
1238
f611
387a
81bc
19c7
021c
70d9
82f0
fb85
fd41
3a82
819f
1a00
020a
70d6
87a9
e4f6
0473
3c86
8182
1a39
01f7
70d3
b173
cf42
0ba2
3e85
8166
1a72
01e5
70d1
f36e
bb17
12c7
407f
814b
1aab
01d2
70ce
3948
a918
19de
4274
8132
1ae4
01c0
70cb
6d7e
99d8
20df
4463
8119
1b1d
01ae
70c8
7ffb
8dd0
27c5
464d
8102
1b56
019b
70c6
6b0e
8562
2e8c
4831
80eb
1b8f
0189
70c3
3528
80d2
352d
4a0f
80d6
1bc8
0176
70c0
eee4
8044
3ba2
4be8
80c1
1c01
0164
70bd
ade4
83bf
41e8
4dba
80ae
1c3a
0151
70bb
862e
8b24
47f8
4f85
809b
1c72
013f
70b8
83fd
9639
4dce
514b
808a
1cab
012d
70b5
a7fe
a4a4
5365
530a
8079
1ce4
011a
70b2
e719
b5f1
58b8
54c2
806a
1d1d
0108
70b0
2de0
c994
5dc4
5673
805c
1d56
00f5
70ad
6686
deee
6284
581d
804f
1d8e
00e3
70aa
7f98
f553
66f4
59c0
8042
1dc7
00d0
70a7
715f
0c0e
6b10
5b5c
8037
1e00
00be
70a4
403b
2268
6ed6
5cf0
802d
1e38
00ac
70a2
fb4f
37ac
7243
5e7d
8024
1e71
0099
709f
b7d5
4b2f
7553
6003
801c
1ea9
0087
709c
8a95
5c52
7804
6180
8015
1ee2
0074
7099
817e
6a8d
7a53
62f6
800f
1f1b
0062
7097
9f5e
756b
7c40
6463
800a
1f53
0050
7094
db00
7c94
7dc8
65c9
8006
1f8c
003d
7091
2208
7fd0
7eeb
6726
8003
1fc4
002b
708e
5e95
7f05
7fa6
687b
8001
1ffc
0018
708c
7e00
7a37
7ffb
69c7
8000
2035
0006
7089
769d
718f
7fe8
6b0b
8000
206d
fff3
7086
4ab2
6551
7f6d
6c46
8001
20a6
ffe1
7083
07c6
55e2
7e8b
6d78
8004
20de
ffcf
7080
c275
43be
7d43
6ea2
8007
2116
ffbc
707e
9018
2f76
7b95
6fc2
800b
214e
ffaa
707b
8032
19af
7984
70da
8011
2187
ff97
7078
97a9
0319
7710
71e8
8017
21bf
ff85
7075
cf42
ec6a
743b
72ee
801f
21f7
ff72
7072
15de
d659
7109
73e9
8027
222f
ff60
7070
55be
c198
6d7b
74dc
8031
2267
ff4e
706d
7b36
aecf
6994
75c5
803b
22a0
ff3b
706a
7abb
9e96
6558
76a4
8047
22d8
ff29
7067
5474
916f
60ca
777a
8053
2310
ff16
7065
142b
87c5
5bee
7847
8061
2348
ff04
7062
cdab
81e6
56c7
7909
8070
2380
fef1
705f
96ac
8000
515a
79c2
807f
23b8
fedf
705c
801d
8225
4bac
7a71
8090
23f0
fecd
7059
90f1
8841
45c0
7b15
80a2
2428
feba
7057
c3fa
9225
3f9b
7bb0
80b5
245f
fea8
7054
097f
9f7f
3943
7c41
80c9
2497
fe95
7051
4c17
afe5
32bd
7cc8
80dd
24cf
fe83
704e
7740
c2d1
2c0d
7d45
80f3
2507
fe70
704b
7daf
d7ab
253a
7db8
810a
253f
fe5e
7049
5d69
edcb
1e49
7e20
8122
2576
fe4c
7046
205e
047e
1740
7e7e
813b
25ae
fe39
7043
d95b
1b0d
1023
7ed2
8155
25e6
fe27
7040
9e3f
30c1
08fa
7f1c
8170
261d
fe14
703d
813e
44ec
01c9
7f5c
818c
2655
fe02
703b
8b47
56ea
fa97
7f91
81a9
268d
fdef
7038
b943
662a
f369
7fbc
81c8
26c4
fddd
7035
fd08
7232
ec45
7fdc
81e7
26fc
fdcb
7032
41b8
7a9f
e531
7ff2
8207
2733
fdb8
702f
7229
7f2f
de33
7ffe
8228
276b
fda6
702d
7f72
7fbb
d751
7fff
824a
27a2
fd93
702a
657b
7c41
d08f
7ff6
826d
27d9
fd81
7027
2c43
74da
c9f4
7fe3
8292
2811
fd6e
7024
e569
69c5
c384
7fc5
82b7
2848
fd5c
7021
a6bf
5b59
bd45
7f9d
82dd
287f
fd4a
701f
8393
4a0c
b73d
7f6b
8304
28b7
fd37
701c
86b9
3669
b16f
7f2e
832d
28ee
fd25
7019
af38
210f
abe1
7ee7
8356
2925
fd12
7016
f099
0aaa
a697
7e96
8380
295c
fd00
7013
36b8
f3ef
a195
7e3b
83ab
2993
fcee
7010
6bfd
dd95
9ce0
7dd5
83d8
29ca
fcdb
700e
7fff
c851
987b
7d65
8405
2a02
fcc9
700b
6c96
b4ce
9469
7ceb
8433
2a39
fcb6
7008
37bc
a3ab
90af
7c67
8463
2a70
fca4
7005
f1b7
9571
8d4f
7bd9
8493
2aa7
fc91
7002
b018
8a94
8a4c
7b41
84c4
2add
fc7f
7000
8716
836b
87a8
7a9e
84f7
2b14
fc6d
6ffd
8351
802f
8565
79f2
852a
2b4b
fc5a
6ffa
a5f2
80fc
8386
793c
855e
2b82
fc48
6ff7
e450
85ca
820b
787c
8594
2bb9
fc35
6ff4
2b34
8e73
80f6
77b3
85ca
2bf0
fc23
6ff1
64cb
9ab1
8048
76e0
8601
2c26
fc10
6fef
7f56
aa20
8002
7603
8639
2c5d
fbfe
6fec
72aa
bc45
8023
751c
8673
2c94
fbec
6fe9
42ae
d08d
80ab
742c
86ad
2cca
fbd9
6fe6
fe28
e654
819b
7333
86e8
2d01
fbc7
6fe3
ba33
fcea
82f1
7230
8724
2d37
fbb4
6fe0
8bbe
139a
84ac
7124
8762
2d6e
fba2
6fde
8117
29ab
86cb
700f
87a0
2da4
fb90
6fdb
9d86
3e6b
894c
6ef1
87df
2ddb
fb7d
6fd8
d849
5134
8c2d
6dca
881f
2e11
fb6b
6fd5
1f47
616c
8f6c
6c9a
8860
2e47
fb58
6fd2
5ca4
6e93
9306
6b61
88a2
2e7e
fb46
6fcf
7d78
783c
96f8
6a20
88e5
2eb4
fb33
6fcd
77a8
7e1b
9b3f
68d6
8929
2eea
fb21
6fca
4cfe
7fff
9fd7
6783
896e
2f20
fb0f
6fc7
0a9d
7ddb
a4be
6628
89b4
2f57
fafc
6fc4
c4f8
77bd
a9ee
64c5
89fb
2f8d
faea
6fc1
9181
6dda
af64
635a
8a43
2fc3
fad7
6fbe
8012
607f
b51c
61e6
8a8b
2ff9
fac5
6fbc
9609
5019
bb0f
606b
8ad5
302f
fab3
6fb9
cca3
3d2c
c13b
5ee8
8b20
3065
faa0
6fb6
130e
2852
c79a
5d5d
8b6b
309b
fa8e
6fb3
539b
1231
ce26
5bcb
8bb8
30d1
fa7b
6fb0
7a68
fb7e
d4da
5a31
8c05
3106
fa69
6fad
7b82
e4f0
dbb2
5890
8c54
313c
fa57
6fab
5693
cf3c
e2a6
56e7
8ca3
3172
fa44
6fa8
16f9
bb11
e9b3
5538
8cf3
31a8
fa32
6fa5
d04c
a914
f0d1
5382
8d45
31dd
fa1f
6fa2
9850
99d4
f7fc
51c5
8d97
3213
fa0d
6f9f
8044
8dcd
ff2e
5001
8dea
3249
f9fb
6f9c
8f8e
8560
0660
4e37
8e3e
327e
f9e8
6f99
c17a
80d1
0d8c
4c67
8e93
32b4
f9d6
6f97
06a7
8045
14ae
4a90
8ee9
32e9
f9c3
6f94
49c8
83c0
1bbf
48b4
8f40
331f
f9b1
6f91
7630
8b27
22ba
46d1
8f97
3354
f99e
6f8e
7e31
963d
2999
44e9
8ff0
3389
f98c
6f8b
5f55
a4a9
3056
42fb
9049
33bf
f97a
6f88
231d
b5f6
36eb
4108
90a4
33f4
f967
6f85
dc14
c99a
3d55
3f0f
90ff
3429
f955
6f83
a01b
def4
438c
3d12
915b
345e
f942
6f80
81ab
f559
498e
3b0f
91b8
3494
f930
6f7d
8a23
0c15
4f53
3908
9216
34c9
f91e
6f7a
b6e8
226e
54d8
36fc
9275
34fe
f90b
6f77
fa30
37b2
5a19
34eb
92d5
3533
f8f9
6f74
3f42
4b34
5f11
32d7
9336
3568
f8e6
6f71
70d8
5c57
63bb
30be
9397
359d
f8d4
6f6f
7fae
6a90
6816
2ea1
93fa
35d2
f8c2
6f6c
6731
756d
6c1b
2c81
945d
3606
f8af
6f69
2eec
7c96
6fca
2a5c
94c1
363b
f89d
6f66
e833
7fd1
731e
2835
9526
3670
f88a
6f63
a8cf
7f04
7614
260a
958c
36a5
f878
6f60
8446
7a35
78ab
23dc
95f3
36d9
f866
6f5d
85d7
718c
7ae1
21ab
965a
370e
f853
6f5a
ad08
654d
7cb3
1f78
96c3
3743
f841
6f58
edc7
55dd
7e20
1d42
972c
3777
f82f
6f55
3422
43b8
7f27
1b09
9796
37ac
f81c
6f52
6a6f
2f70
7fc7
18cf
9801
37e0
f80a
6f4f
7ff4
19a9
7fff
1692
986d
3815
f7f7
6f4c
6e11
0312
7fd1
1454
98da
3849
f7e5
6f49
3a48
ec63
7f3b
1214
9947
387d
f7d3
6f46
f48c
d652
7e3d
0fd2
99b6
38b1
f7c0
6f43
b257
c192
7cda
0d8f
9a25
38e6
f7ae
6f41
880d
aeca
7b11
0b4b
9a95
391a
f79b
6f3e
82b4
9e91
78e5
0906
9b06
394e
f789
6f3b
a3f2
916c
7657
06c1
9b77
3982
f777
6f38
e18a
87c3
736a
047b
9bea
39b6
f764
6f35
2884
81e4
701e
0234
9c5d
39ea
f752
6f32
6303
8001
6c78
ffed
9cd1
3a1e
f73f
6f2f
7f04
8226
687b
fda7
9d46
3a52
f72d
6f2c
73e7
8844
6429
fb60
9dbc
3a86
f71b
6f29
4517
9228
5f85
f91a
9e32
3aba
f708
6f27
0101
9f84
5a95
f6d5
9ea9
3aed
f6f6
6f24
bc9b
afea
555b
f490
9f21
3b21
f6e4
6f21
8cf7
c2d7
4fdc
f24c
9f9a
3b55
f6d1
6f1e
80c0
d7b2
4a1c
f009
a014
3b88
f6bf
6f1b
9bbb
edd2
4420
edc8
a08e
3bbc
f6ac
6f18
d597
0485
3dee
eb88
a109
3bef
f69a
6f15
1c83
1b14
3789
e949
a185
3c23
f688
6f12
5aa7
30c7
30f7
e70d
a202
3c56
f675
6f0f
7ce0
44f2
2a3e
e4d2
a280
3c8a
f663
6f0d
78a3
56ef
2362
e29a
a2fe
3cbd
f651
6f0a
4f3f
662e
1c6a
e064
a37d
3cf0
f63e
6f07
0d73
7235
155a
de31
a3fc
3d23
f62c
6f04
c783
7aa1
0e3a
dc00
a47d
3d57
f619
6f01
92f8
7f30
070e
d9d2
a4fe
3d8a
f607
6efe
8002
7fbb
ffdc
d7a8
a580
3dbd
f5f5
6efb
9477
7c3f
f8aa
d581
a603
3df0
f5e2
6ef8
ca0b
74d8
f17f
d35d
a686
3e23
f5d0
6ef5
103d
69c1
ea5f
d13c
a70a
3e56
f5be
6ef2
516e
5b55
e350
cf20
a78f
3e89
f5ab
6eef
798c
4a07
dc59
cd07
a815
3ebb
f599
6eed
7c3a
3663
d57f
caf3
a89b
3eee
f586
6eea
58a6
2109
cec7
c8e3
a922
3f21
f574
6ee7
19c5
0aa3
c836
c6d7
a9aa
3f54
f562
6ee4
d2f4
f3e8
c1d3
c4d0
aa32
3f86
f54f
6ee1
9a02
dd8e
bba3
c2ce
aabb
3fb9
f53d
6ede
807a
c84b
b5a9
c0d0
ab45
3feb
f52b
6edb
8e39
b4c9
afec
bed8
abcf
401e
f518
6ed8
bf02
a3a7
aa70
bce5
ac5a
4050
f506
6ed5
03cf
956e
a539
baf8
ace6
4082
f4f4
6ed2
4770
8a91
a04b
b910
ad73
40b5
f4e1
6ecf
7511
8369
9bab
b72e
ae00
40e7
f4cf
6ecd
7ea3
802f
975c
b552
ae8e
4119
f4bd
6eca
6136
80fd
9361
b37b
af1c
414b
f4aa
6ec7
25d8
85cc
8fbf
b1ab
afab
417d
f498
6ec4
ded2
8e76
8c77
afe2
b03b
41af
f485
6ec1
a204
9ab5
898d
ae1f
b0cc
41e1
f473
6ebe
8229
aa25
8703
ac62
b15d
4213
f461
6ebb
890f
bc4b
84db
aaac
b1ee
4245
f44e
6eb8
b497
d093
8316
a8fd
b281
4277
f43c
6eb5
f758
e65b
81b7
a756
b314
42a9
f42a
6eb2
3cc4
fcf1
80be
a5b5
b3a7
42db
f417
6eaf
6f79
13a0
802b
a41c
b43c
430c
f405
6eac
7fd9
29b1
8000
a28a
b4d0
433e
f3f3
6ea9
68d9
3e71
803d
a0ff
b566
436f
f3e0
6ea7
318f
5139
80e1
9f7d
b5fc
43a1
f3ce
6ea4
eb01
6171
81ec
9e02
b692
43d2
f3bc
6ea1
aaea
6e96
835d
9c8f
b72a
4404
f3a9
6e9e
8508
783f
8533
9b24
b7c1
4435
f397
6e9b
8505
7e1c
876d
99c1
b85a
4466
f385
6e98
aae3
7fff
8a07
9867
b8f3
4498
f372
6e95
eaf7
7dd9
8d02
9715
b98c
44c9
f360
6e92
3185
77bb
9059
95cb
ba27
44fa
f34e
6e8f
68d3
6dd6
940b
948b
bac1
452b
f33b
6e8c
7fd9
607a
9814
9352
bb5d
455c
f329
6e89
6f7e
5013
9c72
9223
bbf8
458d
f317
6e86
3ccd
3d26
a11f
90fc
bc95
45be
f304
6e83
f763
284b
a61a
8fdf
bd32
45ef
f2f2
6e80
b49f
122b
ab5e
8eca
bdcf
461f
f2e0
6e7d
8912
fb78
b0e5
8dbf
be6d
4650
f2cd
6e7a
8227
e4e9
b6ad
8cbd
bf0c
4681
f2bb
6e78
a1fd
cf35
bcb1
8bc4
bfab
46b1
f2a9
6e75
dec8
bb0c
c2ea
8ad5
c04a
46e2
f296
6e72
25ce
a90f
c956
89ef
c0ea
4712
f284
6e6f
612f
99d0
cfed
8913
c18b
4743
f272
6e6c
7ea2
8dca
d6ab
8840
c22c
4773
f25f
6e69
7515
855e
dd8b
8777
c2cd
47a4
f24d
6e66
4779
80d0
e487
86b8
c370
47d4
f23b
6e63
03d9
8045
eb99
8603
c412
4804
f228
6e60
bf0b
83c2
f2bb
8557
c4b5
4834
f216
6e5d
8e3e
8b2a
f9e8
84b5
c559
4864
f204
6e5a
807a
9641
011a
841e
c5fd
4894
f1f1
6e57
99fc
a4ae
084b
8390
c6a1
48c4
f1df
6e54
d2ea
b5fc
0f76
830d
c746
48f4
f1cd
6e51
19ba
c9a0
1694
8293
c7ec
4924
f1ba
6e4e
589e
defb
1da0
8224
c892
4954
f1a8
6e4b
7c37
f560
2493
81bf
c938
4983
f196
6e48
798f
0c1b
2b69
8164
c9df
49b3
f184
6e45
5176
2275
321c
8114
ca86
49e3
f171
6e42
1047
37b8
38a7
80cd
cb2d
4a12
f15f
6e3f
ca14
4b3a
3f03
8091
cbd5
4a42
f14d
6e3d
947d
5c5c
452d
8060
cc7e
4a71
f13a
6e3a
8002
6a94
4b1f
8038
cd27
4aa1
f128
6e37
92f3
7570
50d3
801b
cdd0
4ad0
f116
6e34
c779
7c98
5647
8009
ce7a
4aff
f103
6e31
0d69
7fd1
5b74
8000
cf24
4b2e
f0f1
6e2e
4f37
7f03
6058
8003
cfcf
4b5e
f0df
6e2b
789f
7a33
64ed
800f
d079
4b8d
f0cd
6e28
7ce2
7188
6931
8026
d125
4bbc
f0ba
6e25
5aae
6549
6d20
8047
d1d0
4beb
f0a8
6e22
1c8d
55d8
70b7
8072
d27c
4c19
f096
6e1f
d5a1
43b2
73f2
80a8
d329
4c48
f083
6e1c
9bc1
2f69
76cf
80e8
d3d6
4c77
f071
6e19
80c1
19a2
794c
8133
d483
4ca6
f05f
6e16
8cf2
030b
7b67
8187
d530
4cd4
f04c
6e13
bc92
ec5c
7d1f
81e6
d5de
4d03
f03a
6e10
00f6
d64c
7e70
824f
d68c
4d31
f028
6e0d
450f
c18c
7f5c
82c3
d73b
4d60
f016
6e0a
73e2
aec5
7fe0
8340
d7ea
4d8e
f003
6e07
7f05
9e8d
7ffd
83c8
d899
4dbd
eff1
6e04
630a
9168
7fb3
8459
d948
4deb
efdf
6e01
288d
87c0
7f01
84f5
d9f8
4e19
efcc
6dfe
e194
81e3
7de8
859a
daa8
4e47
efba
6dfb
a3f9
8001
7c6a
864a
db58
4e75
efa8
6df8
82b6
8227
7a86
8703
dc09
4ea3
ef96
6df5
8809
8846
7840
87c6
dcba
4ed1
ef83
6df2
b24e
922c
7598
8893
dd6b
4eff
ef71
6def
f482
9f88
7291
8969
de1d
4f2d
ef5f
6dec
3a3f
afef
6f2d
8a4a
decf
4f5b
ef4d
6de9
6e0c
c2dd
6b70
8b33
df81
4f88
ef3a
6de6
7ff5
d7b8
675b
8c26
e033
4fb6
ef28
6de3
6a75
edd9
62f3
8d23
e0e6
4fe4
ef16
6de0
342b
048c
5e3a
8e29
e199
5011
ef04
6ddd
edd1
1b1a
5936
8f38
e24c
503e
eef1
6dda
ad10
30ce
53e9
9050
e2ff
506c
eedf
6dd7
85da
44f7
4e58
9171
e3b3
5099
eecd
6dd4
8443
56f4
4888
929b
e467
50c6
eeba
6dd1
a8c8
6633
427d
93ce
e51b
50f4
eea8
6dce
e829
7238
3c3d
950a
e5cf
5121
ee96
6dcb
2ee2
7aa3
35cb
964e
e683
514e
ee84
6dc8
672b
7f30
2f2e
979b
e738
517b
ee71
6dc5
7fad
7fba
286b
98f0
e7ed
51a8
ee5f
6dc2
70dd
7c3d
2187
9a4e
e8a2
51d4
ee4d
6dbf
3f4b
74d5
1a88
9bb4
e957
5201
ee3b
6dbc
fa3a
69bd
1374
9d22
ea0d
522e
ee28
6db9
b6f1
5b50
0c50
9e98
eac2
525b
ee16
6db6
8a27
4a01
0522
a016
eb78
5287
ee04
6db3
81aa
365d
fdef
a19c
ec2e
52b4
edf2
6db0
a015
2102
f6bf
a329
ece4
52e0
eddf
6dad
dc0a
0a9d
ef96
a4be
ed9b
530c
edcd
6daa
2313
f3e1
e87a
a65a
ee51
5339
edbb
6da7
5f4e
dd88
e171
a7fe
ef08
5365
eda9
6da4
7e30
c845
da81
a9a8
efbe
5391
ed97
6da1
7634
b4c4
d3af
ab5a
f075
53bd
ed84
6d9e
49d1
a3a2
cd01
ad13
f12c
53e9
ed72
6d9b
06b2
956a
c67d
aed2
f1e3
5415
ed60
6d98
c183
8a8f
c027
b098
f29a
5441
ed4e
6d95
8f93
8368
ba04
b264
f352
546d
ed3b
6d92
8043
802f
b41a
b436
f409
5499
ed29
6d8f
984a
80fe
ae6e
b60f
f4c1
54c4
ed17
6d8c
d043
85ce
a904
b7ee
f578
54f0
ed05
6d89
16ef
8e79
a3e0
b9d2
f630
551c
ecf2
6d86
568b
9ab9
9f07
bbbc
f6e8
5547
ece0
6d83
7b80
aa2a
9a7c
bdac
f7a0
5573
ecce
6d80
7a6b
bc51
9643
bfa1
f857
559e
ecbc
6d7d
53a3
d09a
9260
c19b
f90f
55c9
ecaa
6d7a
1319
e661
8ed6
c39a
f9c7
55f4
ec97
6d77
ccad
fcf8
8ba7
c59f
fa7f
5620
ec85
6d74
960f
13a7
88d6
c7a7
fb38
564b
ec73
6d71
8012
29b7
8666
c9b5
fbf0
5676
ec61
6d6e
917c
3e77
8458
cbc7
fca8
56a1
ec4f
6d6b
c4ef
513e
82ae
cddd
fd60
56cb
ec3c
6d68
0a93
6175
816a
cff7
fe18
56f6
ec2a
6d65
4cf5
6e9a
808c
d215
fed1
5721
ec18
6d62
77a4
7841
8016
d437
ff89
574c
ec06
6d5f
7d7a
7e1d
8006
d65c
0041
5776
ebf4
6d5c
5cab
7fff
805f
d885
00f9
57a1
ebe1
6d59
1f51
7dd8
811f
dab1
01b2
57cb
ebcf
6d56
d853
77b9
8245
dcdf
026a
57f5
ebbd
6d53
9d8d
6dd3
83d1
df11
0322
5820
ebab
6d50
8119
6076
85c2
e146
03da
584a
eb99
6d4d
8bba
500e
8815
e37c
0493
5874
eb86
6d4a
ba2b
3d20
8aca
e5b6
054b
589e
eb74
6d47
fe1d
2845
8dde
e7f1
0603
58c8
eb62
6d44
42a5
1224
914e
ea2e
06bb
58f2
eb50
6d41
72a6
fb71
9517
ec6d
0773
591c
eb3e
6d3e
7f57
e4e3
9937
eeae
082b
5946
eb2b
6d3b
64d1
cf2f
9daa
f0f0
08e3
5970
eb19
6d37
2b3e
bb06
a26d
f333
099a
5999
eb07
6d34
e45a
a90a
a77b
f577
0a52
59c3
eaf5
6d31
a5f9
99cb
acd2
f7bd
0b0a
59ec
eae3
6d2e
8353
8dc6
b26b
fa02
0bc1
5a16
ead1
6d2b
8712
855c
b843
fc49
0c79
5a3f
eabe
6d28
b010
80cf
be56
fe8f
0d30
5a68
eaac
6d25
f1ad
8046
c49d
00d6
0de7
5a92
ea9a
6d22
37b2
83c4
cb15
031d
0e9e
5abb
ea88
6d1f
6c91
8b2c
d1b7
0563
0f55
5ae4
ea76
6d1c
7fff
9645
d87f
07a9
100c
5b0d
ea64
6d19
6c03
a4b2
df67
09ee
10c3
5b36
ea51
6d16
36c2
b601
e669
0c33
117a
5b5f
ea3f
6d13
f0a4
c9a6
ed80
0e76
1230
5b87
ea2d
6d10
af41
df01
f4a6
10b9
12e6
5bb0
ea1b
6d0d
86bc
f567
fbd5
12fa
139d
5bd9
ea09
6d0a
8390
0c22
0307
1539
1453
5c01
e9f7
6d07
a6b8
227b
0a37
1777
1508
5c2a
e9e4
6d04
e55e
37be
115f
19b3
15be
5c52
e9d2
6d01
2c39
4b3f
1878
1bec
1674
5c7a
e9c0
6cfe
6575
5c60
1f7e
1e24
1729
5ca3
e9ae
6cfb
7f71
6a98
266a
2059
17de
5ccb
e99c
6cf7
722e
7573
2d38
228b
1893
5cf3
e98a
6cf4
41c0
7c99
33e0
24bb
1948
5d1b
e978
6cf1
fd13
7fd2
3a5f
26e8
19fc
5d43
e965
6cee
b94c
7f02
40af
2911
1ab1
5d6b
e953
6ceb
8b4b
7a31
46ca
2b38
1b65
5d93
e941
6ce8
813c
7185
4cab
2d5a
1c19
5dba
e92f
6ce5
9e38
6545
524f
2f79
1ccc
5de2
e91d
6ce2
d951
55d3
57b0
3195
1d80
5e0a
e90b
6cdf
2054
43ac
5cca
33ac
1e33
5e31
e8f9
6cdc
5d62
2f63
619a
35bf
1ee6
5e58
e8e7
6cd9
7dad
199b
661a
37cd
1f99
5e80
e8d4
6cd6
7744
0305
6a47
39d7
204b
5ea7
e8c2
6cd3
4c1f
ec56
6e1e
3bdd
20fd
5ece
e8b0
6cd0
0989
d646
719d
3dde
21af
5ef5
e89e
6ccd
c403
c186
74bf
3fd9
2261
5f1c
e88c
6cca
90f6
aebf
7783
41d0
2312
5f43
e87a
6cc6
801c
9e89
79e6
43c1
23c3
5f6a
e868
6cc3
96a6
9165
7be7
45ac
2474
5f91
e856
6cc0
cda1
87be
7d83
4792
2524
5fb8
e843
6cbd
1420
81e2
7eb9
4972
25d5
5fde
e831
6cba
546c
8001
7f8a
4b4d
2684
6005
e81f
6cb7
7ab8
8229
7ff2
4d21
2734
602b
e80d
6cb4
7b39
8849
7ff4
4eef
27e3
6052
e7fb
6cb1
55c6
922f
7f8d
50b6
2892
6078
e7e9
6cae
15e8
9f8c
7ec0
5277
2941
609e
e7d7
6cab
cf4b
aff4
7d8c
5431
29ef
60c5
e7c5
6ca8
97af
c2e3
7bf2
55e5
2a9d
60eb
e7b3
6ca5
8033
d7be
79f4
5791
2b4b
6111
e7a1
6ca2
9013
eddf
7794
5937
2bf8
6137
e78f
6c9e
c26c
0492
74d2
5ad5
2ca5
615d
e77c
6c9b
07bc
1b21
71b2
5c6c
2d51
6182
e76a
6c98
4aaa
30d4
6e36
5dfb
2dfd
61a8
e758
6c95
7699
44fd
6a61
5f83
2ea9
61ce
e746
6c92
7e02
56f9
6635
6103
2f55
61f3
e734
6c8f
5e9c
6637
61b7
627b
3000
6219
e722
6c8c
2212
723b
5cea
63ec
30aa
623e
e710
6c89
db0a
7aa5
57d2
6554
3154
6263
e6fe
6c86
9f65
7f31
5273
66b4
31fe
6289
e6ec
6c83
8180
7fba
4cd0
680b
32a8
62ae
e6da
6c80
8a91
7c3c
46f0
695a
3351
62d3
e6c8
6c7c
b7cc
74d2
40d6
6aa1
33f9
62f8
e6b6
6c79
fb45
69ba
3a88
6bdf
34a1
631d
e6a4
6c76
4032
5b4b
340b
6d14
3549
6342
e691
6c73
715a
49fc
2d63
6e41
35f1
6366
e67f
6c70
7f99
3657
2697
6f64
3697
638b
e66d
6c6d
668c
20fc
1fab
707f
373e
63b0
e65b
6c6a
2de9
0a96
18a6
7190
37e4
63d4
e649
6c67
e723
f3db
118c
7299
3889
63f9
e637
6c64
a805
dd81
0a65
7398
392f
641d
e625
6c61
8400
c83f
0335
748d
39d3
6441
e613
6c5e
862b
b4be
fc03
7579
3a77
6465
e601
6c5a
addc
a39d
f4d4
765c
3b1b
648a
e5ef
6c57
eed9
9566
edad
7735
3bbe
64ae
e5dd
6c54
351f
8a8c
e696
7804
3c61
64d1
e5cb
6c51
6b08
8366
df93
78ca
3d03
64f5
e5b9
6c4e
7ffb
802e
d8ab
7986
3da5
6519
e5a7
6c4b
6d83
80fe
d1e2
7a38
3e46
653d
e595
6c48
3951
85d0
cb3f
7ae0
3ee7
6560
e583
6c45
f378
8e7c
c4c6
7b7e
3f87
6584
e571
6c42
b17b
9abd
be7d
7c13
4027
65a7
e55f
6c3e
87ad
aa2f
b86a
7c9d
40c6
65cb
e54d
6c3b
82ed
bc56
b290
7d1d
4165
65ee
e53b
6c38
a4b3
d0a0
acf5
7d93
4203
6611
e529
6c35
e297
e668
a79d
7dff
42a0
6634
e517
6c32
298a
fcff
a28d
7e60
433d
6657
e505
6c2f
63b2
13ae
9dc8
7eb8
43da
667a
e4f3
6c2c
7f25
29be
9953
7f05
4476
669d
e4e1
6c29
7370
3e7d
9530
7f48
4511
66c0
e4cf
6c26
442e
5143
9165
7f80
45ac
66e3
e4bd
6c22
ffec
617a
8df3
7faf
4647
6705
e4ab
6c1f
bbb0
6e9d
8add
7fd2
46e0
6728
e499
6c1c
8c7e
7843
8826
7fec
4779
674a
e487
6c19
80df
7e1e
85d0
7ffb
4812
676d
e475
6c16
9c68
7fff
83dc
7fff
48aa
678f
e463
6c13
d69d
7dd7
824e
7ffa
4941
67b1
e451
6c10
1d91
77b6
8125
7feb
49d8
67d3
e43f
6c0d
5b6a
6dcf
8062
7fd0
4a6e
67f5
e42d
6c09
7d1b
6071
8007
7fac
4b04
6817
e41b
6c06
7845
5009
8014
7f7d
4b99
6839
e409
6c03
4e65
3d1a
8088
7f43
4c2d
685b
e3f7
6c00
0c5f
283e
8163
7f00
4cc1
687d
e3e5
6bfd
c68a
121d
82a5
7eb2
4d54
689e
e3d3
6bfa
9268
fb6a
844c
7e5a
4de7
68c0
e3c1
6bf7
8006
e4dc
8658
7df8
4e79
68e1
e3af
6bf4
950f
cf29
88c5
7d8b
4f0a
6903
e39d
6bf0
cb07
bb00
8b94
7d14
4f9b
6924
e38b
6bed
114f
a905
8ec0
7c94
502b
6945
e379
6bea
5243
99c7
9248
7c09
50ba
6966
e367
6be7
79e1
8dc3
9629
7b74
5149
6987
e355
6be4
7bf6
855a
9a60
7ad5
51d7
69a8
e343
6be1
57dd
80cf
9ee8
7a2c
5264
69c9
e331
6bde
18b5
8046
a3c0
7979
52f1
69ea
e31f
6bda
d1f0
83c5
a8e2
78bd
537d
6a0b
e30d
6bd7
995c
8b2f
ae4b
77f6
5408
6a2b
e2fb
6bd4
8064
9648
b3f5
7726
5493
6a4c
e2e9
6bd1
8eb9
a4b7
b9dd
764c
551d
6a6c
e2d7
6bce
bff1
b607
bfff
7569
55a6
6a8c
e2c5
6bcb
04e4
c9ac
c653
747c
562f
6aad
e2b3
6bc8
4855
df08
ccd7
7386
56b6
6acd
e2a2
6bc4
7580
f56e
d384
7287
573e
6aed
e290
6bc1
7e7a
0c29
da55
717e
57c4
6b0d
e27e
6bbe
6080
2282
e144
706c
584a
6b2d
e26c
6bbb
24ce
37c4
e84c
6f50
58cf
6b4d
e25a
6bb8
ddc6
4b45
ef68
6e2c
5953
6b6c
e248
6bb5
a149
5c65
f691
6cff
59d7
6b8c
e236
6bb2
81f7
6a9c
fdc1
6bc9
5a5a
6bab
e224
6bae
8976
7575
04f3
6a8b
5adc
6bcb
e212
6bab
b577
7c9b
0c22
6943
5b5d
6bea
e200
6ba8
f86d
7fd2
1346
67f4
5bde
6c0a
e1ee
6ba5
3db8
7f01
1a5b
669b
5c5e
6c29
e1dc
6ba2
7001
7a2f
215b
653b
5cdd
6c48
e1ca
6b9f
7fcb
7182
283f
63d2
5d5c
6c67
e1b9
6b9c
6839
6541
2f03
6261
5dd9
6c86
e1a7
6b98
308f
55ce
35a1
60e9
5e56
6ca5
e195
6b95
e9f0
43a7
3c14
5f68
5ed2
6cc4
e183
6b92
aa1c
2f5d
4256
5de0
5f4e
6ce2
e171
6b8f
84bc
1995
4862
5c50
5fc8
6d01
e15f
6b8c
8553
02fe
4e34
5ab9
6042
6d1f
e14d
6b89
abb2
ec4f
53c6
591a
60bb
6d3e
e13b
6b85
ec08
d63f
5915
5774
6134
6d5c
e129
6b82
3284
c180
5e1b
55c7
61ab
6d7a
e118
6b7f
6972
aeba
62d5
5413
6222
6d98
e106
6b7c
7fe5
9e84
6740
5258
6298
6db6
e0f4
6b79
6ef5
9161
6b57
5097
630d
6dd4
e0e2
6b76
3bd9
87bc
6f16
4ecf
6381
6df2
e0d0
6b72
f64e
81e1
727c
4d00
63f5
6e10
e0be
6b6f
b3c0
8001
7586
4b2c
6467
6e2e
e0ac
6b6c
88ad
822a
7830
4951
64d9
6e4b
e09a
6b69
825a
884b
7a79
4771
654a
6e69
e089
6b66
a2ba
9233
7c5f
458a
65bb
6e86
e077
6b63
dfd4
9f91
7de0
439e
662a
6ea4
e065
6b5f
26d6
affa
7efb
41ad
6699
6ec1
e053
6b5c
61e2
c2e9
7fb0
3fb6
6706
6ede
e041
6b59
7ec9
d7c5
7ffd
3dba
6773
6efb
e02f
6b56
74a4
ede6
7fe2
3bb9
67df
6f18
e01d
6b53
4692
0499
7f61
39b3
684b
6f35
e00c
6b50
02c4
1b27
7e78
37a9
68b5
6f52
dffa
6b4c
be1c
30da
7d28
359a
691f
6f6f
dfe8
6b49
8dc0
4503
7b74
3387
6987
6f8b
dfd6
6b46
8093
56fe
795b
316f
69ef
6fa8
dfc4
6b43
9aa4
663b
76e0
2f54
6a56
6fc4
dfb2
6b40
d3ee
723e
7405
2d34
6abc
6fe1
dfa1
6b3c
1aca
7aa7
70cc
2b11
6b22
6ffd
df8f
6b39
5966
7f32
6d38
28eb
6b86
7019
df7d
6b36
7c79
7fba
694c
26c1
6bea
7035
df6b
6b33
7937
7c3a
650a
2494
6c4c
7051
df59
6b30
50a0
74cf
6076
2265
6cae
706d
df47
6b2d
0f34
69b6
5b95
2032
6d0f
7089
df36
6b29
c919
5b47
5669
1dfd
6d6f
70a5
df24
6b26
93e7
49f6
50f7
1bc5
6dce
70c0
df12
6b23
8000
3651
4b44
198b
6e2c
70dc
df00
6b20
9385
20f5
4554
174f
6e8a
70f7
deee
6b1d
c872
0a8f
3f2c
1511
6ee6
7113
dedd
6b19
0e7c
f3d4
38d0
12d2
6f42
712e
decb
6b16
5010
dd7b
3247
1090
6f9c
7149
deb9
6b13
78fb
c839
2b95
0e4e
6ff6
7164
dea7
6b10
7ca4
b4b9
24c0
0c0a
704f
717f
de95
6b0d
59ea
a399
1dcd
09c6
70a7
719a
de84
6b09
1b7e
9563
16c1
0780
70fe
71b5
de72
6b06
d49b
8a89
0fa4
053a
7154
71cf
de60
6b03
9b16
8365
087a
02f4
71a9
71ea
de4e
6b00
80a5
802e
0148
00ad
71fe
7205
de3d
6afd
8d6d
80ff
fa16
fe67
7251
721f
de2b
6af9
bd7e
85d2
f2e9
fc20
72a3
7239
de19
6af6
020b
8e7f
ebc6
f9da
72f5
7254
de07
6af3
45f8
9ac1
e4b4
f794
7345
726e
ddf6
6af0
7457
aa34
ddb8
f54f
7395
7288
dde4
6aed
7ee2
bc5c
d6d7
f30b
73e4
72a2
ddd2
6ae9
6259
d0a6
d018
f0c8
7432
72bc
ddc0
6ae6
2786
e66f
c97f
ee86
747e
72d6
ddae
6ae3
e087
fd05
c313
ec45
74ca
72ef
dd9d
6ae0
a339
13b4
bcd8
ea06
7515
7309
dd8b
6add
827e
29c4
b6d3
e7c9
755f
7322
dd79
6ad9
886b
3e83
b10a
e58e
75a8
733c
dd67
6ad6
b32b
5148
ab80
e355
75f0
7355
dd56
6ad3
f596
617e
a63b
e11e
7637
736e
dd44
6ad0
3b35
6ea0
a13f
deea
767e
7387
dd32
6acd
6e99
7845
9c8f
dcb9
76c3
73a0
dd21
6ac9
7fec
7e20
982f
da8a
7707
73b9
dd0f
6ac6
69da
7fff
9424
d85e
774a
73d2
dcfd
6ac3
332e
7dd6
9070
d636
778d
73eb
dceb
6ac0
ecbf
77b4
8d16
d411
77ce
7404
dcda
6abd
ac3e
6dcc
8a19
d1ef
780e
741c
dcc8
6ab9
8589
606d
877c
cfd1
784e
7435
dcb6
6ab6
848b
5004
8540
cdb8
788c
744d
dca5
6ab3
a993
3d14
8368
cba2
78ca
7465
dc93
6ab0
e939
2838
81f4
c990
7906
747e
dc81
6aac
2fe3
1217
80e7
c783
7942
7496
dc6f
6aa9
67ce
fb63
8040
c57b
797c
74ae
dc5e
6aa6
7fc0
e4d5
8001
c377
79b6
74c6
dc4c
6aa3
705a
cf23
8029
c178
79ee
74dd
dc3a
6aa0
3e59
bafb
80b9
bf7e
7a26
74f5
dc29
6a9c
f925
a900
81af
bd89
7a5d
750d
dc17
6a99
b60e
99c3
830c
bb9a
7a92
7524
dc05
6a96
89bc
8dc0
84ce
b9b0
7ac7
753c
dbf4
6a93
81d7
8558
86f4
b7cc
7afa
7553
dbe2
6a8f
a0cd
80ce
897c
b5ee
7b2d
756a
dbd0
6a8c
dd14
8047
8c64
b416
7b5f
7582
dbbf
6a89
241d
83c7
8fa9
b244
7b8f
7599
dbad
6a86
6007
8b32
9349
b078
7bbf
75b0
db9b
6a83
7e5d
964c
9741
aeb3
7bed
75c6
db8a
6a7f
75c9
a4bc
9b8e
acf4
7c1b
75dd
db78
6a7c
48ee
b60c
a02c
ab3c
7c48
75f4
db66
6a79
059d
c9b2
a518
a98b
7c73
760a
db55
6a76
c091
df0e
aa4d
a7e0
7c9e
7621
db43
6a72
8f0f
f574
afc8
a63d
7cc7
7637
db31
6a6f
8056
0c30
b584
a4a2
7cf0
764e
db20
6a6c
98ee
2288
bb7c
a30d
7d18
7664
db0e
6a69
d144
37cb
c1ab
a180
7d3e
767a
dafc
6a65
17ff
4b4a
c80d
9ffb
7d64
7690
daeb
6a62
5756
5c6a
ce9c
9e7e
7d88
76a6
dad9
6a5f
7bc7
6a9f
d553
9d08
7dac
76bc
dac7
6a5c
7a19
7578
dc2d
9b9b
7dce
76d1
dab6
6a58
52d1
7c9c
e323
9a35
7df0
76e7
daa4
6a55
1206
7fd2
ea31
98d8
7e10
76fd
da93
6a52
cbaf
7f00
f151
9783
7e2f
7712
da81
6a4f
9575
7a2d
f87c
9637
7e4e
7727
da6f
6a4b
800a
717f
ffae
94f3
7e6b
773d
da5e
6a48
9209
653d
06e0
93b8
7e88
7752
da4c
6a45
c5e5
55c9
0e0c
9286
7ea3
7767
da3a
6a42
0ba7
43a1
152d
915c
7ebd
777c
da29
6a3e
4dd2
2f57
1c3d
903c
7ed7
7791
da17
6a3b
7805
198e
2336
8f24
7eef
77a5
da06
6a38
7d42
02f7
2a12
8e16
7f06
77ba
d9f4
6a35
5beb
ec48
30cc
8d11
7f1c
77cf
d9e2
6a31
1e44
d639
375f
8c15
7f31
77e3
d9d1
6a2e
d74c
c17a
3dc5
8b23
7f46
77f7
d9bf
6a2b
9cdc
aeb5
43f9
8a3a
7f59
780c
d9ae
6a28
80f6
9e80
49f6
895a
7f6b
7820
d99c
6a24
8c2f
915e
4fb8
8884
7f7c
7834
d98b
6a21
bb14
87b9
5538
87b8
7f8c
7848
d979
6a1e
ff33
81e0
5a74
86f6
7f9b
785c
d967
6a1b
4391
8001
5f66
863d
7fa9
7870
d956
6a17
7320
822b
640c
858e
7fb6
7883
d944
6a14
7f3a
884d
6860
84ea
7fc2
7897
d933
6a11
6425
9236
6c60
844f
7fcc
78aa
d921
6a0e
2a39
9f95
7008
83be
7fd6
78be
d910
6a0a
e34b
afff
7355
8337
7fdf
78d1
d8fe
6a07
a535
c2ef
7646
82ba
7fe7
78e4
d8ec
6a04
8315
d7cb
78d6
8248
7fed
78f7
d8db
6a01
876e
eded
7b05
81df
7ff3
790a
d8c9
69fd
b0e9
04a0
7cd0
8181
7ff8
791d
d8b8
69fa
f2c0
1b2e
7e36
812d
7ffb
7930
d8a6
69f7
38ab
30e0
7f36
80e3
7ffe
7943
d895
69f3
6d23
4508
7fce
80a4
7fff
7955
d883
69f0
7ffd
5703
7fff
806f
7fff
7968
d872
69ed
6b6d
663f
7fca
8044
7fff
797a
d860
69ea
35c7
7241
7f2c
8024
7ffe
798d
d84f
69e6
ef91
7aa9
7e28
800e
7ffb
799f
d83d
69e3
ae6a
7f33
7cbd
8002
7ff8
79b1
d82c
69e0
8664
7fb9
7aee
8001
7ff3
79c3
d81a
69dd
83d2
7c38
78bb
800a
7fed
79d5
d809
69d9
a77f
74cd
7626
801d
7fe6
79e7
d7f7
69d6
e66e
69b2
7332
803b
7fdf
79f8
d7e6
69d3
2d3d
5b42
6fe0
8063
7fd6
7a0a
d7d4
69cf
661d
49f1
6c34
8095
7fcc
7a1b
d7c3
69cc
7f8a
364b
6830
80d2
7fc1
7a2d
d7b1
69c9
71b0
20ef
63d8
8119
7fb5
7a3e
d7a0
69c6
40d2
0a88
5f30
816a
7fa8
7a4f
d78e
69c2
fbfe
f3cd
5a3a
81c6
7f9a
7a61
d77d
69bf
b865
dd74
54fb
822c
7f8b
7a72
d76b
69bc
8adb
c832
4f77
829c
7f7b
7a83
d75a
69b8
8164
b4b3
49b3
8316
7f6a
7a93
d748
69b5
9eec
a394
43b4
839a
7f58
7aa4
d737
69b2
da5a
955f
3d7d
8428
7f45
7ab5
d725
69af
2160
8a87
3715
84c0
7f31
7ac5
d714
69ab
5e1f
8363
3080
8563
7f1b
7ad6
d702
69a8
7de1
802e
29c4
860f
7f05
7ae6
d6f1
69a5
76de
8100
22e7
86c5
7eee
7af6
d6e0
69a1
4b40
85d4
1bed
8785
7ed5
7b06
d6ce
699e
0875
8e82
14dc
884e
7ebc
7b16
d6bd
699b
c30e
9ac5
0dba
8922
7ea2
7b26
d6ab
6998
906d
aa39
068e
89ff
7e86
7b36
d69a
6994
8029
bc62
ff5c
8ae5
7e6a
7b46
d688
6991
9744
d0ac
f82a
8bd5
7e4d
7b56
d677
698e
cea1
e675
f0ff
8ccf
7e2e
7b65
d665
698a
1532
fd0c
e9e0
8dd1
7e0f
7b75
d654
6987
553c
13bb
e2d3
8edd
7dee
7b84
d643
6984
7b06
29ca
dbde
8ff2
7dcd
7b93
d631
6981
7aec
3e88
d506
9111
7daa
7ba2
d620
697d
54f7
514e
ce50
9238
7d87
7bb1
d60e
697a
14d7
6182
c7c3
9368
7d62
7bc0
d5fd
6977
ce4c
6ea4
c163
94a1
7d3c
7bcf
d5ec
6973
970f
7848
bb36
95e2
7d16
7bde
d5da
6970
8025
7e21
b541
972c
7cee
7bed
d5c9
696d
909b
7fff
af88
987f
7cc6
7bfb
d5b7
6969
c360
7dd4
aa11
99da
7c9c
7c0a
d5a6
6966
08d1
77b2
a4de
9b3d
7c71
7c18
d595
6963
4b8a
6dc8
9ff6
9ca8
7c46
7c26
d583
695f
7700
6069
9b5b
9e1c
7c19
7c34
d572
695c
7dd0
4ffe
9712
9f97
7beb
7c42
d560
6959
5de0
3d0e
931e
a11b
7bbd
7c50
d54f
6956
2107
2831
8f82
a2a5
7b8d
7c5e
d53e
6952
da01
1210
8c40
a438
7b5c
7c6c
d52c
694f
9eb0
fb5d
895d
a5d2
7b2b
7c79
d51b
694c
8157
e4cf
86da
a773
7af8
7c87
d50a
6948
8b00
cf1d
84b8
a91b
7ac4
7c94
d4f8
6945
b8b2
baf5
82fb
aaca
7a90
7ca2
d4e7
6942
fc5a
a8fb
81a2
ac81
7a5a
7caf
d4d6
693e
4122
99bf
80b0
ae3e
7a24
7cbc
d4c4
693b
71da
8dbd
8025
b001
79ec
7cc9
d4b3
6938
7f82
8556
8001
b1cb
79b3
7cd6
d4a2
6934
65e5
80cd
8045
b39c
797a
7ce3
d490
6931
2ce6
8047
80f1
b573
793f
7cf0
d47f
692e
e613
83c8
8203
b74f
7904
7cfc
d46e
692a
a73d
8b35
837b
b932
78c7
7d09
d45c
6927
83bc
9650
8558
bb1a
788a
7d15
d44b
6924
8681
a4c1
8798
bd08
784b
7d21
d43a
6920
aeb1
b612
8a3a
befb
780c
7d2e
d428
691d
efec
c9b8
8d3a
c0f4
77cb
7d3a
d417
691a
361a
df15
9098
c2f1
778a
7d46
d406
6916
6b9f
f57b
9450
c4f4
7747
7d52
d3f4
6913
7ffe
0c36
985f
c6fb
7704
7d5e
d3e3
6910
6cf2
228f
9cc2
c907
76c0
7d69
d3d2
690d
3859
37d1
a176
cb18
767b
7d75
d3c0
6909
f264
4b50
a676
cd2c
7634
7d80
d3af
6906
b0a1
5c6e
abbe
cf45
75ed
7d8c
d39e
6903
874f
6aa3
b14a
d162
75a5
7d97
d38d
68ff
832a
757b
b717
d383
755c
7da2
d37b
68fc
a576
7c9e
bd1e
d5a7
7512
7dad
d36a
68f9
e3a5
7fd3
c35b
d7ce
74c7
7db8
d359
68f5
2a90
7eff
c9ca
d9f9
747b
7dc3
d348
68f2
645f
7a2b
d064
dc27
742e
7dce
d336
68ef
7f44
717c
d725
de58
73e0
7dd9
d325
68eb
72f7
6539
de07
e08b
7392
7de3
d314
68e8
4342
55c4
e504
e2c1
7342
7dee
d302
68e4
fed6
439b
ec17
e4fa
72f1
7df8
d2f1
68e1
bac6
2f50
f33b
e735
72a0
7e03
d2e0
68de
8c08
1987
fa68
e971
724d
7e0d
d2cf
68da
8101
02f0
019b
ebb0
71fa
7e17
d2bd
68d7
9d17
ec42
08cc
edf0
71a6
7e21
d2ac
68d4
d7a3
d632
0ff5
f031
7150
7e2b
d29b
68d0
1e9e
c175
1712
f274
70fa
7e34
d28a
68cd
5c2b
aeb0
1e1c
f4b8
70a3
7e3e
d279
68ca
7d55
9e7b
250e
f6fd
704b
7e48
d267
68c6
77e5
915b
2be2
f943
6ff2
7e51
d256
68c3
4d89
87b7
3292
fb89
6f98
7e5a
d245
68c0
0b4b
81df
391a
fdcf
6f3e
7e64
d234
68bc
c593
8001
3f73
0016
6ee2
7e6d
d223
68b9
91da
822c
4599
025d
6e86
7e76
d211
68b6
800d
8850
4b86
04a3
6e28
7e7f
d200
68b2
95a8
923a
5137
06e9
6dca
7e88
d1ef
68af
cc03
9f9a
56a5
092f
6d6b
7e91
d1de
68ac
1262
b004
5bce
0b74
6d0b
7e99
d1cd
68a8
5317
c2f5
60ac
0db7
6caa
7ea2
d1bb
68a5
7a35
d7d2
653c
0ffa
6c48
7eaa
d1aa
68a2
7bb0
edf3
697a
123c
6be5
7eb3
d199
689e
5713
04a7
6d63
147c
6b82
7ebb
d188
689b
17a5
1b34
70f3
16ba
6b1d
7ec3
d177
6897
d0ee
30e7
7428
18f6
6ab8
7ecb
d166
6894
98b7
450e
76ff
1b31
6a52
7ed3
d154
6891
804f
5708
7975
1d69
69eb
7edb
d143
688d
8f3b
6643
7b89
1f9f
6983
7ee2
d132
688a
c0e2
7244
7d39
21d2
691a
7eea
d121
6887
05f9
7aab
7e84
2403
68b0
7ef2
d110
6883
4939
7f33
7f69
2631
6846
7ef9
d0ff
6880
75ed
7fb9
7fe6
285b
67db
7f00
d0ed
687d
7e4e
7c37
7ffc
2a83
676e
7f08
d0dc
6879
5fc9
74ca
7faa
2ca7
6701
7f0f
d0cb
6876
23c5
69ae
7ef1
2ec7
6694
7f16
d0ba
6872
dcbc
5b3d
7dd1
30e3
6625
7f1d
d0a9
686f
a08f
49eb
7c4b
32fc
65b6
7f23
d098
686c
81c8
3645
7a61
3510
6545
7f2a
d087
6868
89e0
20e8
7814
3720
64d4
7f31
d076
6865
b659
0a82
7565
392c
6462
7f37
d065
6862
f982
f3c6
7258
3b33
63f0
7f3e
d053
685e
3eaa
dd6e
6eee
3d35
637c
7f44
d042
685b
7086
c82c
6b2a
3f32
6308
7f4a
d031
6857
7fba
b4ae
670f
412b
6292
7f50
d020
6854
6798
a38f
62a1
431d
621d
7f56
d00f
6851
2f8e
955b
5de3
450b
61a6
7f5c
cffe
684d
e8df
8a84
58da
46f3
612e
7f62
cfed
684a
a94f
8361
5388
48d5
60b6
7f67
cfdc
6847
8473
802d
4df3
4ab1
603d
7f6d
cfcb
6843
85a4
8101
481e
4c87
5fc3
7f72
cfba
6840
ac84
85d6
4210
4e57
5f48
7f78
cfa9
683c
ed1a
8e86
3bcb
5021
5ecd
7f7d
cf98
6839
3382
9ac9
3557
51e4
5e51
7f82
cf86
6836
6a0e
aa3e
2eb7
53a0
5dd4
7f87
cf75
6832
7fef
bc68
27f1
5556
5d56
7f8c
cf64
682f
6e6a
d0b3
210c
5705
5cd8
7f91
cf53
682c
3ae3
e67c
1a0b
58ad
5c58
7f96
cf42
6828
f53a
fd13
12f5
5a4d
5bd8
7f9a
cf31
6825
b2e2
13c2
0bd0
5be7
5b58
7f9f
cf20
6821
884a
29d1
04a1
5d79
5ad6
7fa3
cf0f
681e
8290
3e8e
fd6f
5f03
5a54
7fa8
cefe
681b
a379
5153
f63f
6085
59d1
7fac
ceed
6817
e0e0
6187
ef16
6200
594d
7fb0
cedc
6814
27de
6ea7
e7fc
6373
58c9
7fb4
cecb
6810
6294
784a
e0f4
64de
5844
7fb8
ceba
680d
7eee
7e22
da06
6641
57be
7fbc
cea9
680a
7431
7fff
d337
679b
5738
7fbf
ce98
6806
45aa
7dd3
cc8c
68ed
56b0
7fc3
ce87
6803
01af
77af
c60a
6a36
5628
7fc7
ce76
67ff
bd2f
6dc5
bfb7
6b77
55a0
7fca
ce65
67fc
8d44
6064
b999
6caf
5517
7fcd
ce54
67f9
80ae
4ff9
b3b3
6ddf
548d
7fd0
ce43
67f5
9b4f
3d09
ae0b
6f05
5402
7fd4
ce32
67f2
d4f2
282b
a8a6
7023
5376
7fd7
ce21
67ee
1bd8
1209
a387
7137
52ea
7fd9
ce10
67eb
5a2b
fb56
9eb3
7243
525e
7fdc
cdff
67e8
7cb9
e4c8
9a2e
7345
51d0
7fdf
cdee
67e4
78dd
cf16
95fb
743d
5142
7fe1
cddd
67e1
4fc8
baef
921e
752c
50b4
7fe4
cdcc
67dd
0e20
a8f6
8e9a
7612
5024
7fe6
cdbb
67da
c81f
99bb
8b71
76ee
4f94
7fe9
cdab
67d7
9354
8dba
88a7
77c1
4f04
7feb
cd9a
67d3
8001
8554
863e
788a
4e72
7fed
cd89
67d0
9419
80cc
8437
7949
4de0
7fef
cd78
67cc
c96d
8048
8295
79fe
4d4e
7ff1
cd67
67c9
0f8f
83ca
8157
7aaa
4cbb
7ff2
cd56
67c6
50e7
8b37
8081
7b4b
4c27
7ff4
cd45
67c2
7954
9654
8011
7be3
4b92
7ff5
cd34
67bf
7c64
a4c5
8009
7c71
4afd
7ff7
cd23
67bb
5923
b617
8069
7cf4
4a68
7ff8
cd12
67b8
1a6f
c9be
8130
7d6d
49d1
7ff9
cd01
67b5
d397
df1b
825d
7ddc
493b
7ffb
ccf0
67b1
9a6c
f582
83f1
7e41
48a3
7ffc
ccdf
67ae
808a
0c3d
85e8
7e9c
480b
7ffc
cccf
67aa
8de9
2295
8843
7eed
4773
7ffd
ccbe
67a7
be6c
37d7
8afe
7f33
46d9
7ffe
ccad
67a3
0321
4b55
8e18
7f6f
4640
7fff
cc9c
67a0
46df
5c73
918e
7fa0
45a5
7fff
cc8b
679d
74ca
6aa7
955e
7fc8
450a
7fff
cc7a
6799
7ebc
757d
9984
7fe5
446f
7fff
cc69
6796
61a7
7c9f
9dfd
7ff7
43d3
7fff
cc58
6792
267e
7fd3
a2c5
7fff
4336
7fff
cc48
678f
df7b
7eff
a7d8
7ffd
4299
7fff
cc37
678b
a27b
7a29
ad33
7ff1
41fc
7fff
cc26
6788
8249
7179
b2d1
7fda
415e
7fff
cc15
6785
88cf
6535
b8ae
7fb9
40bf
7fff
cc04
6781
b40a
55bf
bec4
7f8d
4020
7fff
cbf3
677e
f6aa
4396
c50f
7f58
3f80
7ffe
cbe3
677a
3c2b
2f4a
cb8a
7f17
3ee0
7ffe
cbd2
6777
6f23
1981
d22f
7ecd
3e3f
7ffd
cbc1
6773
7fe1
02ea
d8f9
7e78
3d9e
7ffc
cbb0
6770
693d
ec3b
dfe3
7e19
3cfc
7ffb
cb9f
676d
322f
d62c
e6e7
7db0
3c5a
7ffa
cb8e
6769
ebad
c16f
edff
7d3d
3bb7
7ff9
cb7e
6766
ab6d
aeab
f525
7cbf
3b14
7ff8
cb6d
6762
8539
9e77
fc55
7c38
3a70
7ff6
cb5c
675f
84d5
9157
0387
7ba6
39cc
7ff5
cb4b
675b
aa61
87b5
0ab7
7b0a
3927
7ff3
cb3a
6758
ea4a
81de
11de
7a65
3882
7ff2
cb2a
6755
30e4
8001
18f6
79b5
37dc
7ff0
cb19
6751
686f
822d
1ffa
78fc
3736
7fee
cb08
674e
7fd0
8852
26e5
7839
3690
7fec
caf7
674a
6fd4
923d
2db0
776c
35e9
7fea
cae7
6747
3d67
9f9e
3456
7695
3542
7fe8
cad6
6743
f811
b009
3ad1
75b5
349a
7fe5
cac5
6740
b52c
c2fa
411d
74cb
33f2
7fe3
cab4
673c
8953
d7d8
4734
73d8
3349
7fe0
caa4
6739
8207
edfa
4d12
72dc
32a0
7fde
ca93
6736
a187
04ad
52b1
71d6
31f7
7fdb
ca82
6732
de1f
1b3b
580e
70c7
314d
7fd8
ca71
672f
2527
30ed
5d23
6faf
30a3
7fd5
ca61
672b
60bd
4514
61ec
6e8e
2ff8
7fd2
ca50
6728
7e88
570d
6667
6d63
2f4d
7fcf
ca3f
6724
755b
6647
6a8e
6c30
2ea1
7fcc
ca2e
6721
4809
7247
6e60
6af5
2df6
7fc9
ca1e
671d
0488
7aad
71d8
69b0
2d4a
7fc5
ca0d
671a
bfa1
7f34
74f4
6863
2c9d
7fc2
c9fc
6716
8e8e
7fb8
77b1
670e
2bf0
7fbe
c9ec
6713
806b
7c35
7a0d
65b0
2b43
7fba
c9db
6710
9993
74c7
7c07
644a
2a95
7fb6
c9ca
670c
d247
69aa
7d9c
62dc
29e7
7fb2
c9b9
6709
190f
5b38
7ecb
6166
2939
7fae
c9a9
6705
5820
49e6
7f94
5fe8
288a
7faa
c998
6702
7c0d
363f
7ff6
5e62
27db
7fa6
c987
66fe
79c5
20e2
7ff0
5cd5
272c
7fa2
c977
66fb
51fd
0a7b
7f82
5b40
267d
7f9d
c966
66f7
10f4
f3c0
7eae
59a3
25cd
7f99
c955
66f4
cab3
dd67
7d73
5800
251d
7f94
c945
66f0
94dc
c826
7bd2
5655
246c
7f8f
c934
66ed
8005
b4a8
79cd
54a3
23bb
7f8a
c923
66ea
9298
a38b
7765
52eb
230a
7f85
c913
66e6
c6dd
9557
749d
512c
2259
7f80
c902
66e3
0cbb
8a81
7177
4f66
21a7
7f7b
c8f2
66df
4ead
8360
6df5
4d99
20f5
7f76
c8e1
66dc
7865
802d
6a19
4bc7
2043
7f70
c8d0
66d8
7d08
8102
65e8
49ee
1f91
7f6b
c8c0
66d5
5b29
85d8
6164
4810
1ede
7f65
c8af
66d1
1d37
8e89
5c92
462b
1e2b
7f5f
c89e
66ce
d645
9acd
5774
4441
1d78
7f5a
c88e
66ca
9c2e
aa43
5210
4251
1cc4
7f54
c87d
66c7
80d5
bc6d
4c6a
405c
1c11
7f4e
c86d
66c3
8ca6
d0b9
4685
3e62
1b5d
7f47
c85c
66c0
bbfe
e682
4068
3c63
1aa9
7f41
c84b
66bc
0048
fd1a
3a16
3a5e
19f4
7f3b
c83b
66b9
447c
13c8
3395
3856
1940
7f34
c82a
66b5
7398
29d7
2ceb
3648
188b
7f2e
c81a
66b2
7f1b
3e94
261c
3436
17d6
7f27
c809
66ae
6378
5158
1f2f
3220
1721
7f21
c7f9
66ab
2933
618b
1828
3006
166c
7f1a
c7e8
66a8
e23d
6eab
110d
2de8
15b6
7f13
c7d7
66a4
a473
784c
09e5
2bc6
1500
7f0c
c7c7
66a1
82da
7e23
02b5
29a1
144a
7f05
c7b6
669d
87cc
7fff
fb82
2778
1394
7efd
c7a6
669a
b1c4
7dd2
f454
254c
12de
7ef6
c795
6696
f3d4
77ad
ed2e
231d
1228
7eef
c785
6693
39a3
6dc1
e618
20ec
1171
7ee7
c774
668f
6db3
6060
df17
1eb7
10bb
7edf
c764
668c
7ff9
4ff4
d831
1c80
1004
7ed8
c753
6688
6ad5
3d03
d16a
1a47
0f4d
7ed0
c743
6685
34cb
2825
caca
180c
0e96
7ec8
c732
6681
ee7e
1203
c454
15ce
0ddf
7ec0
c722
667e
ad95
fb4f
be0f
138f
0d28
7eb7
c711
667a
860f
e4c2
b7ff
114f
0c70
7eaf
c701
6677
8417
cf10
b22a
0f0d
0bb9
7ea7
c6f0
6673
a848
baea
ac93
0cc9
0b02
7e9e
c6e0
6670
e77e
a8f1
a740
0a85
0a4a
7e96
c6cf
666c
2e3f
99b7
a235
0840
0992
7e8d
c6bf
6669
66c3
8db7
9d76
05fa
08da
7e84
c6ae
6665
7fa0
8552
9906
03b4
0823
7e7b
c69e
6662
712f
80cc
94ea
016d
076b
7e72
c68d
665e
3fe2
8048
9124
ff27
06b3
7e69
c67d
665b
fae9
83cc
8db9
fce0
05fb
7e60
c66c
6657
b780
8b3a
8aa9
fa9a
0542
7e57
c65c
6654
8a6c
9658
87f9
f854
048a
7e4d
c64b
6650
818e
a4ca
85aa
f60e
03d2
7e44
c63b
664d
9fa1
b61d
83bd
f3ca
031a
7e3a
c62a
6649
db63
c9c4
8236
f186
0262
7e30
c61a
6646
226b
df22
8114
ef44
01a9
7e27
c60a
6642
5eda
f588
8059
ed03
00f1
7e1d
c5f9
663f
7e12
0c44
8005
eac4
0039
7e13
c5e9
663b
7676
229c
8019
e886
ff81
7e09
c5d8
6638
4a5f
37dd
8094
e64a
fec8
7dfe
c5c8
6634
0760
4b5a
8176
e410
fe10
7df4
c5b7
6631
c21b
5c78
82bf
e1d9
fd58
7dea
c5a7
662d
8fe7
6aab
846d
dfa4
fca0
7ddf
c597
662a
8038
7580
8680
dd71
fbe8
7dd4
c586
6626
97e4
7ca1
88f4
db42
fb2f
7dca
c576
6623
cfa1
7fd3
8bc9
d915
fa77
7dbf
c566
661f
1643
7efe
8efc
d6eb
f9bf
7db4
c555
661c
560a
7a27
928a
d4c5
f907
7da9
c545
6618
7b51
7176
9671
d2a3
f84f
7d9e
c534
6615
7a9e
6530
9aae
d084
f797
7d92
c524
6611
5427
55ba
9f3c
ce68
f6df
7d87
c514
660e
13c5
4390
a419
cc51
f628
7d7c
c503
660a
cd4d
2f44
a940
ca3e
f570
7d70
c4f3
6607
9671
197a
aead
c830
f4b8
7d64
c4e3
6603
8019
02e3
b45d
c626
f401
7d59
c4d2
6600
9124
ec34
ba49
c420
f34a
7d4d
c4c2
65fc
c454
d626
c06e
c220
f292
7d41
c4b2
65f8
09e5
c169
c6c6
c024
f1db
7d35
c4a1
65f5
4c6a
aea5
cd4d
be2e
f124
7d29
c491
65f1
7765
9e73
d3fc
bc3d
f06d
7d1c
c481
65ee
7d9c
9154
dacf
ba51
efb6
7d10
c470
65ea
5d23
87b2
e1c1
b86b
eeff
7d04
c460
65e7
1ffa
81dc
e8ca
b68b
ee49
7cf7
c450
65e3
d8f9
8001
efe7
b4b1
ed92
7cea
c43f
65e0
9dfd
822f
f711
b2dd
ecdc
7cde
c42f
65dc
8130
8854
fe41
b10f
ec26
7cd1
c41f
65d9
8b71
9240
0574
af47
eb70
7cc4
c40f
65d5
b999
9fa3
0ca2
ad86
eaba
7cb7
c3fe
65d2
fd6f
b00f
13c5
abcc
ea05
7ca9
c3ee
65ce
4210
c300
1ad9
aa19
e94f
7c9c
c3de
65cb
7258
d7df
21d7
a86c
e89a
7c8f
c3cd
65c7
7f69
ee01
28b9
a6c7
e7e5
7c81
c3bd
65c4
653c
04b4
2f7b
a529
e730
7c74
c3ad
65c0
2be2
1b42
3616
a392
e67b
7c66
c39d
65bc
e504
30f3
3c85
a202
e5c7
7c58
c38c
65b9
a676
4519
42c3
a07b
e513
7c4a
c37c
65b5
837b
5712
48cc
9efb
e45f
7c3d
c36c
65b2
86da
664b
4e99
9d82
e3ab
7c2e
c35c
65ae
af88
724a
5427
9c12
e2f7
7c20
c34c
65ab
f0ff
7aaf
5971
9aaa
e244
7c12
c33b
65a7
3715
7f35
5e72
994a
e191
7c04
c32b
65a4
6c34
7fb8
6327
97f3
e0de
7bf5
c31b
65a0
7fff
7c33
678b
96a4
e02b
7be7
c30b
659d
6c60
74c4
6b9c
955d
df79
7bd8
c2fa
6599
375f
69a7
6f56
941f
dec7
7bc9
c2ea
6596
f151
5b34
72b6
92ea
de15
7bba
c2da
6592
afc8
49e0
75b8
91bd
dd64
7bab
c2ca
658e
86f4
3639
785c
909a
dcb2
7b9c
c2ba
658b
8368
20db
7a9e
8f7f
dc01
7b8d
c2aa
6587
a63b
0a74
7c7d
8e6e
db51
7b7e
c299
6584
e4b4
f3b9
7df7
8d66
daa0
7b6e
c289
6580
2b95
dd61
7f0b
8c67
d9f0
7b5f
c279
657d
650a
c820
7fb8
8b72
d940
7b4f
c269
6579
7f61
b4a3
7ffe
8a85
d891
7b40
c259
6576
727c
a386
7fdd
89a3
d7e2
7b30
c249
6572
4256
9554
7f54
88ca
d733
7b20
c238
656e
fdc1
8a7f
7e64
87fa
d684
7b10
c228
656b
b9de
835e
7d0d
8735
d5d6
7b00
c218
6567
8b94
802c
7b51
8679
d528
7af0
c208
6564
8125
8103
7932
85c7
d47b
7adf
c1f8
6560
9dc8
85da
76b0
851f
d3ce
7acf
c1e8
655d
d8ab
8e8c
73cf
8481
d321
7abf
c1d8
6559
1fab
9ad2
7090
83ec
d275
7aae
c1c8
6556
5cea
aa48
6cf5
8362
d1c9
7a9d
c1b7
6552
7d8c
bc73
6902
82e2
d11d
7a8d
c1a7
654e
7783
d0bf
64bb
826c
d072
7a7c
c197
654b
4cab
e689
6022
8201
cfc7
7a6b
c187
6547
0a37
fd20
5b3b
819f
cf1c
7a5a
c177
6544
c49d
13cf
560a
8148
ce72
7a48
c167
6540
914e
29de
5094
80fb
cdc9
7a37
c157
653d
8016
3e9a
4adc
80b8
cd1f
7a26
c147
6539
9643
515d
44e8
807f
cc76
7a14
c137
6536
cd01
618f
3ebc
8051
cbce
7a03
c127
6532
1374
6eae
385d
802d
cb26
79f1
c117
652e
53e9
784f
31d1
8014
ca7e
79df
c107
652b
7a86
7e24
2b1c
8005
c9d7
79cd
c0f7
6527
7b67
7fff
2445
8000
c930
79bb
c0e7
6524
5647
7dd1
1d50
8006
c88a
79a9
c0d7
6520
1694
77aa
1643
8016
c7e4
7997
c0c7
651d
cfed
6dbe
0f24
8030
c73f
7985
c0b7
6519
9814
605b
07fa
8055
c69a
7973
c0a7
6515
803d
4fef
00c8
8084
c5f5
7960
c097
6512
8fbf
3cfd
f996
80bd
c551
794e
c087
650e
c1d3
281e
f269
8100
c4ae
793b
c077
650b
070e
11fc
eb48
814e
c40b
7928
c067
6507
4a1c
fb48
e437
81a7
c368
7915
c057
6503
7657
e4bb
dd3c
8209
c2c6
7902
c047
6500
7e20
cf0a
d65e
8276
c225
78ef
c037
64fc
5f11
bae4
cfa1
82ec
c184
78dc
c027
64f9
22ba
a8ec
c90b
836d
c0e3
78c9
c017
64f5
dbb2
99b3
c2a2
83f8
c043
78b6
c007
64f2
9fd7
8db4
bc6b
848d
bfa3
78a2
bff7
64ee
819b
8550
b66a
852c
bf04
788f
bfe7
64ea
8a4c
80cb
b0a5
85d5
be66
787b
bfd7
64e7
b73d
8048
ab20
8688
bdc8
7867
bfc7
64e3
fa97
83cd
a5e0
8744
bd2b
7854
bfb7
64e0
3f9b
8b3d
a0e8
880b
bc8e
7840
bfa7
64dc
7109
965b
9c3e
88db
bbf1
782c
bf97
64d8
7fa6
a4cf
97e4
89b5
bb56
7818
bf87
64d5
66f4
b622
93df
8a98
baba
7803
bf77
64d1
2e8c
c9ca
9031
8b85
ba20
77ef
bf67
64ce
e7ce
df28
8cde
8c7b
b986
77db
bf57
64ca
a884
f58f
89e8
8d7b
b8ec
77c6
bf48
64c7
842c
0c4a
8751
8e84
b853
77b1
bf38
64c3
85f6
22a2
851c
8f96
b7bb
779d
bf28
64bf
ad57
37e3
834b
90b1
b723
7788
bf18
64bc
ee2c
4b60
81de
91d5
b68c
7773
bf08
64b8
3480
5c7c
80d8
9303
b5f5
775e
bef8
64b5
6aa8
6aae
8038
9439
b55f
7749
bee8
64b1
7ff7
7583
8000
9577
b4ca
7734
bed8
64ad
6ddd
7ca2
8030
96bf
b435
771f
bec9
64aa
39ed
7fd4
80c6
980e
b3a1
7709
beb9
64a6
f426
7efd
81c4
9967
b30d
76f4
bea9
64a3
b205
7a25
8328
9ac7
b27a
76de
be99
649f
87e9
7173
84f1
9c30
b1e8
76c8
be89
649b
82c9
652c
871e
9da1
b156
76b3
be79
6498
a439
55b5
89ad
9f19
b0c5
769d
be69
6494
e1ee
438a
8c9b
a09a
b035
7687
be5a
6491
28e5
2f3e
8fe7
a222
afa5
7671
be4a
648d
6344
1974
938d
a3b2
af16
765b
be3a
6489
7f11
02dc
978b
a54a
ae87
7644
be2a
6486
73bb
ec2e
9bde
a6e9
adfa
762e
be1a
6482
44c1
d61f
a082
a88f
ad6d
7618
be0b
647f
009a
c163
a573
aa3c
ace0
7601
bdfb
647b
bc44
aea0
aaad
abf0
ac54
75eb
bdeb
6477
8cca
9e6e
b02c
adaa
abc9
75d4
bddb
6474
80cc
9150
b5ec
af6c
ab3f
75bd
bdcc
6470
9bfb
87b0
bbe8
b134
aab5
75a6
bdbc
646c
d5f8
81db
c21b
b302
aa2c
758f
bdac
6469
1ce7
8001
c880
b4d7
a9a4
7578
bd9c
6465
5aef
8230
cf12
b6b2
a91c
7561
bd8c
6462
7cf6
8857
d5cc
b892
a895
754a
bd7d
645e
7880
9244
dca8
ba79
a80f
7532
bd6d
645a
4eee
9fa7
e3a0
bc65
a789
751b
bd5d
6457
0d0d
b014
eab0
be56
a704
7503
bd4e
6453
c727
c306
f1d0
c04d
a680
74eb
bd3e
6450
92c2
d7e5
f8fc
c249
a5fd
74d4
bd2e
644c
8003
ee07
002e
c44a
a57a
74bc
bd1e
6448
94af
04bb
0760
c650
a4f8
74a4
bd0f
6445
ca68
1b48
0e8b
c85a
a477
748c
bcff
6441
10a2
30f9
15ab
ca69
a3f7
7474
bcef
643d
51bd
451f
1cba
cc7c
a377
745b
bce0
643a
79ac
5717
23b1
ce94
a2f8
7443
bcd0
6436
7c21
664f
2a8b
d0af
a27a
742b
bcc0
6433
585c
724d
3143
d2cf
a1fc
7412
bcb1
642f
1960
7ab1
37d3
d4f2
a180
73fa
bca1
642b
d293
7f36
3e36
d718
a104
73e1
bc91
6428
99c4
7fb7
4466
d942
a089
73c8
bc82
6424
8072
7c32
4a5f
db6f
a00e
73af
bc72
6420
8e68
74c2
501c
dd9f
9f95
7396
bc62
641d
bf5a
69a3
5598
dfd1
9f1c
737d
bc53
6419
0436
5b2f
5acf
e207
9ea4
7364
bc43
6415
47c5
49db
5fbc
e43e
9e2d
734b
bc33
6412
753a
3632
645c
e678
9db6
7331
bc24
640e
7e94
20d4
68aa
e8b4
9d41
7318
bc14
640b
60f3
0a6d
6ca4
eaf2
9ccc
72fe
bc04
6407
2575
f3b2
7046
ed32
9c58
72e5
bbf5
6403
de6f
dd5a
738d
ef73
9be5
72cb
bbe5
6400
a1bf
c81a
7676
f1b5
9b72
72b1
bbd6
63fc
8216
b49d
7900
f3f9
9b01
7297
bbc6
63f8
8935
a381
7b28
f63e
9a90
727d
bbb6
63f5
b4ea
9550
7cec
f883
9a20
7263
bba7
63f1
f7bf
8a7c
7e4b
fac9
99b1
7249
bb97
63ed
3d1f
835d
7f44
fd0f
9942
722f
bb88
63ea
6fac
802c
7fd5
ff56
98d5
7214
bb78
63e6
7fd4
8103
7fff
019d
9868
71fa
bb69
63e3
689e
85dc
7fc2
03e3
97fc
71df
bb59
63df
3130
8e8f
7f1e
0629
9791
71c5
bb49
63db
ea9b
9ad6
7e12
086f
9727
71aa
bb3a
63d8
aa9e
aa4d
7ca0
0ab4
96be
718f
bb2a
63d4
84ec
bc79
7aca
0cf8
9656
7174
bb1b
63d0
8522
d0c6
7890
0f3c
95ee
7159
bb0b
63cd
ab2f
e690
75f5
117e
9587
713e
bafc
63c9
eb5c
fd27
72fa
13be
9521
7123
baec
63c5
31e4
13d6
6fa2
15fd
94bc
7107
badd
63c2
690e
29e4
6bef
183a
9458
70ec
bacd
63be
7fde
3ea0
67e6
1a75
93f5
70d0
babe
63ba
6f4c
5162
6388
1cae
9393
70b5
baae
63b7
3c73
6194
5eda
1ee5
9331
7099
ba9f
63b3
f6fc
6eb1
59df
2119
92d1
707d
ba8f
63af
b44c
7851
549b
234b
9271
7062
ba80
63ac
88ed
7e25
4f13
2579
9212
7046
ba70
63a8
823a
7fff
494a
27a5
91b4
702a
ba61
63a5
a243
7dcf
4347
29cd
9157
700e
ba51
63a1
df2b
77a8
3d0d
2bf2
90fb
6ff1
ba42
639d
2630
6dba
36a1
2e14
90a0
6fd5
ba33
639a
6172
6057
300a
3032
9045
6fb9
ba23
6396
7eb1
4fe9
294b
324b
8fec
6f9c
ba14
6392
74eb
3cf7
226b
3461
8f93
6f80
ba04
638f
4723
2818
1b6f
3673
8f3c
6f63
b9f5
638b
0373
11f5
145d
3880
8ee5
6f46
b9e5
6387
beb2
fb42
0d3b
3a88
8e8f
6f29
b9d6
6384
8e0f
e4b4
060e
3c8c
8e3a
6f0c
b9c7
6380
8083
cf04
fedb
3e8b
8de6
6eef
b9b7
637c
9a3a
bade
f7aa
4085
8d93
6ed2
b9a8
6379
d34a
a8e7
f080
427a
8d41
6eb5
b998
6375
1a1f
99af
e962
4469
8cf0
6e98
b989
6371
58e8
8db1
e256
4653
8ca0
6e7a
b97a
636e
7c50
854e
db63
4837
8c50
6e5d
b96a
636a
796f
80ca
d48d
4a15
8c02
6e3f
b95b
6366
5127
8049
cdda
4bed
8bb4
6e22
b94c
6363
0fe1
83cf
c750
4dbf
8b68
6e04
b93c
635f
c9b7
8b40
c0f4
4f8b
8b1c
6de6
b92d
635b
9445
965f
baca
5150
8ad2
6dc8
b91d
6358
8001
a4d3
b4d9
530f
8a88
6daa
b90e
6354
9329
b628
af25
54c7
8a3f
6d8c
b8ff
6350
c7d5
c9d1
a9b2
5678
89f8
6d6e
b8ef
634c
0dcf
df2f
a484
5822
89b1
6d50
b8e0
6349
4f87
f596
9fa1
59c5
896b
6d31
b8d1
6345
78c2
0c51
9b0c
5b61
8926
6d13
b8c2
6341
7ccb
22a9
96c9
5cf5
88e2
6cf4
b8b2
633e
5a65
37e9
92db
5e82
889f
6cd6
b8a3
633a
1c29
4b65
8f45
6007
885d
6cb7
b894
6336
d540
5c81
8c0a
6184
881c
6c98
b884
6333
9b81
6ab2
892d
62fa
87dc
6c79
b875
632f
80b6
7585
86b0
6467
879d
6c5a
b866
632b
8d1f
7ca4
8496
65cd
875f
6c3b
b856
6328
bce9
7fd4
82df
672a
8722
6c1c
b847
6324
015d
7efc
818e
687e
86e6
6bfd
b838
6320
4565
7a23
80a3
69cb
86aa
6bdd
b829
631d
740e
716f
801f
6b0f
8670
6bbe
b819
6319
7ef9
6528
8003
6c4a
8637
6b9f
b80a
6315
62c8
55b0
804e
6d7c
85ff
6b7f
b7fb
6312
282c
4384
8100
6ea5
85c7
6b5f
b7ec
630e
e130
2f37
821a
6fc6
8591
6b40
b7dd
630a
a3b2
196d
8399
70dd
855c
6b20
b7cd
6306
82a1
02d6
857d
71eb
8528
6b00
b7be
6303
882d
ec27
87c4
72f1
84f4
6ae0
b7af
62ff
b2a0
d619
8a6c
73ec
84c2
6ac0
b7a0
62fb
f4e8
c15d
8d74
74df
8491
6a9f
b790
62f8
3a9a
ae9b
90d8
75c8
8461
6a7f
b781
62f4
6e40
9e6a
9496
76a7
8431
6a5f
b772
62f0
7ff2
914d
98ab
777d
8403
6a3e
b763
62ed
6a3c
87ae
9d14
7849
83d6
6a1e
b754
62e9
33ce
81da
a1cc
790b
83aa
69fd
b745
62e5
ed6b
8001
a6d2
79c4
837e
69dc
b735
62e2
acc2
8231
ac1f
7a73
8354
69bc
b726
62de
85bc
8859
b1b0
7b17
832b
699b
b717
62da
845d
9247
b780
7bb2
8303
697a
b708
62d6
a913
9fab
bd8b
7c43
82db
6959
b6f9
62d3
e88e
b019
c3cc
7cca
82b5
6938
b6ea
62cf
2f41
c30c
ca3e
7d46
8290
6916
b6db
62cb
6767
d7eb
d0db
7db9
826c
68f5
b6cb
62c8
7fb4
ee0e
d79f
7e21
8249
68d4
b6bc
62c4
70ad
04c2
de83
7e7f
8226
68b2
b6ad
62c0
3ef2
1b4f
e582
7ed3
8205
6891
b69e
62bc
f9d4
3100
ec96
7f1d
81e5
686f
b68f
62b9
b69d
4525
f3ba
7f5c
81c6
684d
b680
62b5
8a00
571b
fae9
7f91
81a8
682b
b671
62b1
81ba
6653
021b
7fbc
818b
6809
b662
62ae
a059
7250
094c
7fdc
816f
67e7
b653
62aa
dc6d
7ab3
1075
7ff2
8154
67c5
b644
62a6
2376
7f36
1790
7ffe
813a
67a3
b635
62a2
5f93
7fb7
1e99
7fff
8121
6781
b626
629f
7e41
7c30
2589
7ff6
8109
675f
b617
629b
760c
74bf
2c5b
7fe3
80f2
673c
b607
6297
497d
699f
3308
7fc5
80dc
671a
b5f8
6294
064b
5b2a
398d
7f9d
80c8
66f7
b5e9
6290
c129
49d5
3fe2
7f6a
80b4
66d5
b5da
628c
8f62
362c
4604
7f2e
80a1
66b2
b5cb
6288
804a
20ce
4bee
7ee7
808f
668f
b5bc
6285
9887
0a67
519a
7e95
807f
666c
b5ad
6281
d0a2
f3ac
5704
7e3a
806f
6649
b59e
627d
1754
dd54
5c27
7dd4
8060
6626
b58f
627a
56d6
c814
6100
7d64
8053
6603
b580
6276
7b9b
b498
658b
7cea
8046
65e0
b571
6272
7a4d
a37d
69c3
7c65
803b
65bc
b562
626e
5355
954c
6da5
7bd7
8030
6599
b553
626b
12b3
8a79
712f
7b3f
8027
6575
b544
6267
cc4f
835b
745e
7a9c
801e
6552
b536
6263
95d6
802c
772e
79f0
8017
652e
b527
6260
800f
8104
799d
793a
8010
650a
b518
625c
91b0
85de
7bab
787a
800b
64e7
b509
6258
c54a
8e92
7d54
77b0
8007
64c3
b4fa
6254
0af9
9ada
7e97
76dd
8004
649f
b4eb
6251
4d47
aa52
7f75
7600
8001
647b
b4dc
624d
77c8
bc7f
7feb
7519
8000
6457
b4cd
6249
7d65
d0cc
7ff9
7429
8000
6432
b4be
6245
5c64
e696
7fa0
7330
8001
640e
b4af
6242
1eee
fd2e
7ee0
722d
8003
63ea
b4a0
623e
d7f1
13dc
7db9
7121
8006
63c5
b491
623a
9d4b
29ea
7c2c
700c
800a
63a1
b483
6236
810b
3ea6
7a3b
6eee
800f
637c
b474
6233
8be5
5168
77e7
6dc7
8015
6357
b465
622f
ba81
6198
7532
6c96
801c
6333
b456
622b
fe84
6eb5
721e
6b5e
8024
630e
b447
6228
42fc
7853
6ead
6a1c
802d
62e9
b438
6224
72d3
7e26
6ae3
68d2
8038
62c4
b429
6220
7f4d
7fff
66c3
677f
8043
629f
b41b
621c
6492
7dce
624f
6624
804f
6279
b40c
6219
2add
77a6
5d8c
64c1
805c
6254
b3fd
6215
e3f5
6db7
587d
6355
806b
622f
b3ee
6211
a5b0
6052
5327
61e2
807a
6209
b3df
620d
833c
4fe4
4d8d
6066
808b
61e4
b3d0
620a
8734
3cf1
47b4
5ee3
809c
61be
b3c2
6206
b060
2811
41a2
5d58
80ae
6199
b3b3
6202
f213
11ef
3b5a
5bc6
80c2
6173
b3a4
61fe
380f
fb3b
34e2
5a2c
80d7
614d
b395
61fb
6cc7
e4ae
2e3f
588b
80ec
6127
b386
61f7
7fff
cefd
2777
56e2
8103
6101
b378
61f3
6bcb
bad9
208f
5533
811a
60db
b369
61ef
3665
a8e2
198d
537d
8133
60b5
b35a
61ec
f03e
99ab
1276
51c0
814d
608f
b34b
61e8
aef1
8dae
0b50
4ffc
8167
6068
b33d
61e4
869b
854c
0421
4e32
8183
6042
b32e
61e0
83a9
80c9
fcef
4c61
81a0
601c
b31f
61dd
a701
8049
f5bf
4a8b
81be
5ff5
b310
61d9
e5c3
83d1
ee97
48ae
81dc
5fcf
b302
61d5
2c99
8b42
e77e
46cb
81fc
5fa8
b2f3
61d1
65b3
9663
e078
44e3
821d
5f81
b2e4
61ce
7f7b
a4d8
d98c
42f5
823f
5f5a
b2d6
61ca
71ff
b62d
d2bf
4102
8262
5f33
b2c7
61c6
4168
c9d7
cc16
3f09
8286
5f0c
b2b8
61c2
fcac
df35
c598
3d0c
82ab
5ee5
b2a9
61be
b8f6
f59d
bf49
3b09
82d0
5ebe
b29b
61bb
8b21
0c58
b92e
3902
82f7
5e97
b28c
61b7
814b
22af
b34c
36f6
831f
5e70
b27d
61b3
9e7a
37ef
ada9
34e5
8348
5e48
b26f
61af
d9b3
4b6b
a848
32d0
8372
5e21
b260
61ac
20b7
5c86
a32e
30b8
839d
5df9
b252
61a8
5da8
6ab6
9e60
2e9b
83c9
5dd2
b243
61a4
7dc1
7588
99e0
2c7a
83f6
5daa
b234
61a0
771f
7ca5
95b3
2a56
8424
5d82
b226
619d
4bcd
7fd4
91dc
282f
8453
5d5a
b217
6199
0923
7efb
8e5f
2604
8483
5d33
b208
6195
c3a8
7a21
8b3d
23d6
84b4
5d0b
b1fa
6191
90c3
716c
8879
21a5
84e6
5ce2
b1eb
618d
8021
6524
8617
1f71
8519
5cba
b1dd
618a
96e0
55ab
8417
1d3b
854d
5c92
b1ce
6186
ce00
437f
827b
1b03
8582
5c6a
b1bf
6182
1486
2f31
8145
18c8
85b8
5c41
b1b1
617e
54ba
1966
8076
168c
85ef
5c19
b1a2
617b
7ad5
02cf
800d
144d
8627
5bf1
b194
6177
7b1d
ec20
800d
120d
8660
5bc8
b185
6173
5579
d613
8073
0fcb
869a
5b9f
b177
616f
1583
c157
8141
0d88
86d5
5b77
b168
616c
ceed
ae96
8276
0b45
8711
5b4e
b159
6168
9773
9e66
8410
0900
874e
5b25
b14b
6164
802d
914a
860f
06ba
878b
5afc
b13c
6160
9045
87ac
8870
0474
87ca
5ad3
b12e
615c
c2c6
81d9
8b32
022d
880a
5aaa
b11f
6159
0822
8001
8e53
ffe7
884b
5a81
b111
6155
4afd
8232
91cf
fda0
888c
5a57
b102
6151
76c0
885c
95a5
fb5a
88cf
5a2e
b0f4
614d
7df0
924b
99d1
f913
8913
5a05
b0e5
6149
5e56
9fb0
9e4f
f6ce
8957
59db
b0d7
6146
21af
b01f
a31d
f489
899d
59b2
b0c8
6142
daa8
c312
a836
f245
89e4
5988
b0ba
613e
9f21
d7f2
ad95
f002
8a2b
595e
b0ab
613a
8170
ee15
b338
edc1
8a74
5935
b09d
6137
8aba
04c8
b918
eb81
8abd
590b
b08f
6133
b821
1b55
bf32
e943
8b07
58e1
b080
612f
fbab
3106
c581
e706
8b53
58b7
b072
612b
408b
452a
cbff
e4cc
8b9f
588d
b063
6127
718a
5720
d2a7
e293
8bec
5863
b055
6124
7f91
6657
d973
e05e
8c3a
5839
b046
6120
664e
7253
e05f
de2a
8c89
580e
b038
611c
2d89
7ab5
e764
dbfa
8cd9
57e4
b02a
6118
e6be
7f37
ee7e
d9cc
8d2a
57ba
b01b
6114
a7bb
7fb6
f5a5
d7a1
8d7c
578f
b00d
6111
83e6
7c2f
fcd5
d57a
8dcf
5765
affe
610d
864b
74bc
0408
d356
8e22
573a
aff0
6109
ae2b
699b
0b37
d136
8e77
570f
afe2
6105
ef3f
5b25
125d
cf1a
8ecd
56e5
afd3
6101
357c
49d0
1974
cd01
8f23
56ba
afc5
60fe
6b40
3626
2077
caed
8f7b
568f
afb7
60fa
7ffc
20c7
275f
c8dd
8fd3
5664
afa8
60f6
6d4e
0a60
2e27
c6d1
902c
5639
af9a
60f2
38f5
f3a5
34cb
c4ca
9086
560e
af8c
60ee
f312
dd4d
3b43
c2c8
90e1
55e3
af7d
60eb
b12a
c80e
418b
c0cb
913d
55b7
af6f
60e7
878a
b492
479f
bed3
919a
558c
af61
60e3
8303
a378
4d78
bce0
91f8
5561
af52
60df
a4fb
9548
5313
baf2
9256
5535
af44
60db
e2fb
8a77
586b
b90a
92b6
550a
af36
60d8
29eb
835a
5d7b
b728
9316
54de
af27
60d4
63f2
802b
623f
b54c
9377
54b3
af19
60d0
7f31
8105
66b4
b376
93d9
5487
af0b
60cc
7344
85e0
6ad5
b1a6
943c
545b
aefd
60c8
43d7
8e95
6ea0
afdd
94a0
542f
aeee
60c4
ff85
9ade
7212
ae19
9505
5403
aee0
60c1
bb59
aa57
7527
ac5d
956b
53d7
aed2
60bd
8c52
bc84
77de
aaa7
95d1
53ab
aec4
60b9
80ec
d0d2
7a33
a8f8
9638
537f
aeb5
60b5
9ca9
e69d
7c26
a751
96a1
5353
aea7
60b1
d6fe
fd35
7db4
a5b0
970a
5327
ae99
60ae
1df4
13e3
7edd
a417
9773
52fa
ae8b
60aa
5bb1
29f1
7f9e
a285
97de
52ce
ae7c
60a6
7d31
3eac
7ff9
a0fb
984a
52a1
ae6e
60a2
7822
516d
7fec
9f78
98b6
5275
ae60
609e
4e13
619d
7f77
9dfe
9923
5248
ae52
609a
0bf9
6eb8
7e9b
9c8b
9992
521c
ae44
6097
c62f
7856
7d59
9b20
9a00
51ef
ae35
6093
9233
7e28
7bb1
99bd
9a70
51c2
ae27
608f
8008
7fff
79a5
9863
9ae1
5195
ae19
608b
9547
7dcd
7737
9711
9b52
5168
ae0b
6087
cb64
77a3
7468
95c8
9bc4
513b
adfd
6083
11b5
6db3
713b
9487
9c37
510e
adef
6080
5292
604e
6db3
934f
9cab
50e1
ade1
607c
7a01
4fdf
69d1
921f
9d20
50b4
add2
6078
7bdc
3ceb
659a
90f9
9d95
5087
adc4
6074
5792
280b
6111
8fdc
9e0b
5059
adb6
6070
1850
11e8
5c39
8ec7
9e82
502c
ada8
606d
d191
fb34
5717
8dbc
9efa
4ffe
ad9a
6069
991f
e4a7
51ae
8cba
9f73
4fd1
ad8c
6065
805c
cef7
4c03
8bc1
9fec
4fa3
ad7e
6061
8ee9
bad3
461a
8ad2
a066
4f76
ad70
605d
c04a
a8dd
3ff9
89ec
a0e1
4f48
ad62
6059
054b
99a7
39a4
8910
a15d
4f1a
ad54
6056
48aa
8dab
3320
883e
a1d9
4eec
ad45
6052
75a8
854a
2c73
8775
a257
4ebe
ad37
604e
7e6a
80c9
25a2
86b6
a2d5
4e90
ad29
604a
603d
804a
1eb2
8601
a353
4e62
ad1b
6046
246c
83d2
17aa
8555
a3d3
4e34
ad0d
6042
dd64
8b45
108e
84b4
a453
4e06
acff
603e
a104
9667
0965
841c
a4d4
4dd8
acf1
603b
81e5
a4dd
0235
838f
a556
4daa
ace3
6037
899d
b633
fb02
830b
a5d8
4d7b
acd5
6033
b5cb
c9dd
f3d4
8292
a65b
4d4d
acc7
602f
f8d3
df3c
ecb0
8223
a6df
4d1e
acb9
602b
3e12
f5a3
e59b
81be
a764
4cf0
acab
6027
7032
0c5f
de9b
8163
a7e9
4cc1
ac9d
6024
7fc5
22b6
d7b7
8113
a86f
4c93
ac8f
6020
67fe
37f5
d0f3
80cd
a8f6
4c64
ac81
601c
3030
4b70
ca55
8091
a97d
4c35
ac73
6018
e98a
5c8a
c3e3
805f
aa06
4c06
ac65
6014
a9d0
6ab9
bda1
8038
aa8e
4bd7
ac57
6010
84a1
758b
b795
801b
ab18
4ba8
ac49
600c
8571
7ca7
b1c4
8009
aba2
4b79
ac3b
6009
ac00
7fd5
ac32
8000
ac2d
4b4a
ac2e
6005
ec6e
7efa
a6e4
8003
acb9
4b1b
ac20
6001
32e3
7a1f
a1de
800f
ad45
4aec
ac12
5ffd
69ac
7169
9d24
8026
add2
4abd
ac04
5ff9
7fe9
6520
98ba
8047
ae5f
4a8d
abf6
5ff5
6ec2
55a6
94a4
8073
aeee
4a5e
abe8
5ff1
3b7e
4379
90e4
80a9
af7d
4a2e
abda
5fee
f5e8
2f2b
8d7f
80e9
b00c
49ff
abcc
5fea
b36d
1960
8a76
8134
b09c
49cf
abbe
5fe6
8888
02c8
87cc
8188
b12d
49a0
abb1
5fe2
826e
ec1a
8584
81e7
b1bf
4970
aba3
5fde
a301
d60c
839f
8251
b251
4940
ab95
5fda
e037
c151
821e
82c4
b2e4
4910
ab87
5fd6
2738
ae91
8104
8342
b377
48e0
ab79
5fd3
6224
9e61
8050
83c9
b40b
48b1
ab6b
5fcf
7ed7
9146
8003
845b
b4a0
4881
ab5d
5fcb
7479
87a9
801e
84f7
b535
4850
ab50
5fc7
463c
81d8
80a0
859c
b5cb
4820
ab42
5fc3
025e
8001
818a
864c
b661
47f0
ab34
5fbf
bdc5
8234
82da
8705
b6f8
47c0
ab26
5fbb
8d91
885e
848f
87c8
b790
4790
ab18
5fb8
809c
924e
86a8
8895
b828
475f
ab0b
5fb4
9ae3
9fb4
8924
896c
b8c1
472f
aafd
5fb0
d44e
b024
8bff
8a4c
b95a
46fe
aaef
5fac
1b2e
c318
8f38
8b36
b9f4
46ce
aae1
5fa8
59af
d7f8
92cd
8c29
ba8f
469d
aad4
5fa4
7c91
ee1b
96ba
8d26
bb2a
466d
aac6
5fa0
7916
04cf
9afc
8e2c
bbc5
463c
aab8
5f9c
5050
1b5c
9f90
8f3b
bc62
460b
aaaa
5f99
0ece
310c
a473
9053
bcfe
45db
aa9d
5f95
c8bd
4530
a99f
9174
bd9c
45aa
aa8f
5f91
93b1
5725
af11
929e
be39
4579
aa81
5f8d
8000
665b
b4c4
93d1
bed8
4548
aa73
5f89
