7fff
7fff
7fff
7fff
7fff
7fff
7fff
7fff
4529
79a7
7f5c
7ff0
7ffe
7fff
7fff
7fff
cabc
673e
7d73
7fbe
7ff9
7fff
7fff
7fff
8148
4a98
7a48
7f6d
7ff1
7fff
7fff
7fff
ac55
268c
75e5
7efa
7fe6
7ffd
7fff
7fff
244f
fead
7055
7e67
7fd7
7ffc
7fff
7fff
7ae7
d6f0
69a5
7db4
7fc5
7ffa
7fff
7fff
6080
b346
61e6
7ce0
7fb0
7ff8
7fff
7fff
ed60
9737
592e
7bed
7f97
7ff6
7fff
7fff
8b60
858d
4f91
7ada
7f7b
7ff3
7fff
7fff
9499
8007
4529
79a7
7f5c
7ff0
7ffe
7fff
0091
8732
3a0f
7855
7f3a
7fec
7ffe
7fff
6c03
9a58
2e62
76e5
7f14
7fe8
7ffe
7fff
7427
b793
223d
7556
7eec
7fe4
7ffd
7fff
1181
dbfd
15c1
73a9
7ebf
7fe0
7ffd
7fff
9ec3
03f9
090e
71de
7e90
7fdb
7ffc
7fff
856b
2b90
fc43
6ff6
7e5d
7fd6
7ffc
7fff
dcc7
4ed5
ef82
6df2
7e28
7fd1
7ffb
7fff
5485
6a48
e2eb
6bd1
7def
7fcb
7ffb
7fff
7e8e
7b32
d69e
6995
7db2
7fc5
7ffa
7fff
343c
7fe4
cabc
673e
7d73
7fbe
7ff9
7fff
b9e4
77e7
bf61
64cc
7d30
7fb8
7ff9
7fff
8001
6406
b4ac
6241
7cea
7fb1
7ff8
7fff
bbcc
463a
aab7
5f9c
7ca1
7fa9
7ff7
7fff
364b
2177
a19d
5cdf
7c55
7fa2
7ff7
7fff
7ee0
f962
9974
5a0a
7c05
7f9a
7ff6
7fff
52ce
d1f6
9251
571e
7bb3
7f91
7ff5
7fff
da9b
af1a
8c47
541c
7b5d
7f89
7ff4
7fff
84c9
9444
8765
5105
7b04
7f80
7ff3
7fff
a040
841d
83b8
4dd8
7aa8
7f76
7ff2
7fff
13bf
803f
8148
4a98
7a48
7f6d
7ff1
7fff
7516
890d
801c
4744
79e6
7f63
7ff0
7ffe
6ac8
9da6
8038
43de
7981
7f58
7fef
7ffe
fe4d
bc00
819a
4067
7918
7f4e
7fee
7ffe
9362
e119
8440
3ce0
78ac
7f43
7fed
7ffe
8c54
0942
8822
3949
783d
7f38
7fec
7ffe
ef9f
3080
8d37
35a3
77cb
7f2c
7feb
7ffe
61f9
52ef
9371
31ef
7757
7f20
7fea
7ffe
7a40
6d24
9ac2
2e2f
76de
7f14
7fe8
7ffe
2221
7c87
a315
2a63
7663
7f07
7fe7
7ffe
aaa2
7f90
ac55
268c
75e5
7efa
7fe6
7ffd
819f
75f2
b66c
22ab
7564
7eed
7fe4
7ffd
cccd
60a3
c13f
1ec1
74e0
7edf
7fe3
7ffd
470e
41be
ccb3
1acf
7459
7ed2
7fe2
7ffd
7ffb
1c53
d8a9
16d7
73cf
7ec3
7fe0
7ffd
433e
f41a
e505
12d9
7342
7eb5
7fdf
7ffd
c8ae
cd0f
f1a5
0ed5
72b2
7ea6
7fdd
7ffd
80fb
ab11
fe6a
0ace
721f
7e97
7fdc
7ffc
ae10
917f
0b33
06c5
7189
7e87
7fda
7ffc
267a
82e3
17e0
02b9
70f0
7e77
7fd9
7ffc
7b84
80af
244f
fead
7055
7e67
7fd7
7ffc
5eff
8b1b
3062
faa1
6fb6
7e57
7fd5
7ffc
eb23
a11f
3bf8
f697
6f15
7e46
7fd4
7ffc
8a76
c08c
46f6
f28f
6e70
7e35
7fd2
7ffb
95d9
e643
513e
ee8a
6dc9
7e23
7fd0
7ffb
02d5
0e88
5ab6
ea8a
6d20
7e12
7fce
7ffb
6d36
355c
6346
e68f
6c73
7e00
7fcd
7ffb
732f
56e5
6ad8
e29b
6bc3
7ded
7fcb
7ffb
0f41
6fd1
7159
deaf
6b11
7dda
7fc9
7ffa
9d4d
7da5
76b8
dacb
6a5c
7dc7
7fc7
7ffa
8617
7f04
7ae7
d6f0
69a5
7db4
7fc5
7ffa
def7
73ca
7ddc
d320
68ea
7da0
7fc3
7ffa
5635
5d15
7f8f
cf5c
682d
7d8c
7fc1
7ffa
7e32
3d24
7ffb
cba3
676d
7d78
7fbf
7ff9
3228
1724
7f21
c7f9
66ab
7d63
7fbd
7ff9
b802
eed8
7d01
c45c
65e6
7d4e
7fbb
7ff9
800c
c83f
79a1
c0cf
651e
7d39
7fb9
7ff9
bdba
a72e
750b
bd52
6454
7d23
7fb6
7ff9
3857
8eec
6f48
b9e7
6388
7d0d
7fb4
7ff8
7f27
81e0
686a
b68d
62b8
7cf7
7fb2
7ff8
5111
8157
6080
b346
61e6
7ce0
7fb0
7ff8
d872
8d5d
579f
b012
6112
7cca
7fad
7ff8
8431
a4c2
4dde
acf3
603b
7cb2
7fab
7ff8
a1c4
c532
4357
a9e9
5f62
7c9b
7fa9
7ff7
15fb
eb78
3822
a6f6
5e86
7c83
7fa6
7ff7
75fc
13c7
2c5f
a419
5da8
7c6b
7fa4
7ff7
6984
3a20
2029
a153
5cc7
7c52
7fa1
7ff7
fc09
5ab5
13a2
9ea6
5be4
7c39
7f9f
7ff6
9234
724c
06e8
9c12
5aff
7c20
7f9c
7ff6
8d51
7e8c
fa1d
9997
5a18
7c07
7f9a
7ff6
f1df
7e40
ed60
9737
592e
7bed
7f97
7ff6
636a
716f
e0d4
94f1
5841
7bd3
7f95
7ff5
798f
595e
d497
92c7
5753
7bb8
7f92
7ff5
1ff1
3870
c8c9
90b9
5662
7b9e
7f8f
7ff5
a8f5
11ea
bd88
8ec7
556f
7b83
7f8c
7ff4
8200
e99c
b2f1
8cf2
547a
7b67
7f8a
7ff4
cee3
c387
a920
8b3b
5383
7b4c
7f87
7ff4
48ee
a371
a02c
89a2
528a
7b30
7f84
7ff4
7feb
8c89
982e
8827
518e
7b13
7f81
7ff3
414d
8115
9139
86ca
5091
7af7
7f7e
7ff3
c6a6
8236
8b60
858d
4f91
7ada
7f7b
7ff3
80b9
8fd1
86b1
846f
4e8f
7abd
7f78
7ff2
afd1
a88c
8338
8370
4d8c
7a9f
7f75
7ff2
28a2
c9f3
80ff
8292
4c86
7a81
7f72
7ff2
7c17
f0b6
800a
81d3
4b7e
7a63
7f6f
7ff2
5d76
18fe
805d
8135
4a75
7a44
7f6c
7ff1
e8e8
3ecb
81f6
80b7
4969
7a26
7f69
7ff1
8995
5e5e
84d1
805a
485c
7a06
7f66
7ff1
9722
7495
88e8
801e
474d
79e7
7f63
7ff0
0519
7f3c
8e2f
8002
463b
79c7
7f60
7ff0
6e60
7d45
9499
8007
4529
79a7
7f5c
7ff0
722d
6ee2
9c16
802d
4414
7987
7f59
7fef
0d01
5580
a493
8073
42fe
7966
7f56
7fef
9be0
33a4
adf9
80db
41e6
7945
7f52
7fef
86cd
0ca8
b832
8162
40cc
7924
7f4f
7fee
e128
e46b
c322
820a
3fb0
7902
7f4c
7fee
57df
beea
cead
82d3
3e93
78e0
7f48
7fee
7dcc
9fde
dab7
83bb
3d75
78be
7f45
7fed
3011
8a5a
e720
84c3
3c54
789b
7f41
7fed
b625
8081
f3c9
85eb
3b33
7879
7f3e
7fed
8020
834d
0091
8732
3a0f
7855
7f3a
7fec
bfad
9276
0d58
8898
38eb
7832
7f36
7fec
3a5d
ac7d
19fc
8a1d
37c4
780e
7f33
7feb
7f65
cecb
265e
8bbf
369d
77ea
7f2f
7feb
4f4c
f5fb
325e
8d80
3574
77c6
7f2b
7feb
d64c
1e29
3ddd
8f5e
3449
77a1
7f28
7fea
83a3
435a
48be
9158
331e
777c
7f24
7fea
a351
61dd
52e4
936f
31f0
7757
7f20
7fea
1835
76ab
5c37
95a2
30c2
7731
7f1c
7fe9
76d8
7fb4
649e
97f0
2f93
770b
7f18
7fe9
6837
7c14
6c03
9a58
2e62
76e5
7f14
7fe8
f9c5
6c25
7255
9cdb
2d30
76be
7f10
7fe8
910e
517d
7781
9f77
2bfd
7698
7f0c
7fe8
8e57
2ec0
7b7c
a22c
2ac8
7670
7f08
7fe7
f420
0761
7e3c
a4f8
2993
7649
7f04
7fe7
64d4
df46
7fb8
a7dc
285c
7621
7f00
7fe6
78d4
ba69
7fed
aad7
2725
75f9
7efc
7fe6
1dbe
9c74
7edc
ade7
25ed
75d1
7ef8
7fe6
a74f
885e
7c86
b10d
24b3
75a8
7ef4
7fe5
826b
8025
78f1
b446
2379
757f
7ef0
7fe5
d0fd
849a
7427
b793
223d
7556
7eec
7fe4
4ac7
954b
6e34
baf3
2101
752c
7ee7
7fe4
7fd2
b092
6727
be64
1fc4
7502
7ee3
7fe3
3f58
d3b9
5f12
c1e6
1e86
74d8
7edf
7fe3
c4a1
fb45
560a
c578
1d48
74ae
7eda
7fe3
8080
2348
4c26
c919
1c08
7483
7ed6
7fe2
b198
47cc
4180
ccc8
1ac8
7458
7ed1
7fe2
2ac6
6531
3631
d084
1988
742d
7ecd
7fe1
7ca1
788d
2a58
d44c
1846
7401
7ec8
7fe1
5be6
7ff4
1e13
d81f
1704
73d5
7ec4
7fe0
e6ae
7aac
1181
dbfd
15c1
73a9
7ebf
7fe0
88bd
6938
04c2
dfe4
147e
737c
7ebb
7fdf
9872
4d56
f7f6
e3d3
133b
734f
7eb6
7fdf
075c
29c8
eb40
e7c9
11f6
7322
7eb2
7fdf
6f82
0216
debe
ebc5
10b2
72f5
7ead
7fde
7122
da2f
d292
efc7
0f6d
72c7
7ea8
7fde
0abf
b607
c6da
f3cd
0e27
7299
7ea3
7fdd
9a7b
9936
bbb4
f7d5
0ce1
726b
7e9f
7fdd
878c
8696
b13c
fbe0
0b9b
723c
7e9a
7fdc
e35c
8001
a78e
ffec
0a55
720d
7e95
7fdc
5981
861d
9ec3
03f9
090e
71de
7e90
7fdb
7d5b
984f
96f0
0804
07c7
71af
7e8b
7fdb
2df5
b4ca
9029
0c0d
0680
717f
7e86
7fda
b44e
d8bb
8a81
1012
0538
714f
7e81
7fda
803f
0090
8606
1414
03f1
711f
7e7c
7fd9
c1a5
2857
82c2
1811
02a9
70ee
7e77
7fd9
3c5f
4c1e
80bf
1c07
0162
70bd
7e72
7fd8
7f98
6858
8001
1ff7
001a
708c
7e6d
7fd8
4d82
7a3a
808b
23de
fed2
705a
7e68
7fd7
d429
7ffc
825a
27bc
fd8b
7028
7e63
7fd7
831f
790e
856b
2b90
fc43
6ff6
7e5d
7fd6
a4e5
661e
89b6
2f58
fafc
6fc4
7e58
7fd6
1a6e
490d
8f2f
3315
f9b4
6f91
7e53
7fd5
77ab
24be
95c9
36c4
f86d
6f5e
7e4e
7fd4
66e2
fcca
9d72
3a66
f726
6f2b
7e48
7fd4
f782
d528
a618
3df8
f5df
6ef8
7e43
7fd3
8ff1
b1c5
afa3
417b
f499
6ec4
7e3e
7fd3
8f66
9625
b9fc
44ec
f353
6e90
7e38
7fd2
f662
8503
c508
484d
f20d
6e5c
7e33
7fd2
6635
8015
d0ab
4b9a
f0c7
6e27
7e2d
7fd1
7810
87d5
dcc7
4ed5
ef82
6df2
7e28
7fd1
1b89
9b81
e93e
51fb
ee3d
6dbd
7e22
7fd0
a5b1
b923
f5ee
550c
ecf9
6d87
7e1c
7fd0
82e0
ddcd
02b8
5807
ebb5
6d52
7e17
7fcf
d31a
05db
0f7b
5aec
ea72
6d1b
7e11
7fce
4c9b
2d54
1c17
5dba
e92f
6ce5
7e0c
7fce
7fae
504f
286a
606f
e7ed
6caf
7e06
7fcd
3d5d
6b53
3457
630c
e6ac
6c78
7e00
7fcd
c2a2
7bb2
3fbd
6590
e56b
6c41
7dfa
7fcc
8052
7fcc
4a80
67fa
e42b
6c09
7df4
7fcc
b366
773b
5485
6a48
e2eb
6bd1
7def
7fcb
2ce7
62d6
5db2
6c7c
e1ac
6b99
7de9
7fca
7d20
44a4
65ef
6e94
e06e
6b61
7de3
7fca
5a4f
1fa4
6d27
7090
df31
6b29
7ddd
7fc9
e476
f780
7348
726f
ddf5
6af0
7dd7
7fc9
87ef
d034
7842
7430
dcb9
6ab7
7dd1
7fc8
99cb
ada6
7c09
75d4
db7f
6a7d
7dcb
7fc7
099f
9342
7e92
775a
da45
6a44
7dc5
7fc7
709a
83a7
7fd8
78c1
d90d
6a0a
7dbf
7fc6
700f
8061
7fd6
7a09
d7d5
69d0
7db8
7fc5
087d
89c2
7e8e
7b32
d69e
6995
7db2
7fc5
991d
9ede
7c02
7c3b
d569
695a
7dac
7fc4
8856
bd9b
7838
7d25
d434
691f
7da6
7fc4
e593
e2ee
733c
7def
d301
68e4
7da0
7fc3
5b1c
0b23
6d18
7e98
d1cf
68a9
7d99
7fc2
7ce1
323e
65dd
7f21
d09e
686d
7d93
7fc2
2bd6
545d
5d9e
7f89
cf6e
6831
7d8d
7fc1
b27d
6e1e
546f
7fd1
ce40
67f5
7d86
7fc0
8068
7cf3
4a69
7ff8
cd12
67b8
7d80
7fc0
c3a2
7f64
3fa4
7ffe
cbe6
677b
7d79
7fbf
3e5c
7534
343c
7fe4
cabc
673e
7d73
7fbe
7fc1
5f63
284f
7fa9
c992
6701
7d6c
7fbe
4bb1
401e
1bfa
7f4d
c86b
66c3
7d66
7fbd
d20a
1a7c
0f5e
7ed0
c744
6685
7d5f
7fbd
82a4
f23a
029b
7e33
c61f
6647
7d59
7fbc
a680
cb56
f5d1
7d76
c4fc
6608
7d52
7fbb
1ca5
a9aa
e921
7c99
c3da
65ca
7d4b
7fba
7874
908f
dcab
7b9c
c2b9
658b
7d44
7fba
6585
8281
d090
7a7f
c19a
654c
7d3e
7fb9
f540
80e4
c4ef
7942
c07d
650c
7d37
7fb8
8edd
8be3
b9e4
77e7
bf61
64cc
7d30
7fb8
907f
a266
af8d
766d
be47
648c
7d29
7fb7
f8a5
c231
a603
74d5
bd2f
644c
7d22
7fb6
678e
e81d
9d60
731f
bc18
640c
7d1b
7fb6
7742
1067
95b9
714b
bb03
63cb
7d15
7fb5
1951
3711
8f21
6f5a
b9f0
638a
7d0e
7fb4
a419
5845
89ab
6d4d
b8df
6349
7d07
7fb4
8360
70b8
8563
6b24
b7cf
6307
7d00
7fb3
d53b
7dfe
8255
68df
b6c2
62c5
7cf8
7fb2
4e69
7ec5
8088
6680
b5b6
6283
7cf1
7fb1
7f80
72f9
8001
6406
b4ac
6241
7cea
7fb1
3b5e
5bc7
80c2
6173
b3a4
61fe
7ce3
7fb0
c0a7
3b7b
82c8
5ec7
b29e
61bc
7cdc
7faf
802e
1548
860e
5c02
b19a
6178
7cd5
7faf
b539
ecfa
8a8d
5926
b098
6135
7ccd
7fae
2f04
c68e
9038
5633
af98
60f2
7cc6
7fad
7d95
a5d5
9700
532a
ae9a
60ae
7cbf
7fac
58b0
8e0d
9ed5
500c
ad9e
606a
7cb7
7fac
e241
8191
a7a3
4cda
aca5
6026
7cb0
7fab
872b
81a0
b153
4993
abad
5fe1
7ca9
7faa
9b2d
8e37
bbcc
463a
aab7
5f9c
7ca1
7fa9
0be1
a617
c6f4
42cf
a9c4
5f57
7c9a
7fa9
71a9
c6e1
d2ad
3f53
a8d3
5f12
7c92
7fa8
6ef2
ed55
deda
3bc6
a7e4
5ecc
7c8b
7fa7
063a
15a4
eb5d
382a
a6f8
5e87
7c83
7fa6
97c8
3bcd
f813
3480
a60d
5e41
7c7b
7fa6
8928
5c07
04df
30c9
a526
5dfb
7c74
7fa5
e7cc
7322
119d
2d04
a440
5db4
7c6c
7fa4
5cb0
7ed1
1e2f
2935
a35d
5d6d
7c64
7fa3
7c5d
7ded
2a74
255b
a27c
5d26
7c5d
7fa2
29b3
708c
364b
2177
a19d
5cdf
7c55
7fa2
b0b3
5802
4199
1d8b
a0c1
5c98
7c4d
7fa1
809b
36be
4c3e
1997
9fe7
5c50
7c45
7fa0
c5a4
100b
5620
159c
9f10
5c08
7c3d
7f9f
4054
e7c2
5f26
119c
9e3b
5bc0
7c35
7f9f
7fe0
c1e0
6738
0d98
9d69
5b78
7c2d
7f9e
49da
a227
6e43
0990
9c99
5b2f
7c25
7f9d
cfee
8bbc
7433
0586
9bcc
5ae6
7c1e
7f9c
8234
80da
78fb
017a
9b02
5a9d
7c15
7f9b
a822
8293
7c8d
fd6e
9a3a
5a54
7c0d
7f9a
1ed9
90bd
7ee0
f962
9974
5a0a
7c05
7f9a
7933
a9ef
7fee
f558
98b1
59c1
7bfd
7f99
6420
cbaa
7fb6
f151
97f1
5977
7bf5
7f98
f2fe
f296
7e37
ed4e
9734
592c
7bed
7f97
8dd2
1ad7
7b75
e94f
9679
58e2
7be5
7f96
91a0
406e
7777
e557
95c1
5897
7bdc
7f96
fae8
5fa1
7247
e165
950b
584c
7bd4
7f95
68df
7559
6bf4
dd7b
9459
5801
7bcc
7f94
766b
7f6d
648c
d99a
93a9
57b6
7bc3
7f93
1717
7cdf
5c23
d5c2
92fc
576a
7bbb
7f92
a289
6dee
52ce
d1f6
9251
571e
7bb3
7f91
83e9
5417
48a6
ce35
91aa
56d2
7baa
7f90
d75f
31e8
3dc3
ca81
9105
5686
7ba2
7f90
5030
0ac7
3243
c6da
9063
563a
7b99
7f8f
7f47
e294
2642
c343
8fc4
55ed
7b91
7f8e
395a
bd4c
19e0
bfba
8f28
55a0
7b88
7f8d
beb2
9ea2
0d3b
bc43
8e8f
5553
7b80
7f8c
8015
899f
0074
b8dc
8df9
5506
7b77
7f8b
b713
805a
f3ac
b588
8d65
54b8
7b6e
7f8a
311e
83bd
e704
b247
8cd5
546a
7b66
7f8a
7e00
9373
da9b
af1a
8c47
541c
7b5d
7f89
570a
aded
ce92
ac01
8bbd
53ce
7b54
7f88
e00e
d08a
c308
a8fe
8b35
5380
7b4b
7f87
8671
f7dd
b81a
a611
8ab1
5331
7b42
7f86
9c96
1ffe
ade3
a33c
8a2f
52e2
7b3a
7f85
0e22
44f3
a47f
a07e
89b0
5293
7b31
7f84
72b0
6311
9c04
9dd8
8935
5244
7b28
7f83
6dcc
775c
9489
9b4c
88bc
51f4
7b1f
7f82
03f6
7fd2
8e22
98d9
8847
51a5
7b16
7f81
967c
7b9a
88dd
9681
87d5
5155
7b0d
7f81
8a04
6b20
84c9
9444
8765
5105
7b04
7f80
ea06
5007
81f1
9222
86f9
50b4
7afb
7f7f
5e3c
2cfe
805a
901d
8690
5064
7af2
7f7e
7bcf
057e
800b
8e34
862a
5013
7ae9
7f7d
278d
dd74
8102
8c68
85c7
4fc2
7adf
7f7c
aeef
b8d6
833f
8aba
8567
4f71
7ad6
7f7b
80d9
9b47
86ba
892a
850b
4f1f
7acd
7f7a
c7aa
87b5
8b6c
87b8
84b1
4ece
7ac4
7f79
4247
8011
9148
8665
845b
4e7c
7aba
7f78
7ff4
851d
983f
8531
8408
4e2a
7ab1
7f77
47fe
9659
a040
841d
83b8
4dd8
7aa8
7f76
cdd7
b20f
a935
8328
836b
4d86
7a9e
7f75
81ce
d57f
b309
8253
8321
4d33
7a95
7f74
a9cb
fd27
bda1
819f
82db
4ce0
7a8b
7f73
210a
2517
c8e3
810b
8298
4c8d
7a82
7f72
79e9
4959
d4b2
8097
8258
4c3a
7a78
7f72
62b2
6655
e0f0
8044
821b
4be7
7a6f
7f71
f0be
792c
ed7d
8012
81e1
4b93
7a65
7f70
8cd1
7ffe
fa3a
8000
81ab
4b40
7a5c
7f6f
92ca
7a1e
0705
800f
8178
4aec
7a52
7f6e
fd2c
6823
13bf
803f
8148
4a98
7a48
7f6d
6a27
4bd3
2045
8090
811b
4a43
7a3f
7f6c
758a
27ff
2c7a
8101
80f2
49ef
7a35
7f6b
14dc
0033
383c
8193
80cc
499a
7a2b
7f6a
a100
d862
436f
8245
80a9
4945
7a21
7f69
847c
b47f
4df6
8317
8089
48f0
7a18
7f68
d987
9819
57b4
8409
806d
489b
7a0e
7f67
51f1
8601
6093
851b
8054
4846
7a04
7f66
7f05
8001
687b
864d
803e
47f0
79fa
7f65
3751
86b3
6f57
879d
802c
479a
79f0
7f64
bcc1
996d
7516
890d
801c
4744
79e6
7f63
8005
b653
79aa
8a9b
8010
46ee
79dc
7f62
b8f3
da87
7d07
8c46
8008
4698
79d2
7f61
3334
0273
7f24
8e10
8002
4641
79c8
7f60
7e61
2a20
7ffc
8ff7
8000
45ea
79be
7f5f
555d
4da0
7f8c
91fa
8001
4594
79b4
7f5e
ddde
696d
7dd6
941a
8006
453c
79aa
7f5d
85c0
7ac6
7adf
9655
800d
44e5
799f
7f5b
9e08
7ff2
76ad
98ab
8018
448e
7995
7f5a
1062
786d
714b
9b1c
8026
4436
798b
7f59
73ad
64f8
6ac8
9da6
8038
43de
7981
7f58
6c9d
477f
6333
a04a
804d
4387
7976
7f57
01b2
22ef
5aa1
a306
8065
432e
796c
7f56
9538
fae8
5127
a5da
8080
42d6
7961
7f55
8aea
d362
46de
a8c5
809f
427e
7957
7f54
ec42
b049
3bdf
abc6
80c0
4225
794d
7f53
5fc1
9518
3047
aedd
80e5
41cc
7942
7f52
7b36
8481
2433
b209
810e
4173
7938
7f51
2564
8029
17c3
b549
8139
411a
792d
7f50
ad31
887f
0b16
b89b
8168
40c1
7923
7f4f
8120
9cae
fe4d
bc00
819a
4067
7918
7f4e
c9b5
bab7
f188
bf77
81d0
400e
790d
7f4d
4435
df9f
e4e8
c2fe
8208
3fb4
7903
7f4c
7fff
07bd
d88e
c695
8244
3f5a
78f8
7f4a
461b
2f16
cc98
ca3a
8283
3f00
78ed
7f49
cbc3
51c4
c126
cded
82c5
3ea6
78e2
7f48
8172
6c57
b654
d1ad
830a
3e4b
78d8
7f47
ab7b
7c2a
ac3f
d579
8353
3df1
78cd
7f46
233a
7fae
a301
d94f
839f
3d96
78c2
7f45
7a95
7688
9ab0
dd30
83ee
3d3b
78b7
7f44
613d
61a1
9362
e119
8440
3ce0
78ac
7f43
ee7e
430b
8d2a
e50a
8495
3c85
78a1
7f42
8bd8
1dcf
8818
e903
84ee
3c29
7896
7f41
93fd
f59f
8439
ed01
8549
3bce
788b
7f3f
ff70
ce76
8196
f104
85a8
3b72
7880
7f3e
6b67
ac37
8036
f50b
860a
3b16
7875
7f3d
74a0
9246
801e
f914
866f
3aba
786a
7f3c
129f
8338
814c
fd20
86d7
3a5e
785f
7f3b
9f7f
8089
83bf
012c
8742
3a02
7854
7f3a
8519
8a7e
876f
0538
87b1
39a5
7849
7f39
dbb2
a01b
8c54
0942
8822
3949
783d
7f38
53ab
bf3a
9260
0d4a
8897
38ec
7832
7f36
7eb8
e4c5
9986
114f
890e
388f
7827
7f35
3543
0d04
a1b1
154f
8989
3832
781c
7f34
bad7
33f8
aacd
194a
8a06
37d5
7810
7f33
8000
55c5
b4c4
1d3f
8a87
3777
7805
7f32
bad8
6f11
bf7a
212c
8b0b
371a
77f9
7f31
3545
7d58
cad6
2510
8b91
36bc
77ee
7f2f
7eb8
7f32
d6ba
28eb
8c1b
365f
77e2
7f2e
53aa
746e
e307
2cbb
8ca7
3601
77d7
7f2d
dbb0
5e1f
ef9f
3080
8d37
35a3
77cb
7f2c
8519
3e7a
fc60
3439
8dc9
3545
77c0
7f2b
9f81
18a3
092b
37e4
8e5f
34e6
77b4
7f2a
12a1
f05a
15de
3b81
8ef7
3488
77a9
7f28
74a0
c99f
2259
3f0f
8f92
3429
779d
7f27
6b66
a848
2e7d
428c
9030
33cb
7791
7f26
ff6e
8fa5
3a29
45f9
90d1
336c
7786
7f25
93fc
8225
4541
4953
9175
330d
777a
7f24
8bd9
8121
4fa8
4c9b
921c
32ae
776e
7f22
ee80
8cb2
5943
4fcf
92c5
324f
7762
7f21
613e
a3b2
61f9
52ef
9371
31ef
7757
7f20
7a94
c3d9
69b5
55fa
9420
3190
774b
7f1f
2338
e9f8
7063
58ee
94d2
3130
773f
7f1e
ab7a
1245
75f1
5bcc
9587
30d0
7733
7f1c
8172
38c3
7a51
5e92
963e
3071
7727
7f1b
cbc5
59a0
7d79
6140
96f8
3011
771b
7f1a
461d
719a
7f5f
63d5
97b5
2fb0
770f
7f19
7fff
7e4f
7fff
6651
9874
2f50
7703
7f17
4433
7e7e
7f59
68b3
9936
2ef0
76f7
7f16
c9b4
7222
7d6d
6af9
99fa
2e8f
76eb
7f15
8120
5a74
7a40
6d24
9ac2
2e2f
76de
7f14
ad33
39cd
75da
6f34
9b8b
2dce
76d2
7f12
2566
136c
7047
7127
9c58
2d6d
76c6
7f11
7b37
eb1d
6994
72fc
9d27
2d0c
76ba
7f10
5fc0
c4e0
61d4
74b5
9df8
2cab
76ae
7f0f
ec41
a481
5919
764f
9ecc
2c4a
76a1
7f0d
8ae9
8d34
4f7a
77cc
9fa2
2be9
7695
7f0c
9539
814a
4510
7929
a07b
2b88
7689
7f0b
01b4
81f0
39f5
7a68
a157
2b26
767c
7f0a
6c9e
8f17
2e47
7b87
a234
2ac4
7670
7f08
73ac
a771
2221
7c87
a315
2a63
7663
7f07
1060
c892
15a5
7d67
a3f7
2a01
7657
7f06
9e06
ef33
08f1
7e26
a4dc
299f
764a
7f05
85c0
177f
fc26
7ec6
a5c3
293d
763e
7f03
dde0
3d76
ef65
7f45
a6ad
28db
7631
7f02
555f
5d54
e2cf
7fa3
a799
2878
7625
7f01
7e61
73f2
d683
7fe1
a887
2816
7618
7eff
3332
7f0f
caa1
7ffe
a977
27b4
760b
7efe
b8f1
7d93
bf48
7ffa
aa6a
2751
75ff
7efd
8005
6fa3
b494
7fd5
ab5e
26ee
75f2
7efc
bcc3
56a1
aaa2
7f90
ac55
268c
75e5
7efa
3752
3508
a189
7f2a
ad4e
2629
75d9
7ef9
7f05
0e2c
9963
7ea3
ae4a
25c6
75cc
7ef8
51ef
e5e8
9242
7dfd
af47
2563
75bf
7ef6
d985
c03b
8c3b
7d35
b046
2500
75b2
7ef5
847c
a0e1
875c
7c4e
b148
249c
75a5
7ef4
a102
8af6
83b1
7b47
b24b
2439
7598
7ef2
14de
80a6
8144
7a21
b350
23d6
758b
7ef1
758b
82f7
801b
78db
b458
2372
757e
7ef0
6a26
91ae
803a
7776
b561
230e
7571
7eee
fd2a
ab57
819f
75f2
b66c
22ab
7564
7eed
92c9
cd64
8447
7451
b779
2247
7557
7eec
8cd2
f477
882c
7292
b888
21e3
754a
7eea
f0c0
1cae
8d44
70b5
b999
217f
753d
7ee9
62b3
420d
9381
6ebb
baab
211b
7530
7ee8
79e8
60df
9ad3
6ca6
bbc0
20b7
7523
7ee6
2109
7616
a329
6a74
bcd6
2053
7515
7ee5
a9ca
7f97
ac6b
6827
bdee
1fee
7508
7ee4
81ce
7c71
b684
65bf
bf07
1f8a
74fb
7ee2
cdd9
6cf4
c159
633e
c022
1f26
74ed
7ee1
47ff
52a8
cccd
60a3
c13f
1ec1
74e0
7edf
7ff4
302b
d8c5
5def
c25e
1e5c
74d3
7ede
4245
08e6
e521
5b23
c37e
1df8
74c5
7edd
c7a9
e0bf
f1c2
5840
c49f
1d93
74b8
7edb
80d8
bbb2
fe87
5546
c5c2
1d2e
74aa
7eda
aef0
9d6b
0b50
5237
c6e7
1cc9
749d
7ed9
278f
88eb
17fc
4f12
c80d
1c64
748f
7ed7
7bcf
8039
246b
4bd9
c934
1bff
7482
7ed6
5e3b
8434
307d
488d
ca5d
1b9a
7474
7ed4
ea04
9476
3c12
452e
cb87
1b35
7467
7ed3
8a04
af62
470e
41be
ccb3
1acf
7459
7ed2
967d
d24c
5154
3e3c
cddf
1a6a
744b
7ed0
03f8
f9bf
5aca
3aab
cf0e
1a05
743e
7ecf
6dcd
21d0
6358
370b
d03d
199f
7430
7ecd
72af
4687
6ae8
335c
d16e
193a
7422
7ecc
0e20
6440
7166
2fa1
d29f
18d4
7414
7eca
9c95
7807
76c2
2bd9
d3d2
186e
7406
7ec9
8671
7fe8
7aef
2806
d507
1809
73f9
7ec8
e010
7b19
7de1
2429
d63c
17a3
73eb
7ec6
570c
6a15
7f91
2042
d772
173d
73dd
7ec5
7e00
4e8c
7ffb
1c53
d8a9
16d7
73cf
7ec3
311c
2b38
7f1d
185e
d9e2
1671
73c1
7ec2
b712
039c
7cfb
1461
db1b
160b
73b3
7ec0
8015
dba4
7998
1060
dc55
15a5
73a5
7ebf
beb3
b747
74ff
0c5a
dd90
153f
7397
7ebe
395b
9a20
6f3a
0851
decc
14d8
7389
7ebc
7f48
8714
6859
0447
e009
1472
737b
7ebb
502f
8005
606d
003b
e147
140c
736c
7eb9
d75e
85a8
578a
fc2e
e285
13a5
735e
7eb8
83e9
976c
4dc7
f823
e3c5
133f
7350
7eb6
a28a
b390
433e
f41a
e505
12d9
7342
7eb5
1719
d748
3808
f014
e645
1272
7334
7eb3
766c
ff0a
2c43
ec12
e787
120b
7325
7eb2
68de
26e4
200d
e815
e8c9
11a5
7317
7eb0
fae6
4ae3
1385
e41f
ea0b
113e
7309
7eaf
919f
6775
06cb
e02f
eb4e
10d8
72fa
7ead
8dd3
79c4
fa00
dc48
ec92
1071
72ec
7eac
f300
7fff
ed43
d869
edd6
100a
72dd
7eaa
6421
798a
e0b7
d495
ef1b
0fa3
72cf
7ea9
7933
6707
d47b
d0cc
f060
0f3c
72c0
7ea7
1ed7
4a4c
c8ae
cd0f
f1a5
0ed5
72b2
7ea6
a820
2633
bd6f
c95f
f2eb
0e6e
72a3
7ea4
8234
fe50
b2da
c5bd
f431
0e07
7295
7ea3
cff0
d698
a90a
c22a
f577
0da0
7286
7ea1
49dc
b2fc
a019
bea7
f6be
0d39
7277
7ea0
7fe0
9702
981d
bb34
f805
0cd2
7269
7e9e
4053
8572
912b
b7d4
f94c
0c6b
725a
7e9d
c5a2
8009
8b54
b485
fa93
0c04
724b
7e9b
809b
8751
86a8
b14a
fbdb
0b9d
723d
7e9a
b0b4
9a91
8332
ae23
fd22
0b36
722e
7e98
29b5
b7e0
80fb
ab11
fe6a
0ace
721f
7e97
7c5d
dc56
8009
a815
ffb2
0a67
7210
7e95
5caf
0455
805f
a52f
00f9
0a00
7201
7e94
e7ca
2be7
81fb
a261
0241
0999
71f2
7e92
8927
4f1e
84d9
9faa
0389
0931
71e3
7e91
97c9
6a7c
88f2
9d0c
04d0
08ca
71d4
7e8f
063c
7b4b
8e3c
9a88
0618
0862
71c5
7e8d
6ef3
7fe0
94a9
981d
075f
07fb
71b6
7e8c
71a9
77c7
9c29
95cd
08a6
0794
71a7
7e8a
0bdf
63cc
a4a7
9399
09ed
072c
7198
7e89
9b2c
45ec
ae10
917f
0b33
06c5
7189
7e87
872c
211d
b84a
8f83
0c79
065d
717a
7e86
e243
f906
c33b
8da3
0dbf
05f6
716b
7e84
58b2
d19f
cec8
8be0
0f05
058e
715c
7e83
7d95
aed2
dad3
8a3b
104a
0527
714c
7e81
2f02
9412
e73d
88b4
118f
04bf
713d
7e7f
b538
8406
f3e6
874c
12d3
0458
712e
7e7e
802e
8045
00ae
8603
1417
03f0
711e
7e7c
c0a9
892f
0d75
84d9
155b
0388
710f
7e7b
3b60
9de2
1a19
83ce
169d
0321
7100
7e79
7f80
bc4f
267a
82e3
17e0
02b9
70f0
7e77
4e67
e173
3279
8218
1921
0252
70e1
7e76
d539
099f
3df6
816e
1a62
01ea
70d1
7e74
835f
30d6
48d6
80e4
1ba3
0182
70c2
7e73
a41a
5336
52fb
807a
1ce2
011b
70b2
7e71
1953
6d55
5c4b
8031
1e21
00b3
70a3
7e6f
7743
7c9c
64b0
8009
1f5f
004c
7093
7e6e
678d
7f88
6c13
8001
209c
ffe4
7084
7e6c
f8a3
75ce
7262
801a
21d9
ff7c
7074
7e6b
907e
6066
778c
8054
2314
ff15
7064
7e69
8ede
416e
7b84
80af
244f
fead
7055
7e67
f542
1bf9
7e40
812a
2589
fe45
7045
7e66
6586
f3be
7fba
81c6
26c2
fdde
7035
7e64
7873
ccba
7fec
8282
27f9
fd76
7025
7e62
1ca3
aacc
7ed8
835e
2930
fd0f
7016
7e61
a67e
9151
7c7f
845a
2a66
fca7
7006
7e5f
82a5
82d0
78e8
8576
2b9b
fc40
6ff6
7e5d
d20c
80b9
741b
86b1
2cce
fbd8
6fe6
7e5c
4bb3
8b41
6e25
880b
2e00
fb70
6fd6
7e5a
7fc1
a15d
6716
8984
2f32
fb09
6fc6
7e58
3e5a
c0dc
5eff
8b1b
3062
faa1
6fb6
7e57
c3a0
e69e
55f5
8cd0
3190
fa3a
6fa6
7e55
8068
0ee4
4c0f
8ea3
32be
f9d2
6f96
7e53
b27f
35b0
4167
9093
33ea
f96b
6f86
7e52
2bd8
5729
3617
929f
3515
f903
6f76
7e50
7ce2
6ffd
2a3d
94c7
363e
f89c
6f66
7e4e
5b1b
7db7
1df7
970a
3766
f834
6f56
7e4d
e591
7ef8
1164
9969
388d
f7cd
6f45
7e4b
8855
73a3
04a5
9be1
39b2
f766
6f35
7e49
991e
5cd5
f7d9
9e74
3ad6
f6fe
6f25
7e48
087f
3cd3
eb23
a11f
3bf8
f697
6f15
7e46
7010
16c9
dea2
a3e3
3d19
f630
6f04
7e44
7099
ee7c
d277
a6be
3e38
f5c8
6ef4
7e43
099d
c7ec
c6c0
a9b0
3f56
f561
6ee4
7e41
99ca
a6eb
bb9b
acb8
4072
f4fa
6ed3
7e3f
87f0
8ec0
b125
afd5
418c
f492
6ec3
7e3d
e478
81d1
a779
b307
42a5
f42b
6eb2
7e3c
5a50
8164
9eb0
b64d
43bc
f3c4
6ea2
7e3a
7d1f
8d86
96df
b9a5
44d1
f35d
6e92
7e38
2ce5
a503
901b
bd10
45e4
f2f6
6e81
7e37
b364
c585
8a76
c08c
46f6
f28f
6e70
7e35
8052
ebd4
85fd
c417
4806
f228
6e60
7e33
c2a3
1423
82bc
c7b3
4914
f1c1
6e4f
7e31
3d5f
3a73
80bc
cb5c
4a20
f15a
6e3f
7e30
7fae
5af7
8001
cf13
4b2a
f0f3
6e2e
7e2e
4c9a
7275
808d
d2d7
4c32
f08c
6e1d
7e2c
d318
7e9a
8260
d6a6
4d38
f025
6e0d
7e2a
82e0
7e31
8574
da80
4e3d
efbe
6dfc
7e29
a5b2
7144
89c1
de63
4f3f
ef58
6deb
7e27
1b8a
591c
8f3d
e24f
503f
eef1
6dda
7e25
7811
381d
95d9
e643
513e
ee8a
6dc9
7e23
6634
118e
9d85
ea3d
523a
ee24
6db9
7e22
f660
e941
a62d
ee3d
5334
edbd
6da8
7e20
8f65
c336
afba
f241
542c
ed56
6d97
7e1e
8ff2
a332
ba15
f649
5522
ecf0
6d86
7e1c
f784
8c62
c522
fa53
5615
ec8a
6d75
7e1b
66e3
8109
d0c6
fe5f
5707
ec23
6d64
7e19
77aa
8247
dce3
026b
57f6
ebbd
6d53
7e17
1a6c
8ffe
e95a
0677
58e3
eb57
6d42
7e15
a4e3
a8d0
f60b
0a81
59cd
eaf0
6d31
7e13
831f
ca47
02d5
0e88
5ab6
ea8a
6d20
7e12
d42b
f112
0f98
128b
5b9c
ea24
6d0e
7e10
4d84
1959
1c33
168a
5c7f
e9be
6cfd
7e0e
7f98
3f1b
2886
1a83
5d61
e958
6cec
7e0c
3c5d
5e9c
3471
1e75
5e40
e8f2
6cdb
7e0a
c1a3
74bb
3fd6
2260
5f1c
e88c
6cca
7e09
803f
7f46
4a98
2641
5ff6
e826
6cb8
7e07
b450
7d32
549b
2a19
60ce
e7c0
6ca7
7e05
2df7
6eb4
5dc6
2de6
61a3
e75b
6c96
7e03
7d5c
553b
6600
31a7
6276
e6f5
6c84
7e01
5980
334f
6d36
355c
6346
e68f
6c73
7e00
e35b
0c4c
7355
3903
6413
e62a
6c61
7dfe
878c
e410
784c
3c9b
64de
e5c4
6c50
7dfc
9a7c
be9a
7c10
4024
65a7
e55f
6c3f
7dfa
0ac1
9fa1
7e97
439c
666d
e4fa
6c2d
7df8
7123
8a35
7fd9
4703
6730
e495
6c1b
7df6
6f81
8079
7fd5
4a58
67f0
e42f
6c0a
7df5
075a
8362
7e89
4d9a
68ae
e3ca
6bf8
7df3
9871
92a6
7bfa
50c8
696a
e365
6be7
7df1
88be
acc3
782e
53e1
6a22
e300
6bd5
7def
e6b0
cf21
732f
56e5
6ad8
e29b
6bc3
7ded
5be8
f658
6d09
59d3
6b8b
e237
6bb2
7deb
7ca0
1e83
65cc
5ca9
6c3b
e1d2
6ba0
7de9
2ac4
43a9
5d8a
5f68
6ce9
e16d
6b8e
7de8
b196
6218
545a
620f
6d94
e109
6b7c
7de6
8080
76cd
4a51
649c
6e3c
e0a4
6b6b
7de4
c4a3
7fba
3f8b
6710
6ee1
e040
6b59
7de2
3f5a
7bfd
3421
6969
6f83
dfdb
6b47
7de0
7fd2
6bf3
2833
6ba7
7022
df77
6b35
7dde
4ac6
5136
1bde
6dca
70bf
df13
6b23
7ddc
d0fb
2e6a
0f41
6fd1
7159
deaf
6b11
7dda
826b
0704
027e
71ba
71ef
de4b
6aff
7dd8
a751
deec
f5b4
7387
7283
dde7
6aed
7dd7
1dc0
ba1c
e904
7537
7314
dd83
6adb
7dd5
78d5
9c3a
dc90
76c8
73a2
dd1f
6ac9
7dd3
64d3
883d
d075
783b
742d
dcbc
6ab7
7dd1
f41e
8020
c4d5
798f
74b5
dc58
6aa5
7dcf
8e56
84b2
b9cc
7ac4
753a
dbf5
6a93
7dcd
910f
957f
af76
7bd9
75bd
db91
6a81
7dcb
f9c7
b0db
a5ee
7ccf
763c
db2e
6a6e
7dc9
6838
d410
9d4d
7da5
76b8
dacb
6a5c
7dc7
76d7
fba1
95a8
7e5b
7731
da68
6a4a
7dc5
1833
23a1
8f14
7ef0
77a7
da05
6a38
7dc3
a34f
4818
89a0
7f65
7819
d9a2
6a25
7dc2
83a3
6569
855b
7fb9
7889
d93f
6a13
7dc0
d64e
78ac
824f
7fed
78f6
d8dc
6a01
7dbe
4f4e
7ff7
8085
7fff
7960
d87a
69ee
7dbc
7f65
7a91
8002
7ff2
79c6
d817
69dc
7dba
3a5b
6904
80c5
7fc3
7a29
d7b5
69ca
7db8
bfab
4d0c
82ce
7f74
7a8a
d752
69b7
7db6
8020
2971
8617
7f04
7ae7
d6f0
69a5
7db4
b626
01b9
8a98
7e73
7b41
d68e
6992
7db2
3013
d9d6
9046
7dc3
7b98
d62c
6980
7db0
7dcc
b5bc
9711
7cf1
7beb
d5ca
696d
7dae
57dd
98ff
9ee8
7c00
7c3c
d568
695a
7dac
e126
8679
a7b8
7af0
7c89
d507
6948
7daa
86cc
8000
b16a
79bf
7cd3
d4a5
6935
7da8
9be1
8639
bbe5
7870
7d1a
d444
6922
7da6
0d03
9886
c70e
7702
7d5e
d3e2
6910
7da4
722e
b515
d2c8
7575
7d9e
d381
68fd
7da2
6e5f
d913
def7
73ca
7ddc
d320
68ea
7da0
0517
00ec
eb79
7202
7e16
d2bf
68d7
7d9e
9720
28af
f831
701c
7e4d
d25e
68c5
7d9c
8996
4c68
04fc
6e1a
7e80
d1fd
68b2
7d9a
e8ea
688e
11ba
6bfb
7eb1
d19d
689f
7d98
5d78
7a55
1e4b
69c1
7ede
d13c
688c
7d96
7c17
7ffb
2a8f
676c
7f08
d0dc
6879
7d94
28a0
78ef
3666
64fc
7f2e
d07c
6866
7d92
afcf
65e6
41b1
6273
7f52
d01c
6853
7d90
80b9
48c1
4c55
5fd0
7f72
cfbb
6840
7d8e
c6a7
2466
5635
5d15
7f8f
cf5c
682d
7d8c
414f
fc6e
5f39
5a42
7fa8
cefc
681a
7d8a
7fec
d4d1
674a
5758
7fbf
ce9c
6807
7d88
48ec
b17c
6e52
5457
7fd2
ce3d
67f4
7d86
cee1
95f1
7440
5141
7fe1
cddd
67e1
7d84
8200
84ea
7904
4e16
7fee
cd7e
67ce
7d82
a8f6
8018
7c93
4ad7
7ff7
cd1f
67ba
7d80
1ff3
87f5
7ee4
4785
7ffd
ccc0
67a7
7d7e
7990
9bba
7fef
4421
7fff
cc61
6794
7d7c
6369
b970
7fb4
40ab
7fff
cc02
6781
7d7a
f1dd
de26
7e32
3d24
7ffb
cba3
676d
7d78
8d50
0637
7b6d
398e
7ff4
cb45
675a
7d76
9235
2dab
776c
35ea
7fea
cae7
6747
7d74
fc0b
5097
723a
3237
7fdc
ca88
6733
7d72
6985
6b85
6be4
2e78
7fcb
ca2a
6720
7d70
75fb
7bc9
647a
2aac
7fb7
c9cc
670d
7d6e
15f9
7fc7
5c0f
26d6
7f9f
c96f
66f9
7d6c
a1c3
7719
52b8
22f6
7f85
c911
66e6
7d69
8432
629b
488e
1f0d
7f67
c8b3
66d2
7d67
d874
4456
3daa
1b1c
7f45
c856
66bf
7d65
5112
1f4a
3228
1724
7f21
c7f9
66ab
7d63
7f27
f724
2627
1326
7ef9
c79c
6697
7d61
3855
cfdf
19c3
0f23
7ece
c73f
6684
7d5f
bdb8
ad5f
0d1e
0b1c
7e9f
c6e2
6670
7d5d
800b
9311
0057
0713
7e6e
c685
665d
7d5b
b803
8391
f38f
0307
7e39
c629
6649
7d59
322a
8068
e6e7
fefb
7e01
c5cc
6635
7d57
7e32
89e6
da7f
faef
7dc6
c570
6621
7d55
5634
9f1a
ce78
f6e5
7d87
c514
660e
7d52
def5
bdeb
c2ee
f2dc
7d46
c4b8
65fa
7d50
8617
e349
b802
eed8
7d01
c45c
65e6
7d4e
9d4f
0b80
adcd
ead7
7cb9
c401
65d2
7d4c
0f43
3293
a46a
e6dc
7c6d
c3a5
65be
7d4a
7330
54a2
9bf2
e2e7
7c1f
c34a
65aa
7d48
6d35
6e4d
947a
defa
7bcd
c2ef
6597
7d46
02d3
7d07
8e14
db15
7b79
c294
6583
7d44
95d8
7f5b
88d3
d73a
7b21
c239
656f
7d41
8a76
750e
84c1
d369
7ac5
c1de
655b
7d3f
eb25
5f26
81ec
cfa4
7a67
c184
6547
7d3d
5f00
3fcd
8058
cbeb
7a06
c12a
6533
7d3b
7b83
1a21
800c
c83f
79a1
c0cf
651e
7d39
2678
f1de
8106
c4a2
793a
c075
650a
7d37
ae0e
cb01
8345
c113
78cf
c01b
64f6
7d35
80fb
a966
86c4
bd95
7861
bfc2
64e2
7d32
c8b0
9061
8b78
ba28
77f0
bf68
64ce
7d30
433f
826f
9157
b6cd
777c
bf0f
64ba
7d2e
7ffb
80f0
9850
b384
7705
beb6
64a5
7d2c
470c
8c0a
a053
b04f
768b
be5d
6491
7d2a
cccb
a2a5
a94a
ad2f
760e
be04
647d
7d28
819f
c282
b320
aa23
758e
bdab
6469
7d25
aaa3
e878
bdba
a72e
750b
bd52
6454
7d23
2223
10c3
c8fd
a44f
7484
bcfa
6440
7d21
7a40
3765
d4cd
a188
73fb
bca2
642c
7d1f
61f8
5888
e10c
9ed9
736f
bc4a
6417
7d1d
ef9d
70e4
ed9a
9c43
72e0
bbf2
6403
7d1b
8c53
7e0e
fa57
99c6
724e
bb9a
63ee
7d18
9363
7eb8
0722
9764
71b9
bb43
63da
7d16
fe4f
72d0
13db
951c
7121
baec
63c5
7d14
6ac9
5b86
2062
92f0
7087
ba94
63b1
7d12
7515
3b28
2c95
90e0
6fe9
ba3d
639c
7d10
13bd
14ed
3857
8eec
6f48
b9e7
6388
7d0d
a03e
ec9e
4388
8d15
6ea5
b990
6373
7d0b
84ca
c63b
4e0d
8b5b
6dff
b93a
635e
7d09
da9d
a593
57ca
89bf
6d56
b8e3
634a
7d07
52d0
8de3
60a6
8842
6caa
b88d
6335
7d04
7edf
8183
688b
86e3
6bfc
b837
6320
7d02
364a
81af
6f65
85a3
6b4a
b7e2
630b
7d00
bbca
8e62
7522
8483
6a96
b78c
62f7
7cfe
8001
a659
79b3
8382
69df
b737
62e2
7cfc
b9e6
c734
7d0d
82a1
6926
b6e2
62cd
7cf9
343e
edb1
7f27
81e0
686a
b68d
62b8
7cf7
7e8e
15ff
7ffc
8140
67ab
b638
62a3
7cf5
5484
3c1e
7f8a
80c0
66e9
b5e3
628e
7cf3
dcc6
5c48
7dd1
8060
6625
b58f
627a
7cf0
856b
734a
7ad7
8021
655e
b53b
6265
7cee
9ec4
7ede
76a2
8003
6495
b4e7
6250
7cec
1183
7ddd
713e
8005
63c9
b493
623b
7cea
7428
7060
6ab8
8029
62fb
b43f
6226
7ce7
6c02
57bf
6321
806d
6229
b3ec
6211
7ce5
008f
366a
5a8d
80d2
6156
b399
61fb
7ce3
9498
0faf
5111
8157
6080
b346
61e6
7ce0
8b61
e767
46c5
81fd
5fa7
b2f3
61d1
7cde
ed62
c18f
3bc5
82c3
5ecc
b2a0
61bc
7cdc
6081
a1e8
302c
83a9
5def
b24e
61a7
7cda
7ae6
8b96
2417
84ae
5d0f
b1fb
6192
7cd7
244d
80cf
17a6
85d4
5c2d
b1a9
617c
7cd5
ac54
82a6
0af9
8719
5b49
b158
6167
7cd3
8148
90eb
fe30
887c
5a62
b106
6152
7cd0
cabd
aa34
f16b
89fe
5978
b0b4
613d
7cce
452a
cbff
e4cc
8b9f
588d
b063
6127
7ccc
7fff
f2f2
d872
8d5d
579f
b012
6112
7cca
4527
1b31
cc7d
8f39
56af
afc1
60fd
7cc7
caba
40be
c10c
9131
55bd
af71
60e7
7cc5
8148
5fdf
b63d
9346
54c9
af20
60d2
7cc3
ac57
757e
ac29
9576
53d2
aed0
60bc
7cc0
2451
7f76
a2ed
97c2
52d9
ae80
60a7
7cbe
7ae7
7cca
9a9e
9a29
51df
ae30
6091
7cbc
607f
6dbf
9353
9caa
50e2
ade1
607c
7cb9
ed5e
53d1
8d1d
9f44
4fe3
ad91
6066
7cb7
8b5f
3193
880e
a1f7
4ee2
ad42
6051
7cb5
949a
0a6b
8431
a4c2
4dde
acf3
603b
7cb2
0093
e23a
8191
a7a4
4cd9
aca4
6026
7cb0
6c04
bcfd
8035
aa9d
4bd2
ac56
6010
7cae
7426
9e66
801f
adab
4ac9
ac08
5ffa
7cab
117f
897c
8150
b0cf
49bf
abba
5fe5
7ca9
9ec1
8053
83c6
b407
48b2
ab6c
5fcf
7ca7
856c
83d3
8779
b753
47a3
ab1e
5fb9
7ca4
dcc9
93a4
8c60
bab1
4693
aad1
5fa3
7ca2
5487
ae34
9270
be21
4580
aa83
5f8e
7ca0
7e8e
d0e0
9997
c1a2
446c
aa36
5f78
7c9d
343a
f839
a1c4
c532
4357
a9e9
5f62
7c9b
b9e2
2057
aae3
c8d2
423f
a99d
5f4c
7c98
8001
4541
b4db
cc80
4126
a951
5f36
7c96
bbce
634c
bf93
d03b
400b
a904
5f20
7c94
364d
777e
caf1
d402
3eee
a8b8
5f0a
7c91
7ee0
7fd6
d6d6
d7d5
3dd0
a86d
5ef4
7c8f
52cd
7b81
e324
dbb2
3cb0
a821
5ede
7c8c
da99
6aed
efbc
df98
3b8f
a7d6
5ec8
7c8a
84c9
4fbe
fc7d
e386
3a6c
a78b
5eb2
7c88
a041
2ca7
0948
e77c
3948
a740
5e9c
7c85
13c0
0522
15fb
eb78
3822
a6f6
5e86
7c83
7517
dd1b
2275
ef79
36fb
a6ab
5e70
7c80
6ac7
b889
2e98
f37f
35d3
a661
5e5a
7c7e
fe4b
9b0e
3a43
f788
34a9
a617
5e44
7c7c
9361
8796
455a
fb92
337d
a5ce
5e2e
7c79
8c55
800f
4fbe
ff9e
3251
a584
5e17
7c77
efa1
8537
5957
03ab
3123
a53b
5e01
7c74
61fa
968d
620c
07b6
2ff3
a4f2
5deb
7c72
7a3f
b258
69c5
0bbf
2ec3
a4aa
5dd5
7c70
221f
d5d7
7070
0fc5
2d91
a461
5dbe
7c6d
aaa0
fd84
75fc
13c7
2c5f
a419
5da8
7c6b
819f
2570
7a5a
17c4
2b2b
a3d1
5d92
7c68
cccf
49a5
7d7e
1bbb
29f6
a389
5d7b
7c66
4710
668d
7f62
1fab
28bf
a342
5d65
7c63
7ffb
7949
7fff
2393
2788
a2fa
5d4e
7c61
433c
7fff
7f56
2772
2650
a2b3
5d38
7c5e
c8ad
7a02
7d67
2b46
2517
a26c
5d22
7c5c
80fb
67ed
7a37
2f10
23dd
a226
5d0b
7c5a
ae11
4b89
75cf
32cd
22a2
a1df
5cf5
7c57
267c
27a7
7039
367e
2166
a199
5cde
7c55
7b85
ffd7
6984
3a20
2029
a153
5cc7
7c52
5efe
d80a
61c1
3db4
1eec
a10e
5cb1
7c50
eb21
b435
5904
4138
1dad
a0c8
5c9a
7c4d
8a75
97e3
4f63
44ab
1c6e
a083
5c84
7c4b
95da
85e5
44f8
480c
1b2e
a03e
5c6d
7c48
02d7
8002
39dc
4b5b
19ee
9ffa
5c56
7c46
6d37
86d1
2e2b
4e97
18ad
9fb5
5c40
7c43
732e
99a5
2205
51bf
176b
9f71
5c29
7c41
0f3f
b69f
1588
54d2
1628
9f2d
5c12
7c3e
9d4c
dae0
08d4
57cf
14e5
9eea
5bfb
7c3c
8618
02cf
fc09
5ab5
13a2
9ea6
5be4
7c39
def8
2a77
ef48
5d85
125e
9e63
5bce
7c37
5637
4de9
e2b2
603c
1119
9e20
5bb7
7c34
7e32
69a2
d667
62db
0fd4
9dde
5ba0
7c32
3227
7ae0
ca87
6560
0e8f
9d9b
5b89
7c2f
b800
7fef
bf2f
67cc
0d49
9d59
5b72
7c2d
800c
784e
b47d
6a1d
0c03
9d17
5b5b
7c2a
bdbb
64bf
aa8c
6c53
0abd
9cd6
5b44
7c28
3858
4732
a176
6e6d
0976
9c94
5b2d
7c25
7f28
2296
9951
706b
082f
9c53
5b16
7c23
510f
fa8b
9234
724c
06e8
9c12
5aff
7c20
d870
d30c
8c2f
740f
05a1
9bd1
5ae8
7c1e
8431
b001
8752
75b6
0459
9b91
5ad1
7c1b
a1c6
94e5
83aa
773d
0312
9b51
5aba
7c19
15fd
8469
8140
78a7
01ca
9b11
5aa3
7c16
75fd
802e
801a
79f1
0082
9ad2
5a8c
7c14
6983
88a0
803b
7b1d
ff3b
9a92
5a75
7c11
fc07
9ce9
81a3
7c29
fdf3
9a53
5a5d
7c0e
9232
bb05
844f
7d15
fcac
9a14
5a46
7c0c
8d52
dff9
8837
7de1
fb64
99d6
5a2f
7c09
f1e1
0819
8d51
7e8c
fa1d
9997
5a18
7c07
636c
2f6d
9390
7f18
f8d5
9959
5a00
7c04
798e
520c
9ae5
7f83
f78e
991c
59e9
7c02
1fef
6c88
a33d
7fcd
f647
98de
59d2
7bff
a8f4
7c41
ac81
7ff6
f501
98a1
59ba
7bfd
8200
7fa7
b69c
7fff
f3bb
9864
59a3
7bfa
cee5
7665
c172
7fe7
f274
9827
598c
7bf7
48ef
6165
cce8
7fae
f12f
97eb
5974
7bf5
7feb
42bc
d8e1
7f55
efea
97af
595d
7bf2
414c
1d75
e53e
7edb
eea5
9773
5945
7bf0
c6a4
f543
f1df
7e40
ed60
9737
592e
7bed
80b8
ce21
fea4
7d86
ec1c
96fc
5916
7bea
afd2
abf1
0b6d
7cab
ead9
96c1
58ff
7be8
28a3
9217
1819
7bb0
e996
9686
58e7
7be5
7c18
8323
2487
7a95
e854
964b
58cf
7be3
5d75
8092
3097
795b
e712
9611
58b8
7be0
e8e6
8aa3
3c2c
7802
e5d1
95d7
58a0
7bdd
8994
a058
4726
768b
e490
959d
5889
7bdb
9723
bf8a
516b
74f5
e351
9564
5871
7bd8
051b
e520
5adf
7341
e212
952a
5859
7bd6
6e61
0d60
636a
716f
e0d4
94f1
5841
7bd3
722c
344d
6af8
6f81
df96
94b9
582a
7bd0
0cff
560a
7174
6d76
de5a
9480
5812
7bce
9bdf
6f3f
76cd
6b4f
dd1e
9448
57fa
7bcb
86ce
7d6b
7af7
690c
dbe3
9410
57e2
7bc8
e12a
7f27
7de6
66af
daa9
93d9
57cb
7bc6
57e0
7448
7f93
6437
d970
93a2
57b3
7bc3
7dcb
5de0
7ffa
61a5
d838
936b
579b
7bc0
300f
3e29
7f1a
5efb
d701
9334
5783
7bbe
b623
1848
7cf4
5c38
d5cb
92fd
576b
7bbb
8020
effe
798f
595e
d497
92c7
5753
7bb8
bfae
c94b
74f3
566d
d363
9291
573b
7bb6
3a5f
a805
6f2c
5366
d230
925c
5723
7bb3
7f65
8f78
6848
5049
d0ff
9226
570b
7bb1
4f4b
8214
605a
4d18
cfcf
91f1
56f3
7bae
d64a
812d
5775
49d3
cea0
91bd
56db
7bab
83a2
8cda
4db0
467b
cd72
9188
56c3
7ba9
a352
a3f2
4325
4311
cc46
9154
56ab
7ba6
1837
c42b
37ee
3f96
cb1b
9120
5693
7ba3
76d9
ea53
2c28
3c0b
c9f1
90ec
567a
7ba0
6836
12a1
1ff1
3870
c8c9
90b9
5662
7b9e
f9c3
3916
1368
34c7
c7a2
9086
564a
7b9b
910d
59e2
06ae
3111
c67c
9053
5632
7b98
8e58
71c5
f9e2
2d4d
c558
9021
561a
7b96
f422
7e5e
ed27
297f
c436
8fee
5601
7b93
64d5
7e70
e09b
25a5
c315
8fbd
55e9
7b90
78d4
71f8
d460
21c2
c1f5
8f8b
55d1
7b8e
1dbc
5a32
c894
1dd7
c0d8
8f5a
55b9
7b8b
a74e
397b
bd56
19e3
bfbb
8f28
55a0
7b88
826c
1310
b2c3
15e9
bea1
8ef8
5588
7b85
d0fe
eac1
a8f5
11ea
bd88
8ec7
556f
7b83
4ac9
c48e
a006
0de6
bc71
8e97
5557
7b80
7fd2
a440
980c
09de
bb5b
8e67
553f
7b7d
3f56
8d0b
911c
05d4
ba48
8e38
5526
7b7b
c4a0
813d
8b48
01c8
b936
8e08
550e
7b78
8080
8200
869f
fdbc
b826
8dd9
54f5
7b75
b19a
8f43
832b
f9b0
b717
8daa
54dd
7b72
2ac8
a7b4
80f8
f5a6
b60b
8d7c
54c4
7b70
7ca1
c8e6
8009
f19f
b500
8d4e
54ac
7b6d
5be5
ef8f
8061
ed9b
b3f8
8d20
5493
7b6a
e6ac
17da
8200
e99c
b2f1
8cf2
547a
7b67
88bd
3dc7
84e1
e5a3
b1ed
8cc5
5462
7b65
9874
5d94
88fd
e1b1
b0ea
8c98
5449
7b62
075e
7419
8e4a
ddc6
afe9
8c6c
5430
7b5f
6f83
7f1a
94b9
d9e4
aeeb
8c3f
5418
7b5c
7122
7d81
9c3b
d60c
adee
8c13
53ff
7b5a
0abd
6f76
a4bc
d23e
acf4
8be7
53e6
7b57
9a79
565d
ae26
ce7d
abfc
8bbc
53cd
7b54
878d
34b3
b862
cac8
ab05
8b91
53b5
7b51
e35e
0dd0
c355
c720
aa11
8b66
539c
7b4e
5982
e58e
cee3
c387
a920
8b3b
5383
7b4c
7d5b
bfeb
daef
bffe
a830
8b11
536a
7b49
2df3
a0a3
e759
bc85
a743
8ae7
5351
7b46
b44c
8ad0
f403
b91d
a658
8abd
5338
7b43
803f
809c
00cb
b5c8
a56f
8a94
5320
7b41
c1a6
830b
0d91
b285
a489
8a6b
5307
7b3e
3c61
91dd
1a35
af56
a3a5
8a42
52ee
7b3b
7f98
ab9c
2696
ac3c
a2c3
8a19
52d5
7b38
4d80
cdb9
3293
a937
a1e4
89f1
52bc
7b35
d427
f4d3
3e10
a649
a107
89c9
52a3
7b33
831e
1d08
48ee
a371
a02c
89a2
528a
7b30
a4e6
425c
5311
a0b2
9f54
897a
5271
7b2d
1a70
611c
5c5f
9e0a
9e7f
8953
5258
7b2a
77ac
763a
64c2
9b7c
9dac
892d
523e
7b27
66e1
7f9f
6c23
9907
9cdb
8906
5225
7b24
f780
7c5b
726f
96ad
9c0d
88e0
520c
7b22
8ff0
6cc3
7796
946e
9b42
88bb
51f3
7b1f
8f67
5262
7b8c
924a
9a79
8895
51da
7b1c
f664
2fd5
7e45
9042
99b3
8870
51c1
7b19
6636
0889
7fbc
8e57
98ef
884b
51a7
7b16
7810
e065
7feb
8c89
982e
8827
518e
7b13
1b87
bb64
7ed4
8ad9
9770
8802
5175
7b11
a5af
9d30
7c78
8947
96b4
87de
515c
7b0e
82e1
88c9
78de
87d3
95fb
87bb
5142
7b0b
d31c
8034
740f
867d
9545
8797
5129
7b08
4c9d
844c
6e17
8547
9491
8774
5110
7b05
7fae
94a8
6705
8430
93e1
8752
50f6
7b02
3d5c
afaa
5eeb
8339
9333
872f
50dd
7aff
c2a0
d2a3
55df
8262
9287
870d
50c3
7afd
8052
fa1b
4bf8
81ab
91df
86ec
50aa
7afa
b367
222a
414d
8115
9139
86ca
5091
7af7
2ce9
46d5
35fc
809f
9097
86a9
5077
7af4
7d20
6479
2a21
8049
8ff7
8688
505e
7af1
5a4d
7827
1dda
8014
8f5a
8668
5044
7aee
e475
7feb
1147
8000
8ec0
8647
502b
7aeb
87ef
7aff
0487
800d
8e28
8627
5011
7ae8
99cd
69e1
f7bc
803a
8d94
8608
4ff7
7ae5
09a1
4e42
eb06
8088
8d03
85e9
4fde
7ae3
709b
2ae1
de86
80f7
8c74
85ca
4fc4
7ae0
700e
033f
d25b
8187
8be9
85ab
4fab
7add
087b
db4b
c6a6
8236
8b60
858d
4f91
7ada
991c
b6fb
bb82
8306
8adb
856f
4f77
7ad7
8856
99e8
b10e
83f6
8a58
8551
4f5e
7ad4
e595
86f5
a764
8506
89d8
8534
4f44
7ad1
5b1e
8004
9e9d
8635
895c
8516
4f2a
7ace
7ce1
85c3
96ce
8783
88e2
84fa
4f10
7acb
2bd4
97a2
900d
88f0
886c
84dd
4ef7
7ac8
b27c
b3da
8a6a
8a7c
87f9
84c1
4edd
7ac5
8068
d7a0
85f4
8c25
8788
84a5
4ec3
7ac2
c3a4
ff66
82b6
8ded
871b
848a
4ea9
7ac0
3e5e
273c
80b9
8fd1
86b1
846f
4e8f
7abd
7fc1
4b2e
8001
91d2
864a
8454
4e75
7aba
4bb0
67ab
8090
93f0
85e6
8439
4e5b
7ab7
d208
79e0
8266
9629
8585
841f
4e42
7ab4
82a4
7fff
857c
987d
8528
8405
4e28
7ab1
a681
796d
89cc
9aec
84cd
83eb
4e0e
7aae
1ca6
66d0
8f4b
9d74
8476
83d2
4df4
7aab
7875
4a01
95e9
a016
8422
83b9
4dda
7aa8
6584
25db
9d98
a2d0
83d1
83a0
4dc0
7aa5
f53e
fdf4
a641
a5a3
8383
8388
4da6
7aa2
8edc
d641
afd1
a88c
8338
8370
4d8c
7a9f
9080
b2b2
ba2d
ab8c
82f1
8358
4d71
7a9c
f8a7
96cd
c53c
aea1
82ad
8341
4d57
7a99
678f
8557
d0e2
b1cb
826c
832a
4d3d
7a96
7742
800b
dcff
b509
822e
8313
4d23
7a93
194f
8770
e977
b85b
81f3
82fd
4d09
7a90
a418
9ac9
f628
bbbe
81bc
82e7
4cef
7a8d
8360
b82c
02f2
bf34
8188
82d1
4cd5
7a8a
d53d
dcaf
0fb5
c2b9
8157
82bc
4cba
7a87
4e6a
04b2
1c4f
c64f
8129
82a6
4ca0
7a84
7f80
2c3e
28a2
c9f3
80ff
8292
4c86
7a81
3b5c
4f66
348c
cda5
80d8
827d
4c6c
7a7e
c0a5
6aaf
3fef
d164
80b4
8269
4c51
7a7b
802e
7b64
4ab0
d52f
8093
8255
4c37
7a78
b53b
7fdc
54b1
d905
8076
8242
4c1d
7a75
2f06
77a6
5dda
dce5
805c
822e
4c02
7a72
7d95
6392
6612
e0cd
8045
821b
4be8
7a6f
58af
459f
6d45
e4be
8031
8209
4bcd
7a6c
e23f
20c4
7361
e8b6
8021
81f7
4bb3
7a69
872b
f8a9
7856
ecb4
8014
81e5
4b99
7a66
9b2e
d149
7c17
f0b6
800a
81d3
4b7e
7a63
0be3
ae8a
7e9b
f4bd
8004
81c2
4b64
7a60
71aa
93e0
7fdb
f8c6
8000
81b1
4b49
7a5d
6ef1
83ef
7fd3
fcd2
8000
81a0
4b2f
7a5a
0638
804b
7e85
00de
8004
8190
4b14
7a57
97c7
8952
7bf3
04ea
800a
8180
4afa
7a54
8929
9e1d
7824
08f4
8014
8170
4adf
7a51
e7ce
bc9e
7322
0cfd
8022
8161
4ac4
7a4e
5cb1
e1cd
6cf9
1102
8032
8152
4aaa
7a4b
7c5c
09fb
65ba
1502
8046
8143
4a8f
7a47
29b1
312c
5d76
18fe
805d
8135
4a75
7a44
b0b1
537c
5444
1cf3
8077
8127
4a5a
7a41
809b
6d85
4a39
20e0
8094
8119
4a3f
7a3e
c5a5
7cb1
3f71
24c5
80b5
810c
4a25
7a3b
4056
7f80
3407
28a1
80d9
80ff
4a0a
7a38
7fe0
75aa
2817
2c72
8101
80f2
49ef
7a35
49d9
6029
1bc1
3038
812b
80e6
49d4
7a32
cfed
411e
0f24
33f2
8159
80da
49ba
7a2f
8234
1b9f
0261
379e
818a
80ce
499f
7a2c
a823
f362
f597
3b3c
81be
80c2
4984
7a29
1edb
cc65
e8e8
3ecb
81f6
80b7
4969
7a26
7934
aa87
dc74
424a
8230
80ac
494e
7a23
641e
9122
d05a
45b7
826e
80a2
4933
7a1f
f2fc
82bd
c4bb
4913
82b0
8098
4918
7a1c
8dd1
80c3
b9b3
4c5d
82f4
808e
48fe
7a19
91a1
8b67
af5f
4f92
833c
8085
48e3
7a16
faea
a19c
a5da
52b4
8386
807b
48c8
7a13
68e0
c12d
9d3b
55c0
83d4
8073
48ad
7a10
766a
e6f9
9598
58b6
8425
806a
4892
7a0d
1715
0f40
8f06
5b96
847a
8062
4877
7a0a
a288
3604
8995
5e5e
84d1
805a
485c
7a06
83e9
576d
8552
610e
852c
8053
4841
7a03
d761
702a
824a
63a5
858a
804b
4826
7a00
5032
7dc8
8083
6622
85eb
8045
480b
79fd
7f47
7eed
8002
6886
864f
803e
47ef
79fa
3958
737b
80c8
6ace
86b6
8038
47d4
79f7
beb0
5c95
82d4
6cfc
8720
8032
47b9
79f4
8014
3c81
8620
6f0d
878d
802c
479e
79f1
b715
166d
8aa4
7102
87fe
8027
4783
79ed
3120
ee20
9054
72da
8871
8022
4768
79ea
7e01
c798
9722
7495
88e8
801e
474d
79e7
5709
a6a9
9efb
7632
8961
8019
4731
79e4
e00c
8e95
a7cd
77b0
89de
8016
4716
79e1
8670
81c1
b181
7910
8a5e
8012
46fb
79de
9c97
8172
bbfd
7a51
8ae0
800f
46e0
79da
0e24
8db0
c728
7b73
8b66
800c
46c4
79d7
72b0
a544
d2e4
7c75
8bef
8009
46a9
79d4
6dcb
c5d7
df13
7d57
8c7a
8007
468e
79d1
03f4
ec2f
eb96
7e19
8d09
8005
4672
79ce
967b
147e
f84e
7ebb
8d9b
8003
4657
79ca
8a05
3ac5
0519
7f3c
8e2f
8002
463b
79c7
ea08
5b38
11d7
7f9d
8ec6
8001
4620
79c4
5e3e
729f
1e68
7fdd
8f61
8000
4605
79c1
7bce
7ea8
2aaa
7ffd
8ffe
8000
45e9
79be
278b
7e21
3680
7ffb
909e
8000
45ce
79ba
aeed
7119
41ca
7fd9
9141
8000
45b2
79b7
80d9
58d9
4c6c
7f96
91e6
8001
4597
79b4
c7ac
37ca
564b
7f33
928f
8002
457b
79b1
4249
1132
5f4d
7eaf
933a
8003
4560
79ae
7ff5
e8e6
675b
7e0a
93e8
8005
4544
79aa
47fc
c2e4
6e60
7d45
9499
8007
4529
79a7
cdd5
a2f2
744c
7c61
954d
8009
450d
79a4
81ce
8c3a
790e
7b5c
9603
800c
44f1
79a1
a9cd
80fd
7c9a
7a38
96bc
800f
44d6
799e
210c
8259
7ee7
78f4
9778
8012
44ba
799a
79ea
902b
7ff0
7792
9837
8016
449f
7997
62b1
a914
7fb2
7611
98f8
801a
4483
7994
f0bc
ca9b
7e2d
7471
99bb
801e
4467
7991
8cd0
f16e
7b65
72b4
9a82
8023
444b
798d
92cb
19b3
7762
70da
9b4b
8028
4430
798a
fd2e
3f6c
722d
6ee2
9c16
802d
4414
7987
6a28
5eda
6bd4
6ccf
9ce4
8032
43f8
7984
7589
74e1
6468
6a9f
9db5
8038
43dc
7980
14da
7f50
5bfa
6854
9e88
803f
43c1
797d
a0ff
7d1f
52a2
65ef
9f5e
8045
43a5
797a
847d
6e85
4876
636f
a036
804c
4389
7977
d989
54f6
3d90
60d6
a111
8053
436d
7973
51f3
32fa
320e
5e24
a1ee
805b
4351
7970
7f04
0bef
260b
5b5a
a2cd
8063
4335
796d
374f
e3b6
19a7
5878
a3af
806b
431a
7969
bcc0
be4b
0d01
5580
a493
8073
42fe
7966
8005
9f64
003a
5272
a579
807c
42e2
7963
b8f5
8a11
f372
4f4f
a662
8085
42c6
7960
3335
8071
e6cb
4c18
a74d
808f
42aa
795c
7e62
8377
da64
48cd
a83b
8099
428e
7959
555c
92d6
ce5d
4570
a92a
80a3
4272
7956
dddc
ad09
c2d5
4200
aa1c
80ad
4256
7952
85bf
cf77
b7e9
3e80
ab10
80b8
423a
794f
9e09
f6b4
adb6
3af0
ac07
80c3
421e
794c
1064
1edd
a456
3751
acff
80cf
4202
7948
73ad
43f7
9be0
33a4
adf9
80db
41e6
7945
6c9c
6254
946a
2fe9
aef6
80e7
41c9
7942
01b0
76f0
8e07
2c22
aff5
80f3
41ad
793e
9537
7fc0
88c8
2850
b0f5
8100
4191
793b
8aeb
7be6
84ba
2474
b1f8
810d
4175
7938
ec44
6bc2
81e7
208e
b2fd
811a
4159
7935
5fc2
50ee
8056
1ca0
b404
8128
413d
7931
7b36
2e14
800c
18aa
b50c
8136
4121
792e
2562
06a8
810a
14ae
b617
8145
4104
792b
ad2f
de93
834c
10ad
b723
8153
40e8
7927
8121
b9ce
86cd
0ca8
b832
8162
40cc
7924
c9b7
9c00
8b84
089f
b942
8172
40b0
7920
4436
881c
9165
0495
ba54
8181
4093
791d
7fff
801c
9861
0089
bb68
8191
4077
791a
461a
84cb
a066
fc7c
bc7d
81a2
405b
7916
cbc1
95b2
a960
f871
bd94
81b2
403e
7913
8172
b124
b337
f468
bead
81c3
4022
7910
ab7d
d467
bdd3
f062
bfc8
81d5
4006
790c
233b
fbfe
c917
ec5f
c0e4
81e6
3fe9
7909
7a95
23fa
d4e9
e862
c202
81f8
3fcd
7906
613c
4865
e128
e46b
c322
820a
3fb0
7902
ee7c
65a2
edb7
e07b
c443
821d
3f94
78ff
8bd8
78cb
fa74
dc93
c565
8230
3f78
78fb
93fe
7ff9
073f
d8b4
c689
8243
3f5b
78f8
ff72
7a76
13f8
d4df
c7af
8257
3f3f
78f5
6b68
68cf
207e
d115
c8d6
826b
3f22
78f1
749f
4cc2
2cb0
cd57
c9fe
827f
3f06
78ee
129d
2919
3871
c9a6
cb28
8293
3ee9
78ea
9f7e
015d
43a1
c603
cc53
82a8
3ecc
78e7
851a
d97e
4e24
c26f
cd7f
82bd
3eb0
78e4
dbb4
b570
57df
beea
cead
82d3
3e93
78e0
53ad
98c8
60b9
bb76
cfdc
82e9
3e77
78dd
7eb8
865c
689c
b814
d10c
82ff
3e5a
78d9
3542
8000
6f73
b4c4
d23e
8315
3e3e
78d6
bad5
8656
752e
b188
d371
832c
3e21
78d3
8000
98bc
79bc
ae5f
d4a4
8343
3e04
78cf
bada
b560
7d13
ab4c
d5d9
835a
3de8
78cc
3547
d96b
7f2b
a84e
d70f
8372
3dcb
78c8
7eb8
0149
7ffd
a566
d846
838a
3dae
78c5
53a8
2907
7f87
a296
d97e
83a3
3d91
78c1
dbae
4cb3
7dcc
9fde
dab7
83bb
3d75
78be
8518
68c3
7ace
9d3e
dbf1
83d4
3d58
78bb
9f82
7a70
7697
9ab7
dd2c
83ed
3d3b
78b7
12a3
7ff9
7130
984b
de68
8407
3d1e
78b4
74a1
78d1
6aa8
95f9
dfa4
8421
3d02
78b0
6b65
65ae
630f
93c2
e0e2
843b
3ce5
78ad
ff6c
4875
5a78
91a7
e220
8456
3cc8
78a9
93fb
240d
50fa
8fa8
e35f
8471
3cab
78a6
8bda
fc11
46ad
8dc6
e49f
848c
3c8e
78a2
ee82
d47a
3bab
8c01
e5df
84a8
3c71
789f
613f
b133
3011
8a5a
e720
84c3
3c54
789b
7a94
95bd
23fb
88d1
e862
84e0
3c38
7898
2336
84d1
178a
8766
e9a4
84fc
3c1b
7895
ab79
801c
0adc
861a
eae7
8519
3bfe
7891
8173
8815
fe13
84ee
ec2b
8536
3be1
788e
cbc7
9bf4
f14e
83e1
ed6f
8553
3bc4
788a
461e
b9be
e4af
82f4
eeb3
8571
3ba7
7887
7fff
de80
d856
8227
eff8
858f
3b8a
7883
4431
0694
cc63
817a
f13d
85ae
3b6d
7880
c9b2
2e01
c0f3
80ed
f283
85cc
3b50
787c
8120
50df
b625
8081
f3c9
85eb
3b33
7879
ad34
6bb7
ac13
8035
f50f
860a
3b16
7875
2568
7be1
a2d9
800b
f656
862a
3af9
7872
7b37
7fc2
9a8c
8001
f79d
864a
3adb
786e
5fbe
76f7
9343
8017
f8e4
866a
3abe
786b
ec3f
6260
8d10
804f
fa2b
868b
3aa1
7867
8ae9
4408
8804
80a7
fb73
86ac
3a84
7864
953a
1ef0
842a
8120
fcba
86cd
3a67
7860
01b6
f6c8
818d
81b9
fe02
86ee
3a4a
785d
6ca0
cf89
8033
8273
ff49
8710
3a2d
7859
73ab
ad18
8020
834d
0091
8732
3a0f
7855
105e
92e1
8154
8446
01d9
8755
39f2
7852
9e05
837b
83cd
8560
0320
8777
39d5
784e
85c1
806f
8783
8698
0468
879a
39b8
784b
dde2
8a0a
8c6d
87f0
05af
87be
399b
7847
5560
9f57
927f
8967
06f7
87e1
397d
7844
7e61
be3a
99a8
8afc
083e
8805
3960
7840
3330
e3a3
a1d8
8cae
0985
882a
3943
783d
b8f0
0bdc
aaf9
8e7f
0acb
884e
3925
7839
8005
32e8
b4f3
906c
0c12
8873
3908
7836
bcc5
54e7
bfad
9276
0d58
8898
38eb
7832
3754
6e7c
cb0b
949c
0e9d
88be
38cd
782e
7f05
7d1b
d6f1
96de
0fe3
88e3
38b0
782b
51ee
7f52
e340
993a
1128
890a
3893
7827
d983
74e9
efd9
9bb1
126c
8930
3875
7824
847b
5ee8
fc9a
9e41
13b0
8957
3858
7820
a103
3f7d
0965
a0eb
14f4
897e
383a
781d
14e0
19c7
1618
a3ad
1637
89a5
381d
7819
758b
f182
2291
a686
1779
89cd
37ff
7815
6a25
caad
2eb3
a976
18bb
89f4
37e2
7812
fd28
a922
3a5d
ac7d
19fc
8a1d
37c4
780e
92c8
9034
4572
af99
1b3d
8a45
37a7
780b
8cd2
825d
4fd5
b2c9
1c7c
8a6e
3789
7807
f0c2
80fb
596c
b60d
1dbb
8a97
376c
7803
62b5
8c32
621f
b964
1efa
8ac1
374e
7800
79e8
a2e4
69d6
bccd
2037
8aea
3731
77fc
2107
c2d3
707e
c048
2174
8b14
3713
77f9
a9c8
e8d3
7607
c3d3
22b0
8b3f
36f6
77f5
81cf
111f
7a62
c76d
23eb
8b69
36d8
77f1
cdda
37b8
7d84
cb15
2525
8b94
36ba
77ee
4801
58cb
7f65
cecb
265e
8bbf
369d
77ea
7ff4
7110
7fff
d28e
2796
8beb
367f
77e6
4244
7e1e
7f53
d65c
28cd
8c17
3661
77e3
c7a7
7eab
7d61
da35
2a03
8c43
3644
77df
80d8
72a7
7a2f
de18
2b38
8c6f
3626
77dc
aef2
5b45
75c3
e204
2c6c
8c9c
3608
77d8
2791
3ad6
702b
e5f7
2d9f
8cc9
35eb
77d4
7bd0
1491
6973
e9f0
2ed1
8cf6
35cd
77d1
5e3a
ec42
61ae
edf0
3001
8d24
35af
77cd
ea02
c5e9
58ef
f1f4
3130
8d52
3592
77c9
8a03
a552
4f4c
f5fb
325e
8d80
3574
77c6
967e
8db9
44df
fa05
338b
8dae
3556
77c2
03fa
8175
39c2
fe11
34b6
8ddd
3538
77be
6dce
81be
2e10
021d
35e0
8e0c
351a
77bb
72ae
8e8c
21e9
0629
3708
8e3b
34fd
77b7
0e1e
a69b
156b
0a33
382f
8e6b
34df
77b3
9c94
c787
08b7
0e3a
3955
8e9b
34c1
77b0
8672
ee0d
fbec
123e
3a79
8ecb
34a3
77ac
e012
165a
ef2b
163d
3b9c
8efc
3485
77a8
570d
3c70
e296
1a37
3cbd
8f2d
3467
77a5
7e00
5c88
d64c
1e29
3ddd
8f5e
3449
77a1
311a
7372
ca6c
2214
3efb
8f8f
342b
779d
b710
7eea
bf16
25f7
4017
8fc1
340d
779a
8015
7dcc
b465
29cf
4132
8ff3
33f0
7796
beb5
7034
aa76
2d9d
424b
9025
33d2
7792
395d
577b
a162
315f
4363
9057
33b4
778f
7f48
3616
9940
3515
4479
908a
3396
778b
502d
0f53
9225
38bd
458d
90bd
3378
7787
d75c
e70c
8c22
3c56
469f
90f1
335a
7783
83e8
c13e
8748
3fe0
47af
9124
333c
7780
a28c
a1a9
83a3
435a
48be
9158
331e
777c
171b
8b6f
813c
46c2
49ca
918c
3300
7778
766c
80c5
8019
4a19
4ad5
91c1
32e1
7775
68dd
82b9
803d
4d5c
4bde
91f6
32c3
7771
fae4
9119
81a8
508b
4ce5
922b
32a5
776d
919e
aa78
8456
53a6
4dea
9260
3287
7769
8dd4
cc53
8841
56ac
4eed
9296
3269
7766
f302
f34e
8d5e
599b
4fee
92cc
324b
7762
6422
1b8c
93a0
5c74
50ed
9302
322d
775e
7932
410d
9af7
5f34
51ea
9338
320f
775a
1ed5
601c
a351
61dd
52e4
936f
31f0
7757
a81f
75a2
ac98
646c
53dd
93a6
31d2
7753
8235
7f7e
b6b4
66e1
54d4
93dd
31b4
774f
cff2
7cb6
c18b
693d
55c8
9415
3196
774b
49de
6d8f
cd03
6b7d
56ba
944d
3178
7748
7fe0
538b
d8fc
6da2
57aa
9485
3159
7744
4051
313e
e55a
6faa
5897
94bd
313b
7740
c5a0
0a0f
f1fc
7197
5983
94f6
311d
773c
809b
e1e0
fec1
7366
5a6c
952f
30ff
7739
b0b6
bcae
0b8a
7517
5b53
9568
30e0
7735
29b7
9e2a
1835
76ab
5c37
95a2
30c2
7731
7c5e
8959
24a3
7820
5d19
95dc
30a4
772d
5cad
804c
30b2
7976
5df9
9616
3086
7729
e7c8
83ea
3c45
7aae
5ed6
9650
3067
7726
8927
93d6
473e
7bc6
5fb1
968b
3049
7722
97cb
ae7b
5181
7cbe
6089
96c5
302b
771e
063e
d137
5af3
7d96
615f
9701
300c
771a
6ef4
f896
637d
7e4e
6233
973c
2fee
7717
71a8
20b1
6b08
7ee6
6304
9778
2fcf
7713
0bdd
458e
7181
7f5e
63d2
97b4
2fb1
770f
9b2a
6386
76d8
7fb4
649e
97f0
2f93
770b
872d
779f
7aff
7fea
6567
982c
2f74
7707
e245
7fdb
7dec
7fff
662e
9869
2f56
7703
58b3
7b69
7f96
7ff4
66f2
98a6
2f37
7700
7d94
6aba
7ffa
7fc8
67b3
98e3
2f19
76fc
2f01
4f76
7f16
7f7b
6872
9921
2efa
76f8
b536
2c50
7cee
7f0e
692e
995f
2edc
76f4
802e
04c5
7986
7e7f
69e8
999d
2ebd
76f0
c0ab
dcc1
74e7
7dd1
6a9e
99db
2e9f
76ed
3b61
b83c
6f1d
7d02
6b52
9a19
2e80
76e9
7f80
9ad5
6837
7c14
6c03
9a58
2e62
76e5
4e66
8777
6046
7b05
6cb2
9a97
2e43
76e1
d537
800c
575f
79d7
6d5e
9ad7
2e25
76dd
835f
8552
4d99
788a
6e06
9b16
2e06
76d9
a41c
96c2
430c
771e
6eac
9b56
2de7
76d6
1955
b2a2
37d4
7594
6f50
9b96
2dc9
76d2
7744
d62e
2c0d
73eb
6ff0
9bd7
2daa
76ce
678c
fde0
1fd5
7225
708d
9c17
2d8c
76ca
f8a1
25c8
134b
7042
7128
9c58
2d6d
76c6
907d
49f1
0691
6e42
71c0
9c9a
2d4e
76c2
8edf
66c4
f9c5
6c25
7255
9cdb
2d30
76be
f544
7967
ed0a
69ed
72e6
9d1d
2d11
76ba
6587
7fff
e07f
679a
7375
9d5f
2cf2
76b7
7873
79e6
d444
652c
7401
9da1
2cd4
76b3
1ca1
67b7
c87a
62a5
748a
9de3
2cb5
76af
a67d
4b3e
bd3d
6004
7510
9e26
2c96
76ab
82a5
274f
b2ac
5d4a
7593
9e69
2c78
76a7
d20e
ff7a
a8e0
5a79
7613
9eac
2c59
76a3
4bb4
d7b2
9ff3
5791
7690
9eef
2c3a
769f
7fc1
b3ea
97fb
5492
770a
9f33
2c1b
769b
3e59
97ad
910e
517d
7781
9f77
2bfd
7698
c39e
85c9
8b3c
4e54
77f5
9fbb
2bde
7694
8068
8003
8695
4b16
7866
9fff
2bbf
7690
b280
86ef
8325
47c6
78d4
a044
2ba0
768c
2bda
99dc
80f4
4463
793e
a089
2b81
7688
7ce2
b6eb
8008
40ee
79a6
a0ce
2b63
7684
5b19
db38
8063
3d69
7a0a
a114
2b44
7680
e58f
032c
8205
39d4
7a6b
a159
2b25
767c
8854
2acf
84e9
3630
7aca
a19f
2b06
7678
9920
4e33
8908
327f
7b25
a1e5
2ae7
7674
0881
69d6
8e57
2ec0
7b7c
a22c
2ac8
7670
7010
7afa
94c9
2af6
7bd1
a272
2aa9
766c
7098
7fec
9c4d
2720
7c23
a2b9
2a8b
7668
099b
782e
a4d0
2341
7c71
a300
2a6c
7665
99c9
6486
ae3d
1f58
7cbc
a347
2a4d
7661
87f1
46e5
b87a
1b68
7d04
a38f
2a2e
765d
e47a
223c
c36e
1770
7d49
a3d7
2a0f
7659
5a52
fa2f
cefe
1373
7d8a
a41f
29f0
7655
7d1f
d2b5
db0b
0f70
7dc9
a467
29d1
7651
2ce3
afb9
e776
0b6a
7e04
a4b0
29b2
764d
b362
94b3
f420
0761
7e3c
a4f8
2993
7649
8052
8451
00e8
0355
7e70
a541
2974
7645
c2a5
8033
0dae
ff49
7ea2
a58a
2955
7641
3d61
88c2
1a52
fb3d
7ed0
a5d4
2936
763d
7fae
9d24
26b1
f732
7efb
a61e
2917
7639
4c98
bb53
32ae
f32a
7f22
a667
28f8
7635
d316
e052
3e29
ef25
7f47
a6b2
28d9
7631
82e0
0876
4905
eb24
7f68
a6fc
28ba
762d
a5b3
2fc3
5327
e728
7f86
a746
289b
7629
1b8c
5253
5c74
e333
7fa0
a791
287c
7625
7812
6cb9
64d4
df46
7fb8
a7dc
285c
7621
6633
7c57
6c32
db60
7fcc
a828
283d
761d
f65e
7fa0
727c
d784
7fdd
a873
281e
7619
8f64
7641
77a0
d3b2
7fea
a8bf
27ff
7615
8ff3
6129
7b93
cfec
7ff5
a90b
27e0
7611
f786
426d
7e4a
cc32
7ffc
a957
27c1
760d
66e4
1d1b
7fbe
c885
7fff
a9a3
27a2
7609
77a9
f4e6
7fea
c4e7
7fff
a9f0
2783
7605
1a6a
cdcb
7ed0
c157
7ffd
aa3d
2763
7601
a4e2
abab
7c71
bdd8
7ff7
aa8a
2744
75fd
831f
91e7
78d4
ba69
7fed
aad7
2725
75f9
d42d
830f
7402
b70d
7fe1
ab24
2706
75f5
4d85
809b
6e08
b3c3
7fd1
ab72
26e7
75f1
7f98
8ac8
66f3
b08c
7fbe
abc0
26c7
75ed
3c5c
a096
5ed8
ad6a
7fa7
ac0e
26a8
75e9
c1a1
bfda
55ca
aa5d
7f8d
ac5c
2689
75e5
803f
e57a
4be0
a766
7f70
acab
266a
75e1
b451
0dbc
4134
a486
7f50
acfa
264a
75dd
2df9
34a1
35e2
a1bd
7f2d
ad49
262b
75d9
7d5c
564e
2a06
9f0c
7f06
ad98
260c
75d5
597e
6f6c
1dbe
9c74
7edc
ade7
25ed
75d1
e359
7d7d
112a
99f5
7eaf
ae37
25cd
75cd
878b
7f1d
046a
9791
7e7e
ae87
25ae
75c9
9a7d
7421
f79f
9547
7e4a
aed7
258f
75c5
0ac3
5da1
eaea
9319
7e13
af27
256f
75c1
7124
3dd8
de6a
9106
7dd9
af77
2550
75bc
6f80
17ed
d240
8f10
7d9c
afc8
2531
75b8
0758
efa3
c68c
8d37
7d5b
b019
2511
75b4
9870
c8f8
bb6a
8b7b
7d17
b06a
24f2
75b0
88bf
a7c2
b0f7
89dd
7cd0
b0bb
24d2
75ac
e6b2
8f4c
a74f
885e
7c86
b10d
24b3
75a8
5be9
8204
9e8a
86fd
7c38
b15e
2494
75a4
7ca0
813a
96be
85ba
7be8
b1b0
2474
75a0
2ac2
8d02
8fff
8498
7b94
b202
2455
759c
b195
a432
8a5f
8394
7b3d
b254
2435
7598
8081
c47d
85eb
82b1
7ae3
b2a7
2416
7594
c4a5
eaae
82b0
81ee
7a86
b2fa
23f7
7590
3f5b
12fd
80b5
814b
7a25
b34c
23d7
758b
7fd2
3969
8000
80c8
79c2
b3a0
23b8
7587
4ac4
5a24
8093
8066
795b
b3f3
2398
7583
d0f9
71ef
826b
8025
78f1
b446
2379
757f
826a
7e6d
8585
8004
7884
b49a
2359
757b
a752
7e61
89d7
8004
7814
b4ee
233a
7577
1dc2
71cd
8f59
8025
77a1
b542
231a
7573
78d6
59f0
95fa
8067
772b
b596
22fb
756f
64d1
3928
9daa
80c9
76b2
b5ea
22db
756b
f41c
12b4
a656
814c
7636
b63f
22bc
7566
8e55
ea66
afe7
81ef
75b7
b694
229c
7562
9110
c43c
ba46
82b3
7535
b6e9
227d
755e
f9c9
a3ff
c556
8396
74af
b73e
225d
755a
6839
8ce2
d0fd
849a
7427
b793
223d
7556
76d7
8130
dd1b
85bd
739c
b7e9
221e
7552
1832
8211
e993
86ff
730e
b83e
21fe
754e
a34e
8f6f
f645
8860
727d
b894
21df
7549
83a4
a7f7
030f
89e0
71e9
b8ea
21bf
7545
d650
c93a
0fd2
8b7e
7152
b941
219f
7541
4f50
efeb
1c6c
8d3a
70b8
b997
2180
753d
7f65
1835
28bd
8f14
701b
b9ee
2160
7539
3a5a
3e18
34a6
910a
6f7c
ba45
2141
7535
bfa9
5dd3
4009
931d
6ed9
ba9c
2121
7530
8020
7440
4ac7
954b
6e34
baf3
2101
752c
b628
7f25
54c7
9795
6d8c
bb4a
20e2
7528
3014
7d6f
5ded
99fa
6ce1
bba2
20c2
7524
7dcc
6f48
6624
9c79
6c34
bbf9
20a2
7520
57dc
5618
6d55
9f11
6b83
bc51
2083
751c
e124
345f
736e
a1c2
6ad0
bca9
2063
7517
86cc
0d74
7860
a48b
6a1a
bd01
2043
7513
9be2
e533
7c1e
a76b
6961
bd5a
2023
750f
0d05
bf9b
7e9f
aa63
68a6
bdb2
2004
750b
722f
a065
7fdc
ad70
67e8
be0b
1fe4
7507
6e5e
8aab
7fd2
b092
6727
be64
1fc4
7502
0515
8094
7e81
b3c9
6664
bebd
1fa4
74fe
971f
831f
7bec
b713
659e
bf16
1f85
74fa
8996
920d
781a
ba70
64d5
bf70
1f65
74f6
e8ec
abe2
7315
bdde
640a
bfc9
1f45
74f2
5d79
ce0f
6cea
c15e
633d
c023
1f25
74ed
7c16
f52f
65a8
c4ed
626c
c07d
1f06
74e9
289e
1d62
5d62
c88c
619a
c0d7
1ee6
74e5
afce
42ab
542e
cc39
60c4
c131
1ec6
74e1
80b9
6158
4a22
cff3
5fed
c18b
1ea6
74dd
c6a9
765d
3f58
d3b9
5f12
c1e6
1e86
74d8
4151
7fa6
33ec
d78b
5e36
c241
1e67
74d4
7fec
7c45
27fc
db67
5d57
c29b
1e47
74d0
48ea
6c92
1ba5
df4d
5c75
c2f6
1e27
74cc
cedf
521b
0f07
e33a
5b92
c352
1e07
74c7
81ff
2f7f
0244
e730
5aab
c3ad
1de7
74c3
a8f8
082d
f57a
eb2b
59c3
c408
1dc7
74bf
1ff5
e00c
e8cb
ef2c
58d8
c464
1da7
74bb
7990
bb16
dc58
f331
57eb
c4c0
1d88
74b6
6368
9cf5
d03f
f73a
56fc
c51c
1d68
74b2
f1db
88a7
c4a1
fb45
560a
c578
1d48
74ae
8d4f
802f
b99b
ff50
5517
c5d4
1d28
74aa
9236
8464
af49
035d
5421
c630
1d08
74a5
fc0d
94db
a5c5
0768
5329
c68d
1ce8
74a1
6986
aff2
9d28
0b71
522f
c6ea
1cc8
749d
75fa
d2f9
9588
0f78
5132
c746
1ca8
7499
15f7
fa78
8ef8
137a
5034
c7a3
1c88
7494
a1c2
2283
898a
1778
4f34
c800
1c68
7490
8432
4722
854a
1b6f
4e31
c85e
1c48
748c
d876
64b3
8244
1f5f
4d2d
c8bb
1c28
7487
5114
7847
8080
2348
4c26
c919
1c08
7483
7f27
7fee
8002
2727
4b1e
c976
1be8
747f
3853
7ae5
80cc
2afd
4a14
c9d4
1bc8
747b
bdb6
69ad
82da
2ec7
4908
ca32
1ba8
7476
800b
4df9
8629
3285
47fa
ca90
1b88
7472
b805
2a8a
8ab0
3637
46ea
caee
1b68
746e
322c
02e3
9062
39da
45d8
cb4d
1b48
7469
7e33
daf2
9732
3d6f
44c4
cbab
1b28
7465
5633
b6af
9f0e
40f4
43af
cc0a
1b08
7461
def3
99b0
a7e3
4469
4298
cc69
1ae8
745c
8616
86d7
b198
47cc
4180
ccc8
1ac8
7458
9d50
8002
bc16
4b1c
4065
cd27
1aa8
7454
0f45
85df
c742
4e59
3f49
cd86
1a88
744f
7331
97d8
d2ff
5183
3e2c
cde5
1a68
744b
6d34
b425
df2f
5497
3d0c
ce44
1a48
7447
02d1
d7f8
ebb3
5796
3beb
cea4
1a28
7442
95d7
ffc3
f86b
5a7e
3ac9
cf04
1a08
743e
8a77
2794
0536
5d4f
39a5
cf63
19e8
743a
eb27
4b79
11f4
6009
3880
cfc3
19c8
7435
5f02
67e1
1e84
62a9
3759
d023
19a8
7431
7b83
79fd
2ac6
6531
3631
d084
1988
742d
2676
7fff
369b
679e
3508
d0e4
1967
7428
ae0d
7950
41e3
69f1
33dd
d144
1947
7424
80fc
6699
4c84
6c29
32b0
d1a5
1927
7420
c8b2
49b5
5660
6e45
3183
d205
1907
741b
4341
2582
5f60
7045
3054
d266
18e7
7417
7ffb
fd97
676c
7228
2f24
d2c7
18c7
7413
470b
d5e9
6e6f
73ee
2df3
d328
18a7
740e
ccca
b268
7458
7597
2cc0
d389
1886
740a
819e
9698
7917
7721
2b8d
d3ea
1866
7405
aaa5
853d
7ca1
788d
2a58
d44c
1846
7401
2225
800e
7eeb
79da
2922
d4ad
1826
73fd
7a41
878f
7ff1
7b07
27ec
d50f
1806
73f8
61f7
9b02
7fb0
7c15
26b4
d570
17e6
73f4
ef9b
b879
7e28
7d04
257b
d5d2
17c5
73ef
8c52
dd08
7b5e
7dd2
2441
d634
17a5
73eb
9364
050e
7757
7e81
2306
d696
1785
73e7
fe51
2c94
7220
7f0e
21cb
d6f8
1765
73e2
6aca
4faf
6bc5
7f7c
208e
d75a
1745
73de
7515
6ae2
6456
7fc8
1f51
d7bd
1724
73d9
13bb
7b7c
5be6
7ff4
1e13
d81f
1704
73d5
a03d
7fd7
528c
7fff
1cd4
d882
16e4
73d1
84ca
7785
485e
7fea
1b94
d8e4
16c4
73cc
da9f
6358
3d77
7fb4
1a54
d947
16a3
73c8
52d1
4551
31f3
7f5d
1913
d9aa
1683
73c3
7edf
206a
25ef
7ee5
17d1
da0d
1663
73bf
3648
f84d
198a
7e4d
168f
da70
1643
73bb
bbc9
d0f3
0ce4
7d95
154c
dad3
1622
73b6
8001
ae43
001d
7cbc
1409
db36
1602
73b2
b9e7
93af
f355
7bc4
12c5
db99
15e2
73ad
3440
83d8
e6ae
7aac
1181
dbfd
15c1
73a9
7e8e
8051
da48
7974
103c
dc60
15a1
73a4
5482
8974
ce42
781d
0ef7
dcc4
1581
73a0
dcc4
9e59
c2bb
76a8
0db1
dd27
1561
739c
856a
bced
b7d1
7514
0c6b
dd8b
1540
7397
9ec5
e227
ada0
7362
0b25
ddef
1520
7393
1185
0a57
a442
7193
09de
de53
1500
738e
7429
3181
9bce
6fa7
0897
deb7
14df
738a
6c01
53c2
945a
6d9e
0750
df1b
14bf
7385
008d
6db5
8dfa
6b79
0609
df7f
149f
7381
9497
7cc6
88bd
6938
04c2
dfe4
147e
737c
8b62
7f78
84b2
66dd
037a
e048
145e
7378
ed64
7585
81e2
6467
0232
e0ac
143e
7373
6082
5fec
8054
61d8
00eb
e111
141d
736f
7ae6
40cf
800d
5f2f
ffa3
e175
13fd
736a
244b
1b44
810d
5c6e
fe5b
e1da
13dd
7366
ac52
f306
8352
5996
fd14
e23f
13bc
7361
8148
cc11
86d6
56a6
fbcc
e2a4
139c
735d
cabf
aa42
8b90
53a1
fa85
e309
137b
7358
452c
90f4
9174
5086
f93e
e36e
135b
7354
7fff
82aa
9872
4d56
f7f6
e3d3
133b
734f
4525
80cd
a07a
4a13
f6b0
e438
131a
734b
cab8
8b8e
a975
46bc
f569
e49d
12fa
7346
8147
a1da
b34e
4354
f422
e502
12d9
7342
ac58
c17d
bdec
3fda
f2dc
e567
12b9
733d
2453
e753
c932
3c50
f197
e5cd
1299
7339
7ae8
0f9c
d504
38b6
f051
e632
1278
7334
607d
3658
e145
350e
ef0c
e698
1258
7330
ed5c
57b0
edd3
3159
edc8
e6fd
1237
732b
8b5e
7057
fa91
2d96
ec83
e763
1217
7327
949b
7dd9
075c
29c8
eb40
e7c9
11f6
7322
0095
7ee0
1415
25f0
e9fd
e82f
11d6
731e
6c06
7353
209a
220d
e8ba
e894
11b5
7319
7426
5c55
2ccc
1e22
e778
e8fa
1195
7315
117d
3c30
388b
1a30
e637
e960
1175
7310
9ec0
1612
43b9
1636
e4f6
e9c6
1154
730c
856d
edc4
4e3b
1237
e3b6
ea2c
1134
7307
dccb
c745
57f4
0e33
e277
ea93
1113
7303
5488
a667
60cc
0a2c
e139
eaf9
10f3
72fe
7e8d
8e6b
68ad
0622
dffb
eb5f
10d2
72f9
3438
81b2
6f82
0216
debe
ebc5
10b2
72f5
b9e1
8180
7539
fe0a
dd82
ec2c
1091
72f0
8001
8dda
79c5
f9fe
dc47
ec92
1071
72ec
bbcf
a585
7d1a
f5f4
db0d
ecf8
1050
72e7
364f
c62a
7f2e
f1ec
d9d4
ed5f
1030
72e3
7ee0
ec8b
7ffd
ede8
d89b
edc5
100f
72de
52cb
14da
7f85
e9e9
d764
ee2c
0fef
72da
da97
3b17
7dc6
e5ef
d62e
ee93
0fce
72d5
84c8
5b79
7ac6
e1fc
d4f9
eef9
0fae
72d0
a042
72c8
768c
de11
d3c5
ef60
0f8d
72cc
13c2
7eb5
7122
da2f
d292
efc7
0f6d
72c7
7518
7e11
6a98
d656
d160
f02e
0f4c
72c3
6ac6
70ed
62fc
d287
d030
f094
0f2c
72be
fe49
5896
5a63
cec5
cf00
f0fb
0f0b
72b9
9360
3776
50e4
cb0f
cdd2
f162
0eea
72b5
8c56
10d6
4695
c766
cca5
f1c9
0eca
72b0
efa3
e88b
3b91
c3cc
cb7a
f230
0ea9
72ac
61fc
c293
2ff6
c042
ca50
f297
0e89
72a7
7a3f
a2b2
23df
bcc7
c927
f2fe
0e68
72a2
221e
8c13
176d
b95e
c800
f365
0e48
729e
aa9f
80f2
0abf
b607
c6da
f3cd
0e27
7299
819f
826b
fdf6
b2c3
c5b5
f434
0e07
7295
ccd1
9058
f131
af93
c492
f49b
0de6
7290
4711
a958
e493
ac77
c371
f502
0dc5
728b
7ffb
caef
d83b
a971
c251
f569
0da5
7287
433a
f1ca
cc48
a681
c132
f5d1
0d84
7282
c8ab
1a0e
c0da
a3a7
c016
f638
0d64
727d
80fb
3fbc
b60d
a0e6
befb
f69f
0d43
7279
ae13
5f18
abfd
9e3d
bde1
f707
0d23
7274
267e
7506
a2c5
9bac
bcca
f76e
0d02
7270
7b85
7f59
9a7b
9936
bbb4
f7d5
0ce1
726b
5efc
7d0b
9334
96da
ba9f
f83d
0cc1
7266
eb1f
6e57
8d04
9498
b98d
f8a4
0ca0
7262
8a74
54b1
87fa
9272
b87c
f90c
0c7f
725d
95db
32a5
8422
9069
b76d
f973
0c5f
7258
02d9
0b93
8188
8e7b
b660
f9db
0c3e
7254
6d38
e35c
8031
8cab
b555
fa42
0c1e
724f
732d
bdfb
8021
8af9
b44c
faaa
0bfd
724a
0f3d
9f27
8159
8964
b345
fb11
0bdc
7246
9d4b
89ed
83d4
87ee
b23f
fb79
0bbc
7241
8619
8069
878c
8696
b13c
fbe0
0b9b
723c
defa
838c
8c79
855d
b03b
fc48
0b7a
7238
5638
9307
928e
8444
af3c
fcb0
0b5a
7233
7e31
ad50
99ba
834b
ae3e
fd17
0b39
722e
3225
cfcc
a1ec
8271
ad43
fd7f
0b19
722a
b7fe
f710
ab0e
81b8
ac4a
fde6
0af8
7225
800c
1f37
b50a
811f
ab54
fe4e
0ad7
7220
bdbd
4446
bfc6
80a6
aa5f
feb6
0ab7
721b
385a
628f
cb26
804e
a96c
ff1d
0a96
7217
7f28
7712
d70d
8017
a87c
ff85
0a75
7212
510e
7fc6
e35c
8001
a78e
ffec
0a55
720d
d86e
7bce
eff5
800b
a6a2
0054
0a34
7209
8430
6b90
fcb8
8036
a5b9
00bc
0a13
7204
a1c7
50a6
0982
8081
a4d2
0123
09f3
71ff
15ff
2dbd
1634
80ee
a3ed
018b
09d2
71fb
75fd
064b
22ae
817b
a30b
01f3
09b1
71f6
6981
de39
2ece
8228
a22b
025a
0991
71f1
fc05
b981
3a77
82f5
a14d
02c2
0970
71ec
9231
9bc6
458a
83e3
a072
0329
094f
71e8
8d53
87fc
4fec
84f0
9f99
0391
092f
71e3
f1e3
8019
5981
861d
9ec3
03f9
090e
71de
636d
84e5
6231
8769
9def
0460
08ed
71d9
798e
95e6
69e6
88d3
9d1d
04c8
08cd
71d5
1fed
b16d
708c
8a5d
9c4f
052f
08ac
71d0
a8f2
d4be
7612
8c04
9b82
0597
088b
71cb
8201
fc5a
7a6b
8dc9
9ab9
05fe
086a
71c7
cee7
2453
7d8a
8fac
99f2
0666
084a
71c2
48f1
48b1
7f68
91ab
992d
06cd
0829
71bd
7feb
65da
7fff
93c6
986b
0735
0808
71b8
414a
78e9
7f50
95fd
97ac
079c
07e8
71b3
c6a2
7ffb
7d5b
984f
96f0
0804
07c7
71af
80b8
7a5b
7a26
9abc
9636
086b
07a6
71aa
afd4
6899
75b8
9d43
957f
08d2
0786
71a5
28a5
4c78
701d
9fe2
94ca
093a
0765
71a0
7c18
28c1
6963
a29b
9419
09a1
0744
719c
5d74
0100
619b
a56b
936a
0a08
0723
7197
e8e4
d925
58da
a853
92be
0a70
0703
7192
8993
b525
4f36
ab51
9214
0ad7
06e2
718d
9724
9891
44c7
ae65
916e
0b3e
06c1
7189
051d
863f
39a8
b18d
90ca
0ba5
06a1
7184
6e62
8000
2df5
b4ca
9029
0c0d
0680
717f
722b
8673
21cd
b81a
8f8b
0c74
065f
717a
0cfd
98f3
154f
bb7c
8ef0
0cdb
063e
7175
9bdd
b5ac
089a
bef0
8e58
0d42
061e
7171
86ce
d9c3
fbcf
c275
8dc3
0da9
05fd
716c
e12c
01a6
ef0f
c609
8d31
0e10
05dc
7167
57e2
295e
e27a
c9ac
8ca1
0e77
05bb
7162
7dcb
4cfd
d630
cd5d
8c15
0ede
059b
715d
300d
68f8
ca52
d11b
8b8b
0f45
057a
7159
b622
7a8b
befd
d4e5
8b05
0fac
0559
7154
8020
7ff7
b44e
d8bb
8a81
1012
0538
714f
bfb0
78b2
aa61
dc9a
8a01
1079
0518
714a
3a61
6575
a14f
e082
8983
10e0
04f7
7145
7f65
4828
992f
e472
8909
1147
04d6
7140
4f49
23b4
9216
e869
8891
11ad
04b5
713c
d648
fbb5
8c16
ec67
881d
1214
0495
7137
83a2
d423
873e
f069
87ac
127a
0474
7132
a354
b0ea
839c
f46f
873e
12e1
0453
712d
1839
9589
8138
f879
86d3
1347
0432
7128
76da
84b8
8018
fc84
866b
13ae
0412
7123
6835
8020
803f
0090
8606
1414
03f1
711f
f9c1
8836
81ad
049c
85a4
147b
03d0
711a
910c
9c2e
845e
08a7
8545
14e1
03af
7115
8e59
ba0b
884b
0caf
84ea
1547
038f
7110
f424
ded9
8d6b
10b4
8491
15ad
036e
710b
64d6
06f0
93af
14b6
843c
1613
034d
7106
78d3
2e58
9b09
18b1
83ea
1679
032c
7101
1dba
5126
a365
1ca7
839b
16df
030c
70fd
a74c
6be9
acae
2095
8350
1745
02eb
70f8
826c
7bf8
b6cc
247b
8307
17ab
02ca
70f3
d100
7fbc
c1a5
2857
82c2
1811
02a9
70ee
4acb
76d5
cd1d
2c29
8280
1877
0289
70e9
7fd2
6225
d918
2ff0
8241
18dc
0268
70e4
3f55
43b9
e576
33aa
8206
1942
0247
70df
c49e
1e96
f219
3758
81cd
19a7
0226
70da
8080
f66b
fede
3af7
8198
1a0d
0206
70d5
b19b
cf33
0ba7
3e87
8166
1a72
01e5
70d1
2aca
acd2
1852
4207
8137
1ad8
01c4
70cc
7ca1
92b0
24bf
4576
810c
1b3d
01a3
70c7
5be3
8366
30cd
48d3
80e4
1ba2
0183
70c2
e6aa
8077
3c5f
4c1e
80bf
1c07
0162
70bd
88bc
8a2e
4757
4f55
809d
1c6c
0141
70b8
9875
9f94
5197
5278
807f
1cd1
0120
70b3
0760
be8a
5b08
5586
8064
1d36
00ff
70ae
6f84
e3fd
638f
587e
804c
1d9b
00df
70a9
7121
0c38
6b18
5b5f
8037
1e00
00be
70a4
0abb
333d
718f
5e29
8026
1e65
009d
70a0
9a78
552d
76e3
60db
8018
1ec9
007c
709b
878e
6eaa
7b07
6374
800d
1f2e
005c
7096
e360
7d2e
7df1
65f3
8005
1f92
003b
7091
5984
7f48
7f98
6858
8001
1ff7
001a
708c
7d5b
74c3
7ff9
6aa3
8000
205b
fff9
7087
2df1
5ea9
7f13
6cd3
8002
20bf
ffd9
7082
b44b
3f2c
7ce8
6ee6
8008
2123
ffb8
707d
803f
196c
797d
70dd
8011
2187
ff97
7078
c1a8
f126
74db
72b8
801d
21eb
ff76
7073
3c63
ca59
6f0f
7474
802c
224f
ff55
706e
7f98
a8de
6826
7614
803f
22b3
ff35
7069
4d7f
9007
6033
7794
8055
2317
ff14
7064
d425
824b
574a
78f7
806e
237a
fef3
705f
831e
8106
4d82
7a3a
808b
23de
fed2
705a
a4e7
8c59
42f3
7b5e
80aa
2441
feb2
7055
1a72
a324
37ba
7c62
80cd
24a5
fe91
7050
77ac
c324
2bf1
7d47
80f4
2508
fe70
704b
66e0
e92e
1fb9
7e0b
811d
256b
fe4f
7046
f77e
117b
132f
7eb0
814a
25ce
fe2f
7041
8fef
380c
0674
7f34
817a
2631
fe0e
703c
8f68
590e
f9a8
7f97
81ad
2694
fded
7037
f666
713b
eced
7fd9
81e4
26f7
fdcc
7032
6638
7e2e
e063
7ffb
821d
2759
fdac
702d
780f
7e9d
d429
7ffc
825a
27bc
fd8b
7028
1b85
727e
c860
7fdd
829b
281e
fd6a
7023
a5ae
5b04
bd25
7f9c
82de
2881
fd49
701e
82e1
3a84
b294
7f3b
8324
28e3
fd28
7019
d31e
1436
a8ca
7eba
836e
2945
fd08
7014
4c9e
ebe7
9fdf
7e18
83bb
29a7
fce7
700f
7fae
c596
97ea
7d55
840b
2a09
fcc6
700a
3d5a
a510
90ff
7c73
845f
2a6b
fca5
7005
c29e
8d8f
8b30
7b71
84b5
2acc
fc85
7000
8052
8167
868c
7a4f
850f
2b2e
fc64
6ffb
b369
81cd
831f
790e
856b
2b90
fc43
6ff6
2ceb
8eb7
80f0
77ae
85cb
2bf1
fc22
6ff1
7d21
a6dd
8007
762f
862e
2c52
fc02
6fec
5a4c
c7da
8066
7492
8695
2cb3
fbe1
6fe7
e473
ee68
820a
72d7
86fe
2d14
fbc0
6fe2
87ee
16b5
84f1
70ff
876a
2d75
fb9f
6fdd
99ce
3cc2
8913
6f09
87da
2dd6
fb7f
6fd8
09a3
5cc8
8e64
6cf8
884c
2e37
fb5e
6fd3
709c
739a
94d9
6aca
88c2
2e97
fb3d
6fce
700d
7ef6
9c5f
6881
893a
2ef8
fb1c
6fc9
0879
7dba
a4e5
661e
89b6
2f58
fafc
6fc4
991b
7007
ae53
63a0
8a35
2fb8
fadb
6fbf
8857
5737
b892
6109
8ab6
3018
faba
6fba
e597
35c2
c388
5e59
8b3b
3078
fa99
6fb5
5b1f
0ef7
cf19
5b90
8bc3
30d8
fa79
6fb0
7ce0
e6b1
db26
58b1
8c4e
3138
fa58
6fab
2bd2
c0ed
e792
55ba
8cdb
3198
fa37
6fa6
b27a
a16b
f43d
52ae
8d6c
31f7
fa17
6fa1
8068
8b49
0105
4f8d
8dff
3256
f9f6
6f9c
c3a5
80bb
0dcb
4c57
8e96
32b6
f9d5
6f96
3e60
82cc
1a6e
490d
8f2f
3315
f9b4
6f91
7fc1
9147
26cd
45b1
8fcb
3374
f994
6f8c
4bae
aabd
32c9
4243
906b
33d2
f973
6f87
d206
cca8
3e43
3ec4
910d
3431
f952
6f82
82a4
f3ab
491d
3b35
91b1
3490
f931
6f7d
a682
1be6
533d
3797
9259
34ee
f911
6f78
1ca8
415d
5c88
33eb
9303
354c
f8f0
6f73
7875
6059
64e6
3031
93b1
35ab
f8cf
6f6e
6582
75c7
6c42
2c6b
9461
3609
f8af
6f69
f53c
7f86
7289
289a
9513
3666
f88e
6f64
8edb
7ca1
77ab
24be
95c9
36c4
f86d
6f5e
9081
6d5f
7b9b
20d9
9681
3722
f84c
6f59
f8a9
5344
7e4f
1cec
973c
377f
f82c
6f54
6791
30e8
7fbf
18f7
97fa
37dc
f80b
6f4f
7741
09b2
7fe9
14fb
98ba
383a
f7ea
6f4a
194d
e186
7ecc
10fb
997d
3897
f7ca
6f45
a416
bc60
7c6b
0cf6
9a42
38f4
f7a9
6f40
8361
9dee
78cb
08ed
9b0b
3950
f788
6f3b
d53f
8936
73f6
04e2
9bd5
39ad
f768
6f36
4e6c
8046
6df9
00d7
9ca3
3a09
f747
6f30
7f7f
8401
66e2
fcca
9d72
3a66
f726
6f2b
3b5a
9407
5ec4
f8bf
9e45
3ac2
f705
6f26
c0a4
aec3
55b4
f4b6
9f1a
3b1e
f6e5
6f21
802e
d18d
4bc9
f0af
9ff1
3b79
f6c4
6f1c
b53d
f8f2
411b
ecac
a0cb
3bd5
f6a3
6f17
2f08
210b
35c8
e8af
a1a7
3c31
f683
6f12
7d96
45dc
29ea
e4b7
a286
3c8c
f662
6f0c
58ad
63c0
1da2
e0c6
a367
3ce7
f641
6f07
e23d
77c0
110d
dcde
a44a
3d42
f621
6f02
872a
7fdf
044d
d8fe
a530
3d9d
f600
6efd
9b2f
7b50
f782
d528
a618
3df8
f5df
6ef8
0be5
6a87
eacd
d15d
a702
3e53
f5bf
6ef3
71ab
4f2d
de4e
cd9e
a7ef
3ead
f59e
6eed
6ef0
2bf9
d225
c9ec
a8de
3f07
f57d
6ee8
0636
0469
c672
c648
a9cf
3f61
f55d
6ee3
97c6
dc68
bb51
c2b3
aac2
3fbb
f53c
6ede
892a
b7f0
b0e0
bf2d
abb8
4015
f51b
6ed9
e7cf
9a9d
a73a
bbb8
acb0
406f
f4fb
6ed4
5cb3
8758
9e77
b855
ada9
40c8
f4da
6ece
7c5c
800a
96ad
b503
aea5
4121
f4b9
6ec9
29af
856c
8ff1
b1c5
afa3
417b
f499
6ec4
b0b0
96f7
8a53
ae9b
b0a3
41d4
f478
6ebf
809c
b2ec
85e3
ab86
b1a6
422c
f458
6eba
c5a7
d686
82aa
a887
b2aa
4285
f437
6eb4
4058
fe3d
80b2
a59d
b3b0
42dd
f416
6eaf
7fe0
2621
8000
a2cb
b4b8
4336
f3f6
6eaa
49d7
4a3c
8096
a011
b5c2
438e
f3d5
6ea5
cfeb
66fb
8271
9d70
b6ce
43e6
f3b4
6ea0
8233
7984
858d
9ae7
b7db
443d
f394
6e9a
a825
7fff
89e3
9879
b8eb
4495
f373
6e95
1edd
79ca
8f66
9625
b9fc
44ec
f353
6e90
7935
6780
960a
93ec
bb10
4544
f332
6e8b
641d
4af3
9dbd
91cf
bc25
459b
f311
6e85
f2fa
26f7
a66b
8fce
bd3b
45f2
f2f1
6e80
8dd1
ff1d
affe
8de9
be54
4648
f2d0
6e7b
91a2
d75a
ba5e
8c22
bf6e
469f
f2b0
6e76
faec
b3a0
c570
8a79
c08a
46f5
f28f
6e70
68e1
9778
d118
88ed
c1a7
474b
f26e
6e6b
7669
85ae
dd37
8780
c2c6
47a1
f24e
6e66
1713
8005
e9b0
8632
c3e6
47f7
f22d
6e61
a286
870d
f662
8503
c508
484d
f20d
6e5c
83ea
9a14
032c
83f4
c62c
48a2
f1ec
6e56
d763
b737
0fef
8304
c751
48f7
f1cc
6e51
5033
db91
1c88
8235
c878
494c
f1ab
6e4c
7f47
0388
28d9
8185
c9a0
49a1
f18a
6e47
3956
2b26
34c1
80f6
cac9
49f6
f16a
6e41
beae
4e7c
4022
8088
cbf4
4a4a
f149
6e3c
8014
6a0a
4adf
803a
cd20
4a9f
f129
6e37
b716
7b13
54dd
800d
ce4d
4af3
f108
6e31
3122
7fe8
5e01
8000
cf7c
4b47
f0e8
6e2c
7e01
780e
6635
8015
d0ab
4b9a
f0c7
6e27
5707
644c
6d64
804a
d1dc
4bee
f0a7
6e22
e00a
4698
737b
809f
d30f
4c41
f086
6e1c
866f
21e3
786a
8116
d442
4c94
f066
6e17
9c99
f9d2
7c25
81ad
d577
4ce7
f045
6e12
0e26
d25e
7ea3
8264
d6ac
4d3a
f025
6e0c
72b1
af71
7fdd
833b
d7e3
4d8c
f004
6e07
6dca
9480
7fd0
8432
d91b
4ddf
efe4
6e02
03f2
8439
7e7c
8549
da53
4e31
efc3
6dfd
967a
8038
7be5
8680
db8d
4e83
efa3
6df7
8a06
88e3
7810
87d5
dcc7
4ed5
ef82
6df2
ea0a
9d5e
7309
8949
de03
4f26
ef62
6ded
5e3f
bba2
6cdb
8adc
df3f
4f78
ef41
6de7
7bce
e0ac
6597
8c8d
e07c
4fc9
ef21
6de2
2789
08d2
5d4f
8e5b
e1ba
501a
ef00
6ddd
aeec
3018
5418
9046
e2f9
506a
eee0
6dd7
80d9
529a
4a0a
924e
e439
50bb
eebf
6dd2
c7ae
6cea
3f3f
9472
e579
510b
ee9f
6dcd
424b
7c6d
33d2
96b1
e6ba
515b
ee7e
6dc7
7ff5
7f99
27e0
990c
e7fb
51ab
ee5e
6dc2
47fa
761e
1b89
9b81
e93e
51fb
ee3d
6dbd
cdd3
60ec
0eeb
9e0f
ea80
524a
ee1d
6db7
81cd
421e
0226
a0b7
ebc4
529a
edfc
6db2
a9ce
1cc1
f55d
a377
ed07
52e9
eddc
6dad
210e
f48a
e8ae
a64e
ee4c
5337
edbc
6da7
79ea
cd76
dc3c
a93d
ef90
5386
ed9b
6da2
62b0
ab65
d024
ac42
f0d6
53d4
ed7b
6d9d
f0ba
91b8
c487
af5c
f21b
5423
ed5a
6d97
8ccf
82fb
b983
b28b
f361
5471
ed3a
6d92
92cc
80a4
af32
b5ce
f4a7
54be
ed19
6d8d
fd30
8aee
a5b1
b923
f5ee
550c
ecf9
6d87
6a2a
a0d4
9d16
bc8b
f735
5559
ecd9
6d82
7588
c02a
9578
c004
f87c
55a6
ecb8
6d7d
14d8
e5d5
8eeb
c38e
f9c3
55f3
ec98
6d77
a0fe
0e18
897f
c727
fb0a
5640
ec77
6d72
847d
34f6
8542
cace
fc52
568c
ec57
6d6c
d98b
5693
823f
ce83
fd99
56d9
ec37
6d67
51f4
6f9a
807e
d245
fee1
5725
ec16
6d62
7f04
7d90
8003
d613
0029
5770
ebf6
6d5c
374d
7f12
80cf
d9eb
0170
57bc
ebd6
6d57
bcbe
73fa
82e0
ddcd
02b8
5807
ebb5
6d52
8005
5d62
8632
e1b8
0400
5853
eb95
6d4c
b8f6
3d87
8abb
e5aa
0547
589d
eb75
6d47
3337
1792
9070
e9a3
068e
58e8
eb54
6d41
7e62
ef47
9743
eda2
07d5
5932
eb34
6d3c
555b
c8a4
9f21
f1a6
091c
597d
eb14
6d37
ddda
a77f
a7f8
f5ad
0a63
59c7
eaf3
6d31
85bf
8f20
b1af
f9b7
0baa
5a10
ead3
6d2c
9e0a
81f4
bc2f
fdc3
0cf0
5a5a
eab3
6d26
1066
8147
c75c
01cf
0e36
5aa3
ea92
6d21
73ae
8d2b
d31a
05db
0f7b
5aec
ea72
6d1b
6c9b
a473
df4b
09e5
10c0
5b35
ea52
6d16
01ae
c4cf
ebcf
0ded
1205
5b7e
ea31
6d11
9535
eb09
f888
11f1
1349
5bc6
ea11
6d0b
8aec
1358
0553
15f0
148d
5c0e
e9f1
6d06
ec46
39bc
1211
19ea
15d0
5c56
e9d1
6d00
5fc4
5a66
1ea0
1dde
1712
5c9e
e9b0
6cfb
7b35
7219
2ae1
21c9
1854
5ce5
e990
6cf5
2560
7e7b
36b5
25ac
1996
5d2c
e970
6cf0
ad2e
7e53
41fc
2986
1ad7
5d73
e94f
6ceb
8121
71a3
4c9b
2d54
1c17
5dba
e92f
6ce5
c9b9
59ae
5676
3117
1d56
5e00
e90f
6ce0
4438
38d5
5f74
34ce
1e95
5e47
e8ef
6cda
7fff
1259
677d
3877
1fd2
5e8c
e8cf
6cd5
4618
ea0b
6e7e
3c11
210f
5ed2
e8ae
6ccf
cbbf
c3ea
7464
3f9d
224b
5f18
e88e
6cca
8171
a3bf
7921
4318
2387
5f5d
e86e
6cc4
ab7e
8cba
7ca7
4681
24c1
5fa2
e84e
6cbf
233d
8124
7eef
49d9
25fa
5fe7
e82d
6cb9
7a96
8222
7ff2
4d1e
2733
602b
e80d
6cb4
613a
8f9b
7fae
504f
286a
606f
e7ed
6caf
ee7b
a83a
7e23
536b
29a1
60b3
e7cd
6ca9
8bd7
c98d
7b56
5672
2ad6
60f7
e7ad
6ca4
93ff
f047
774d
5963
2c0a
613b
e78d
6c9e
ff74
1890
7213
5c3e
2d3d
617e
e76c
6c99
6b69
3e69
6bb5
5f00
2e6f
61c1
e74c
6c93
749e
5e12
6444
61aa
2fa0
6204
e72c
6c8e
129b
7466
5bd2
643b
30d0
6246
e70c
6c88
9f7d
7f30
5275
66b3
31fe
6289
e6ec
6c83
851b
7d5c
4846
6910
332b
62cb
e6cc
6c7d
dbb6
6f1a
3d5d
6b53
3457
630c
e6ac
6c78
53ae
55d4
31d8
6d79
3581
634e
e68b
6c72
7eb7
340a
25d3
6f84
36aa
638f
e66b
6c6d
3540
0d18
196e
7173
37d2
63d0
e64b
6c67
bad3
e4d8
0cc7
7344
38f8
6411
e62b
6c62
8000
bf4b
0000
74f8
3a1c
6451
e60b
6c5c
badc
a028
f338
768d
3b40
6492
e5eb
6c57
3549
8a86
e692
7805
3c61
64d2
e5cb
6c51
7eb9
808b
da2c
795e
3d81
6511
e5ab
6c4c
53a7
8333
ce27
7a97
3ea0
6551
e58b
6c46
dbac
923c
c2a2
7bb2
3fbd
6590
e56b
6c41
8518
ac28
b7b9
7cac
40d8
65cf
e54b
6c3b
9f83
ce64
ad8a
7d87
41f2
660e
e52b
6c35
12a5
f58b
a42d
7e42
430a
664c
e50b
6c30
74a2
1dbc
9bbc
7edc
4420
668a
e4eb
6c2a
6b64
42fa
944a
7f56
4535
66c8
e4cb
6c25
ff6a
6194
8ded
7faf
4648
6706
e4ab
6c1f
93fa
7680
88b3
7fe7
4759
6743
e48b
6c1a
8bdb
7fac
84aa
7fff
4868
6780
e46b
6c14
ee84
7c2f
81dd
7ff6
4975
67bd
e44b
6c0f
6141
6c61
8052
7fcc
4a80
67fa
e42b
6c09
7a93
51d4
800e
7f82
4b8a
6836
e40b
6c04
2334
2f29
8111
7f17
4c91
6872
e3eb
6bfe
ab77
07d1
8359
7e8b
4d97
68ae
e3cb
6bf8
8173
dfb2
86e0
7ddf
4e9b
68e9
e3ab
6bf3
cbc8
bac8
8b9c
7d13
4f9c
6924
e38b
6bed
4620
9cbb
9183
7c27
509c
695f
e36b
6be8
7fff
8886
9883
7b1b
5199
699a
e34b
6be2
4430
802a
a08d
79ef
5295
69d4
e32b
6bdd
c9b0
847c
a98b
78a4
538e
6a0f
e30b
6bd7
8120
950e
b366
773b
5485
6a48
e2eb
6bd1
ad36
b03a
be04
75b3
557a
6a82
e2cb
6bcc
256a
d350
c94c
740c
566d
6abb
e2ab
6bc6
7b38
fad4
d520
7248
575e
6af4
e28b
6bc1
5fbd
22dc
e161
7067
584c
6b2d
e26b
6bbb
ec3d
476f
edf0
6e69
5938
6b66
e24c
6bb5
8ae8
64ec
faae
6c4f
5a22
6b9e
e22c
6bb0
953b
7867
0779
6a19
5b09
6bd6
e20c
6baa
01b8
7ff1
1431
67c8
5bef
6c0e
e1ec
6ba5
6ca1
7acb
20b6
655c
5cd1
6c45
e1cc
6b9f
73aa
6978
2ce7
62d6
5db2
6c7c
e1ac
6b99
105c
4daf
38a5
6037
5e90
6cb3
e18c
6b94
9e04
2a32
43d2
5d80
5f6c
6cea
e16d
6b8e
85c2
0286
4e52
5ab0
6045
6d20
e14d
6b89
dde3
da9a
5809
57c9
611b
6d56
e12d
6b83
5562
b663
60df
54cc
61f0
6d8c
e10d
6b7d
7e60
9979
68be
51b9
62c1
6dc1
e0ed
6b78
332e
86ba
6f90
4e91
6391
6df6
e0ce
6b72
b8ee
8001
7545
4b55
645d
6e2b
e0ae
6b6c
8005
85fb
79ce
4806
6527
6e60
e08e
6b67
bcc6
980e
7d20
44a4
65ef
6e94
e06e
6b61
3756
b46f
7f31
4131
66b4
6ec8
e04f
6b5b
7f05
d850
7ffd
3dad
6776
6efc
e02f
6b56
51ec
0020
7f82
3a1a
6836
6f2f
e00f
6b50
d981
27ec
7dc1
3677
68f3
6f63
dfef
6b4b
847b
4bc4
7abe
32c6
69ad
6f96
dfd0
6b45
a104
6817
7681
2f09
6a64
6fc8
dfb0
6b3f
14e2
7a18
7115
2b3f
6b19
6ffb
df90
6b3a
758c
7ffe
6a87
276b
6bcb
702d
df71
6b34
6a24
7932
62ea
238c
6c7b
705e
df51
6b2e
fd26
6661
5a4f
1fa4
6d27
7090
df31
6b29
92c7
4969
50cd
1bb4
6dd1
70c1
df12
6b23
8cd3
252a
467c
17bd
6e78
70f2
def2
6b1d
f0c4
fd3b
3b78
13c0
6f1c
7123
ded2
6b18
62b6
d592
2fdb
0fbe
6fbd
7153
deb3
6b12
79e7
b21e
23c3
0bb8
705c
7183
de93
6b0c
2105
9664
1751
07ae
70f7
71b3
de73
6b07
a9c7
8523
0aa2
03a3
7190
71e2
de54
6b01
81cf
8011
fdd9
ff97
7225
7211
de34
6afb
cddc
87af
f114
fb8b
72b8
7240
de14
6af5
4803
9b3b
e476
f780
7348
726f
ddf5
6af0
7ff4
b8c6
d81f
f378
73d5
729d
ddd5
6aea
4242
dd61
cc2d
ef72
745f
72cb
ddb6
6ae4
c7a5
056b
c0c0
eb71
74e6
72f9
dd96
6adf
80d8
2ceb
b5f5
e775
756a
7326
dd77
6ad9
aef3
4ff7
abe7
e37f
75eb
7353
dd57
6ad3
2793
6b15
a2b1
df91
7669
7380
dd38
6ace
7bd0
7b95
9a69
dbab
76e4
73ac
dd18
6ac8
5e38
7fd3
9325
d7ce
775c
73d9
dcf8
6ac2
ea00
7763
8cf7
d3fc
77d1
7405
dcd9
6abc
8a02
631d
87ef
d034
7842
7430
dcb9
6ab7
967f
4503
841b
cc79
78b1
745c
dc9a
6ab1
03fc
2011
8184
c8cc
791d
7487
dc7a
6aab
6dcf
f7f0
8030
c52c
7985
74b1
dc5b
6aa6
72ad
d09d
8023
c19b
79eb
74dc
dc3c
6aa0
0e1c
adfc
815d
be1b
7a4d
7506
dc1c
6a9a
9c92
937d
83db
baab
7aac
7530
dbfd
6a94
8673
83c2
8796
b74d
7b08
7559
dbdd
6a8f
e014
8058
8c86
b401
7b61
7583
dbbe
6a89
570f
8997
929d
b0ca
7bb6
75ab
db9e
6a83
7dff
9e95
99cb
ada6
7c09
75d4
db7f
6a7d
3118
bd3c
a200
aa97
7c58
75fc
db60
6a78
b70e
e281
ab24
a79f
7ca4
7624
db40
6a72
8015
0ab4
b522
a4bc
7ced
764c
db21
6a6c
beb7
31d6
bfdf
a1f2
7d33
7674
db01
6a66
395f
5408
cb40
9f3f
7d76
769b
dae2
6a61
7f48
6de4
d728
9ca5
7db5
76c2
dac3
6a5b
502b
7cdb
e379
9a25
7df1
76e8
daa3
6a55
d75a
7f6f
f012
97be
7e2a
770e
da84
6a4f
83e8
7561
fcd5
9572
7e60
7734
da65
6a49
a28d
5fae
099f
9342
7e92
775a
da45
6a44
171d
407f
1651
912d
7ec1
777f
da26
6a3e
766d
1aea
22ca
8f35
7eed
77a4
da07
6a38
68dc
f2aa
2ee9
8d5a
7f16
77c9
d9e7
6a32
fae2
cbbc
3a91
8b9c
7f3c
77ed
d9c8
6a2d
919d
a9fd
45a3
89fc
7f5e
7811
d9a9
6a27
8dd5
90c6
5003
887a
7f7d
7835
d98a
6a21
f304
8297
5996
8716
7f98
7858
d96a
6a1b
6423
80d7
6244
85d2
7fb1
787b
d94b
6a15
7931
8bb4
69f6
84ac
7fc6
789e
d92c
6a10
1ed3
a219
709a
83a7
7fd8
78c1
d90d
6a0a
a81e
c1ce
761e
82c1
7fe6
78e3
d8ed
6a04
8235
e7ae
7a73
81fb
7ff2
7905
d8ce
69fe
cff4
0ff8
7d8f
8156
7ffa
7927
d8af
69f8
49df
36ac
7f6b
80d1
7fff
7948
d890
69f3
7fe0
57f4
7fff
806c
7fff
7969
d871
69ed
404f
7083
7f4d
8028
7ffe
798a
d852
69e7
c59e
7dea
7d56
8005
7ff9
79aa
d832
69e1
809b
7ed4
7a1d
8003
7ff1
79ca
d813
69db
b0b7
732a
75ac
8021
7fe5
79ea
d7f4
69d5
29b9
5c15
700f
8061
7fd6
7a09
d7d5
69d0
7c5e
3bde
6952
80c0
7fc4
7a28
d7b6
69ca
5cac
15b7
6188
8141
7faf
7a47
d797
69c4
e7c6
ed69
58c5
81e2
7f96
7a65
d778
69be
8926
c6f2
4f1f
82a3
7f7a
7a84
d759
69b8
97cc
a625
44ae
8384
7f5b
7aa1
d73a
69b2
0640
8e40
398e
8485
7f38
7abf
d71b
69ad
6ef5
81a3
2dda
85a6
7f13
7adc
d6fc
69a7
71a7
818e
21b1
86e6
7eea
7af9
d6dc
69a1
0bdb
8e04
1532
8845
7ebd
7b16
d6bd
699b
9b29
a5c7
087d
89c2
7e8e
7b32
d69e
6995
872d
c67d
fbb2
8b5e
7e5b
7b4e
d67f
698f
e247
ece6
eef2
8d18
7e25
7b6a
d660
6989
58b4
1535
e25d
8eef
7dec
7b85
d641
6984
7d94
3b69
d615
90e3
7db0
7ba0
d622
697e
2eff
5bb9
ca38
92f4
7d70
7bbb
d604
6978
b535
72f1
bee4
9520
7d2d
7bd5
d5e5
6972
802e
7ec2
b437
9768
7ce7
7bef
d5c6
696c
c0ac
7e01
aa4b
99cb
7c9e
7c09
d5a7
6966
3b63
70c2
a13b
9c48
7c51
7c22
d588
6960
7f80
5853
991d
9ede
7c02
7c3b
d569
695a
4e64
3723
9207
a18d
7baf
7c54
d54a
6955
d535
107b
8c09
a454
7b59
7c6d
d52b
694f
835e
e830
8735
a733
7b00
7c85
d50c
6949
a41d
c242
8395
aa29
7aa4
7c9d
d4ed
6943
1957
a273
8134
ad34
7a44
7cb4
d4cf
693d
7744
8beb
8017
b055
79e2
7ccb
d4b0
6937
678b
80e7
8041
b38a
797c
7ce2
d491
6931
f89f
827d
81b2
b6d3
7913
7cf9
d472
692b
907c
9085
8465
ba2e
78a7
7d0f
d453
6925
8ee0
a99c
8856
bd9b
7838
7d25
d434
691f
f546
cb44
8d78
c11a
77c6
7d3b
d416
691a
6589
f227
93bf
c4a8
7751
7d50
d3f7
6914
7872
1a69
9b1b
c846
76d9
7d65
d3d8
690e
1c9f
400d
a379
cbf1
765e
7d7a
d3b9
6908
a67b
5f56
acc4
cfab
75e0
7d8e
d39b
6902
82a6
752c
b6e3
d370
755e
7da2
d37c
68fc
d20f
7f63
c1be
d741
74da
7db6
d35d
68f6
4bb6
7cf7
cd38
db1c
7453
7dc9
d33e
68f0
7fc1
6e28
d934
df01
73c9
7ddc
d320
68ea
3e57
546b
e593
e2ee
733c
7def
d301
68e4
c39d
3250
f236
e6e3
72ab
7e01
d2e2
68de
8067
0b37
fefc
eade
7218
7e13
d2c4
68d8
b282
e301
0bc4
eedf
7182
7e25
d2a5
68d2
2bdc
bdac
186f
f2e4
70e9
7e36
d286
68cc
7ce3
9eeb
24da
f6ec
704e
7e47
d268
68c6
5b18
89ca
30e8
faf7
6faf
7e58
d249
68c1
e58d
8062
3c79
ff02
6f0d
7e69
d22b
68bb
8853
83a2
476f
030f
6e69
7e79
d20c
68b5
9921
9338
51ae
071a
6dc2
7e89
d1ed
68af
0883
ad97
5b1c
0b23
6d18
7e98
d1cf
68a9
7011
d022
63a1
0f2a
6c6b
7ea7
d1b0
68a3
7097
f76d
6b28
132d
6bbc
7eb6
d192
689d
0999
1f91
719c
172b
6b09
7ec4
d173
6897
99c8
4494
76ee
1b23
6a54
7ed3
d155
6891
87f2
62ca
7b0f
1f14
699c
7ee1
d136
688b
e47c
7734
7df6
22fd
68e2
7eee
d118
6885
5a53
7fcb
7f9a
26dd
6825
7efb
d0f9
687f
7d1f
7bb7
7ff9
2ab3
6765
7f08
d0db
6879
2ce1
6b5d
7f0f
2e7e
66a2
7f15
d0bc
6873
b361
505e
7ce1
323e
65dd
7f21
d09e
686d
8052
2d67
7974
35f0
6516
7f2d
d07f
6867
c2a7
05ee
74cf
3995
644b
7f38
d061
6861
3d63
dde0
6f00
3d2b
637e
7f44
d043
685b
7fae
b934
6815
40b1
62af
7f4f
d024
6855
4c96
9b8d
6020
4427
61dd
7f59
d006
684f
d314
87dc
5735
478b
6109
7f64
cfe7
6849
82df
8015
4d6b
4add
6032
7f6d
cfc9
6843
a5b5
84fe
42db
4e1c
5f58
7f77
cfab
683d
1b8e
961a
379f
5147
5e7c
7f80
cf8c
6837
7812
b1b6
2bd6
545d
5d9e
7f89
cf6e
6831
6632
d516
1f9c
575d
5cbd
7f92
cf50
682b
f65c
fcb7
1312
5a47
5bda
7f9a
cf32
6825
8f64
24ac
0657
5d1a
5af5
7fa2
cf13
681f
8ff4
48fd
f98b
5fd5
5a0d
7faa
cef5
6819
f788
6612
ecd0
6277
5923
7fb1
ced7
6813
66e6
7907
e046
6501
5837
7fb8
ceb8
680d
77a9
7ffc
d40e
6770
5748
7fbf
ce9a
6807
1a68
7a40
c846
69c5
5658
7fc5
ce7c
6801
a4e0
6864
bd0c
6bff
5565
7fcb
ce5e
67fb
8320
4c2e
b27d
6e1e
546f
7fd1
ce40
67f5
d42f
2869
a8b5
7020
5378
7fd6
ce21
67ee
4d87
00a3
9fcc
7205
527f
7fdc
ce03
67e8
7f98
d8cd
97d9
73cd
5183
7fe0
cde5
67e2
3c5a
b4da
90f1
7578
5085
7fe5
cdc7
67dc
c1a0
985b
8b24
7704
4f86
7fe9
cda9
67d6
803f
8623
8683
7872
4e84
7fec
cd8b
67d0
b453
8000
8318
79c2
4d80
7ff0
cd6d
67ca
2dfb
8690
80ed
7af2
4c7a
7ff3
cd4e
67c4
7d5d
992a
8007
7c02
4b72
7ff6
cd30
67be
597d
b5f7
8068
7cf3
4a69
7ff8
cd12
67b8
e357
da1c
820f
7dc4
495d
7ffa
ccf4
67b2
878a
0202
84f9
7e75
4850
7ffc
ccd6
67ac
9a7e
29b6
891d
7f05
4740
7ffd
ccb8
67a6
0ac5
4d47
8e72
7f75
462f
7fff
cc9a
67a0
7125
692d
94e9
7fc4
451c
7fff
cc7c
679a
6f7f
7aa6
9c72
7ff2
4408
7fff
cc5e
6793
0756
7ff5
a4f9
7fff
42f1
7fff
cc40
678d
986f
7893
ae69
7fed
41d9
7fff
cc22
6787
88bf
653d
b8aa
7fb9
40bf
7fff
cc04
6781
e6b4
47dc
c3a2
7f64
3fa4
7ffe
cbe6
677b
5bea
235b
cf34
7eef
3e87
7ffd
cbc8
6775
7c9f
fb58
db42
7e5a
3d68
7ffc
cbab
676f
2ac0
d3cc
e7af
7da4
3c48
7ffa
cb8d
6769
b193
b0a1
f45a
7cce
3b26
7ff8
cb6f
6763
8081
9556
0123
7bd8
3a02
7ff5
cb51
675d
c4a7
849f
0de8
7ac2
38de
7ff2
cb33
6756
3f5d
8024
1a8a
798d
37b7
7fef
cb15
6750
7fd2
8857
26e9
7838
3690
7fec
caf7
674a
4ac3
9c68
32e4
76c5
3567
7fe8
cada
6744
d0f7
ba59
3e5c
7534
343c
7fe4
cabc
673e
826a
df33
4935
7384
3310
7fe0
ca9e
6738
a753
074d
5353
71b7
31e3
7fdb
ca80
6732
1dc4
2eae
5c9c
6fcd
30b5
7fd6
ca62
672c
78d6
516e
64f8
6dc6
2f85
7fd0
ca45
6725
64d0
6c1b
6c51
6ba3
2e54
7fca
ca27
671f
f41a
7c0f
7296
6965
2d22
7fc4
ca09
6719
8e54
7fb6
77b5
670b
2bef
7fbe
c9eb
6713
9111
76b2
7ba2
6498
2abb
7fb7
c9ce
670d
f9cb
61e9
7e53
620a
2985
7fb0
c9b0
6707
683b
436b
7fc1
5f63
284f
7fa9
c992
6701
76d6
1e3c
7fe8
5ca4
2717
7fa1
c975
66fa
1830
f60f
7ec8
59ce
25df
7f99
c957
66f4
a34d
cedd
7c64
56e0
24a5
7f91
c93a
66ee
83a4
ac8c
78c1
53dc
236b
7f88
c91c
66e8
d651
9280
73ea
50c2
222f
7f7f
c8fe
66e2
4f51
8351
6dea
4d94
20f3
7f76
c8e1
66dc
7f64
807f
66d1
4a52
1fb6
7f6c
c8c3
66d5
3a58
8a52
5eb1
46fd
1e78
7f62
c8a6
66cf
bfa8
9fd1
559e
4396
1d3a
7f58
c888
66c9
8020
bed9
4bb1
401e
1bfa
7f4d
c86b
66c3
b62a
e458
4102
3c95
1aba
7f42
c84d
66bd
3016
0c94
35ad
38fc
1979
7f37
c830
66b7
7dcd
3392
29cf
3555
1838
7f2b
c812
66b0
57da
5572
1d85
31a1
16f6
7f1f
c7f5
66aa
e123
6ed9
10f0
2ddf
15b3
7f13
c7d7
66a4
86cb
7d41
0430
2a12
1470
7f06
c7ba
669e
9be4
7f3e
f765
263a
132c
7ef9
c79c
6698
0d07
749d
eab0
2259
11e8
7eec
c77f
6691
7230
5e6b
de32
1e6e
10a3
7ede
c761
668b
6e5d
3edc
d20a
1a7c
0f5e
7ed0
c744
6685
0513
1911
c658
1683
0e19
7ec2
c727
667f
971e
f0ca
bb39
1284
0cd3
7eb4
c709
6679
8997
ca05
b0ca
0e81
0b8d
7ea5
c6ec
6672
e8ed
a89a
a725
0a79
0a46
7e95
c6cf
666c
5d7a
8fda
9e64
0670
08ff
7e86
c6b1
6666
7c16
823a
969d
0264
07b8
7e76
c694
6660
289c
8112
8fe3
fe58
0671
7e66
c677
665a
afcc
8c81
8a48
fa4c
052a
7e55
c65a
6653
80b9
a364
85da
f642
03e2
7e45
c63c
664d
c6ab
c376
82a4
f23a
029b
7e33
c61f
6647
4153
e989
80af
ee36
0153
7e22
c602
6641
7fec
11d6
8000
ea36
000c
7e10
c5e5
663a
48e9
385f
8098
e63c
fec4
7dfe
c5c7
6634
cedd
5950
8276
e248
fd7c
7dec
c5aa
662e
81ff
7166
8596
de5c
fc35
7dd9
c58d
6628
a8f9
7e3d
89ee
da79
faed
7dc6
c570
6621
1ff7
7e8f
8f74
d69f
f9a6
7db2
c553
661b
7991
7254
961a
d2d0
f85f
7d9f
c536
6615
6367
5ac3
9dcf
cf0d
f718
7d8b
c519
660f
f1d9
3a31
a680
cb56
f5d1
7d76
c4fc
6608
8d4e
13db
b015
c7ac
f48a
7d61
c4df
6602
9237
eb8c
ba76
c411
f344
7d4c
c4c1
65fc
fc0f
c544
c58a
c085
f1fe
7d37
c4a4
65f6
6987
a4cf
d133
bd0a
f0b9
7d21
c487
65ef
75fa
8d66
dd53
b99f
ef74
7d0b
c46a
65e9
15f5
815a
e9cd
b647
ee2f
7cf5
c44d
65e3
a1c0
81dd
f67f
b301
eceb
7cdf
c430
65dd
8433
8ee3
0349
afd0
eba7
7cc8
c413
65d6
d878
a720
100b
acb2
ea64
7cb0
c3f6
65d0
5115
c82d
1ca5
a9aa
e921
7c99
c3da
65ca
7f27
eec4
28f4
a6b9
e7df
7c81
c3bd
65c3
3851
1710
34db
a3de
e69d
7c69
c3a0
65bd
bdb5
3d13
403b
a11a
e55c
7c50
c383
65b7
800b
5d07
4af7
9e6f
e41c
7c37
c366
65b1
b806
73c2
54f2
9bdd
e2dd
7c1e
c349
65aa
322e
7f02
5e15
9964
e19e
7c05
c32c
65a4
7e33
7da9
6647
9706
e060
7beb
c30f
659e
5631
6fda
6d73
94c3
df23
7bd1
c2f3
6597
def1
56f4
7387
929b
dde7
7bb6
c2d6
6591
8616
356e
7874
908f
dcab
7b9c
c2b9
658b
9d51
0e9b
7c2d
8ea0
db71
7b80
c29c
6584
0f47
e656
7ea8
8ccd
da37
7b65
c280
657e
7331
c09d
7fdf
8b18
d8ff
7b49
c263
6578
6d33
a12c
7fcf
8981
d7c7
7b2d
c246
6571
02cf
8b23
7e78
8809
d691
7b11
c229
656b
95d6
80b1
7bdd
86af
d55b
7af4
c20d
6565
8a78
82df
7806
8574
d427
7ad7
c1f0
655f
eb29
9176
72fc
8458
d2f3
7aba
c1d3
6558
5f03
ab03
6ccc
835d
d1c1
7a9d
c1b7
6552
7b82
ccfd
6585
8281
d090
7a7f
c19a
654c
2674
f407
5d3b
81c5
cf61
7a60
c17e
6545
ae0b
1c40
5402
8129
ce32
7a42
c161
653f
80fc
41ad
49f2
80ae
cd05
7a23
c144
6539
c8b4
6096
3f25
8054
cbd9
7a04
c128
6532
4343
75eb
33b7
801a
caae
79e4
c10b
652c
7ffb
7f8e
27c4
8001
c985
79c5
c0ef
6525
4709
7c8b
1b6c
8009
c85d
79a5
c0d2
651f
ccc8
6d2f
0ece
8031
c737
7984
c0b6
6519
819e
52fe
0209
807b
c612
7963
c099
6512
aaa6
3092
f540
80e4
c4ef
7942
c07d
650c
2227
0956
e892
816f
c3cd
7921
c060
6506
7a42
e12c
dc20
821a
c2ac
78ff
c044
64ff
61f5
bc11
d009
82e5
c18d
78dd
c028
64f9
ef99
9db3
c46e
83d0
c070
78bb
c00b
64f3
8c51
8914
b96a
84db
bf55
7899
bfef
64ec
9365
8040
af1c
8605
be3b
7876
bfd2
64e6
fe53
8418
a59c
874f
bd22
7853
bfb6
64df
6acb
9439
9d03
88b7
bc0c
782f
bf9a
64d9
7514
af0b
9568
8a3e
baf7
780b
bf7d
64d3
13b9
d1e3
8edd
8be3
b9e4
77e7
bf61
64cc
a03c
f94f
8974
8da6
b8d3
77c3
bf45
64c6
84cb
2164
853a
8f86
b7c3
779e
bf29
64c0
daa1
462a
8239
9183
b6b6
7779
bf0c
64b9
52d3
63fa
807b
939c
b5aa
7754
bef0
64b3
7edf
77e0
8003
95d1
b4a0
772e
bed4
64ac
3646
7fe3
80d2
9822
b398
7708
beb8
64a6
bbc7
7b37
82e7
9a8c
b292
76e2
be9c
64a0
8001
6a53
863b
9d11
b18f
76bb
be7f
6499
b9e9
4ee4
8ac7
9faf
b08d
7694
be63
6493
3441
2ba2
907f
a266
af8d
766d
be47
648c
7e8f
040c
9754
a534
ae8f
7646
be2b
6486
5481
dc10
9f34
a81a
ad93
761e
be0f
647f
dcc2
b7a3
a80d
ab17
ac99
75f6
bdf3
6479
856a
9a64
b1c6
ae29
aba2
75cd
bdd7
6473
9ec6
8739
bc47
b150
aaad
75a5
bdbb
646c
1186
8007
c776
b48b
a9b9
757c
bd9f
6466
742a
8587
d335
b7da
a8c9
7552
bd83
645f
6c00
972c
df67
bb3b
a7da
7529
bd67
6459
008b
b336
ebec
bead
a6ed
74ff
bd4b
6453
9496
d6de
f8a5
c231
a603
74d5
bd2f
644c
8b63
fe9a
0570
c5c4
a51b
74aa
bd13
6446
ed66
2679
122e
c966
a436
7480
bcf7
643f
6084
4a88
1ebc
cd16
a353
7454
bcdb
6439
7ae5
6732
2afd
d0d3
a272
7429
bcbf
6432
2449
79a1
36cf
d49c
a193
73fd
bca3
642c
ac51
7fff
4215
d870
a0b7
73d1
bc87
6425
8149
79ad
4cb2
dc4f
9fde
73a5
bc6c
641f
cac1
674a
568b
e036
9f07
7379
bc50
6418
452e
4aa8
5f87
e426
9e32
734c
bc34
6412
7fff
269e
678e
e81d
9d60
731f
bc18
640c
4524
fec1
6e8d
ec19
9c90
72f1
bbfc
6405
cab6
d703
7470
f01b
9bc3
72c3
bbe1
63ff
8147
b355
792a
f422
9af9
7295
bbc5
63f8
ac5a
9742
7cae
f82b
9a31
7267
bba9
63f2
2455
8592
7ef3
fc36
996b
7238
bb8e
63eb
7ae9
8007
7ff3
0042
98a9
720a
bb72
63e5
607c
872c
7fac
044e
97e9
71da
bb56
63de
ed5a
9a4c
7e1e
0859
972b
71ab
bb3b
63d8
8b5e
b783
7b4e
0c62
9671
717b
bb1f
63d1
949d
dbea
7742
1067
95b9
714b
bb03
63cb
0097
03e5
7206
1469
9503
711b
bae8
63c4
6c07
2b7d
6ba5
1865
9451
70ea
bacc
63be
7425
4ec5
6432
1c5b
93a1
70b9
bab1
63b7
117b
6a3e
5bbe
2049
92f4
7088
ba95
63b1
9ebf
7b2d
525f
2430
924a
7056
ba7a
63aa
856d
7fe5
482e
280d
91a3
7024
ba5e
63a4
dccd
77ee
3d44
2be0
90fe
6ff2
ba43
639d
548a
6412
31bd
2fa7
905c
6fc0
ba27
6397
7e8d
464a
25b7
3363
8fbd
6f8d
ba0c
6390
3437
218a
1951
3711
8f21
6f5a
b9f0
638a
b9df
f976
0caa
3ab1
8e88
6f27
b9d5
6383
8001
d208
ffe2
3e43
8df2
6ef3
b9b9
637d
bbd1
af29
f31b
41c4
8d5f
6ec0
b99e
6376
3651
944e
e675
4534
8ccf
6e8c
b983
6370
7ee1
8422
da10
4893
8c41
6e57
b967
6369
52ca
803e
ce0c
4bdf
8bb7
6e23
b94c
6363
da96
8905
c288
4f18
8b2f
6dee
b931
635c
84c8
9d9a
b7a1
523c
8aab
6db8
b915
6356
a044
bbf0
ad74
554c
8a29
6d83
b8fa
634f
13c4
e106
a419
5845
89ab
6d4d
b8df
6349
7519
092f
9baa
5b28
892f
6d17
b8c4
6342
6ac5
306e
943b
5df4
88b7
6ce1
b8a8
633b
fe47
52e0
8de0
60a7
8842
6caa
b88d
6335
935f
6d1a
88a8
6342
87d0
6c73
b872
632e
8c56
7c82
84a2
65c4
8760
6c3c
b857
6328
efa5
7f92
81d8
682b
86f4
6c05
b83c
6321
61fd
75fa
8050
6a78
868b
6bcd
b821
631b
7a3e
60b0
800f
6ca9
8625
6b95
b805
6314
221c
41ce
8115
6ebf
85c3
6b5c
b7ea
630e
aa9d
1c67
8360
70b8
8563
6b24
b7cf
6307
81a0
f42e
86e9
7295
8507
6aeb
b7b4
6300
ccd3
cd21
8ba8
7454
84ad
6ab2
b799
62fa
4713
ab20
9191
75f5
8457
6a79
b77e
62f3
7ffb
9189
9895
7778
8404
6a3f
b763
62ed
4339
82e7
a0a0
78dd
83b4
6a05
b748
62e6
c8a9
80ad
a9a0
7a23
8368
69cb
b72d
62e0
80fa
8b13
b37d
7b49
831e
6990
b712
62d9
ae14
a112
be1d
7c50
82d8
6956
b6f7
62d2
267f
c07b
c966
7d37
8295
691b
b6dd
62cc
7b86
e630
d53b
7dfe
8255
68df
b6c2
62c5
5efb
0e74
e17d
7ea5
8218
68a4
b6a7
62bf
eb1d
354a
ee0d
7f2b
81df
6868
b68c
62b8
8a73
56d7
facb
7f91
81a9
682c
b671
62b1
95dc
6fc7
0796
7fd6
8176
67f0
b656
62ab
02db
7da1
144e
7ffa
8146
67b3
b63c
62a4
6d39
7f06
20d2
7ffe
8119
6776
b621
629e
732c
73d3
2d02
7fe0
80f0
6739
b606
6297
0f3b
5d22
38bf
7fa2
80ca
66fc
b5eb
6290
9d49
3d36
43eb
7f44
80a7
66be
b5d1
628a
8619
1737
4e69
7ec5
8088
6680
b5b6
6283
defc
eeeb
581e
7e25
806c
6642
b59b
627d
563a
c851
60f2
7d65
8053
6603
b581
6276
7e31
a73c
68ce
7c85
803d
65c5
b566
626f
3223
8ef5
6f9e
7b85
802b
6586
b54b
6269
b7fd
81e4
7551
7a66
801c
6546
b531
6262
800c
8154
79d7
7927
8010
6507
b516
625b
bdbf
8d54
7d26
77c9
8007
64c7
b4fc
6255
385c
a4b4
7f35
764d
8002
6487
b4e1
624e
7f28
c521
7ffe
74b2
8000
6447
b4c6
6248
510c
eb65
7f80
72f9
8001
6406
b4ac
6241
d86c
13b4
7dbb
7123
8006
63c5
b492
623a
8430
3a0f
7ab6
6f30
800e
6384
b477
6234
a1c8
5aa7
7676
6d21
8019
6343
b45d
622d
1601
7243
7107
6af5
8027
6302
b442
6226
75fe
7e89
6a77
68ae
8039
62c0
b428
6220
6980
7e44
62d7
664d
804e
627e
b40d
6219
fc03
7178
5a3a
63d1
8066
623b
b3f3
6212
9230
596c
50b6
613c
8081
61f9
b3d9
620c
8d53
3882
4664
5e8d
80a0
61b6
b3be
6205
f1e5
11fd
3b5e
5bc7
80c2
6173
b3a4
61fe
636e
e9b0
2fc0
58e9
80e7
6130
b38a
61f8
798d
c399
23a7
55f4
8110
60ec
b36f
61f1
1feb
a37f
1734
52ea
813b
60a8
b355
61ea
a8f1
8c92
0a85
4fca
816a
6064
b33b
61e4
8201
8117
fdbb
4c95
819d
6020
b321
61dd
cee8
8233
f0f8
494d
81d2
5fdb
b307
61d6
48f2
8fc8
e45a
45f3
820b
5f97
b2ec
61d0
7feb
a87e
d803
4286
8247
5f52
b2d2
61c9
4148
c9e1
cc13
3f08
8286
5f0c
b2b8
61c2
c6a0
f0a3
c0a7
3b7b
82c8
5ec7
b29e
61bc
80b8
18eb
b5de
37de
830e
5e81
b284
61b5
afd5
3eba
abd2
3432
8356
5e3b
b26a
61ae
28a7
5e50
a29d
307a
83a2
5df5
b250
61a7
7c19
748d
9a57
2cb4
83f1
5dae
b236
61a1
5d72
7f3a
9315
28e4
8444
5d67
b21c
619a
e8e2
7d49
8cea
2509
8499
5d21
b202
6193
8993
6eec
87e5
2125
84f2
5cd9
b1e8
618d
9725
558f
8414
1d38
854e
5c92
b1ce
6186
051f
33b6
817f
1943
85ac
5c4a
b1b4
617f
6e63
0cbb
802e
1548
860e
5c02
b19a
6178
722b
e47e
8024
1148
8674
5bba
b180
6172
0cfb
befb
8161
0d43
86dc
5b72
b166
616b
9bdc
9feb
83e2
093b
8747
5b29
b14c
6164
86cf
8a62
87a0
0530
87b6
5ae0
b133
615e
e12e
8083
8c92
0125
8827
5a97
b119
6157
57e3
8348
92ac
fd18
889c
5a4e
b0ff
6150
7dcb
926c
99dd
f90d
8914
5a04
b0e5
6149
300b
ac6e
a213
f503
898e
59ba
b0cb
6143
b620
ceb9
ab3a
f0fd
8a0c
5970
b0b2
613c
8020
f5e8
b539
ecfa
8a8d
5926
b098
6135
bfb2
1e16
bff8
e8fc
8b11
58dc
b07e
612e
3a62
4349
cb5b
e503
8b97
5891
b065
6128
7f65
61d0
d744
e112
8c21
5846
b04b
6121
4f48
76a3
e395
dd29
8cae
57fb
b031
611a
d646
7fb3
f02f
d948
8d3d
57b0
b018
6113
83a1
7c19
fcf2
d572
8dd0
5764
affe
610d
a355
6c30
09bc
d1a6
8e66
5718
afe5
6106
183b
518c
166d
cde6
8efe
56cc
afcb
60ff
76da
2ed2
22e6
ca33
8f99
5680
afb2
60f8
6834
0774
2f04
c68e
9038
5633
af98
60f2
f9bf
df58
3aab
c2f8
90d9
55e7
af7f
60eb
910b
ba7a
45bb
bf71
917d
559a
af65
60e4
8e5a
9c80
5019
bbfa
9223
554d
af4c
60dd
f426
8865
59ab
b895
92cd
54ff
af32
60d7
64d7
8026
6256
b543
9379
54b2
af19
60d0
78d3
8494
6a07
b203
9428
5464
aeff
60c9
1db8
9541
70a8
aed8
94da
5416
aee6
60c2
a74b
b083
7629
abc1
958f
53c8
aecd
60bb
826c
d3a7
7a7c
a8c0
9646
5379
aeb3
60b5
d102
fb31
7d95
a5d5
9700
532a
ae9a
60ae
4acc
2335
7f6d
a301
97bd
52dc
ae81
60a7
7fd1
47bb
7fff
a045
987c
528d
ae68
60a0
3f53
6525
7f4a
9da1
993e
523d
ae4e
6099
c49c
7886
7d50
9b17
9a03
51ee
ae35
6093
8080
7ff4
7a14
98a7
9aca
519e
ae1c
608c
b19d
7ab1
75a1
9651
9b94
514e
ae03
6085
2acc
6944
7001
9416
9c61
50fe
adea
607e
7ca2
4d66
6942
91f6
9d30
50ae
add0
6077
5be2
29db
6176
8ff3
9e01
505d
adb7
6071
e6a8
022a
58b0
8e0d
9ed5
500c
ad9e
606a
88bb
da41
4f08
8c43
9fac
4fbb
ad85
6063
9876
b617
4495
8a98
a085
4f6a
ad6c
605c
0762
9941
3974
890a
a161
4f19
ad53
6055
6f85
869c
2dbf
879b
a23e
4ec7
ad3a
604f
7120
8001
2195
864a
a31f
4e75
ad21
6048
0ab9
8617
1515
8519
a401
4e23
ad08
6041
9a77
9844
0860
8407
a4e6
4dd1
acef
603a
878e
b4ba
fb95
8315
a5ce
4d7f
acd6
6033
e362
d8a8
eed5
8243
a6b7
4d2c
acbd
602c
5985
007c
e241
8191
a7a3
4cda
aca5
6026
7d5a
2844
d5f9
8100
a891
4c87
ac8c
601f
2df0
4c0e
ca1d
808f
a982
4c33
ac73
6018
b449
684d
becb
803f
aa75
4be0
ac5a
6011
803f
7a34
b41f
800f
ab69
4b8d
ac41
600a
c1aa
7ffd
aa36
8000
ac60
4b39
ac28
6003
3c64
7914
a127
8012
ad5a
4ae5
ac10
5ffc
7f99
662a
990c
8044
ae55
4a91
abf7
5ff6
4d7d
491d
91f8
8098
af52
4a3c
abde
5fef
d424
24d1
8bfd
810c
b052
49e8
abc6
5fe8
831d
fcde
872b
81a0
b153
4993
abad
5fe1
a4e9
d53b
838e
8255
b257
493e
ab94
5fda
1a74
b1d5
8130
832a
b35c
48e9
ab7c
5fd3
77ad
9630
8016
841f
b463
4894
ab63
5fcc
66df
8509
8043
8533
b56d
483f
ab4a
5fc6
f77c
8014
81b6
8667
b678
47e9
ab32
5fbf
8fee
87ce
846d
87ba
b785
4793
ab19
5fb8
8f69
9b74
8860
892c
b894
473d
ab01
5fb1
f668
b913
8d85
8abd
b9a5
46e7
aae8
5faa
6639
ddba
93ce
8c6b
bab8
4691
aad0
5fa3
780e
05c7
9b2d
8e37
bbcc
463a
aab7
5f9c
1b83
2d42
a38d
9020
bce2
45e3
aa9f
5f95
a5ac
5040
acda
9226
bdfa
458c
aa87
5f8e
82e2
6b48
b6fb
9448
bf14
4535
aa6e
5f88
d320
7bad
c1d8
9685
c02f
44de
aa56
5f81
4ca0
7fce
cd53
98dd
c14c
4487
aa3e
5f7a
7fad
7742
d950
9b50
c26a
442f
aa25
5f73
3d58
62e3
e5af
9ddd
c38a
43d7
aa0d
5f6c
c29d
44b5
f253
a083
c4ac
437f
a9f5
5f65
8052
1fb7
ff19
a341
c5cf
4327
a9dc
5f5e
b36a
f794
0be1
a617
c6f4
42cf
a9c4
5f57
2cec
d047
188b
a904
c81a
4276
a9ac
5f50
7d21
adb5
24f6
ac07
c941
421e
a994
5f49
5a4b
934c
3103
af1f
ca6a
41c5
a97c
5f42
e471
83ab
3c92
b24d
cb94
416c
a964
5f3c
87ed
805f
4787
b58e
ccc0
4113
a94b
5f35
99cf
89bb
51c4
b8e2
cded
40b9
a933
5f2e
09a5
9ed1
5b31
bc49
cf1b
4060
a91b
5f27
709d
bd8b
63b4
bfc1
d04b
4006
a903
5f20
700c
e2db
6b38
c349
d17b
3fad
a8eb
5f19
0877
0b10
71a9
c6e1
d2ad
3f53
a8d3
5f12
991a
322c
76f8
ca87
d3e0
3ef8
a8bb
5f0b
8858
544e
7b17
ce3b
d514
3e9e
a8a3
5f04
e599
6e14
7dfb
d1fc
d649
3e44
a88b
5efd
5b20
7cef
7f9d
d5c9
d780
3de9
a873
5ef6
7ce0
7f66
7ff8
d9a1
d8b7
3d8e
a85b
5eef
2bd0
753c
7f0c
dd82
d9f0
3d33
a844
5ee8
b279
5f70
7cdb
e16c
db29
3cd8
a82c
5ee1
8068
402e
796a
e55e
dc63
3c7d
a814
5eda
c3a7
1a8f
74c3
e957
dd9e
3c22
a7fc
5ed3
3e61
f24d
6ef2
ed55
deda
3bc6
a7e4
5ecc
7fc2
cb68
6804
f159
e017
3b6a
a7cd
5ec6
4bac
a9b9
600d
f560
e155
3b0f
a7b5
5ebf
d204
9099
5720
f96a
e294
3ab2
a79d
5eb8
82a3
8285
4d54
fd75
e3d3
3a56
a785
5eb1
a684
80e2
42c2
0181
e513
39fa
a76e
5eaa
1caa
8bdb
3785
058d
e654
399e
a756
5ea3
7876
a258
2bbb
0997
e795
3941
a73f
5e9c
6581
c21f
1f80
0d9f
e8d7
38e4
a727
5e95
f53a
e809
12f5
11a4
ea19
3887
a70f
5e8e
8eda
1054
063a
15a4
eb5d
382a
a6f8
5e87
9082
3700
f96e
199e
eca0
37cd
a6e0
5e80
f8ab
5837
ecb4
1d92
ede4
3770
a6c9
5e79
6792
70af
e02a
217e
ef29
3712
a6b1
5e72
7740
7dfa
d3f2
2562
f06e
36b5
a69a
5e6b
194b
7ec7
c82b
293c
f1b3
3657
a682
5e64
a415
7302
bcf3
2d0b
f2f9
35f9
a66b
5e5d
8361
5bd5
b266
30cf
f43f
359b
a654
5e56
d541
3b8c
a8a0
3487
f586
353d
a63c
5e4f
4e6d
155c
9fb9
3831
f6cd
34df
a625
5e48
7f7f
ed0d
97c8
3bcd
f813
3480
a60d
5e41
3b59
c69f
90e2
3f59
f95b
3422
a5f6
5e3a
c0a2
a5e3
8b19
42d5
faa2
33c3
a5df
5e33
802e
8e16
867a
4640
fbe9
3364
a5c8
5e2c
b53e
8195
8312
4999
fd31
3305
a5b0
5e25
2f0a
819d
80e9
4cdf
fe79
32a6
a599
5e1e
7d96
8e2e
8006
5012
ffc0
3247
a582
5e17
58ac
a609
806a
5330
0108
31e7
a56b
5e10
e23b
c6cf
8215
5639
0250
3188
a554
5e09
8729
ed42
8501
592b
0397
3128
a53d
5e02
9b30
1590
8928
5c07
04df
30c9
a526
5dfb
0be7
3bbb
8e7f
5ecc
0626
3069
a50e
5df3
71ac
5bfa
94f9
6178
076d
3009
a4f7
5dec
6eef
7319
9c84
640b
08b4
2fa9
a4e0
5de5
0634
7ecf
a50d
6684
09fb
2f48
a4c9
5dde
97c5
7df1
ae80
68e4
0b42
2ee8
a4b2
5dd7
892a
7096
b8c2
6b28
0c88
2e87
a49b
5dd0
e7d1
5810
c3bb
6d51
0dce
2e27
a485
5dc9
5cb4
36cf
cf4f
6f5e
0f13
2dc6
a46e
5dc2
7c5b
101f
db5e
714e
1059
2d65
a457
5dbb
29ae
e7d5
e7cc
7322
119d
2d04
a440
5db4
b0ae
c1f1
f477
74d8
12e2
2ca3
a429
5dad
809c
a234
0140
7670
1426
2c42
a412
5da6
c5a9
8bc5
0e05
77ea
1569
2be1
a3fb
5d9f
4059
80dc
1aa7
7945
16ac
2b7f
a3e5
5d98
7fe0
828f
2705
7a81
17ee
2b1e
a3ce
5d91
49d6
90b3
32fe
7b9d
1930
2abc
a3b7
5d8a
cfe9
a9e0
3e76
7c9a
1a70
2a5b
a3a1
5d83
8233
cb98
494d
7d78
1bb1
29f9
a38a
5d7b
a826
f283
5369
7e35
1cf0
2997
a373
5d74
1ede
1ac3
5cb0
7ed1
1e2f
2935
a35d
5d6d
7935
405d
650a
7f4e
1f6d
28d3
a346
5d66
641c
5f94
6c61
7fa9
20aa
2870
a32f
5d5f
f2f8
7551
72a3
7fe4
21e7
280e
a319
5d58
8dd0
7f6b
77bf
7fff
2322
27ac
a302
5d51
91a3
7ce3
7baa
7ff8
245d
2749
a2ec
5d4a
faee
6df8
7e58
7fd1
2597
26e6
a2d5
5d43
68e2
5425
7fc3
7f89
26cf
2684
a2bf
5d3c
7669
31fa
7fe7
7f20
2807
2621
a2a8
5d35
1712
0adb
7ec4
7e97
293e
25be
a292
5d2d
a285
e2a7
7c5d
7ded
2a74
255b
a27c
5d26
83ea
bd5d
78b8
7d24
2ba8
24f7
a265
5d1f
d765
9eae
73dd
7c3a
2cdc
2494
a24f
5d18
5035
89a6
6ddb
7b30
2e0e
2431
a239
5d11
7f47
805b
66bf
7a07
2f3f
23cd
a222
5d0a
3954
83b8
5e9d
78be
306f
236a
a20c
5d03
bead
9369
5589
7757
319e
2306
a1f6
5cfc
8014
adde
4b9a
75d1
32cb
22a3
a1e0
5cf5
b718
d078
40e9
742d
33f7
223f
a1c9
5ced
3123
f7c9
3593
726b
3522
21db
a1b3
5ce6
7e01
1feb
29b3
708c
364b
2177
a19d
5cdf
5706
44e2
1d69
6e90
3774
2113
a187
5cd8
e008
6305
10d4
6c78
389a
20af
a171
5cd1
866f
7755
0413
6a44
39bf
204a
a15b
5cca
9c9a
7fd0
f748
67f5
3ae3
1fe6
a145
5cc3
0e28
7b9f
ea94
658b
3c05
1f82
a12f
5cbc
72b2
6b2b
de16
6308
3d26
1f1d
a119
5cb4
6dc9
5016
d1ef
606b
3e45
1eb9
a103
5cad
03f0
2d10
c63e
5db5
3f62
1e54
a0ed
5ca6
9678
0592
bb20
5ae7
407e
1def
a0d7
5c9f
8a07
dd87
b0b3
5802
4199
1d8b
a0c1
5c98
ea0c
b8e6
a710
5507
42b1
1d26
a0ab
5c91
5e40
9b53
9e51
51f5
43c8
1cc1
a095
5c89
7bcd
87bc
968c
4ecf
44dd
1c5c
a07f
5c82
2787
8012
8fd5
4b94
45f0
1bf7
a06a
5c7b
aeea
8518
8a3c
4847
4702
1b92
a054
5c74
80d9
964e
85d1
44e6
4812
1b2c
a03e
5c6d
c7b0
b1ff
829e
4174
491f
1ac7
a028
5c66
424c
d56d
80ac
3df2
4a2b
1a62
a013
5c5e
7ff5
fd13
8000
3a5f
4b36
19fc
9ffd
5c57
47f9
2504
809b
36be
4c3e
1997
9fe7
5c50
cdd1
4949
827c
330e
4d44
1931
9fd2
5c49
81cd
664a
859e
2f51
4e48
18cc
9fbc
5c42
a9d0
7925
89f9
2b89
4f4a
1866
9fa6
5c3b
2110
7ffd
8f82
27b5
504b
1800
9f91
5c33
79eb
7a24
962b
23d7
5149
179a
9f7b
5c2c
62ae
682e
9de2
1ff0
5245
1734
9f66
5c25
f0b8
4be3
a694
1c00
533f
16cf
9f50
5c1e
8cce
2812
b02c
180a
5437
1669
9f3b
5c17
92cd
0047
ba8f
140d
552c
1602
9f25
5c0f
fd32
d875
c5a4
100b
5620
159c
9f10
5c08
6a2b
b48f
d14e
0c05
5711
1536
9efb
5c01
7588
9824
dd6f
07fc
5800
14d0
9ee5
5bfa
14d6
8606
e9e9
03f1
58ed
146a
9ed0
5bf3
a0fc
8001
f69c
ffe5
59d8
1403
9ebb
5beb
847e
86ad
0367
fbd9
5ac0
139d
9ea5
5be4
d98d
9961
1028
f7ce
5ba6
1337
9e90
5bdd
51f6
b643
1cc1
f3c5
5c89
12d0
9e7b
5bd6
7f04
da74
2910
efc0
5d6b
126a
9e66
5bcf
374b
025f
34f6
ebbe
5e49
1203
9e50
5bc7
bcbc
2a0d
4054
e7c2
5f26
119c
9e3b
5bc0
8005
4d90
4b0e
e3cb
6000
1136
9e26
5bb9
b8f8
6962
5508
dfdc
60d7
10cf
9e11
5bb2
3339
7ac0
5e29
dbf6
61ac
1068
9dfc
5baa
7e62
7ff2
6658
d818
627f
1002
9de7
5ba3
5559
7874
6d82
d445
634f
0f9b
9dd2
5b9c
ddd8
6504
7394
d07d
641c
0f34
9dbd
5b95
85be
478f
787e
ccc1
64e7
0ecd
9da8
5b8d
9e0b
2302
7c34
c912
65b0
0e66
9d93
5b86
1068
fafc
7eac
c571
6675
0dff
9d7e
5b7f
73af
d375
7fe0
c1e0
6738
0d98
9d69
5b78
6c9a
b059
7fcd
be5e
67f9
0d31
9d54
5b70
01ac
9523
7e73
baed
68b7
0cca
9d3f
5b69
9534
8486
7bd6
b78d
6972
0c63
9d2a
5b62
8aed
8028
77fc
b440
6a2a
0bfc
9d16
5b5b
ec48
8878
72ef
b107
6ae0
0b94
9d01
5b53
5fc5
9ca2
6cbc
ade2
6b93
0b2d
9cec
5b4c
7b35
baa7
6573
aad1
6c43
0ac6
9cd7
5b45
255e
df8c
5d27
a7d7
6cf0
0a5f
9cc3
5b3e
ad2c
07a9
53ec
a4f3
6d9b
09f7
9cae
5b36
8121
2f04
49da
a227
6e43
0990
9c99
5b2f
c9bb
51b5
3f0c
9f72
6ee8
0929
9c85
5b28
443a
6c4c
339c
9cd6
6f8a
08c1
9c70
5b21
7fff
7c26
27a9
9a54
7029
085a
9c5c
5b19
4616
7faf
1b50
97ec
70c6
07f3
9c47
5b12
cbbe
768f
0eb1
959e
715f
078b
9c32
5b0b
8171
61ad
01ec
936b
71f6
0724
9c1e
5b03
ab80
431c
f523
9155
728a
06bc
9c09
5afc
233f
1de2
e875
8f5a
731b
0655
9bf5
5af5
7a97
f5b2
dc04
8d7d
73a9
05ed
9be1
5aee
6139
ce88
cfee
8bbc
7433
0586
9bcc
5ae6
ee79
ac45
c454
8a1a
74bb
051e
9bb8
5adf
8bd6
9250
b952
8896
7540
04b7
9ba3
5ad8
9400
833c
af05
8730
75c2
044f
9b8f
5ad0
ff76
8087
a587
85e9
7641
03e7
9b7b
5ac9
6b6a
8a77
9cf1
84c1
76bd
0380
9b67
5ac2
749d
a00e
9558
83b9
7736
0318
9b52
5aba
1299
bf29
8ed0
82d1
77ac
02b1
9b3e
5ab3
9f7c
e4b2
8969
8209
781e
0249
9b2a
5aac
851b
0cf1
8531
8161
788e
01e2
9b16
5aa4
dbb8
33e6
8234
80da
78fb
017a
9b02
5a9d
53b0
55b7
8079
8073
7964
0112
9aed
5a96
7eb7
6f07
8003
802c
79cb
00ab
9ad9
5a8f
353e
7d54
80d5
8007
7a2e
0043
9ac5
5a87
bad2
7f34
82ed
8002
7a8e
ffdb
9ab1
5a80
8000
7476
8644
801e
7aeb
ff74
9a9d
5a79
badd
5e2c
8ad3
805b
7b45
ff0c
9a89
5a71
354b
3e8b
908d
80b8
7b9b
fea5
9a75
5a6a
7eb9
18b6
9764
8136
7bef
fe3d
9a61
5a63
53a5
f06e
9f48
81d4
7c3f
fdd5
9a4d
5a5b
dbaa
c9b1
a822
8293
7c8d
fd6e
9a3a
5a54
8517
a857
b1dd
8372
7cd6
fd06
9a26
5a4d
9f85
8fae
bc60
8471
7d1d
fc9f
9a12
5a45
12a7
8229
c790
858f
7d61
fc37
99fe
5a3e
74a3
811e
d351
86cc
7da1
fbcf
99ea
5a36
6b63
8ca9
df83
8829
7dde
fb68
99d7
5a2f
ff68
a3a4
ec09
89a4
7e18
fb00
99c3
5a28
93f9
c3c8
f8c2
8b3e
7e4f
fa99
99af
5a20
8bdc
e9e4
058d
8cf6
7e83
fa31
999b
5a19
ee86
1232
124a
8ecb
7eb3
f9ca
9988
5a12
6142
38b2
1ed9
90bd
7ee0
f962
9974
5a0a
7a93
5992
2b18
92cb
7f09
f8fb
9961
5a03
2332
7191
36e9
94f5
7f30
f893
994d
59fc
ab76
7e4c
422e
973b
7f53
f82c
9939
59f4
8173
7e81
4cca
999c
7f73
f7c4
9926
59ed
cbca
722b
56a1
9c17
7f90
f75d
9912
59e5
4622
5a82
5f9a
9eab
7fa9
f6f6
98ff
59de
7fff
39df
679f
a158
7fc0
f68e
98eb
59d7
442e
137f
6e9b
a41e
7fd2
f627
98d8
59cf
c9ae
eb30
747c
a6fb
7fe2
f5c0
98c5
59c8
811f
c4f2
7933
a9ef
7fee
f558
98b1
59c1
ad37
a48e
7cb4
acf9
7ff8
f4f1
989e
59b9
256b
8d3d
7ef6
b018
7ffd
f48a
988b
59b2
7b39
814c
7ff4
b34b
7fff
f423
9877
59aa
5fbc
81ed
7faa
b693
7fff
f3bc
9864
59a3
ec3b
8f0e
7e19
b9ed
7ffb
f354
9851
599c
8ae7
a763
7b46
bd59
7ff4
f2ed
983e
5994
953c
c881
7738
c0d6
7fe9
f286
982b
598d
01ba
ef20
71f8
c463
7fdb
f21f
9817
5985
6ca2
176c
6b96
c7ff
7fca
f1b8
9804
597e
73a9
3d65
6420
cbaa
7fb6
f151
97f1
5977
105a
5d47
5ba9
cf62
7f9e
f0ea
97de
596f
9e02
73e9
5249
d327
7f83
f084
97cb
5968
85c2
7f0d
4816
d6f7
7f65
f01d
97b8
5960
dde5
7d97
3d2a
dad2
7f44
efb6
97a5
5959
5563
6fad
31a2
deb6
7f1f
ef4f
9792
5952
7e60
56b0
259c
e2a2
7ef7
eee8
977f
594a
332c
3519
1934
e697
7ecc
ee82
976c
5943
b8ec
0e3f
0c8d
ea91
7e9d
ee1b
9759
593b
8005
e5fb
ffc5
ee91
7e6c
edb5
9747
5934
bcc8
c04c
f2fe
f296
7e37
ed4e
9734
592c
3758
a0ee
e658
f69e
7dff
ece8
9721
5925
7f06
8afe
d9f4
faa9
7dc3
ec81
970e
591d
51eb
80a8
cdf1
feb4
7d85
ec1b
96fb
5916
d980
82f3
c26f
02c1
7d43
ebb4
96e9
590f
847a
91a4
b789
06cc
7cfe
eb4e
96d6
5907
a106
ab48
ad5d
0ad6
7cb5
eae8
96c3
5900
14e4
cd52
a405
0edd
7c6a
ea82
96b1
58f8
758d
f463
9b97
12e0
7c1b
ea1c
969e
58f1
6a23
1c9b
942b
16de
7bca
e9b5
968b
58e9
fd24
41fc
8dd2
1ad7
7b75
e94f
9679
58e2
92c6
60d3
889e
1ec8
7b1d
e8ea
9666
58da
8cd4
760f
849a
22b2
7ac1
e884
9654
58d3
f0c6
7f96
81d3
2693
7a63
e81e
9641
58cc
62b7
7c76
804e
2a6a
7a01
e7b8
962f
58c4
79e7
6cfe
8010
2e36
799d
e752
961d
58bd
2103
52b7
8119
31f6
7935
e6ed
960a
58b5
a9c5
303d
8366
35a9
78ca
e687
95f8
58ae
81cf
08f9
86f3
394f
785c
e622
95e5
58a6
cdde
e0d2
8bb5
3ce6
77eb
e5bc
95d3
589f
4804
bbc3
91a0
406e
7777
e557
95c1
5897
7ff4
9d77
98a6
43e5
7700
e4f1
95af
5890
4240
88f2
a0b4
474a
7685
e48c
959c
5888
c7a3
803b
a9b6
4a9e
7608
e427
958a
5881
80d8
842f
b394
4dde
7588
e3c2
9578
5879
aef5
946b
be36
510a
7505
e35d
9566
5872
2795
af52
c981
5422
747e
e2f8
9554
586a
7bd1
d23a
d556
5724
73f5
e293
9542
5863
5e37
f9ab
e199
5a10
7369
e22e
952f
585b
e9fe
21bd
ee2a
5ce4
72da
e1c9
951d
5854
8a01
4677
fae8
5fa1
7247
e165
950b
584c
9680
6434
07b3
6246
71b2
e100
94f9
5845
03fe
7801
146b
64d1
711a
e09c
94e7
583d
6dd0
7fe7
20ee
6742
7080
e037
94d6
5836
72ac
7b1e
2d1d
6999
6fe2
dfd3
94c4
582e
0e1a
6a20
38d9
6bd5
6f41
df6f
94b2
5827
9c91
4e9b
4403
6df6
6e9e
df0b
94a0
581f
8673
2b4b
4e80
6ffa
6df7
dea7
948e
5818
e016
03b0
5833
71e2
6d4e
de43
947c
5810
5710
dbb7
6105
73ac
6ca2
dddf
946b
5809
7dff
b757
68df
7559
6bf4
dd7b
9459
5801
3117
9a2c
6fad
76e8
6b42
dd17
9447
57fa
b70d
871a
755c
7858
6a8e
dcb3
9435
57f2
8015
8006
79e0
79a9
69d7
dc50
9424
57eb
beb8
85a2
7d2c
7adc
691e
dbec
9412
57e3
3961
9761
7f38
7bef
6861
db89
9400
57dc
7f48
b380
7ffe
7ce2
67a2
db26
93ef
57d4
502a
d735
7f7d
7db5
66e1
dac3
93dd
57cc
d758
fef6
7db6
7e68
661c
da5f
93cc
57c5
83e7
26d1
7aad
7efb
6555
d9fc
93ba
57bd
a28e
4ad3
766b
7f6d
648c
d99a
93a9
57b6
171f
6769
70f9
7fbf
63c0
d937
9397
57ae
766e
79be
6a67
7ff0
62f1
d8d4
9386
57a7
68da
7fff
62c5
7fff
6220
d871
9375
579f
fae0
7990
5a26
7fef
614c
d80f
9363
5798
919c
6713
50a0
7fbe
6076
d7ad
9352
5790
8dd6
4a5c
464c
7f6c
5f9e
d74a
9341
5789
f306
2646
3b44
7ef9
5ec3
d6e8
932f
5781
6424
fe64
2fa5
7e66
5de5
d686
931e
5779
7931
d6ab
238c
7db3
5d05
d624
930d
5772
1ed1
b30b
1717
7cdf
5c23
d5c2
92fc
576a
a81c
970d
0a68
7beb
5b3e
d560
92eb
5763
8236
8577
fd9e
7ad8
5a57
d4ff
92da
575b
cff6
8009
f0db
79a5
596e
d49d
92c8
5754
49e1
874a
e43e
7853
5882
d43c
92b7
574c
7fe0
9a85
d7e8
76e2
5795
d3da
92a6
5744
404d
b7cf
cbf8
7553
56a5
d379
9295
573d
c59d
dc43
c08e
73a6
55b2
d318
9284
5735
809a
0442
b5c6
71db
54be
d2b7
9273
572e
b0b9
2bd4
abbc
6ff3
53c7
d256
9262
5726
29bb
4f0e
a289
6dee
52ce
d1f6
9251
571e
7c5f
6a71
9a45
6bcd
51d3
d195
9241
5717
5caa
7b46
9306
6991
50d6
d134
9230
570f
e7c4
7fe1
8cdd
673a
4fd7
d0d4
921f
5708
8925
77cd
87db
64c8
4ed6
d074
920e
5700
97cd
63d9
840d
623c
4dd3
d014
91fd
56f8
0642
45fd
817b
5f97
4cce
cfb4
91ed
56f1
6ef6
2130
802d
5cda
4bc7
cf54
91dc
56e9
71a6
f919
8025
5a05
4abe
cef4
91cb
56e2
0bd9
d1b1
8165
5719
49b3
ce94
91bb
56da
9b28
aee1
83e9
5417
48a6
ce35
91aa
56d2
872e
941c
87aa
50ff
4797
cdd5
9199
56cb
e249
840a
8c9f
4dd2
4686
cd76
9189
56c3
58b6
8044
92bb
4a92
4574
cd17
9178
56bc
7d94
8928
99ef
473e
4460
ccb8
9168
56b4
2efd
9dd5
a227
43d8
434a
cc59
9157
56ac
b533
bc3e
ab50
4061
4233
cbfa
9147
56a5
802f
e160
b551
3cd9
4119
cb9c
9136
569d
c0ae
098b
c011
3942
3ffe
cb3d
9126
5695
3b65
30c4
cb75
359c
3ee2
cadf
9116
568e
7f80
5327
d75f
31e8
3dc3
ca81
9105
5686
4e63
6d4a
e3b2
2e28
3ca4
ca23
90f5
567f
d534
7c98
f04c
2a5c
3b82
c9c5
90e5
5677
835e
7f8a
fd0f
2685
3a5f
c967
90d4
566f
a41f
75d6
09d9
22a4
393b
c909
90c4
5668
1959
6073
168a
1eba
3815
c8ac
90b4
5660
7745
417f
2302
1ac8
36ee
c84e
90a4
5658
678a
1c0c
2f1f
16d0
35c5
c7f1
9094
5651
f89d
f3d2
3ac5
12d1
349b
c794
9084
5649
907b
cccc
45d4
0ece
3370
c737
9073
5641
8ee1
aadb
5030
0ac7
3243
c6da
9063
563a
f548
915b
59bf
06bd
3115
c67e
9053
5632
658a
82d4
6269
02b2
2fe6
c621
9043
562a
7871
80b7
6a17
fea6
2eb5
c5c5
9033
5623
1c9d
8b39
70b6
fa9a
2d84
c569
9023
561b
a67a
a150
7634
f690
2c51
c50d
9014
5613
82a6
c0cb
7a84
f288
2b1d
c4b1
9004
560c
d211
e68b
7d9b
ee83
29e8
c455
8ff4
5604
4bb8
0ed0
7f70
ea83
28b2
c3f9
8fe4
55fc
7fc1
359e
7fff
e688
277a
c39e
8fd4
55f5
3e55
571b
7f47
e294
2642
c343
8fc4
55ed
c39b
6ff4
7d4a
dea8
2509
c2e7
8fb5
55e5
8067
7db3
7a0c
dac4
23cf
c28c
8fa5
55de
b284
7efb
7595
d6e9
2294
c232
8f95
55d6
2bdd
73ab
6ff2
d319
2158
c1d7
8f86
55ce
7ce3
5ce3
6931
cf55
201b
c17c
8f76
55c7
5b17
3ce4
6163
cb9d
1ede
c122
8f66
55bf
e58b
16dc
589b
c7f2
1d9f
c0c8
8f57
55b7
8853
ee8f
4ef1
c456
1c60
c06e
8f47
55af
9922
c7fd
447d
c0c9
1b20
c014
8f38
55a8
0885
a6f9
395a
bd4c
19e0
bfba
8f28
55a0
7012
8eca
2da4
b9e1
189e
bf61
8f19
5598
7096
81d4
2179
b687
175c
bf07
8f09
5591
0997
8162
14f9
b340
161a
beae
8efa
5589
99c7
8d7e
0843
b00c
14d7
be55
8eeb
5581
87f2
a4f5
fb78
acee
1393
bdfc
8edb
557a
e47e
c573
eeb8
a9e4
124f
bda4
8ecc
5572
5a54
ebc0
e225
a6f1
110b
bd4b
8ebd
556a
7d1e
140f
d5de
a414
0fc6
bcf3
8eae
5562
2ce0
3a61
ca03
a14f
0e80
bc9b
8e9e
555b
b35f
5ae9
beb2
9ea2
0d3b
bc43
8e8f
5553
8053
726c
b408
9c0e
0bf5
bbeb
8e80
554b
c2a9
7e97
aa20
9993
0aae
bb93
8e71
5544
3d64
7e34
a114
9733
0968
bb3c
8e62
553c
7fae
714d
98fb
94ed
0821
bae4
8e53
5534
4c95
592a
91e9
92c3
06d9
ba8d
8e44
552c
d313
382f
8bf1
90b5
0592
ba36
8e35
5525
82df
11a1
8722
8ec4
044b
b9df
8e26
551d
a5b6
e954
8388
8cef
0303
b989
8e17
5515
1b90
c347
812c
8b38
01bc
b932
8e08
550d
7813
a33f
8015
899f
0074
b8dc
8df9
5506
6630
8c6a
8044
8824
ff2c
b886
8dea
54fe
f65a
810b
81bb
86c8
fde5
b830
8ddb
54f6
8f63
8244
8475
858b
fc9d
b7db
8dcc
54ee
8ff5
8ff4
886a
846d
fb55
b785
8dbd
54e7
f78a
a8c1
8d92
836e
fa0e
b730
8daf
54df
66e7
ca35
93de
8290
f8c7
b6db
8da0
54d7
77a8
f0ff
9b3f
81d2
f780
b686
8d91
54cf
1a66
1945
a3a1
8134
f639
b631
8d83
54c8
a4df
3f0a
acf0
80b6
f4f2
b5dc
8d74
54c0
8320
5e8f
b713
805a
f3ac
b588
8d65
54b8
d431
74b3
c1f1
801d
f266
b534
8d57
54b0
4d88
7f44
cd6e
8002
f120
b4e0
8d48
54a9
7f98
7d36
d96b
8007
efdb
b48c
8d3a
54a1
3c58
6ebe
e5cc
802d
ee96
b438
8d2b
5499
c19e
554a
f26f
8074
ed52
b3e5
8d1d
5491
803e
3361
ff36
80db
ec0e
b392
8d0e
5489
b454
0c5f
0bfe
8163
eacb
b33f
8d00
5482
2dfd
e424
18a8
820c
e988
b2ec
8cf2
547a
7d5d
beab
2512
82d4
e845
b299
8ce3
5472
597b
9fad
311e
83bd
e704
b247
8cd5
546a
e355
8a3d
3cac
84c5
e5c3
b1f5
8cc7
5462
878a
807a
479f
85ed
e482
b1a3
8cb8
545b
9a7f
835d
51db
8735
e343
b151
8caa
5453
0ac7
929c
5b45
889b
e204
b0ff
8c9c
544b
7126
acb4
63c6
8a20
e0c5
b0ae
8c8e
5443
6f7e
cf0f
6b48
8bc2
df88
b05d
8c80
543b
0754
f644
71b7
8d83
de4c
b00c
8c72
5434
986e
1e70
7703
8f61
dd10
afbb
8c63
542c
88c0
4398
7b1f
915c
dbd5
af6a
8c55
5424
e6b6
620c
7e00
9373
da9b
af1a
8c47
541c
5bec
76c6
7f9f
95a6
d962
aec9
8c39
5414
7c9f
7fb9
7ff7
97f4
d82a
ae7a
8c2b
540d
2abe
7c02
7f08
9a5d
d6f3
ae2a
8c1d
5405
b192
6bfe
7cd4
9ce0
d5be
adda
8c10
53fd
8081
5145
7961
9f7c
d489
ad8b
8c02
53f5
c4a8
2e7c
74b7
a231
d355
ad3c
8bf4
53ed
3f5f
0718
6ee3
a4fd
d223
aced
8be6
53e6
7fd2
deff
67f3
a7e2
d0f1
ac9e
8bd8
53de
4ac1
ba2c
5ffa
aadc
cfc1
ac4f
8bcb
53d6
d0f5
9c46
570a
aded
ce92
ac01
8bbd
53ce
826a
8844
4d3c
b112
cd65
abb3
8baf
53c6
a755
8021
42a9
b44c
cc38
ab65
8ba1
53be
1dc6
84ad
376b
b799
cb0d
ab18
8b94
53b7
78d7
9574
2b9f
baf9
c9e4
aaca
8b86
53af
64cf
b0cb
1f64
be6a
c8bc
aa7d
8b79
53a7
f418
d3fe
12d8
c1ec
c795
aa30
8b6b
539f
8e53
fb8e
061d
c57e
c66f
a9e3
8b5e
5397
9112
238e
f951
c91f
c54b
a997
8b50
538f
f9cd
4808
ec97
ccce
c429
a94a
8b43
5387
683c
655d
e00e
d08a
c308
a8fe
8b35
5380
76d5
78a5
d3d7
d453
c1e9
a8b2
8b28
5378
182e
7ff6
c811
d826
c0cb
a867
8b1a
5370
a34b
7a97
bcda
dc04
bfaf
a81b
8b0d
5368
83a5
690f
b24f
dfeb
be94
a7d0
8b00
5360
d653
4d1c
a88b
e3da
bd7c
a785
8af3
5358
4f53
2983
9fa6
e7d0
bc64
a73a
8ae5
5350
7f64
01cd
97b7
ebcc
bb4f
a6f0
8ad8
5349
3a56
d9e9
90d4
efce
ba3b
a6a5
8acb
5341
bfa6
b5cc
8b0d
f3d4
b92a
a65b
8abe
5339
8020
990a
8671
f7dd
b81a
a611
8ab1
5331
b62b
867f
830c
fbe8
b70b
a5c8
8aa4
5329
3018
8000
80e6
fff4
b5ff
a57e
8a96
5321
7dcd
8633
8006
0400
b4f5
a535
8a89
5319
57d9
987a
806d
080b
b3ec
a4ec
8a7c
5311
e121
b505
821a
0c14
b2e6
a4a4
8a6f
530a
86ca
d900
8509
101a
b1e1
a45b
8a63
5302
9be5
00d9
8933
141b
b0df
a413
8a56
52fa
0d09
289c
8e8d
1818
afde
a3cb
8a49
52f2
7231
4c59
9509
1c0f
aedf
a383
8a3c
52ea
6e5c
6883
9c96
1ffe
ade3
a33c
8a2f
52e2
0511
7a50
a522
23e5
ace9
a2f4
8a22
52da
971d
7ffb
ae96
27c3
abf1
a2ad
8a15
52d2
8998
78f6
b8db
2b96
aafb
a267
8a09
52ca
e8ef
65f2
c3d5
2f5f
aa07
a220
89fc
52c3
5d7c
48d1
cf69
331b
a915
a1da
89ef
52bb
7c15
2478
db7a
36cb
a826
a194
89e3
52b3
289a
fc81
e7e8
3a6c
a738
a14e
89d6
52ab
afcb
d4e3
f494
3dfe
a64d
a108
89ca
52a3
80b9
b18c
015d
4181
a565
a0c3
89bd
529b
c6ad
95fc
0e22
44f3
a47f
a07e
89b0
5293
4154
84ef
1ac3
4853
a39b
a039
89a4
528b
7fec
8017
2720
4ba0
a2b9
9ff4
8998
5283
48e7
87ee
3319
4eda
a1da
9fb0
898b
527b
cedc
9bae
3e8f
5200
a0fd
9f6c
897f
5273
81ff
b960
4965
5511
a023
9f28
8972
526b
a8fb
de13
537f
580d
9f4b
9ee4
8966
5263
1ff9
0624
5cc4
5af1
9e75
9ea1
895a
525c
7992
2d99
651b
5dbf
9da2
9e5e
894d
5254
6365
5088
6c70
6074
9cd2
9e1b
8941
524c
f1d7
6b7a
72b0
6311
9c04
9dd8
8935
5244
8d4d
7bc4
77ca
6594
9b39
9d96
8929
523c
9238
7fc8
7bb1
67fe
9a70
9d54
891d
5234
fc11
7720
7e5d
6a4d
99aa
9d12
8910
522c
6988
62a8
7fc5
6c80
98e6
9cd0
8904
5224
75f9
4467
7fe6
6e98
9826
9c8f
88f8
521c
15f3
1f5d
7ec0
7093
9767
9c4e
88ec
5214
a1bf
f737
7c56
7272
96ac
9c0d
88e0
520c
8433
cff1
78ae
7433
95f3
9bcc
88d4
5204
d879
ad6e
73d1
75d7
953d
9b8c
88c8
51fc
5117
931c
6dcc
775c
9489
9b4c
88bc
51f4
7f27
8396
66ae
78c3
93d9
9b0c
88b1
51ec
3850
8066
5e8a
7a0b
932b
9acc
88a5
51e4
bdb3
89de
5573
7b34
9280
9a8d
8899
51dc
800b
9f0d
4b82
7c3d
91d8
9a4e
888d
51d4
b808
bdda
40d0
7d27
9132
9a0f
8881
51cc
3230
e336
3578
7df0
9090
99d1
8876
51c4
7e33
0b6c
2998
7e99
8ff0
9992
886a
51bc
5630
3281
1d4d
7f22
8f53
9954
885e
51b5
deef
5493
10b7
7f8a
8eb9
9917
8853
51ad
8615
6e43
03f6
7fd2
8e22
98d9
8847
51a5
9d52
7d03
f72b
7ff8
8d8d
989c
883b
519d
0f49
7f5d
ea77
7ffe
8cfc
985f
8830
5195
7332
7516
ddfa
7fe4
8c6e
9822
8824
518d
6d32
5f33
d1d4
7fa8
8be2
97e6
8819
5185
02cd
3fde
c624
7f4c
8b5a
97aa
880d
517d
95d5
1a34
bb08
7ecf
8ad5
976e
8802
5175
8a79
f1f1
b09c
7e32
8a52
9732
87f7
516d
eb2b
cb13
a6fb
7d75
89d3
96f7
87eb
5165
5f04
a975
9e3f
7c97
8956
96bc
87e0
515d
7b82
906b
967c
7b9a
88dd
9681
87d5
5155
2672
8272
8fc7
7a7d
8867
9646
87c9
514d
ae0a
80ed
8a31
7940
87f4
960c
87be
5145
80fc
8c02
85c8
77e5
8783
95d2
87b3
513d
c8b6
a298
8299
766a
8716
9598
87a8
5135
4344
c271
80a9
74d2
86ac
955f
879d
512d
7ffb
e864
8000
731b
8646
9526
8791
5125
4707
10b0
809e
7148
85e2
94ed
8786
511d
ccc6
3753
8282
6f57
8581
94b4
877b
5115
819e
587a
85a7
6d49
8524
947c
8770
510d
aaa8
70db
8a04
6b20
84c9
9444
8765
5105
2229
7e0b
8f90
68db
8472
940c
875a
50fd
7a42
7eba
963b
667c
841e
93d4
874f
50f4
61f4
72d9
9df5
6402
83cd
939d
8744
50ec
ef97
5b94
a6a9
616e
8380
9366
873a
50e4
8c50
3b3a
b042
5ec2
8335
932f
872f
50dc
9366
1500
baa7
5bfd
82ee
92f9
8724
50d4
fe55
ecb1
c5be
5921
82aa
92c3
8719
50cc
6acc
c64d
d169
562e
8269
928d
870e
50c4
7513
a5a1
dd8b
5325
822b
9257
8704
50bc
13b7
8deb
ea06
5007
81f1
9222
86f9
50b4
a03a
8186
f6b9
4cd4
81b9
91ed
86ee
50ac
84cb
81ac
0384
498d
8185
91b8
86e4
50a4
daa3
8e59
1045
4634
8155
9184
86d9
509c
52d4
a64b
1cdd
42c9
8127
9150
86cf
5094
7edf
c722
292b
3f4c
80fd
911c
86c4
508c
3644
ed9e
3510
3bc0
80d6
90e8
86ba
5084
bbc5
15ec
406d
3824
80b2
90b5
86af
507c
8001
3c0d
4b26
3479
8092
9082
86a5
5074
b9eb
5c3a
551e
30c2
8074
904f
869a
506c
3443
7342
5e3c
2cfe
805a
901d
8690
5064
7e8f
7edb
666a
292e
8044
8fea
8686
505c
547f
7de0
6d91
2554
8030
8fb8
867b
5054
dcc0
7069
73a0
2170
8020
8f87
8671
504b
8569
57cd
7888
1d84
8013
8f55
8667
5043
9ec8
367b
7c3b
1990
800a
8f24
865d
503b
1188
0fc3
7eb0
1595
8003
8ef4
8652
5033
742b
e77a
7fe1
1195
8000
8ec3
8648
502b
6bff
c1a0
7fcb
0d91
8001
8e93
863e
5023
0089
a1f5
7e6f
0989
8004
8e63
8634
501b
9495
8b9e
7bcf
057e
800b
8e34
862a
5013
8b63
80d1
77f2
0173
8015
8e04
8620
500b
ed68
82a2
72e2
fd66
8022
8dd5
8616
5003
6085
90e1
6cad
f95b
8033
8da7
860c
4ffb
7ae5
aa25
6561
f551
8047
8d78
8602
4ff3
2447
cbed
5d13
f14a
805e
8d4a
85f8
4fea
ac4f
f2df
53d6
ed47
8078
8d1c
85ee
4fe2
8149
1b1e
49c3
e948
8096
8cef
85e4
4fda
cac3
40ad
3ef3
e550
80b7
8cc1
85db
4fd2
452f
5fd2
3382
e15e
80db
8c95
85d1
4fca
7fff
7576
278d
dd74
8102
8c68
85c7
4fc2
4522
7f74
1b33
d993
812d
8c3c
85bd
4fba
cab5
7ccf
0e94
d5bb
815b
8c0f
85b4
4fb2
8147
6dc9
01cf
d1ef
818c
8be4
85aa
4faa
ac5b
53e0
f506
ce2e
81c1
8bb8
85a0
4fa2
2457
31a5
e859
ca7a
81f8
8b8d
8597
4f99
7ae9
0a7e
dbe8
c6d4
8233
8b62
858d
4f91
607b
e24d
cfd3
c33c
8271
8b38
8584
4f89
ed58
bd0e
c43a
bfb4
82b3
8b0d
857a
4f81
8b5d
9e72
b93a
bc3c
82f7
8ae3
8571
4f79
949e
8983
aeef
b8d6
833f
8aba
8567
4f71
0099
8054
a573
b582
838a
8a90
855e
4f69
6c08
83cf
9cde
b241
83d8
8a67
8554
4f61
7424
939a
9548
af14
8429
8a3f
854b
4f58
1179
ae25
8ec2
abfc
847e
8a16
8542
4f50
9ebd
d0ce
895e
a8f9
84d5
89ee
8539
4f48
856e
f826
8529
a60c
8530
89c6
852f
4f40
dccf
2044
822f
a337
858e
899e
8526
4f38
548b
4530
8076
a079
85ef
8977
851d
4f30
7e8d
633f
8004
9dd3
8653
8950
8514
4f28
3435
7777
80d9
9b47
86ba
892a
850b
4f1f
b9dd
7fd5
82f3
98d5
8725
8903
8502
4f17
8001
7b87
864d
967d
8792
88dd
84f8
4f0f
bbd3
6af8
8ade
9440
8803
88b7
84ef
4f07
3653
4fcd
909b
921e
8876
8892
84e6
4eff
7ee1
2cb9
9775
9019
88ed
886d
84dd
4ef7
52c8
0535
9f5b
8e30
8967
8848
84d5
4eef
da94
dd2d
a837
8c65
89e4
8824
84cc
4ee6
84c7
b899
b1f4
8ab7
8a63
87ff
84c3
4ede
a045
9b1a
bc79
8927
8ae6
87db
84ba
4ed6
13c6
879c
c7aa
87b5
8b6c
87b8
84b1
4ece
7519
800f
d36c
8663
8bf5
8795
84a8
4ec6
6ac3
8532
df9f
852f
8c81
8772
84a0
4ebe
fe45
9682
ec26
841b
8d0f
874f
8497
4eb5
935e
b249
f8df
8327
8da1
872d
848e
4ead
8c57
d5c4
05aa
8252
8e36
870b
8486
4ea5
efa7
fd70
1267
819e
8ecd
86e9
847d
4e9d
61fe
255d
1ef5
810a
8f68
86c7
8474
4e95
7a3e
4995
2b34
8096
9005
86a6
846c
4e8d
221a
6681
3704
8044
90a5
8685
8463
4e84
aa9c
7943
4247
8011
9148
8665
845b
4e7c
81a0
7ffe
4ce1
8000
91ee
8645
8452
4e74
ccd5
7a08
56b6
800f
9297
8625
844a
4e6c
4715
67f8
5fae
8040
9342
8605
8442
4e64
7ffb
4b98
67b0
8090
93f0
85e6
8439
4e5b
4337
27ba
6eaa
8102
94a1
85c7
8431
4e53
c8a7
ffea
7488
8194
9555
85a9
8429
4e4b
80fa
d81d
793d
8246
960b
858a
8420
4e43
ae16
b444
7cbb
8319
96c5
856c
8418
4e3b
2681
97ee
7efa
840b
9781
854f
8410
4e32
7b86
85ea
7ff4
851d
983f
8531
8408
4e2a
5efa
8002
7fa8
864f
9900
8514
83ff
4e22
eb1b
86cb
7e14
87a0
99c4
84f7
83f7
4e1a
8a73
9999
7b3e
890f
9a8b
84db
83ef
4e12
95de
b68f
772d
8a9d
9b54
84bf
83e7
4e09
02dd
dacd
71eb
8c4a
9c1f
84a3
83df
4e01
6d3a
02bc
6b86
8e13
9cee
8488
83d7
4df9
732b
2a65
640d
8ffa
9dbe
846c
83cf
4df1
0f39
4dda
5b95
91fe
9e92
8452
83c7
4de9
9d48
6997
5232
941e
9f67
8437
83bf
4de0
861a
7ada
47fe
9659
a040
841d
83b8
4dd8
defe
7ff0
3d11
98af
a11a
8403
83b0
4dd0
563b
7855
3188
9b20
a1f7
83e9
83a8
4dc8
7e31
64cb
2580
9dab
a2d7
83d0
83a0
4dbf
3221
4742
1918
a04f
a3b9
83b7
8399
4db7
b7fb
22a9
0c70
a30b
a49d
839e
8391
4daf
800c
fa9f
ffa8
a5df
a584
8386
8389
4da7
bdc0
d31e
f2e1
a8ca
a66d
836e
8382
4d9e
385e
b010
e63c
abcc
a758
8357
837a
4d96
7f28
94f0
d9d9
aee3
a845
833f
8372
4d8e
510a
846e
cdd7
b20f
a935
8328
836b
4d86
d86a
802d
c255
b54f
aa27
8311
8363
4d7d
842f
8899
b771
b8a1
ab1b
82fb
835c
4d75
a1ca
9cdc
ad47
bc07
ac12
82e5
8354
4d6d
1603
baf5
a3f1
bf7d
ad0a
82cf
834d
4d65
75ff
dfe6
9b85
c304
ae05
82ba
8346
4d5c
697f
0806
941b
c69b
af01
82a5
833e
4d54
fc01
2f5a
8dc5
ca40
b000
8290
8337
4d4c
922f
51fd
8893
cdf4
b101
827b
8330
4d44
8d54
6c7d
8493
d1b4
b204
8267
8328
4d3b
f1e7
7c3c
81ce
d57f
b309
8253
8321
4d33
636f
7fa9
804c
d956
b40f
8240
831a
4d2b
798d
766c
8011
dd37
b518
822d
8313
4d23
1fe9
6171
811d
e120
b623
821a
830c
4d1a
a8ef
42cd
836d
e512
b72f
8207
8305
4d12
8201
1d88
86fc
e90a
b83e
81f5
82fe
4d0a
ceea
f556
8bc1
ed08
b94e
81e3
82f7
4d02
48f4
ce33
91af
f10b
ba60
81d2
82f0
4cf9
7feb
abff
98b7
f512
bb74
81c0
82e9
4cf1
4147
9221
a0c7
f91c
bc89
81b0
82e2
4ce9
c69e
8328
a9cb
fd27
bda1
819f
82db
4ce0
80b8
8090
b3ac
0133
beba
818f
82d4
4cd8
afd7
8a9b
be4f
053f
bfd5
817f
82cd
4cd0
28a9
a04b
c99b
094a
c0f1
816f
82c6
4cc8
7c19
bf79
d572
0d52
c20f
8160
82c0
4cbf
5d71
e50d
e1b6
1156
c32e
8151
82b9
4cb7
e8e0
0d4d
ee47
1557
c450
8142
82b2
4caf
8992
343b
fb05
1951
c572
8134
82ab
4ca6
9726
55fb
07d0
1d46
c696
8126
82a5
4c9e
0521
6f35
1488
2133
c7bc
8118
829e
4c96
6e64
7d67
210a
2517
c8e3
810b
8298
4c8d
722a
7f2a
2d39
28f2
ca0b
80fe
8291
4c85
0cf9
7450
38f3
2cc2
cb35
80f1
828b
4c7d
9bdb
5ded
441c
3087
cc60
80e5
8284
4c75
86d0
3e3a
4e97
3440
cd8d
80d9
827e
4c6c
e130
185b
5848
37eb
cebb
80cd
8277
4c64
57e5
f012
6118
3b87
cfea
80c1
8271
4c5c
7dca
c95d
68f0
3f15
d11a
80b6
826a
4c53
3009
a813
6fbb
4292
d24b
80ac
8264
4c4b
b61e
8f82
7568
45ff
d37e
80a1
825e
4c43
8020
8218
79e9
4959
d4b2
8097
8258
4c3a
bfb3
812b
7d32
4ca1
d5e7
808d
8251
4c32
3a64
8cd1
7f3b
4fd5
d71d
8084
824b
4c2a
7f66
a3e4
7ffe
52f5
d854
807b
8245
4c21
4f46
c41a
7f7b
55ff
d98c
8072
823f
4c19
d644
ea40
7db1
58f3
dac5
8069
8239
4c11
83a1
128e
7aa5
5bd1
dbff
8061
8233
4c08
a356
3905
7660
5e97
dd3a
8059
822d
4c00
183d
59d4
70ec
6145
de76
8052
8227
4bf8
76db
71bc
6a57
63da
dfb2
804b
8221
4bef
6832
7e5b
62b2
6655
e0f0
8044
821b
4be7
f9bd
7e73
5a11
68b7
e22e
803d
8215
4bdf
910a
7201
5089
6afd
e36d
8037
820f
4bd6
8e5b
5a40
4634
6d28
e4ad
8031
8209
4bce
f428
398c
3b2a
6f37
e5ed
802c
8203
4bc6
64d9
1323
2f8a
712a
e72e
8027
81fe
4bbd
78d2
ead5
2370
7300
e870
8022
81f8
4bb5
1db6
c49f
16fb
74b8
e9b3
801d
81f2
4bad
a749
a44e
0a4b
7652
eaf6
8019
81ec
4ba4
826d
8d14
fd81
77ce
ec39
8015
81e7
4b9c
d104
813f
f0be
792c
ed7d
8012
81e1
4b93
4ace
81fd
e421
7a6a
eec2
800e
81dc
4b8b
7fd1
8f3a
d7cc
7b89
f006
800b
81d6
4b83
3f51
a7a5
cbde
7c89
f14c
8009
81d1
4b7a
c49a
c8d4
c075
7d68
f291
8007
81cb
4b72
807f
ef7c
b5ae
7e28
f3d7
8005
81c6
4b6a
b19e
17c7
aba6
7ec7
f51e
8003
81c0
4b61
2acd
3db6
a275
7f45
f664
8002
81bb
4b59
7ca2
5d86
9a34
7fa4
f7ab
8001
81b6
4b50
5be1
7410
92f7
7fe1
f8f2
8000
81b0
4b48
e6a6
7f18
8cd1
7ffe
fa3a
8000
81ab
4b40
88ba
7d85
87d1
7ffa
fb81
8000
81a6
4b37
9877
6f80
8405
7fd5
fcc9
8000
81a0
4b2f
0764
566b
8176
7f8f
fe10
8001
819b
4b27
6f86
34c5
802b
7f29
ff58
8002
8196
4b1e
711f
0de3
8027
7ea2
00a0
8004
8191
4b16
0ab7
e5a1
816a
7dfb
01e7
8005
818c
4b0d
9a76
bffc
83f0
7d34
032f
8007
8187
4b05
878f
a0b0
87b4
7c4c
0476
800a
8182
4afd
e364
8ad8
8cac
7b45
05be
800c
817d
4af4
5987
809e
92ca
7a1e
0705
800f
8178
4aec
7d5a
8307
9a00
78d8
084c
8012
8173
4ae3
2dee
91d3
a23b
7773
0993
8016
816e
4adb
b448
ab8d
ab66
75f0
0ada
801a
8169
4ad3
803f
cda7
b569
744e
0c20
801e
8164
4aca
c1ac
f4bf
c02b
728e
0d66
8023
815f
4ac2
3c66
1cf5
cb90
70b1
0eac
8028
815b
4ab9
7f99
424c
d77b
6eb8
0ff1
802d
8156
4ab1
4d7c
610f
e3ce
6ca2
1136
8033
8151
4aa9
d422
7632
f069
6a70
127b
8039
814d
4aa0
831d
7f9d
fd2c
6823
13bf
803f
8148
4a98
a4ea
7c60
09f6
65bb
1502
8046
8143
4a8f
1a76
6ccd
16a7
6339
1645
804d
813f
4a87
77ae
5271
231e
609e
1787
8054
813a
4a7e
66dd
2fe7
2f3a
5dea
18c9
805b
8136
4a76
f77a
089d
3adf
5b1e
1a0a
8063
8131
4a6e
8fed
e078
45ec
583b
1b4b
806c
812d
4a65
8f6a
bb74
5047
5541
1c8b
8074
8128
4a5d
f66a
9d3c
59d4
5231
1dca
807d
8124
4a54
663a
88d0
627c
4f0c
1f08
8086
8120
4a4c
780d
8035
6a27
4bd3
2045
8090
811b
4a43
1b81
8447
70c4
4887
2182
809a
8117
4a3b
a5ab
949d
763f
4528
22be
80a4
8113
4a32
82e2
af9a
7a8c
41b7
23f9
80ae
810f
4a2a
d321
d290
7da0
3e36
2533
80b9
810a
4a22
4ca1
fa08
7f73
3aa4
266c
80c4
8106
4a19
7fad
2217
7fff
3704
27a4
80d0
8102
4a11
3d56
46c4
7f44
3355
28db
80dc
80fe
4a08
c29b
646d
7d44
2f9a
2a11
80e8
80fa
4a00
8051
7821
7a03
2bd2
2b46
80f4
80f6
49f7
b36c
7fea
758a
27ff
2c7a
8101
80f2
49ef
2cee
7b05
6fe4
2422
2dad
810e
80ee
49e6
7d21
69ec
6920
203b
2ede
811b
80ea
49de
5a49
4e52
6150
1c4c
300e
8129
80e6
49d5
e46f
2af4
5886
1856
313d
8137
80e2
49cd
87ed
0353
4eda
145a
326b
8146
80de
49c5
99d0
db5e
4464
1059
3398
8154
80db
49bc
09a7
b70b
3940
0c53
34c3
8164
80d7
49b4
709e
99f4
2d88
084a
35ed
8173
80d3
49ab
700b
86fc
215d
043f
3715
8183
80cf
49a3
0875
8004
14dc
0033
383c
8193
80cc
499a
9919
85bd
0826
fc27
3962
81a3
80c8
4992
8858
9797
fb5a
f81c
3a86
81b4
80c5
4989
e59b
b3cb
ee9b
f413
3ba9
81c5
80c1
4981
5b22
d78d
e208
f00d
3cca
81d6
80bd
4978
7cdf
ff53
d5c2
ec0b
3dea
81e8
80ba
4970
2bcf
272a
c9e8
e80e
3f08
81fa
80b7
4967
b277
4b1e
be99
e418
4024
820c
80b3
495f
8069
67a0
b3f0
e028
413f
821f
80b0
4956
c3a9
79da
aa0a
dc41
4258
8231
80ac
494e
3e63
7fff
a100
d862
436f
8245
80a9
4945
7fc2
7973
98e9
d48e
4485
8258
80a6
493d
4bab
66dc
91da
d0c5
4599
826c
80a2
4934
d203
4a11
8be5
cd08
46ab
8280
809f
492c
82a3
25ee
8718
c959
47bb
8295
809c
4923
a685
fe07
8381
c5b7
48ca
82aa
8099
491b
1cac
d653
8128
c224
49d6
82bf
8096
4912
7877
b2c1
8013
bea1
4ae1
82d5
8092
490a
6580
96d8
8046
bb2e
4bea
82ea
808f
4901
f538
855d
81c0
b7ce
4cf1
8301
808c
48f9
8ed9
800b
847c
b47f
4df6
8317
8089
48f0
9083
8769
8875
b144
4ef8
832e
8086
48e8
f8ad
9abd
8d9f
ae1e
4ff9
8345
8083
48df
6793
b81c
93ee
ab0c
50f8
835c
8081
48d7
773f
dc9c
9b51
a810
51f5
8374
807e
48ce
1949
049e
a3b5
a52a
52f0
838c
807b
48c6
a414
2c2b
ad06
a25c
53e8
83a5
8078
48bd
8362
4f57
b72b
9fa5
54de
83bd
8075
48b5
d542
6aa4
c20a
9d08
55d3
83d6
8072
48ac
4e6f
7b5f
cd88
9a83
56c5
83f0
8070
48a4
7f7f
7fdd
d987
9819
57b4
8409
806d
489b
3b57
77ad
e5e8
95c9
58a2
8423
806a
4892
c0a0
639f
f28c
9395
598d
843e
8068
488a
802e
45af
ff53
917c
5a76
8458
8065
4881
b540
20d7
0c1b
8f7f
5b5d
8473
8063
4879
2f0c
f8bd
18c4
8da0
5c41
848e
8060
4870
7d97
d15b
252e
8bdd
5d23
84aa
805e
4868
58aa
ae9a
3139
8a38
5e03
84c6
805b
485f
e239
93eb
3cc6
88b2
5ee0
84e2
8059
4857
8729
83f4
47b7
874a
5fbb
84fe
8056
484e
9b32
804a
51f1
8601
6093
851b
8054
4846
0be9
894a
5b59
84d7
6169
8538
8052
483d
71ad
9e11
63d8
83cc
623c
8556
804f
4834
6eee
bc8d
6b57
82e2
630d
8574
804d
482c
0632
e1ba
71c4
8217
63db
8592
804b
4823
97c4
09e7
770e
816d
64a7
85b0
8049
481b
892b
311a
7b27
80e3
6570
85cf
8046
4812
e7d3
536d
7e05
8079
6637
85ee
8044
480a
5cb5
6d7b
7fa1
8031
66fb
860d
8042
4801
7c5b
7cad
7ff7
8009
67bc
862d
8040
47f9
29ac
7f82
7f05
8001
687b
864d
803e
47f0
b0ad
75b2
7cce
801b
6936
866d
803c
47e7
809c
6036
7958
8055
69f0
868e
803a
47df
c5ab
412f
74ab
80b0
6aa6
86ae
8038
47d6
405b
1bb2
6ed5
812b
6b5a
86d0
8036
47ce
7fe0
f375
67e2
81c7
6c0b
86f1
8034
47c5
49d4
cc77
5fe6
8284
6cba
8713
8033
47bd
cfe7
aa95
56f5
8360
6d65
8735
8031
47b4
8233
912c
4d25
845c
6e0e
8757
802f
47ab
a828
82c1
4290
8578
6eb4
877a
802d
47a3
1ee0
80c1
3751
86b3
6f57
879d
802c
479a
7936
8b5f
2b84
880e
6ff7
87c1
802a
4792
641b
a18f
1f48
8987
7094
87e4
8028
4789
f2f6
c11c
12bc
8b1e
712f
8808
8027
4780
8dcf
e6e5
05ff
8cd4
71c6
882d
8025
4778
91a4
0f2c
f934
8ea6
725b
8851
8024
476f
faf0
35f2
ec7a
9096
72ed
8876
8022
4767
68e4
575f
dff2
92a2
737c
889b
8021
475e
7668
7021
d3bc
94cb
7408
88c1
801f
4755
1710
7dc4
c7f7
970f
7490
88e7
801e
474d
a284
7eef
bcc1
996d
7516
890d
801c
4744
83eb
7383
b238
9be6
7599
8933
801b
473c
d767
5ca3
a875
9e78
7619
895a
801a
4733
5036
3c93
9f93
a124
7696
8981
8018
472a
7f46
1681
97a7
a3e8
7710
89a8
8017
4722
3953
ee33
90c5
a6c3
7787
89d0
8016
4719
beab
c7aa
8b01
a9b5
77fa
89f8
8015
4711
8014
a6b7
8668
acbd
786b
8a20
8014
4708
b71a
8e9e
8305
afdb
78d8
8a49
8012
46ff
3125
81c4
80e3
b30d
7943
8a71
8011
46f7
7e02
816f
8005
b653
79aa
8a9b
8010
46ee
5704
8da7
806f
b9ab
7a0f
8ac4
800f
46e5
e006
a536
821f
bd16
7a70
8aee
800e
46dd
866e
c5c6
8511
c092
7ace
8b18
800d
46d4
9c9b
ec1c
893e
c41e
7b28
8b42
800c
46cc
0e2a
146b
8e9a
c7b9
7b80
8b6d
800c
46c3
72b3
3ab3
9519
cb63
7bd5
8b98
800b
46ba
6dc8
5b2a
9ca9
cf1a
7c26
8bc3
800a
46b2
03ee
7296
a536
d2de
7c74
8bee
8009
46a9
9677
7ea5
aead
d6ad
7cbf
8c1a
8008
46a0
8a08
7e25
b8f3
da87
7d07
8c46
8008
4698
ea0e
7122
c3ef
de6a
7d4c
8c73
8007
468f
5e42
58e7
cf84
e257
7d8d
8ca0
8006
4686
7bcd
37db
db96
e64a
7dcb
8ccd
8006
467e
2786
1146
e805
ea44
7e06
8cfa
8005
4675
aee9
e8f9
f4b1
ee44
7e3e
8d28
8005
466c
80da
c2f5
017a
f248
7e72
8d55
8004
4664
c7b1
a2ff
0e3f
f650
7ea4
8d84
8003
465b
424e
8c42
1ae0
fa5b
7ed2
8db2
8003
4652
7ff5
8100
273c
fe66
7efd
8de1
8003
464a
47f7
8255
3334
0273
7f24
8e10
8002
4641
cdcf
9021
3ea8
067e
7f48
8e3f
8002
4638
81cd
a905
497d
0a88
7f69
8e6f
8002
4630
a9d1
ca89
5395
0e8f
7f87
8e9f
8001
4627
2112
f15b
5cd8
1293
7fa2
8ecf
8001
461e
79eb
19a0
652d
1691
7fb9
8f00
8001
4616
62ad
3f5b
6c80
1a8a
7fcd
8f31
8001
460d
f0b6
5ecd
72bd
1e7c
7fdd
8f62
8000
4604
8ccd
74d9
77d4
2267
7feb
8f93
8000
45fc
92ce
7f4e
7bb9
2648
7ff5
8fc5
8000
45f3
fd34
7d23
7e61
2a20
7ffc
8ff7
8000
45ea
6a2c
6e8f
7fc6
2ded
7fff
9029
8000
45e2
7587
5505
7fe5
31ae
7fff
905b
8000
45d9
14d4
330c
7ebc
3563
7ffd
908e
8000
45d0
a0fb
0c03
7c4f
3909
7ff7
90c1
8000
45c8
847e
e3c9
78a4
3ca2
7fed
90f5
8000
45bf
d98f
be5c
73c5
402a
7fe0
9129
8000
45b6
51f7
9f71
6dbd
43a2
7fd0
915c
8000
45ae
7f04
8a19
669d
4709
7fbd
9191
8001
45a5
374a
8073
5e76
4a5e
7fa6
91c5
8001
459c
bcbb
8372
555d
4da0
7f8c
91fa
8001
4594
8005
92cc
4b6b
50ce
7f6f
922f
8001
458b
b8f9
acfb
40b7
53e7
7f4f
9265
8002
4582
333b
cf64
355e
56eb
7f2b
929a
8002
4579
7e63
f6a0
297c
59d8
7f04
92d0
8003
4571
5558
1eca
1d30
5cae
7eda
9306
8003
4568
ddd6
43e7
109a
5f6d
7ead
933d
8003
455f
85be
6247
03d9
6213
7e7c
9374
8004
4557
9e0d
76e8
f70e
64a1
7e48
93ab
8004
454e
106a
7fbf
ea5a
6714
7e11
93e2
8005
4545
73b0
7beb
ddde
696d
7dd6
941a
8006
453c
6c99
6bcc
d1b8
6bab
7d99
9452
8006
4534
01aa
50fd
c60a
6dce
7d58
948a
8007
452b
9533
2e26
baef
6fd4
7d14
94c2
8008
4522
8aed
06bb
b085
71be
7ccd
94fb
8008
451a
ec4a
dea5
a6e6
738a
7c82
9534
8009
4511
5fc6
b9df
9e2c
753a
7c35
956d
800a
4508
7b34
9c0c
966b
76cb
7be4
95a7
800b
44ff
255c
8823
8fb9
783d
7b90
95e0
800b
44f7
ad2b
801d
8a26
7991
7b39
961a
800c
44ee
8121
84c6
85c0
7ac6
7adf
9655
800d
44e5
c9bd
95a7
8293
7bdb
7a81
968f
800e
44dd
443b
b114
80a7
7cd1
7a21
96ca
800f
44d4
7fff
d455
8000
7da7
79bd
9705
8010
44cb
4615
fbea
80a1
7e5c
7956
9741
8011
44c2
cbbc
23e7
8288
7ef1
78ec
977d
8012
44ba
8171
4855
85af
7f66
787f
97b9
8013
44b1
ab81
6596
8a10
7fba
780f
97f5
8015
44a8
2341
78c4
8f9e
7fed
779c
9831
8016
449f
7a97
7ff8
964c
7fff
7726
986e
8017
4497
6138
7a7c
9e08
7ff2
76ad
98ab
8018
448e
ee77
68da
a6be
7fc3
7630
98e8
8019
4485
8bd5
4cd2
b059
7f73
75b1
9926
801b
447c
9401
292c
bac0
7f03
752f
9964
801c
4474
ff78
0170
c5d8
7e72
74a9
99a2
801d
446b
6b6c
d990
d184
7dc1
7421
99e0
801f
4462
749c
b580
dda8
7cf0
7396
9a1f
8020
4459
1297
98d3
ea23
7bff
7308
9a5e
8022
4451
9f7a
8662
f6d6
7aee
7276
9a9d
8023
4448
851c
8000
03a1
79bd
71e2
9adc
8025
443f
dbb9
8650
1062
786d
714b
9b1c
8026
4436
53b1
98b1
1cfa
76ff
70b1
9b5c
8028
442d
7eb7
b550
2947
7572
7014
9b9c
802a
4425
353c
d958
352b
73c7
6f75
9bdc
802b
441c
bad0
0136
4087
71fe
6ed2
9c1d
802d
4413
8000
28f4
4b3d
7019
6e2d
9c5e
802f
440a
badf
4ca3
5534
6e16
6d85
9c9f
8030
4402
354c
68b8
5e50
6bf7
6cda
9ce0
8032
43f9
7eb9
7a6b
667b
69bd
6c2c
9d22
8034
43f0
53a4
7ffa
6da0
6768
6b7b
9d64
8036
43e7
dba8
78d7
73ad
64f8
6ac8
9da6
8038
43de
8517
65b9
7891
626e
6a12
9de9
803a
43d6
9f86
4885
7c42
5fcb
6959
9e2b
803c
43cd
12a9
241f
7eb4
5d10
689e
9e6e
803e
43c4
74a4
fc25
7fe2
5a3d
67df
9eb1
8040
43bb
6b62
d48c
7fca
5752
671f
9ef5
8042
43b3
ff66
b142
7e6a
5452
665b
9f39
8044
43aa
93f8
95c8
7bc7
513b
6595
9f7d
8046
43a1
8bdd
84d6
77e8
4e10
64cc
9fc1
8048
4398
ee88
801b
72d5
4ad1
6401
a005
804a
438f
6143
880f
6c9d
477f
6333
a04a
804d
4387
7a92
9be7
6550
441a
6263
a08f
804f
437e
2330
b9ad
5cff
40a4
6190
a0d4
8051
4375
ab74
de6d
53c0
3d1e
60bb
a119
8054
436c
8173
0680
49ab
3988
5fe3
a15f
8056
4363
cbcc
2def
3ed9
35e3
5f09
a1a5
8058
435a
4623
50d0
3367
3230
5e2c
a1eb
805b
4352
7fff
6bac
2771
2e71
5d4d
a231
805d
4349
442c
7bdc
1b17
2aa5
5c6b
a278
8060
4340
c9ac
7fc3
0e77
26cf
5b87
a2bf
8062
4337
811f
76fe
01b2
22ef
5aa1
a306
8065
432e
ad39
626d
f4e9
1f06
59b9
a34d
8067
4326
256d
4418
e83c
1b15
58ce
a395
806a
431d
7b39
1f03
dbcc
171c
57e1
a3dd
806d
4314
5fba
f6db
cfb8
131f
56f1
a425
806f
430b
ec39
cf9b
c420
0f1c
5600
a46d
8072
4302
8ae6
ad27
b922
0b15
550c
a4b6
8075
42f9
953d
92eb
aed8
070b
5416
a4fe
8077
42f1
01bc
8380
a55e
0300
531e
a547
807a
42e8
6ca3
806e
9ccc
fef4
5223
a590
807d
42df
73a8
8a02
9538
fae8
5127
a5da
8080
42d6
1058
9f4a
8eb4
f6dd
5029
a624
8083
42cd
9e01
be29
8953
f2d5
4f28
a66e
8086
42c4
85c3
e390
8521
eed0
4e26
a6b8
8089
42bc
dde7
0bc8
8229
ead0
4d21
a702
808c
42b3
5565
32d6
8074
e6d5
4c1b
a74d
808f
42aa
7e60
54d9
8004
e2e0
4b12
a797
8092
42a1
332b
6e72
80dc
def3
4a08
a7e2
8095
4298
b8eb
7d17
82f9
db0e
48fc
a82e
8098
428f
8005
7f54
8656
d733
47ed
a879
809b
4287
bcca
74f1
8aea
d362
46de
a8c5
809f
427e
375a
5ef5
90aa
cf9d
45cc
a911
80a2
4275
7f06
3f8e
9786
cbe4
44b8
a95d
80a5
426c
51e9
19da
9f6e
c838
43a3
a9a9
80a8
4263
d97e
f195
a84c
c49b
428c
a9f6
80ac
425a
847a
cabf
b20b
c10d
4173
aa43
80af
4251
a107
a930
bc92
bd8f
4059
aa90
80b2
4248
14e6
903e
c7c4
ba22
3f3c
aadd
80b6
4240
758e
8260
d387
b6c7
3e1f
ab2b
80b9
4237
6a22
80f8
dfbc
b37e
3cff
ab78
80bd
422e
fd22
8c29
ec42
b049
3bdf
abc6
80c0
4225
92c5
a2d7
f8fc
ad29
3abc
ac14
80c4
421c
8cd5
c2c2
05c7
aa1e
3998
ac63
80c8
4213
f0c8
e8bf
1284
a729
3873
acb1
80cb
420a
62b8
110b
1f11
a44a
374c
ad00
80cf
4202
79e6
37a7
2b4f
a183
3624
ad4f
80d2
41f9
2101
58bd
371e
9ed4
34fa
ad9e
80d6
41f0
a9c4
7107
4260
9c3e
33cf
adee
80da
41e7
81d0
7e1b
4cf8
99c2
32a3
ae3d
80de
41de
cde0
7ead
56cc
9760
3175
ae8d
80e2
41d5
4806
72b0
5fc1
9518
3047
aedd
80e5
41cc
7ff4
5b53
67c1
92ec
2f17
af2e
80e9
41c3
423f
3ae8
6eb8
90dc
2de5
af7e
80ed
41ba
c7a1
14a5
7494
8ee8
2cb3
afcf
80f1
41b2
80d8
ec56
7946
8d12
2b7f
b020
80f5
41a9
aef6
c5fa
7cc1
8b58
2a4a
b071
80f9
41a0
2797
a55f
7efe
89bd
2915
b0c2
80fd
4197
7bd1
8dc2
7ff5
883f
27de
b113
8101
418e
5e36
8178
7fa5
86e1
26a6
b165
8105
4185
e9fc
81bb
7e0f
85a1
256d
b1b7
810a
417c
8a01
8e83
7b36
8481
2433
b209
810e
4173
9681
a68d
7723
8380
22f8
b25b
8112
416a
0400
c775
71de
82a0
21bd
b2ae
8116
4161
6dd1
edf9
6b76
81df
2080
b300
811b
4159
72ab
1647
63fb
813f
1f43
b353
811f
4150
0e18
3c5f
5b81
80bf
1e05
b3a6
8123
4147
9c90
5c7a
521c
805f
1cc6
b3fa
8128
413e
8674
736a
47e6
8021
1b86
b44d
812c
4135
e018
7ee7
3cf7
8003
1a46
b4a1
8130
412c
5712
7dcf
316d
8006
1905
b4f5
8135
4123
7dfe
703d
2564
8029
17c3
b549
8139
411a
3115
5789
18fb
806d
1681
b59d
813e
4111
b70b
3628
0c53
80d2
153e
b5f1
8142
4108
8015
0f67
ff8b
8158
13fa
b646
8147
40ff
beba
e71f
f2c4
81fe
12b7
b69b
814c
40f6
3962
c14f
e61f
82c4
1172
b6f0
8150
40ed
7f48
a1b6
d9bd
83aa
102d
b745
8155
40e5
5028
8b77
cdbc
84b0
0ee8
b79a
815a
40dc
d756
80c7
c23c
85d6
0da2
b7f0
815f
40d3
83e7
82b5
b759
871b
0c5c
b846
8163
40ca
a290
910f
ad31
887f
0b16
b89b
8168
40c1
1721
aa6a
a3dc
8a01
09d0
b8f2
816d
40b8
766f
cc42
9b73
8ba2
0889
b948
8172
40af
68d9
f33b
940c
8d60
0742
b99e
8177
40a6
fade
1b78
8db8
8f3c
05fa
b9f5
817c
409d
919b
40fd
8889
9135
04b3
ba4c
8181
4094
8dd7
600f
848b
934a
036c
baa3
8186
408b
f308
759b
81c9
957b
0224
bafa
818b
4082
6426
7f7d
804a
97c7
00dc
bb51
8190
4079
7930
7cba
8012
9a2d
ff95
bba9
8195
4070
1ecf
6d99
8120
9cae
fe4d
bc00
819a
4067
a81b
539a
8374
9f49
fd05
bc58
819f
405e
8236
3150
8706
a1fc
fbbe
bcb0
81a5
4055
cff8
0a22
8bcd
a4c7
fa76
bd09
81aa
404c
49e2
e1f3
91be
a7a9
f92f
bd61
81af
4044
7fe0
bcbf
98c8
aaa2
f7e8
bdba
81b5
403b
404c
9e36
a0db
adb1
f6a1
be12
81ba
4032
c59b
8960
a9e1
b0d5
f55a
be6b
81bf
4029
809a
804e
b3c3
b40d
f414
bec4
81c5
4020
b0bb
83e5
be68
b759
f2ce
bf1e
81ca
4017
29bd
93cb
c9b5
bab7
f188
bf77
81d0
400e
7c5f
ae6c
d58d
be27
f043
bfd1
81d5
4005
5ca9
d124
e1d2
c1a8
eefe
c02a
81db
3ffc
e7c2
f882
ee64
c539
edb9
c084
81e0
3ff3
8925
209e
fb22
c8d9
ec75
c0de
81e6
3fea
97ce
457e
07ed
cc87
eb31
c138
81eb
3fe1
0643
637a
14a4
d042
e9ee
c193
81f1
3fd8
6ef7
7798
2127
d409
e8ac
c1ed
81f7
3fcf
71a5
7fda
2d54
d7dc
e76a
c248
81fd
3fc6
0bd7
7b6e
390d
dbb9
e629
c2a3
8202
3fbd
9b27
6ac5
4435
df9f
e4e8
c2fe
8208
3fb4
872e
4f85
4eae
e38e
e3a8
c359
820e
3fab
e24b
2c62
585d
e783
e269
c3b4
8214
3fa2
58b7
04d9
612b
eb7f
e12b
c410
821a
3f99
7d93
dcd4
6900
ef81
dfed
c46c
8220
3f90
2efb
b84d
6fc9
f386
deb0
c4c7
8226
3f87
b531
9ae1
7574
f78f
dd74
c523
822c
3f7e
802f
877d
79f2
fb9a
dc39
c57f
8232
3f75
c0b0
800c
7d38
ffa6
daff
c5dc
8238
3f6c
3b67
854c
7f3e
03b2
d9c6
c638
823e
3f63
7f81
96b7
7fff
07bd
d88e
c695
8244
3f5a
4e61
b292
7f78
0bc6
d756
c6f1
824a
3f51
d532
d61c
7dab
0fcc
d620
c74e
8250
3f48
835d
fdcd
7a9d
13ce
d4eb
c7ab
8256
3f3f
a420
25b5
7655
17cb
d3b7
c808
825d
3f36
195b
49e1
70de
1bc2
d284
c865
8263
3f2d
7746
66b9
6a47
1fb2
d153
c8c3
8269
3f24
6788
7961
62a0
239a
d022
c920
8270
3f1b
f89b
7fff
59fc
2779
cef3
c97e
8276
3f12
907a
79ec
5073
2b4d
cdc5
c9dc
827c
3f09
8ee2
67c2
461b
2f16
cc98
ca3a
8283
3f00
f54a
4b4e
3b10
32d4
cb6d
ca98
8289
3ef7
658b
2761
2f6f
3684
ca42
caf6
8290
3eee
7871
ff8e
2354
3a27
c91a
cb55
8296
3ee5
1c9b
d7c5
16de
3dba
c7f2
cbb3
829d
3edc
a679
b3fa
0a2e
413e
c6cd
cc12
82a4
3ed3
82a6
97b9
fd64
44b1
c5a8
cc70
82aa
3eca
d213
85cf
f0a1
4812
c485
cccf
82b1
3ec1
4bb9
8003
e405
4b61
c364
cd2e
82b8
3eb8
7fc1
86e9
d7b0
4e9d
c244
cd8e
82be
3eaf
3e54
99d1
cbc3
51c4
c126
cded
82c5
3ea6
c399
b6db
c05b
54d7
c009
ce4c
82cc
3e9d
8067
db26
b596
57d4
beee
ceac
82d3
3e93
b285
0318
ab90
5aba
bdd5
cf0c
82da
3e8a
2bdf
2abc
a261
5d8a
bcbd
cf6b
82e0
3e81
7ce3
4e23
9a22
6041
bba7
cfcb
82e7
3e78
5b15
69cb
92e8
62e0
ba93
d02b
82ee
3e6f
e589
7af4
8cc4
6565
b981
d08c
82f5
3e66
8852
7fec
87c7
67d0
b870
d0ec
82fc
3e5d
9923
7835
83fe
6a21
b761
d14c
8303
3e54
0887
6492
8172
6c57
b654
d1ad
830a
3e4b
7013
46f5
802a
6e70
b549
d20d
8312
3e42
7095
224f
8028
706e
b440
d26e
8319
3e39
0995
fa42
816e
724f
b339
d2cf
8320
3e30
99c6
d2c7
83f7
7413
b234
d330
8327
3e27
87f3
afc8
87be
75b8
b131
d391
832e
3e1e
e480
94bd
8cb8
7740
b02f
d3f2
8336
3e15
5a56
8456
92d9
78a9
af30
d454
833d
3e0c
7d1e
8032
9a12
79f4
ae33
d4b5
8344
3e03
2cde
88bb
a24f
7b1f
ad38
d517
834c
3dfa
b35e
9d17
ab7b
7c2a
ac3f
d579
8353
3df1
8053
bb43
b580
7d16
ab49
d5da
835a
3de7
c2aa
e040
c044
7de2
aa54
d63c
8362
3dde
3d66
0862
cbaa
7e8d
a962
d69e
8369
3dd5
7faf
2fb0
d797
7f19
a872
d700
8371
3dcc
4c93
5244
e3ea
7f83
a784
d763
8379
3dc3
d311
6cae
f086
7fcd
a698
d7c5
8380
3dba
82de
7c52
fd49
7ff7
a5af
d827
8388
3db1
a5b8
7fa2
0a13
7fff
a4c8
d88a
838f
3da8
1b92
7649
16c3
7fe7
a3e3
d8ec
8397
3d9f
7814
6135
233a
7fae
a301
d94f
839f
3d96
662f
427e
2f55
7f54
a221
d9b2
83a7
3d8d
f658
1d2e
3af8
7eda
a143
da15
83ae
3d84
8f62
f4fa
4604
7e3f
a068
da78
83b6
3d7b
8ff6
cddd
505d
7d84
9f8f
dadb
83be
3d71
f78c
abba
59e9
7ca9
9eb9
db3e
83c6
3d68
66e8
91f1
628e
7bae
9de5
dba2
83ce
3d5f
77a7
8313
6a38
7a93
9d14
dc05
83d6
3d56
1a64
8099
70d1
7959
9c45
dc68
83de
3d4d
a4de
8ac1
764a
7800
9b79
dccc
83e6
3d44
8321
a089
7a95
7688
9ab0
dd30
83ee
3d3b
d432
bfc9
7da6
74f2
99e9
dd93
83f6
3d32
4d8a
e567
7f75
733d
9924
ddf7
83fe
3d29
7f97
0da9
7fff
716c
9863
de5b
8406
3d20
3c56
3490
7f41
6f7d
97a4
debf
840e
3d16
c19c
5640
7d3e
6d72
96e7
df23
8416
3d0d
803e
6f63
79fa
6b4b
962e
df88
841f
3d04
b456
7d7a
757e
6908
9577
dfec
8427
3cfb
2dfe
7f1f
6fd6
66aa
94c2
e050
842f
3cf2
7d5d
7429
6910
6432
9411
e0b5
8438
3ce9
597a
5dae
613d
61a1
9362
e119
8440
3ce0
e353
3de9
5871
5ef6
92b6
e17e
8448
3cd7
8789
1800
4ec3
5c33
920d
e1e2
8451
3cce
9a81
efb6
444c
5959
9167
e247
8459
3cc4
0ac9
c909
3926
5668
90c3
e2ac
8462
3cbb
7127
a7d0
2d6d
5360
9022
e311
846a
3cb2
6f7d
8f56
2141
5043
8f84
e376
8473
3ca9
0752
8207
14bf
4d12
8eea
e3db
847b
3ca0
986d
8137
0809
49cd
8e52
e440
8484
3c97
88c1
8cfa
fb3d
4675
8dbc
e4a5
848d
3c8e
e6b8
a425
ee7e
430b
8d2a
e50a
8495
3c85
5bed
c46b
e1ec
3f90
8c9b
e570
849e
3c7b
7c9e
ea9b
d5a7
3c05
8c0f
e5d5
84a7
3c72
2abd
12e9
c9ce
386a
8b85
e63b
84af
3c69
b190
3958
be80
34c1
8aff
e6a0
84b8
3c60
8081
5a16
b3d9
310a
8a7b
e706
84c1
3c57
c4aa
71e6
a9f5
2d47
89fb
e76b
84ca
3c4e
3f61
7e6a
a0ed
2978
897e
e7d1
84d3
3c45
7fd2
7e65
98d8
259e
8903
e837
84dc
3c3b
4abf
71d6
91cb
21bb
888c
e89d
84e5
3c32
d0f3
59fe
8bd8
1dcf
8818
e903
84ee
3c29
8269
3939
870f
19dc
87a7
e969
84f7
3c20
a756
12c8
837a
15e2
8739
e9cf
8500
3c17
1dc8
ea79
8124
11e2
86ce
ea35
8509
3c0e
78d8
c44d
8012
0dde
8666
ea9b
8512
3c05
64ce
a40d
8048
09d7
8601
eb01
851b
3bfb
f416
8ceb
81c5
05cc
85a0
eb67
8524
3bf2
8e52
8133
8484
01c1
8541
ebce
852e
3be9
9113
820d
887f
fdb4
84e6
ec34
8537
3be0
f9cf
8f66
8dac
f9a9
848e
ec9a
8540
3bd7
683d
a7e9
93fd
f59f
8439
ed01
8549
3bce
76d4
c928
9b63
f198
83e7
ed67
8553
3bc4
182c
efd8
a3ca
ed94
8398
edce
855c
3bbb
a34a
1822
ad1c
e995
834c
ee34
8565
3bb2
83a5
3e07
b743
e59c
8304
ee9b
856f
3ba9
d655
5dc5
c224
e1aa
82bf
ef02
8578
3ba0
4f54
7437
cda3
ddbf
827d
ef69
8582
3b97
7f64
7f23
d9a3
d9dd
823e
efcf
858b
3b8d
3a54
7d73
e605
d605
8203
f036
8595
3b84
bfa4
6f52
f2a9
d238
81cb
f09d
859f
3b7b
8020
5627
ff70
ce76
8196
f104
85a8
3b72
b62d
3471
0c38
cac1
8164
f16b
85b2
3b69
301a
0d87
18e1
c71a
8135
f1d2
85bb
3b60
7dce
e546
254a
c381
810a
f239
85c5
3b56
57d8
bfac
3154
bff8
80e2
f2a0
85cf
3b4d
e11f
a072
3cdf
bc7f
80bd
f307
85d9
3b44
86ca
8ab3
47cf
b917
809c
f36e
85e3
3b3b
9be6
8095
5207
b5c2
807d
f3d5
85ec
3b32
0d0b
831b
5b6e
b27f
8062
f43c
85f6
3b28
7232
9203
63ea
af51
804b
f4a3
8600
3b1f
6e5b
abd3
6b67
ac37
8036
f50b
860a
3b16
050f
cdfc
71d1
a932
8025
f572
8614
3b0d
971c
f51c
7719
a644
8017
f5d9
861e
3b04
8999
1d4f
7b2f
a36c
800c
f641
8628
3afa
e8f1
429b
7e0a
a0ad
8005
f6a8
8632
3af1
5d7d
614b
7fa3
9e06
8001
f70f
863c
3ae8
7c15
7656
7ff6
9b77
8000
f777
8646
3adf
2898
7fa4
7f01
9903
8003
f7de
8650
3ad6
afc9
7c4a
7cc7
96a9
8008
f845
865b
3acc
80ba
6c9d
794f
946a
8011
f8ad
8665
3ac3
c6ae
522a
74a0
9246
801e
f914
866f
3aba
4156
2f91
6ec6
903f
802d
f97c
8679
3ab1
7fec
0841
67d1
8e54
8040
f9e3
8684
3aa8
48e5
e01f
5fd3
8c86
8056
fa4b
868e
3a9e
ceda
bb26
56e0
8ad6
806f
fab2
8698
3a95
81fe
9d02
4d0e
8944
808c
fb1a
86a3
3a8c
a8fc
88ae
4277
87d0
80ac
fb81
86ad
3a83
1ffa
8030
3736
867b
80cf
fbe9
86b8
3a7a
7992
845f
2b68
8545
80f5
fc51
86c2
3a70
6364
94d0
1f2b
842f
811f
fcb8
86cd
3a67
f1d5
afe3
129f
8338
814c
fd20
86d7
3a5e
8d4c
d2e7
05e2
8261
817c
fd87
86e2
3a55
9239
fa64
f917
81aa
81b0
fdef
86ec
3a4b
fc13
2270
ec5d
8114
81e6
fe57
86f7
3a42
6989
4711
dfd6
809e
8220
febe
8702
3a39
75f8
64a7
d3a1
8049
825d
ff26
870c
3a30
15f1
7841
c7dd
8014
829d
ff8d
8717
3a27
a1be
7fee
bca9
8000
82e1
fff5
8722
3a1d
8434
7aeb
b221
800d
8328
005d
872d
3a14
d87b
69b8
a860
803b
8372
00c4
8738
3a0b
5118
4e09
9f7f
8089
83bf
012c
8742
3a02
7f26
2a9c
9796
80f8
840f
0194
874d
39f8
384e
02f6
90b7
8188
8462
01fb
8758
39ef
bdb1
db05
8af5
8238
84b9
0263
8763
39e6
800b
b6bf
865e
8308
8513
02ca
876e
39dd
b80a
99bc
82ff
83f8
8570
0332
8779
39d3
3231
86de
80df
8508
85d0
0399
8784
39ca
7e34
8003
8005
8637
8633
0401
878f
39c1
562e
85d9
8071
8785
8699
0469
879a
39b8
deed
97cc
8224
88f3
8703
04d0
87a6
39ae
8614
b415
8519
8a7e
876f
0538
87b1
39a5
9d54
d7e5
8949
8c28
87df
059f
87bc
399c
0f4b
ffaf
8ea8
8df0
8851
0607
87c7
3993
7333
2782
9529
8fd5
88c7
066e
87d2
3989
6d31
4b69
9cbb
91d6
8940
06d6
87de
3980
02cb
67d6
a54b
93f4
89bc
073d
87e9
3977
95d4
79f7
aec3
962d
8a3a
07a5
87f4
396e
8a7a
7fff
b90b
9881
8abc
080c
8800
3964
eb2d
7956
c409
9af0
8b41
0874
880b
395b
5f06
66a4
cf9f
9d79
8bc9
08db
8817
3952
7b81
49c5
dbb2
a01b
8c54
0942
8822
3949
2670
2595
e821
a2d5
8ce2
09aa
882e
393f
ae08
fdab
f4ce
a5a8
8d72
0a11
8839
3936
80fc
d5fc
0197
a891
8e06
0a78
8845
392d
c8b7
b277
0e5c
ab91
8e9d
0adf
8850
3924
4346
96a4
1afc
aea7
8f36
0b47
885c
391a
7ffb
8542
2758
b1d1
8fd2
0bae
8868
3911
4706
800d
334e
b50f
9072
0c15
8873
3908
ccc4
8789
3ec2
b861
9114
0c7c
887f
38fe
819d
9af6
4995
bbc5
91b9
0ce3
888b
38f5
aaa9
b869
53ab
bf3a
9260
0d4a
8897
38ec
222b
dcf5
5cec
c2c0
930b
0db1
88a2
38e3
7a43
04fb
653f
c655
93b8
0e18
88ae
38d9
61f3
2c82
6c8f
c9fa
9469
0e7f
88ba
38d0
ef95
4fa0
72c9
cdac
951b
0ee6
88c6
38c7
8c50
6ad8
77de
d16b
95d1
0f4d
88d2
38bd
9367
7b77
7bc0
d536
9689
0fb4
88de
38b4
fe57
7fd8
7e66
d90c
9744
101b
88ea
38ab
6acd
778c
7fc8
dcec
9802
1082
88f6
38a2
7512
6364
7fe4
e0d4
98c3
10e8
8902
3898
13b5
4561
7eb8
e4c5
9986
114f
890e
388f
a039
207d
7c48
e8bd
9a4b
11b6
891a
3886
84cc
f860
789a
ecbb
9b13
121c
8926
387c
daa5
d105
73b8
f0be
9bde
1283
8933
3873
52d6
ae52
6dae
f4c4
9cac
12e9
893f
386a
7ede
93b9
668b
f8ce
9d7c
1350
894b
3860
3643
83dd
5e62
fcd9
9e4e
13b6
8957
3857
bbc4
8050
5548
00e5
9f23
141d
8964
384e
8001
896d
4b53
04f1
9ffb
1483
8970
3845
b9ec
9e4c
409e
08fc
a0d4
14e9
897c
383b
3445
bcdc
3543
0d04
a1b1
154f
8989
3832
7e8f
e214
2961
1109
a290
15b6
8995
3829
547e
0a44
1d14
150a
a371
161c
89a2
381f
dcbe
316f
107d
1905
a454
1682
89ae
3816
8569
53b3
03bc
1cfa
a53a
16e8
89bb
380d
9ec9
6daa
f6f1
20e7
a622
174e
89c7
3803
118a
7cc2
ea3e
24cc
a70d
17b3
89d4
37fa
742b
7f7a
ddc2
28a8
a7f9
1819
89e0
37f1
6bfe
758d
d19d
2c79
a8e8
187f
89ed
37e7
0087
5ff9
c5f0
303f
a9da
18e5
89fa
37de
9494
40df
bad7
33f8
aacd
194a
8a06
37d5
8b64
1b57
b06e
37a4
abc3
19b0
8a13
37cb
ed6a
f319
a6d2
3b42
acbb
1a15
8a20
37c2
6086
cc23
9e19
3ed1
adb5
1a7b
8a2d
37b9
7ae4
aa51
965b
4250
aeb1
1ae0
8a39
37af
2446
90fe
8fab
45bd
afaf
1b45
8a46
37a6
ac4e
82ae
8a1a
4919
b0af
1bab
8a53
379d
8149
80cb
85b7
4c62
b1b1
1c10
8a60
3793
cac5
8b85
828d
4f98
b2b5
1c75
8a6d
378a
4531
a1cd
80a4
52b9
b3bb
1cda
8a7a
3781
7fff
c16c
8000
55c5
b4c4
1d3f
8a87
3777
4520
e740
80a4
58bb
b5ce
1da4
8a94
376e
cab3
0f88
828d
5b9b
b6da
1e08
8aa1
3765
8147
3646
85b8
5e63
b7e7
1e6d
8aae
375b
ac5d
57a2
8a1b
6112
b8f7
1ed2
8abb
3752
2459
704d
8fac
63a9
ba09
1f36
8ac8
3749
7aea
7dd5
965c
6627
bb1c
1f9b
8ad6
373f
6079
7ee3
9e1a
688a
bc31
1fff
8ae3
3736
ed56
735b
a6d3
6ad2
bd48
2063
8af0
372d
8b5c
5c63
b070
6cff
be60
20c7
8afd
3723
949f
3c41
bad8
6f11
bf7a
212c
8b0b
371a
009b
1625
c5f1
7105
c096
2190
8b18
3711
6c09
edd8
d19f
72dd
c1b4
21f4
8b25
3707
7423
c757
ddc4
7498
c2d3
2257
8b33
36fe
1177
a675
ea3f
7634
c3f3
22bb
8b40
36f5
9ebc
8e74
f6f3
77b3
c515
231f
8b4e
36eb
856e
81b5
03be
7912
c639
2383
8b5b
36e2
dcd1
817d
107f
7a53
c75e
23e6
8b69
36d8
548d
8dd1
1d16
7b75
c885
2449
8b76
36cf
7e8c
a577
2962
7c76
c9ad
24ad
8b84
36c6
3433
c618
3545
7d58
cad6
2510
8b91
36bc
b9dc
ec77
40a0
7e1a
cc01
2573
8b9f
36b3
8001
14c6
4b55
7ebc
cd2d
25d6
8bad
36aa
bbd4
3b06
5549
7f3d
ce5a
2639
8bba
36a0
3654
5b6b
5e64
7f9e
cf89
269c
8bc8
3697
7ee1
72bf
668c
7fdd
d0b9
26ff
8bd6
368e
52c7
7eb2
6daf
7ffd
d1ea
2761
8be4
3684
da92
7e15
73b9
7ffb
d31c
27c4
8bf1
367b
84c7
70f7
789b
7fd9
d450
2826
8bff
3671
a046
58a5
7c49
7f96
d584
2889
8c0d
3668
13c8
3788
7eb8
7f32
d6ba
28eb
8c1b
365f
751a
10ea
7fe4
7eae
d7f1
294d
8c29
3655
6ac2
e89e
7fc8
7e09
d928
29af
8c37
364c
fe43
c2a4
7e66
7d44
da61
2a11
8c45
3643
935d
a2c0
7bc0
7c5f
db9b
2a73
8c53
3639
8c58
8c1b
77dd
7b5a
dcd5
2ad4
8c61
3630
efa9
80f4
72c9
7a36
de11
2b36
8c6f
3626
61ff
8267
6c8e
78f2
df4d
2b98
8c7d
361d
7a3d
904e
653e
778f
e08b
2bf9
8c8b
3614
2218
a949
5ceb
760e
e1c9
2c5a
8c99
360a
aa9a
cade
53aa
746e
e307
2cbb
8ca7
3601
81a0
f1b7
4993
72b1
e447
2d1c
8cb6
35f7
ccd6
19fb
3ec0
70d6
e587
2d7d
8cc4
35ee
4716
3fab
334c
6edf
e6c8
2dde
8cd2
35e5
7ffb
5f0b
2756
6ccb
e80a
2e3f
8ce1
35db
4335
74fe
1afa
6a9b
e94c
2e9f
8cef
35d2
c8a5
7f57
0e5a
6850
ea8f
2f00
8cfd
35c8
80fa
7d0f
0195
65ea
ebd2
2f60
8d0c
35bf
ae17
6e61
f4cc
636a
ed16
2fc0
8d1a
35b6
2683
54bf
e81f
60d1
ee5a
3020
8d29
35ac
7b87
32b7
dbb0
5e1f
ef9f
3080
8d37
35a3
5ef8
0ba7
cf9e
5b55
f0e4
30e0
8d46
3599
eb19
e36f
c407
5873
f22a
3140
8d54
3590
8a72
be0c
b909
557b
f370
319f
8d63
3587
95df
9f34
aec2
526d
f4b6
31ff
8d71
357d
02df
89f5
a54a
4f4a
f5fc
325e
8d80
3574
6d3b
806b
9cba
4c12
f743
32bd
8d8f
356a
732b
8388
9528
48c7
f88a
331d
8d9d
3561
0f37
92fd
8ea7
456a
f9d1
337b
8dac
3557
9d47
ad41
8948
41fa
fb19
33da
8dbb
354e
861a
cfba
8519
3e7a
fc60
3439
8dc9
3545
df00
f6fd
8224
3aea
fda8
3497
8dd8
353b
563d
1f24
8071
374a
fef0
34f6
8de7
3532
7e30
4435
8005
339d
0037
3554
8df6
3528
321f
6282
80df
2fe2
017f
35b2
8e05
351f
b7f9
770b
82ff
2c1b
02c7
3610
8e14
3515
800c
7fc5
865f
2849
040e
366e
8e23
350c
bdc2
7bd3
8af6
246d
0556
36cc
8e32
3503
385f
6b9a
90b8
2087
069d
3729
8e41
34f9
7f29
50b5
9797
1c98
07e4
3787
8e50
34f0
5109
2dcf
9f81
18a3
092b
37e4
8e5f
34e6
d869
065f
a861
14a7
0a72
3841
8e6e
34dd
842f
de4c
b222
10a6
0bb8
389e
8e7d
34d3
a1cb
b991
bcaa
0ca1
0cfe
38fb
8e8c
34ca
1605
9bd2
c7df
0898
0e44
3958
8e9b
34c1
7600
8803
d3a2
048d
0f8a
39b4
8eab
34b7
697e
8019
dfd8
0081
10cf
3a11
8eba
34ae
fbff
84df
ec5f
fc75
1213
3a6d
8ec9
34a4
922e
95db
f919
f86a
1357
3ac9
8ed8
349b
8d55
b15d
05e4
f461
149b
3b25
8ee8
3491
f1e9
d4ac
12a1
f05a
15de
3b81
8ef7
3488
6371
fc47
1f2d
ec58
1721
3bdd
8f07
347e
798c
2440
2b6a
e85b
1863
3c38
8f16
3475
1fe7
48a1
3738
e464
19a4
3c94
8f25
346c
a8ee
65ce
4279
e074
1ae5
3cef
8f35
3462
8202
78e3
4d10
dc8c
1c25
3d4a
8f44
3459
ceec
7ffa
56e1
d8ad
1d64
3da5
8f54
344f
48f6
7a61
5fd4
d4d8
1ea3
3dff
8f64
3446
7feb
68a5
67d2
d10e
1fe0
3e5a
8f73
343c
4145
4c88
6ec7
cd50
211d
3eb4
8f83
3433
c69d
28d4
74a0
c99f
2259
3f0f
8f92
3429
80b8
0114
794f
c5fc
2395
3f69
8fa2
3420
afd8
d938
7cc8
c268
24cf
3fc3
8fb2
3416
28ab
b535
7f01
bee4
2608
401c
8fc2
340d
7c1a
989d
7ff6
bb70
2741
4076
8fd1
3403
5d70
8645
7fa3
b80e
2878
40d0
8fe1
33fa
e8de
8000
7e0a
b4be
29ae
4129
8ff1
33f1
8991
866d
7b2f
b182
2ae4
4182
9001
33e7
9727
98e7
7718
ae5a
2c18
41db
9011
33de
0523
b59c
71d1
ab46
2d4b
4234
9021
33d4
6e65
d9b1
6b66
a848
2e7d
428c
9030
33cb
7229
0192
63e9
a561
2fae
42e5
9040
33c1
0cf7
294c
5b6c
a291
30dd
433d
9050
33b8
9bda
4ced
5206
9fd9
320b
4395
9060
33ae
86d0
68ed
47ce
9d39
3338
43ed
9071
33a5
e132
7a86
3cde
9ab3
3464
4445
9081
339b
57e6
7ff8
3152
9847
358e
449c
9091
3392
7dca
78b9
2548
95f5
36b7
44f4
90a1
3388
3008
6581
18df
93be
37df
454b
90b1
337f
b61d
4839
0c36
91a3
3905
45a2
90c1
3375
8021
23c7
ff6e
8fa5
3a29
45f9
90d1
336c
bfb5
fbc8
f2a7
8dc3
3b4d
464f
90e2
3362
3a66
d435
e603
8bfe
3c6e
46a6
90f2
3359
7f66
b0fa
d9a1
8a57
3d8e
46fc
9102
334f
4f45
9594
cda1
88ce
3ead
4752
9113
3346
d643
84bd
c222
8764
3fca
47a8
9123
333c
83a1
801f
b741
8618
40e5
47fe
9133
3333
a358
882f
ad1b
84ec
41ff
4854
9144
3329
183f
9c21
a3c8
83df
4316
48a9
9154
3320
76dc
b9fb
9b61
82f2
442d
48fe
9165
3316
6831
dec6
93fc
8225
4541
4953
9175
330d
f9bc
06dd
8dab
8178
4654
49a8
9186
3303
9109
2e45
887e
80ec
4765
49fd
9196
32fa
8e5c
5117
8483
8080
4874
4a51
91a7
32f0
f42a
6bde
81c4
8035
4981
4aa6
91b7
32e7
64da
7bf3
8048
800a
4a8c
4afa
91c8
32dd
78d1
7fbd
8013
8001
4b96
4b4e
91d9
32d4
1db4
76dc
8124
8018
4c9d
4ba1
91ea
32ca
a748
6231
837a
804f
4da3
4bf5
91fa
32c1
826d
43ca
870f
80a8
4ea6
4c48
920b
32b7
d106
1ea9
8bd9
8121
4fa8
4c9b
921c
32ae
4acf
f67f
91cc
81ba
50a7
4cee
922d
32a4
7fd1
cf45
98d9
8274
51a5
4d41
923d
329b
3f4f
ace1
a0ee
834e
52a0
4d93
924e
3291
c499
92bb
a9f6
8448
5399
4de6
925f
3288
807f
836b
b3da
8562
5490
4e38
9270
327e
b1a0
8075
be81
869b
5585
4e8a
9281
3275
2acf
8a26
c9d0
87f3
5678
4edb
9292
326b
7ca3
9f87
d5a9
8969
5768
4f2d
92a3
3262
5bdf
be79
e1ee
8aff
5857
4f7e
92b4
3258
e6a4
e3ea
ee80
8cb2
5943
4fcf
92c5
324f
88ba
0c25
fb3f
8e82
5a2c
5020
92d6
3245
9878
332b
080b
9070
5b14
5071
92e7
323b
0766
551e
14c1
927a
5bf9
50c1
92f9
3232
6f87
6ea0
2143
94a0
5cdb
5112
930a
3228
711e
7d2a
2d6f
96e2
5dbc
5162
931b
321f
0ab5
7f4a
3927
993f
5e9a
51b2
932c
3215
9a74
74cb
444d
9bb5
5f75
5201
933d
320c
8790
5eb6
4ec5
9e46
604e
5251
934f
3202
e366
3f3d
5872
a0f0
6125
52a0
9360
31f9
5988
197f
613e
a3b2
61f9
52ef
9371
31ef
7d59
f139
6911
a68b
62cb
533e
9383
31e6
2dec
ca6b
6fd7
a97c
639a
538d
9394
31dc
b446
a8ec
757f
ac82
6466
53db
93a6
31d3
803f
9011
79fb
af9e
6530
5429
93b7
31c9
c1ad
824f
7d3e
b2cf
65f8
5477
93c9
31bf
3c68
8104
7f41
b613
66bc
54c5
93da
31b6
7f99
8c51
7fff
b96a
677f
5512
93ec
31ac
4d7a
a317
7f75
bcd4
683e
5560
93fd
31a3
d420
c313
7da5
c04e
68fb
55ad
940f
3199
831c
e91b
7a94
c3d9
69b5
55fa
9420
3190
a4ec
1167
764a
c773
6a6c
5646
9432
3186
1a78
37fa
70d0
cb1c
6b21
5693
9444
317d
77ae
5900
6a37
ced2
6bd3
56df
9456
3173
66dc
7132
628d
d295
6c82
572b
9467
316a
f778
7e2a
59e7
d663
6d2f
5777
9479
3160
8fec
7ea0
505c
da3c
6dd8
57c2
948b
3156
8f6b
7287
4603
de1f
6e7f
580e
949d
314d
f66c
5b12
3af7
e20b
6f23
5859
94ae
3143
663b
3a95
2f54
e5fe
6fc4
58a4
94c0
313a
780d
1449
2338
e9f8
7063
58ee
94d2
3130
1b7f
ebfa
16c1
edf7
70fe
5939
94e4
3127
a5aa
c5a8
0a11
f1fb
7196
5983
94f6
311d
82e2
a51e
fd47
f603
722c
59cd
9508
3113
d323
8d98
f084
fa0d
72bf
5a16
951a
310a
4ca3
816a
e3e8
fe18
734e
5a60
952c
3100
7fad
81ca
d795
0225
73db
5aa9
953e
30f7
3d55
8eae
cba9
0630
7465
5af2
9550
30ed
c299
a6cf
c042
0a3a
74ec
5b3b
9562
30e4
8051
c7c8
b57f
0e42
7570
5b84
9575
30da
b36e
ee55
ab7a
1245
75f1
5bcc
9587
30d0
2cf0
16a2
a24d
1644
766e
5c14
9599
30c7
7d22
3cb0
9a11
1a3e
76e9
5c5c
95ab
30bd
5a48
5cba
92d8
1e31
7761
5ca4
95bd
30b4
e46d
7392
8cb7
221c
77d6
5ceb
95d0
30aa
87ec
7ef3
87bd
25fe
7847
5d32
95e2
30a0
99d1
7dbe
83f7
29d6
78b6
5d79
95f4
3097
09a9
7010
816e
2da4
7921
5dc0
9607
308d
709f
5746
8028
3166
798a
5e06
9619
3084
700a
35d4
802a
351c
79ef
5e4c
962c
307a
0873
0f0b
8172
38c3
7a51
5e92
963e
3071
9917
e6c4
83ff
3c5d
7ab0
5ed8
9650
3067
8859
c0fe
87c8
3fe7
7b0c
5f1d
9663
305d
e59d
a178
8cc5
4360
7b65
5f63
9675
3054
5b23
8b51
92e9
46c8
7bba
5fa8
9688
304a
7cdf
80bd
9a23
4a1f
7c0d
5fec
969b
3041
2bcd
82c8
a263
4d62
7c5c
6031
96ad
3037
b275
913d
ab91
5091
7ca8
6075
96c0
302d
8069
aaaf
b598
53ac
7cf1
60b9
96d3
3024
c3aa
cc96
c05d
56b1
7d36
60fd
96e5
301a
3e65
f397
cbc5
59a0
7d79
6140
96f8
3011
7fc2
1bd3
d7b2
5c79
7db8
6184
970b
3007
4ba9
414c
e407
5f39
7df4
61c7
971d
2ffd
d201
604c
f0a3
61e1
7e2d
6209
9730
2ff4
82a2
75bf
fd66
6470
7e62
624c
9743
2fea
a687
7f85
0a30
66e6
7e94
628e
9756
2fe1
1cae
7ca5
16e0
6941
7ec3
62d0
9769
2fd7
7877
6d69
2355
6b81
7eef
6312
977c
2fcd
657f
5353
2f71
6da6
7f18
6353
978f
2fc4
f536
30fa
3b12
6fae
7f3d
6395
97a2
2fba
8ed8
09c6
461d
719a
7f5f
63d5
97b5
2fb0
9084
e199
5074
7369
7f7e
6416
97c8
2fa7
f8af
bc70
59fe
751a
7f9a
6457
97db
2f9d
6794
9dfb
62a1
76ad
7fb2
6497
97ee
2f94
773f
893e
6a48
7822
7fc7
64d7
9801
2f8a
1947
8048
70df
7979
7fd8
6517
9814
2f80
a412
83fc
7655
7ab0
7fe7
6556
9827
2f77
8362
93fd
7a9d
7bc7
7ff2
6595
983a
2f6d
d544
aeb4
7dab
7cbf
7ffa
65d4
984d
2f63
4e71
d17b
7f78
7d98
7fff
6613
9861
2f5a
7f7f
f8df
7fff
7e4f
7fff
6651
9874
2f50
3b55
20f8
7f3e
7ee7
7ffe
668f
9887
2f47
c09f
45cc
7d38
7f5e
7ff9
66cd
989a
2f3d
802e
63b4
79f1
7fb5
7ff0
670b
98ae
2f33
b541
77b9
7573
7feb
7fe5
6748
98c1
2f2a
2f0e
7fde
6fc8
7fff
7fd6
6785
98d4
2f20
7d97
7b56
68ff
7ff4
7fc3
67c2
98e8
2f16
58a9
6a92
612a
7fc8
7fae
67fe
98fb
2f0d
e237
4f3c
585c
7f7a
7f95
683b
990f
2f03
8728
2c0b
4eac
7f0d
7f79
6877
9922
2efa
9b33
047c
4433
7e7e
7f59
68b3
9936
2ef0
0beb
dc7b
390b
7dd0
7f37
68ee
9949
2ee6
71ae
b800
2d52
7d01
7f11
6929
995d
2edd
6eed
9aa9
2125
7c12
7ee8
6964
9970
2ed3
0630
875e
14a2
7b03
7ebb
699f
9984
2ec9
97c3
800a
07ec
79d5
7e8c
69d9
9998
2ec0
892c
8567
fb20
7888
7e59
6a13
99ab
2eb6
e7d5
96ec
ee62
771c
7e23
6a4d
99bf
2eac
5cb7
b2dc
e1d0
7591
7de9
6a87
99d3
2ea3
7c5b
d673
d58b
73e8
7dad
6ac0
99e7
2e99
29aa
fe29
c9b4
7222
7d6d
6af9
99fa
2e8f
b0ab
260e
be67
703e
7d2a
6b32
9a0e
2e86
809c
4a2c
b3c1
6e3e
7ce4
6b6a
9a22
2e7c
c5ac
66f0
a9df
6c21
7c9a
6ba3
9a36
2e72
405d
797e
a0d9
69e9
7c4e
6bdb
9a4a
2e69
7fe0
7fff
98c7
6796
7bfe
6c12
9a5e
2e5f
49d2
79d0
91bd
6528
7bab
6c4a
9a72
2e56
cfe5
678c
8bcc
62a0
7b55
6c81
9a86
2e4c
8232
4b03
8705
5fff
7afc
6cb8
9a9a
2e42
a829
2709
8373
5d45
7a9f
6cee
9aae
2e39
1ee2
ff31
8120
5a74
7a40
6d24
9ac2
2e2f
7936
d76d
8012
578b
79dd
6d5a
9ad6
2e25
6419
b3af
804a
548c
7977
6d90
9aea
2e1c
f2f4
9783
81c9
5177
790e
6dc6
9afe
2e12
8dce
85b3
848c
4e4e
78a2
6dfb
9b12
2e08
91a5
8005
8889
4b10
7833
6e30
9b26
2dff
faf2
8707
8db9
47c0
77c1
6e64
9b3a
2df5
68e5
9a08
940d
445c
774c
6e98
9b4f
2deb
7667
b727
9b75
40e8
76d4
6ecd
9b63
2de2
170e
db7e
a3de
3d62
7658
6f00
9b77
2dd8
a282
0375
ad33
39cd
75da
6f34
9b8b
2dce
83eb
2b14
b75b
362a
7559
6f67
9ba0
2dc4
d769
4e6d
c23d
3278
74d4
6f9a
9bb4
2dbb
5038
69ff
cdbe
2eb9
744d
6fcc
9bc8
2db1
7f46
7b0e
d9bf
2aef
73c2
6fff
9bdd
2da7
3951
7fe9
e621
2719
7335
7031
9bf1
2d9e
bea9
7815
f2c6
233a
72a5
7062
9c06
2d94
8014
6458
ff8d
1f51
7212
7094
9c1a
2d8a
b71b
46a8
0c55
1b61
717c
70c5
9c2f
2d81
3127
21f6
18fd
1769
70e3
70f6
9c43
2d77
7e02
f9e6
2566
136c
7047
7127
9c58
2d6d
5703
d271
316f
0f69
6fa8
7157
9c6c
2d64
e005
af80
3cf9
0b63
6f06
7187
9c81
2d5a
866e
948b
47e7
0759
6e62
71b7
9c96
2d50
9c9c
843e
521e
034e
6dba
71e6
9caa
2d47
0e2c
8037
5b82
ff42
6d10
7215
9cbf
2d3d
72b4
88dc
63fc
fb36
6c63
7244
9cd4
2d33
6dc7
9d52
6b77
f72b
6bb4
7273
9ce8
2d29
03ec
bb91
71df
f323
6b01
72a1
9cfd
2d20
9676
e099
7723
ef1e
6a4c
72cf
9d12
2d16
8a08
08bf
7b37
eb1d
6994
72fc
9d27
2d0c
ea10
3006
7e0f
e721
68da
732a
9d3b
2d03
5e43
528b
7fa6
e32c
681c
7357
9d50
2cf9
7bcc
6cdf
7ff5
df3e
675c
7384
9d65
2cef
2784
7c68
7efd
db59
669a
73b0
9d7a
2ce6
aee7
7f9b
7cc1
d77d
65d4
73dc
9d8f
2cdc
80da
7625
7945
d3ac
650d
7408
9da4
2cd2
c7b3
60f9
7494
cfe5
6442
7434
9db9
2cc8
4250
422f
6eb7
cc2b
6375
745f
9dce
2cbf
7ff5
1cd4
67c0
c87f
62a6
748a
9de3
2cb5
47f6
f49e
5fc0
c4e0
61d4
74b5
9df8
2cab
cdce
cd88
56ca
c151
60ff
74df
9e0d
2ca2
81cc
ab74
4cf7
bdd2
6028
7509
9e22
2c98
a9d3
91c2
425e
ba63
5f4e
7533
9e37
2c8e
2114
82ff
371c
b707
5e73
755d
9e4d
2c85
79ec
80a2
2b4d
b3bd
5d94
7586
9e62
2c7b
62ac
8ae6
1f0f
b087
5cb3
75af
9e77
2c71
f0b4
a0c7
1282
ad65
5bd0
75d7
9e8c
2c67
8ccc
c019
05c5
aa58
5aeb
7600
9ea1
2c5e
92cf
e5c2
f8fa
a761
5a03
7628
9eb7
2c54
fd36
0e05
ec41
a481
5919
764f
9ecc
2c4a
6a2d
34e4
dfba
a1b8
582c
7677
9ee1
2c40
7586
5684
d385
9f07
573e
769e
9ef7
2c37
14d2
6f90
c7c3
9c6f
564d
76c5
9f0c
2c2d
a0fa
7d8c
bc90
99f1
555a
76eb
9f21
2c23
847f
7f14
b20a
978d
5464
7711
9f37
2c1a
d991
7402
a84b
9543
536d
7737
9f4c
2c10
51f9
5d6f
9f6c
9315
5273
775d
9f62
2c06
7f04
3d98
9785
9103
5178
7782
9f77
2bfc
3748
17a5
90a9
8f0d
507a
77a7
9f8d
2bf3
bcb9
ef5a
8ae9
8d34
4f7a
77cc
9fa2
2be9
8005
c8b6
8655
8b78
4e78
77f0
9fb8
2bdf
b8fb
a78d
82f9
89db
4d74
7814
9fce
2bd5
333d
8f2a
80dc
885b
4c6e
7838
9fe3
2bcc
7e63
81f7
8004
86fa
4b67
785b
9ff9
2bc2
5556
8144
8074
85b8
4a5d
787e
a00f
2bb8
ddd4
8d23
822a
8496
4951
78a1
a024
2bae
85bd
a465
8522
8393
4844
78c4
a03a
2ba5
9e0e
c4bd
8954
82b0
4734
78e6
a050
2b9b
106c
eaf6
8eb5
81ec
4623
7908
a066
2b91
73b1
1345
9539
814a
4510
7929
a07b
2b88
6c98
39ab
9ccd
80c7
43fb
794b
a091
2b7e
01a8
5a58
a560
8065
42e5
796c
a0a7
2b74
9532
7210
aeda
8024
41cd
798c
a0bd
2b6a
8aee
7e78
b923
8004
40b3
79ad
a0d3
2b61
ec4c
7e56
c422
8004
3f97
79cd
a0e9
2b57
5fc8
71ac
cfba
8025
3e7a
79ec
a0ff
2b4d
7b34
59bc
dbce
8067
3d5b
7a0c
a115
2b43
255a
38e7
e83e
80ca
3c3b
7a2b
a12b
2b3a
ad29
126c
f4eb
814d
3b19
7a49
a141
2b30
8122
ea1e
01b4
81f0
39f5
7a68
a157
2b26
c9be
c3fc
0e79
82b4
38d1
7a86
a16d
2b1c
443d
a3cd
1b19
8398
37aa
7aa4
a183
2b13
7fff
8cc3
2773
849c
3682
7ac1
a199
2b09
4613
8126
3369
85bf
3559
7adf
a1af
2aff
cbba
821e
3edb
8701
342f
7afc
a1c5
2af5
8171
8f92
49ac
8863
3303
7b18
a1db
2aeb
ab83
a82c
53c1
89e3
31d6
7b34
a1f2
2ae2
2343
c97c
5d00
8b81
30a7
7b50
a208
2ad8
7a98
f034
6551
8d3e
2f78
7b6c
a21e
2ace
6136
187d
6c9e
8f17
2e47
7b87
a234
2ac4
ee75
3e58
72d6
910e
2d15
7ba2
a24b
2abb
8bd4
5e04
77e8
9321
2be1
7bbd
a261
2ab1
9402
745e
7bc8
954f
2aad
7bd7
a277
2aa7
ff7a
7f2e
7e6a
9799
2977
7bf1
a28e
2a9d
6b6d
7d60
7fca
99fe
2841
7c0b
a2a4
2a94
749b
6f24
7fe2
9c7d
2709
7c24
a2bb
2a8a
1295
55e2
7eb4
9f15
25d1
7c3d
a2d1
2a80
9f79
341c
7c41
a1c7
2497
7c56
a2e8
2a76
851c
0d2b
7891
a490
235d
7c6f
a2fe
2a6c
dbbb
e4ec
73ac
a771
2221
7c87
a315
2a63
53b3
bf5c
6d9f
aa68
20e5
7c9f
a32b
2a59
7eb7
a035
667a
ad75
1fa8
7cb6
a342
2a4f
353a
8a8e
5e4f
b098
1e6a
7ccd
a358
2a45
bace
808d
5532
b3ce
1d2b
7ce4
a36f
2a3c
8000
832f
4b3c
b719
1bec
7cfb
a386
2a32
bae1
9232
4085
ba76
1aac
7d11
a39c
2a28
354e
ac19
3529
bde4
196b
7d27
a3b3
2a1e
7eba
ce52
2945
c164
182a
7d3c
a3ca
2a14
53a2
f578
1cf8
c4f4
16e7
7d52
a3e0
2a0b
dba7
1da9
1060
c892
15a5
7d67
a3f7
2a01
8516
42ea
039f
cc3f
1462
7d7b
a40e
29f7
9f87
6187
f6d4
cffa
131e
7d90
a425
29ed
12aa
7679
ea21
d3c0
11da
7da4
a43c
29e3
74a4
7fab
dda6
d792
1095
7db7
a452
29da
6b61
7c34
d182
db6e
0f50
7dca
a469
29d0
ff64
6c6b
c5d6
df54
0e0a
7ddd
a480
29c6
93f7
51e3
babe
e342
0cc4
7df0
a497
29bc
8bdd
2f3b
b058
e737
0b7e
7e03
a4ae
29b3
ee8a
07e4
a6bd
eb32
0a38
7e15
a4c5
29a9
6145
dfc5
9e06
ef33
08f1
7e26
a4dc
299f
7a91
bad8
964a
f339
07aa
7e38
a4f3
2995
232e
9cc7
8f9d
f741
0663
7e49
a50a
298b
ab73
888d
8a0f
fb4c
051b
7e5a
a521
2982
8174
802b
85af
ff58
03d4
7e6a
a538
2978
cbce
8477
8287
0364
028c
7e7a
a54f
296e
4625
9503
80a1
076f
0145
7e8a
a567
2964
7fff
b02b
8000
0b78
fffd
7e99
a57e
295a
442b
d33e
80a7
0f7f
feb5
7ea8
a595
2950
c9ab
fac1
8293
1381
fd6e
7eb7
a5ac
2947
811f
22c9
85c0
177f
fc26
7ec6
a5c3
293d
ad3a
475e
8a26
1b76
fadf
7ed4
a5db
2933
256f
64e0
8fba
1f67
f997
7ee2
a5f2
2929
7b3a
7860
966c
234f
f850
7eef
a609
291f
5fb9
7ff1
9e2d
272e
f709
7efc
a620
2916
ec37
7ad1
a6e8
2b04
f5c2
7f09
a638
290c
8ae5
6983
b087
2ece
f47c
7f16
a64f
2902
953e
4dbf
baf1
328c
f336
7f22
a667
28f8
01be
2a45
c60b
363e
f1f0
7f2e
a67e
28ee
6ca4
029a
d1ba
39e1
f0aa
7f39
a695
28e5
73a8
daac
dde0
3d76
ef65
7f45
a6ad
28db
1056
b673
ea5c
40fb
ee20
7f50
a6c4
28d1
9e00
9985
f710
446f
ecdc
7f5a
a6dc
28c7
85c3
86c0
03db
47d2
eb98
7f64
a6f3
28bd
dde9
8002
109c
4b22
ea55
7f6e
a70b
28b3
5566
85f5
1d32
4e5f
e913
7f78
a723
28aa
7e5f
9802
297e
5188
e7d1
7f81
a73a
28a0
3329
b460
3560
549d
e68f
7f8a
a752
2896
b8e9
d83d
40b9
579b
e54e
7f93
a769
288c
8005
000c
4b6c
5a83
e40e
7f9b
a781
2882
bccb
27da
555f
5d54
e2cf
7fa3
a799
2878
375b
4bb4
5e77
600d
e190
7fab
a7b0
286f
7f06
680c
669e
62ae
e052
7fb2
a7c8
2865
51e8
7a13
6dbe
6535
df15
7fb9
a7e0
285b
d97c
7ffe
73c5
67a2
ddd9
7fc0
a7f8
2851
8479
7938
78a5
69f5
dc9d
7fc6
a810
2847
a108
666d
7c50
6c2d
db63
7fcc
a827
283d
14e8
4979
7ebc
6e49
da2a
7fd2
a83f
2834
758f
253c
7fe5
7049
d8f1
7fd7
a857
282a
6a21
fd4e
7fc6
722c
d7b9
7fdc
a86f
2820
fd20
d5a4
7e61
73f2
d683
7fe1
a887
2816
92c4
b22e
7bb8
759a
d54d
7fe5
a89f
280c
8cd6
966f
77d3
7724
d419
7fe9
a8b7
2802
f0c9
8528
72bc
788f
d2e6
7fed
a8cf
27f9
62ba
8010
6c7f
79dc
d1b4
7ff0
a8e7
27ef
79e5
87a8
652c
7b09
d083
7ff3
a8ff
27e5
20ff
9b2f
5cd7
7c17
cf53
7ff6
a917
27db
a9c2
b8b6
5394
7d05
ce25
7ff8
a92f
27d1
81d0
dd4e
497b
7dd4
ccf8
7ffa
a947
27c7
cde2
0557
3ea7
7e82
cbcc
7ffc
a95f
27be
4807
2cd9
3332
7f0f
caa1
7ffe
a977
27b4
7ff4
4fe8
273a
7f7c
c978
7fff
a98f
27aa
423d
6b0a
1ade
7fc9
c850
7fff
a9a8
27a0
c7a0
7b8f
0e3d
7ff5
c72a
7fff
a9c0
2796
80d7
7fd4
0178
7fff
c605
7fff
a9d8
278c
aef8
776b
f4af
7fea
c4e2
7fff
a9f0
2782
2798
632a
e803
7fb3
c3c0
7fff
aa08
2779
7bd2
4514
db94
7f5c
c2a0
7ffe
aa21
276f
5e34
2024
cf83
7ee4
c181
7ffd
aa39
2765
e9fa
f804
c3ed
7e4c
c064
7ffc
aa51
275b
8a00
d0af
b8f1
7d93
bf48
7ffa
aa6a
2751
9682
ae0b
aeab
7cbb
be2e
7ff8
aa82
2747
0402
9388
a535
7bc2
bd16
7ff5
aa9b
273d
6dd2
83c6
9ca7
7aa9
bc00
7ff2
aab3
2734
72aa
8057
9518
7972
baeb
7fef
aacb
272a
0e16
8990
8e99
781b
b9d8
7fec
aae4
2720
9c8f
9e88
893d
76a5
b8c7
7fe8
aafc
2716
8674
bd2b
8511
7511
b7b7
7fe4
ab15
270c
e01a
e26e
821f
735f
b6aa
7fdf
ab2d
2702
5713
0aa0
806f
7190
b59e
7fda
ab46
26f8
7dfe
31c4
8005
6fa3
b494
7fd5
ab5e
26ee
3113
53f9
80e3
6d9a
b38d
7fd0
ab77
26e5
b709
6dda
8306
6b75
b287
7fca
ab90
26db
8015
7cd6
8668
6934
b183
7fc4
aba8
26d1
bebc
7f71
8b02
66d9
b081
7fbd
abc1
26c7
3964
7568
90c6
6463
af81
7fb7
abda
26bd
7f49
5fbb
97a8
61d3
ae84
7fb0
abf2
26b3
5027
408f
9f94
5f2a
ad88
7fa8
ac0b
26a9
d754
1afd
a877
5c69
ac8e
7fa0
ac24
269f
83e6
f2bd
b239
5991
ab97
7f98
ac3d
2696
a291
cbce
bcc3
56a1
aaa2
7f90
ac55
268c
1723
aa0c
c7f9
539b
a9af
7f87
ac6e
2682
766f
90d0
d3be
5080
a8be
7f7e
ac87
2678
68d8
829b
dff4
4d50
a7cf
7f75
aca0
266e
fadc
80d5
ec7c
4a0d
a6e3
7f6b
acb9
2664
919a
8bac
f936
46b6
a5f9
7f61
acd2
265a
8dd8
a20c
0601
434e
a511
7f57
aceb
2650
f30a
c1bd
12be
3fd4
a42c
7f4c
ad04
2646
6427
e79b
1f4a
3c49
a348
7f41
ad1c
263d
792f
0fe4
2b86
38b0
a268
7f36
ad35
2633
1ecd
369a
3752
3508
a189
7f2a
ad4e
2629
a819
57e6
4292
3152
a0ae
7f1e
ad67
261f
8236
707a
4d27
2d90
9fd4
7f12
ad81
2615
cff9
7de6
56f6
29c2
9efd
7f05
ad9a
260b
49e4
7ed7
5fe8
25e9
9e29
7ef8
adb3
2601
7fdf
7333
67e3
2206
9d57
7eeb
adcc
25f7
404a
5c23
6ed6
1e1b
9c87
7edd
ade5
25ed
c599
3bef
74ac
1a28
9bba
7ecf
adfe
25e4
809a
15ca
7959
162f
9af0
7ec1
ae17
25da
b0bc
ed7c
7cce
1230
9a28
7eb2
ae30
25d0
29be
c704
7f05
0e2c
9963
7ea3
ae4a
25c6
7c60
a632
7ff7
0a24
98a0
7e94
ae63
25bc
5ca8
8e49
7fa1
061a
97e0
7e85
ae7c
25b2
e7c0
81a6
7e05
020f
9723
7e75
ae95
25a8
8924
818b
7b27
fe02
9668
7e65
aeaf
259e
97cf
8dfb
770d
f9f7
95b1
7e54
aec8
2594
0645
a5b9
71c3
f5ed
94fb
7e43
aee1
258a
6ef8
c66b
6b56
f1e5
9449
7e32
aefb
2581
71a4
ecd3
63d7
ede1
9399
7e20
af14
2577
0bd5
1522
5b58
e9e2
92ed
7e0f
af2d
256d
9b25
3b58
51ef
e5e8
9242
7dfd
af47
2563
872f
5bac
47b5
e1f5
919b
7dea
af60
2559
e24d
72e8
3cc4
de0a
90f7
7dd7
af7a
254f
58b9
7ebf
3137
da28
9055
7dc4
af93
2545
7d93
7e05
252c
d64f
8fb6
7db1
afad
253b
2ef9
70cb
18c2
d280
8f1b
7d9d
afc6
2531
b530
5862
0c19
cebe
8e82
7d89
afe0
2527
802f
3735
ff51
cb08
8dec
7d74
aff9
251d
c0b1
108e
f28a
c760
8d58
7d60
b013
2513
3b68
e843
e5e6
c3c6
8cc8
7d4b
b02d
250a
7f81
c253
d985
c03b
8c3b
7d35
b046
2500
4e5f
a280
cd86
bcc1
8bb1
7d20
b060
24f6
d530
8bf4
c209
b958
8b29
7d0a
b07a
24ec
835d
80e9
b72a
b601
8aa5
7cf3
b093
24e2
a421
8279
ad05
b2bd
8a24
7cdd
b0ad
24d8
195d
907c
a3b4
af8d
89a5
7cc6
b0c7
24ce
7747
a98e
9b4f
ac72
892a
7cae
b0e0
24c4
6787
cb32
93ec
a96b
88b2
7c97
b0fa
24ba
f899
f213
8d9e
a67b
883d
7c7f
b114
24b0
9079
1a56
8874
a3a2
87cb
7c67
b12e
24a6
8ee3
3ffc
847c
a0e1
875c
7c4e
b148
249c
f54c
5f49
81bf
9e38
86f0
7c35
b161
2492
658c
7524
8046
9ba8
8687
7c1c
b17b
2489
7870
7f61
8014
9931
8621
7c03
b195
247f
1c99
7cfc
8128
96d5
85be
7be9
b1af
2475
a677
6e32
8381
9494
855f
7bcf
b1c9
246b
82a7
547a
8719
926f
8503
7bb4
b1e3
2461
d215
3262
8be5
9065
84a9
7b99
b1fd
2457
4bbb
0b4a
91db
8e78
8453
7b7e
b217
244d
7fc0
e315
98eb
8ca8
8400
7b63
b231
2443
3e52
bdbd
a102
8af6
83b1
7b47
b24b
2439
c397
9ef7
aa0c
8961
8364
7b2b
b265
242f
8067
89d1
b3f2
87eb
831b
7b0f
b27f
2425
b287
8064
be9a
8694
82d5
7af2
b299
241b
2be1
839e
c9ea
855b
8292
7ad5
b2b3
2411
7ce4
932d
d5c4
8443
8252
7ab8
b2cd
2407
5b14
ad88
e20a
8349
8216
7a9a
b2e8
23fd
e587
d010
ee9d
8270
81dc
7a7c
b302
23f3
8851
f759
fb5c
81b7
81a6
7a5e
b31c
23ea
9924
1f7e
0828
811e
8173
7a3f
b336
23e0
0889
4483
14de
80a6
8144
7a21
b350
23d6
7014
62bd
215f
804e
8118
7a01
b36b
23cc
7094
772d
2d8a
8017
80ee
79e2
b385
23c2
0993
7fca
3941
8001
80c9
79c2
b39f
23b8
99c4
7bbc
4466
800b
80a6
79a2
b3b9
23ae
87f4
6b68
4edc
8036
8087
7981
b3d4
23a4
e482
506d
5888
8082
806b
7961
b3ee
239a
5a57
2d79
6151
80ef
8052
7940
b408
2390
7d1d
0602
6922
817c
803c
791e
b423
2386
2cdc
ddf3
6fe5
8229
802a
78fd
b43d
237c
b35c
b944
758b
82f7
801b
78db
b458
2372
8053
9b99
7a03
83e5
800f
78b8
b472
2368
c2ac
87e3
7d44
84f2
8007
7896
b48d
235e
3d68
8016
7f44
861f
8002
7873
b4a7
2354
7faf
84f9
7fff
876b
8000
7850
b4c2
234a
4c92
960f
7f73
88d6
8001
782c
b4dc
2340
d30f
b1a6
7da0
8a60
8006
7808
b4f7
2336
82de
d503
7a8c
8c07
800e
77e4
b511
232c
a5b9
fca3
763e
8dcd
8019
77c0
b52c
2322
1b94
2499
70c3
8faf
8028
779b
b546
2318
7814
48ed
6a26
91ae
803a
7776
b561
230e
662e
6606
627a
93ca
804f
7750
b57c
2305
f656
7901
59d3
9601
8067
772b
b596
22fb
8f61
7ffc
5045
9853
8083
7705
b5b1
22f1
8ff7
7a46
45ea
9ac0
80a1
76df
b5cc
22e7
f78e
686f
3add
9d47
80c4
76b8
b5e6
22dd
