7fff
7fff
7fff
7fff
7fff
7fff
7fff
7fff
5daa
7c6b
7fa4
7ff7
7fff
7fff
7fff
7fff
0915
71df
7e90
7fdb
7ffc
7fff
7fff
7fff
afa0
60f4
7cc6
7fad
7ff8
7fff
7fff
7fff
814a
4a9b
7a49
7f6d
7ff1
7fff
7fff
7fff
96ee
3016
771c
7f1a
7fe9
7ffe
7fff
7fff
e4f0
12df
7343
7eb5
7fdf
7ffd
7fff
7fff
4177
f49a
6ec4
7e3e
7fd3
7ffb
7fff
7fff
7adf
d6f8
69a6
7db4
7fc5
7ffa
7fff
7fff
725c
bba3
63f0
7d19
7fb5
7ff9
7fff
7fff
2c7f
a420
5daa
7c6b
7fa4
7ff7
7fff
7fff
cec3
91c3
56de
7bab
7f91
7ff5
7fff
7fff
8b71
8591
4f94
7ada
7f7b
7ff3
7fff
7fff
86a7
8039
47d8
79f7
7f64
7ff0
7ffe
7fff
c2f7
8208
3fb5
7903
7f4c
7fee
7ffe
7fff
2005
8ae4
3735
77fd
7f31
7feb
7ffe
7fff
6be6
9a4e
2e67
76e6
7f14
7fe8
7ffe
7fff
7de4
af69
2556
75bd
7ef6
7fe5
7ffd
7fff
4c58
c907
1c0e
7484
7ed6
7fe2
7ffd
7fff
f1d8
e5b8
129f
733a
7eb4
7fdf
7ffd
7fff
9ef0
03e3
0915
71df
7e90
7fdb
7ffc
7fff
801a
21d5
ff7e
7074
7e6b
7fd7
7ffc
7fff
a5e2
3de3
f5e7
6ef9
7e43
7fd3
7ffc
7fff
fc02
567a
ec5f
6d6e
7e1a
7fcf
7ffb
7fff
5447
6a3a
e2f3
6bd3
7def
7fcb
7ffb
7fff
7f55
7808
d9b1
6a28
7dc2
7fc6
7ffa
7fff
6614
7f1e
d0a6
686f
7d93
7fc2
7ffa
7fff
160f
7f16
c7e0
66a6
7d63
7fbd
7ff9
7fff
ba35
77f2
bf6a
64ce
7d30
7fb8
7ff9
7fff
83cc
6a17
b751
62e8
7cfc
7fb3
7ff8
7fff
9005
564c
afa0
60f4
7cc6
7fad
7ff8
7fff
d851
3dac
a863
5ef2
7c8f
7fa7
7ff7
7fff
35e7
2199
a1a5
5ce2
7c55
7fa2
7ff7
7fff
7692
03a4
9b6e
5ac4
7c1a
7f9c
7ff6
7fff
77a1
e57b
95c7
589a
7bdd
7f96
7ff5
7fff
3882
c8ce
90ba
5663
7b9e
7f8f
7ff5
7fff
db13
af38
8c4d
541f
7b5d
7f89
7ff4
7fff
9173
9a28
8886
51d0
7b1b
7f82
7ff3
7fff
8322
8aca
856b
4f74
7ad7
7f7b
7ff3
7fff
b7ce
81fd
8301
4d0d
7a91
7f74
7ff2
7fff
1335
803c
814a
4a9b
7a49
7f6d
7ff1
7fff
644f
85a3
804a
481f
79ff
7f65
7ff1
7ffe
7f98
91e3
8001
4597
79b4
7f5e
7ff0
7ffe
566e
a44c
8071
4306
7967
7f56
7fef
7ffe
fee5
bbd8
8198
406c
7918
7f4e
7fee
7ffe
a7f5
d734
8375
3dc7
78c8
7f46
7fed
7ffe
8040
f4d8
8605
3b1b
7876
7f3d
7fed
7ffe
9d14
131d
8945
3865
7822
7f35
7fec
7ffe
eefa
3050
8d30
35a8
77cc
7f2c
7feb
7ffe
4a02
4ace
91c0
32e2
7775
7f23
7fea
7ffe
7d56
611d
96ee
3016
771c
7f1a
7fe9
7ffe
6d6c
71fc
9cb4
2d42
76c1
7f11
7fe8
7ffe
22cf
7c7a
a308
2a68
7664
7f07
7fe7
7ffe
c585
7fff
a9e3
2788
7606
7efe
7fe6
7ffd
879b
7c5c
b139
24a2
75a6
7ef4
7fe5
7ffd
8a47
71c3
b900
21b7
7544
7eea
7fe4
7ffd
cc1c
60cb
c12e
1ec7
74e1
7edf
7fe3
7ffd
29c7
4a68
c9b6
1bd3
747c
7ed5
7fe2
7ffd
7108
2fdc
d28d
18da
7415
7ecb
7fe1
7ffd
7ba6
12a1
dba4
15de
73ad
7ec0
7fe0
7ffd
43ee
f45c
e4f0
12df
7343
7eb5
7fdf
7ffd
e7c5
d6bd
ee63
0fdd
72d7
7eaa
7fde
7ffd
989b
bb6e
f7f0
0cd9
726a
7e9e
7fdd
7ffc
80e9
a3f5
0187
09d3
71fb
7e93
7fdb
7ffc
ad66
91a3
0b1d
06cc
718a
7e87
7fda
7ffc
0633
857e
14a3
03c3
7118
7e7c
7fd9
7ffc
5bac
8035
1e0b
00ba
70a4
7e6f
7fd8
7ffc
7ff8
8213
2748
fdb1
702e
7e63
7fd7
7ffc
5f9c
8afd
304c
faa9
6fb7
7e57
7fd5
7ffc
0bf6
9a74
390a
f7a1
6f3e
7e4a
7fd4
7ffc
b1e5
af9a
4177
f49a
6ec4
7e3e
7fd3
7ffb
81bb
c93f
4986
f195
6e48
7e31
7fd2
7ffb
954e
e5f6
512a
ee92
6dcb
7e24
7fd0
7ffb
e21f
0421
585a
eb92
6d4c
7e16
7fcf
7ffb
3ef7
2211
5f0b
e894
6ccb
7e09
7fce
7ffb
7a08
3e1a
6533
e59a
6c49
7dfb
7fcc
7ffb
73a1
56a8
6ac9
e2a3
6bc5
7ded
7fcb
7ffb
2f32
6a5d
6fc6
dfb1
6b3f
7ddf
7fc9
7ffb
d171
781d
7422
dcc4
6ab9
7dd1
7fc8
7ffa
8caa
7f25
77d7
d9db
6a30
7dc3
7fc7
7ffa
85c4
7f0f
7adf
d6f8
69a6
7db4
7fc5
7ffa
c071
77dc
7d37
d41b
691b
7da5
7fc4
7ffa
1d37
69f4
7eda
d145
688e
7d96
7fc2
7ffa
6a51
561d
7fc7
ce75
67ff
7d87
7fc1
7ffa
7e61
3d75
7ffc
cbac
676f
7d78
7fbf
7ff9
4ea5
215c
7f79
c8eb
66de
7d69
7fbd
7ff9
f4b8
0366
7e3e
c631
664b
7d59
7fbc
7ff9
a0d8
e53e
7c4e
c380
65b6
7d49
7fba
7ff9
8005
c896
79ab
c0d8
6520
7d39
7fb9
7ff9
a3da
af08
7659
be38
6489
7d29
7fb7
7ff9
f91f
9a02
725c
bba3
63f0
7d19
7fb5
7ff9
5215
8ab1
6dbb
b917
6356
7d08
7fb4
7ff8
7f01
81f2
687c
b695
62ba
7cf7
7fb2
7ff8
67cb
8040
62a7
b41e
621d
7ce6
7fb0
7ff8
18e6
85b5
5c44
b1b2
617f
7cd5
7faf
7ff8
bca6
9203
555c
af51
60df
7cc4
7fad
7ff8
8487
a478
4df9
acfb
603d
7cb3
7fab
7ff8
8ea6
bc0d
4626
aab2
5f9b
7ca1
7fa9
7ff7
d594
d76f
3dee
a875
5ef7
7c8f
7fa8
7ff7
3345
f517
355d
a644
5e51
7c7d
7fa6
7ff7
7574
135b
2c7f
a420
5daa
7c6b
7fa4
7ff7
78a0
308a
2361
a20a
5d02
7c59
7fa2
7ff7
3b16
4b01
1a10
a001
5c59
7c46
7fa0
7ff6
ddd9
6145
109a
9e06
5bae
7c33
7f9e
7ff6
92ef
7218
070c
9c19
5b02
7c21
7f9c
7ff6
8287
7c88
fd74
9a3b
5a54
7c0d
7f9a
7ff6
b570
7fff
f3df
986b
59a6
7bfa
7f99
7ff6
1059
7c4d
ea5c
96aa
58f6
7be7
7f97
7ff5
627d
71a6
e0f8
94f8
5844
7bd3
7f95
7ff5
7fcb
60a2
d7c0
9356
5792
7bbf
7f93
7ff5
588a
4a35
cec3
91c3
56de
7bab
7f91
7ff5
01c9
2fa2
c60c
9040
5629
7b97
7f8f
7ff5
aa13
1263
bda9
8ecd
5572
7b83
7f8c
7ff4
8076
f41d
b5a5
8d6a
54bb
7b6f
7f8a
7ff4
9b45
d682
ae0d
8c18
5402
7b5a
7f88
7ff4
ec1e
bb39
a6ea
8ad7
5348
7b45
7f86
7ff4
47a2
a3ca
a047
89a7
528d
7b30
7f84
7ff4
7cb8
9183
9a2e
8887
51d0
7b1b
7f82
7ff3
6ee5
856c
94a8
8779
5113
7b05
7f80
7ff3
2594
8032
8fbc
867c
5054
7af0
7f7e
7ff3
c81b
821e
8b71
8591
4f94
7ada
7f7b
7ff3
889e
8b16
87cf
84b7
4ed3
7ac4
7f79
7ff3
892d
9a9a
84d9
83ef
4e11
7aae
7f77
7ff2
c97b
afca
8294
8339
4d4e
7a98
7f75
7ff2
2709
c978
8104
8294
4c89
7a82
7f72
7ff2
6fa6
e633
802b
8202
4bc4
7a6b
7f70
7ff2
7c5d
0460
8009
8182
4afd
7a54
7f6e
7ff1
465d
224e
80a0
8114
4a35
7a3d
7f6c
7ff1
ea9d
3e50
81ee
80b9
496d
7a26
7f69
7ff1
9a56
56d6
83f1
8070
48a3
7a0f
7f67
7ff1
809a
6a7f
86a7
8039
47d8
79f7
7f64
7ff0
ab36
7833
8a0c
8014
470c
79e0
7f62
7ff0
0350
7f2c
8e1a
8002
463f
79c8
7f60
7ff0
59a2
7f07
92cc
8002
4571
79b0
7f5d
7ff0
7fdf
77c6
981b
8015
44a2
7998
7f5b
7fef
6182
69d1
9e00
803a
43d3
797f
7f58
7fef
0ed5
55ef
a472
8072
4302
7967
7f56
7fef
b434
3d3e
ab67
80bc
4230
794e
7f53
7fef
823c
2120
b2d7
8118
415d
7935
7f51
7fee
93bd
0327
bab5
8187
4089
791c
7f4e
7fee
df52
e501
c2f7
8208
3fb5
7903
7f4c
7fee
3c6f
c85d
cb91
829b
3edf
78e9
7f49
7fee
7921
aed7
d476
833f
3e09
78d0
7f46
7fed
74d6
99dc
dd9a
83f6
3d31
78b6
7f44
7fed
31de
8a98
e6ef
84bf
3c59
789c
7f41
7fed
d425
81e7
f069
859a
3b80
7882
7f3e
7fed
8df3
8044
f9f9
8686
3aa6
7868
7f3c
7fec
84f0
85c8
0391
8783
39cb
784d
7f39
7fec
bdf3
9223
0d25
8892
38ef
7833
7f36
7fec
1a65
a4a4
16a5
89b2
3813
7818
7f34
7fec
68ae
bc42
2005
8ae4
3735
77fd
7f31
7feb
7ece
d7aa
2937
8c26
3657
77e2
7f2e
7feb
50e7
f555
322d
8d78
3579
77c6
7f2b
7feb
f799
1399
3adc
8edc
3499
77ab
7f29
7fea
a2cd
30c3
4335
904f
33b8
778f
7f26
7fea
8000
4b33
4b2e
91d3
32d7
7773
7f23
7fea
a1df
616e
52bb
9366
31f5
7757
7f20
7fea
f63d
7234
59d1
9509
3113
773b
7f1d
7fe9
4fd8
7c97
6065
96bc
3030
771f
7f1a
7fe9
7e9d
7fff
666f
987d
2f4c
7702
7f17
7fe9
6975
7c3e
6be6
9a4e
2e67
76e6
7f14
7fe8
1bba
7189
70c1
9c2d
2d82
76c9
7f11
7fe8
bf1f
6079
74fa
9e1a
2c9c
76ac
7f0f
7fe8
8552
4a02
788a
a016
2bb5
768e
7f0c
7fe8
8d56
2f67
7b6d
a21f
2ace
7671
7f09
7fe7
d2dd
1225
7d9f
a436
29e6
7653
7f05
7fe7
309c
f3df
7f1c
a65a
28fd
7636
7f02
7fe7
7446
d647
7fe2
a88b
2814
7618
7eff
7fe6
7990
bb04
7fef
aac9
272b
75fa
7efc
7fe6
3da2
a39e
7f45
ad13
2640
75dc
7ef9
7fe6
e0a4
9164
7de4
af69
2556
75bd
7ef6
7fe5
9479
855a
7bcd
b1ca
246a
759f
7ef3
7fe5
81fd
802e
7905
b437
237e
7580
7ef0
7fe5
b31c
8229
758e
b6af
2292
7561
7eed
7fe4
0d7b
8b30
716e
b931
21a5
7542
7ee9
7fe4
609e
9ac0
6cab
bbbd
20b8
7523
7ee6
7fe4
7fed
affb
674b
be53
1fca
7503
7ee3
7fe3
5a9a
c9b1
6157
c0f3
1edc
74e4
7ee0
7fe3
04ac
e670
5ad7
c39c
1ded
74c4
7edd
7fe3
ac3d
049e
53d4
c64d
1cfe
74a4
7ed9
7fe2
80bd
228a
4c58
c907
1c0e
7484
7ed6
7fe2
9983
3e87
446f
cbc8
1b1f
7464
7ed3
7fe2
e945
5704
3c23
ce92
1a2e
7443
7ecf
7fe1
4538
6aa2
3381
d162
193d
7423
7ecc
7fe1
7c09
7848
2a94
d439
184c
7402
7ec9
7fe1
704f
7f33
216b
d716
175b
73e1
7ec5
7fe0
2855
7eff
1811
d9f9
1669
73c0
7ec2
7fe0
cab8
77b0
0e94
dce2
1577
739f
7ebe
7fe0
89b0
69ad
0503
dfd0
1485
737d
7ebb
7fdf
8821
55c1
fb6a
e2c2
1392
735c
7eb7
7fdf
c6e1
3d07
f1d8
e5b8
129f
733a
7eb4
7fdf
2446
20e3
e85a
e8b3
11ac
7318
7eb0
7fde
6e35
02e8
deff
ebb0
10b8
72f6
7ead
7fde
7d04
e4c4
d5d2
eeb1
0fc5
72d4
7ea9
7fde
48c2
c825
cce3
f1b4
0ed1
72b1
7ea6
7fdd
ed77
aea7
c43d
f4b9
0ddc
728f
7ea2
7fdd
9c1e
99b6
bbed
f7c0
0ce8
726c
7e9f
7fdd
805a
8a7f
b3ff
fac8
0bf4
7249
7e9b
7fdc
a912
81dc
ac7e
fdd1
0aff
7226
7e97
7fdc
006c
8048
a576
00da
0a0a
7203
7e94
7fdc
578c
85da
9ef0
03e3
0915
71df
7e90
7fdb
7fb5
9243
98f5
06eb
0820
71bc
7e8c
7fdb
635a
a4d0
938f
09f2
072a
7198
7e89
7fda
11b3
bc77
8ec5
0cf8
0635
7174
7e85
7fda
b68d
d7e6
8a9d
0ffc
0540
7150
7e81
7fda
82ce
f594
871f
12fe
044a
712c
7e7e
7fd9
9239
13d7
844f
15fd
0354
7107
7e7a
7fd9
dc89
30fd
8230
18f9
025f
70e3
7e76
7fd9
39e0
4b66
80c7
1bf1
0169
70be
7e72
7fd8
782a
6197
8014
1ee5
0073
7099
7e6e
7fd8
75fd
7251
801a
21d5
ff7e
7074
7e6b
7fd7
3484
7ca5
80d8
24c0
fe88
704f
7e67
7fd7
d6de
7fff
824c
27a6
fd92
702a
7e63
7fd7
8f4a
7c2f
8476
2a86
fc9c
7004
7e5f
7fd6
842d
716c
8751
2d5f
fba7
6fde
7e5b
7fd6
bb7e
6050
8ada
3033
fab1
6fb9
7e57
7fd5
1790
49cf
8f0c
32ff
f9bc
6f93
7e53
7fd5
66fe
2f2d
93e0
35c4
f8c6
6f6c
7e4f
7fd5
7f2b
11e7
9950
3881
f7d1
6f46
7e4b
7fd4
531f
f3a1
9f53
3b36
f6dc
6f20
7e47
7fd4
fa7c
d60c
a5e2
3de3
f5e7
6ef9
7e43
7fd3
a4ce
bad0
acf2
4087
f4f2
6ed2
7e3f
7fd3
800d
a373
b47a
4321
f3fd
6eab
7e3b
7fd3
9ff0
9144
bc6e
45b2
f309
6e84
7e37
7fd2
f35c
8548
c4c4
4838
f214
6e5d
7e33
7fd2
4d91
802b
cd6e
4ab5
f120
6e35
7e2f
7fd1
7e28
8235
d662
4d26
f02c
6e0e
7e2b
7fd1
6b12
8b4a
df92
4f8d
ef39
6de6
7e26
7fd1
1e8a
9ae6
e8f0
51e8
ee45
6dbe
7e22
7fd0
c1a1
b02c
f26f
5437
ed52
6d96
7e1e
7fd0
862d
c9e9
fc02
567a
ec5f
6d6e
7e1a
7fcf
8c15
e6ae
059b
58b0
eb6c
6d45
7e16
7fcf
d02c
04dd
0f2b
5ada
ea7a
6d1d
7e11
7fce
2dec
22c6
18a6
5cf7
e988
6cf4
7e0d
7fce
7309
3ebe
21fd
5f07
e896
6ccb
7e09
7fce
7a6f
5732
2b24
6108
e7a5
6ca2
7e05
7fcd
4026
6ac5
340c
62fc
e6b4
6c79
7e00
7fcd
e373
785e
3ca9
64e1
e5c3
6c50
7dfc
7fcc
9611
7f3a
44ef
66b8
e4d3
6c26
7df7
7fcc
8183
7ef7
4cd2
6881
e3e3
6bfd
7df3
7fcb
b0d2
779a
5447
6a3a
e2f3
6bd3
7def
7fcb
0a9a
698a
5b42
6be4
e204
6ba9
7dea
7fcb
5eb3
5592
61ba
6d7e
e115
6b7f
7de6
7fca
7ffe
3cd0
67a5
6f09
e027
6b54
7de1
7fca
5c9e
20a7
6cfb
7083
df39
6b2a
7ddd
7fc9
078f
02aa
71b4
71ed
de4c
6aff
7dd9
7fc9
ae72
e486
75ca
7347
dd5f
6ad5
7dd4
7fc8
8115
c7ed
7936
7491
dc73
6aaa
7dd0
7fc8
97cf
ae77
7bf4
75c9
db87
6a7f
7dcb
7fc7
e66f
9991
7dff
76f1
da9c
6a54
7dc6
7fc7
42c6
8a67
7f55
7808
d9b1
6a28
7dc2
7fc6
7b4a
81d2
7ff4
790d
d8c7
69fd
7dbd
7fc6
71ab
804d
7fdb
7a01
d7dd
69d1
7db9
7fc6
2b10
85ed
7f09
7ae3
d6f4
69a5
7db4
7fc5
cd5b
9263
7d81
7bb4
d60c
6979
7daf
7fc5
8ad2
a4fb
7b45
7c72
d524
694d
7dab
7fc4
8726
bcac
7857
7d1f
d43d
6921
7da6
7fc4
c44f
d821
74bc
7dba
d356
68f5
7da1
7fc3
217f
f5d2
7078
7e43
d270
68c8
7d9d
7fc3
6cb6
1414
6b93
7eb9
d18b
689b
7d98
7fc2
7d9b
3137
6614
7f1e
d0a6
686f
7d93
7fc2
4b1e
4b99
6001
7f70
cfc2
6842
7d8e
7fc1
f054
61bf
5964
7faf
cedf
6814
7d8a
7fc1
9df3
726d
5247
7fdd
cdfd
67e7
7d85
7fc0
802c
7cb3
4ab3
7ff8
cd1b
67ba
7d80
7fc0
a6f9
7fff
42b4
7fff
cc3a
678c
7d7b
7fbf
fd88
7c20
3a55
7ff6
cb59
675e
7d76
7fbf
556b
714f
31a1
7fda
ca7a
6730
7d71
7fbe
7f7b
6026
28a7
7fab
c99b
6702
7d6c
7fbe
6526
499c
1f72
7f6a
c8bd
66d4
7d68
7fbd
148e
2ef3
160f
7f16
c7e0
66a6
7d63
7fbd
b8ef
11a9
0c8d
7eb0
c703
6677
7d5e
7fbc
8370
f363
02f9
7e38
c628
6649
7d59
7fbc
90c4
d5d1
f961
7dae
c54d
661a
7d54
7fbb
d9c5
ba9b
efd2
7d12
c473
65eb
7d4f
7fbb
3748
a348
e65a
7c64
c39a
65bc
7d4a
7fba
7723
9125
dd07
7ba3
c2c1
658d
7d45
7fba
7714
8537
d3e7
7ad1
c1ea
655d
7d40
7fb9
3723
8028
cb06
79ee
c114
652e
7d3b
7fb9
d99d
8241
c271
78f8
c03e
64fe
7d35
7fb8
90b0
8b63
ba35
77f2
bf6a
64ce
7d30
7fb8
837a
9b0d
b25e
76da
be96
649e
7d2b
7fb7
b912
b05d
aaf6
75b1
bdc3
646e
7d26
7fb7
14b7
ca22
a408
7477
bcf1
643e
7d21
7fb6
6540
e6eb
9d9f
732c
bc21
640e
7d1c
7fb6
7f77
051b
97c3
71d1
bb51
63dd
7d16
7fb5
554c
2303
927d
7065
ba82
63ac
7d11
7fb5
fd5f
3ef4
8dd5
6ee9
b9b4
637b
7d0c
7fb4
a6db
5760
89d1
6d5d
b8e7
634a
7d07
7fb4
802a
6ae7
8677
6bc2
b81b
6319
7d01
7fb3
9e0e
7873
83cc
6a17
b751
62e8
7cfc
7fb3
f07d
7f41
81d4
685c
b687
62b7
7cf7
7fb2
4b3f
7eef
8091
6693
b5be
6285
7cf2
7fb1
7da3
7783
8006
64bb
b4f7
6254
7cec
7fb1
6ca0
6966
8033
62d4
b430
6222
7ce7
7fb0
2156
5564
8118
60df
b36b
61f0
7ce1
7fb0
c42b
3c99
82b3
5edd
b2a6
61be
7cdc
7faf
8718
206a
8503
5ccc
b1e3
618b
7cd7
7faf
8ae3
026b
8803
5aae
b121
6159
7cd1
7fae
cd82
e449
8bb0
5883
b060
6126
7ccc
7fae
2b37
c7b5
9005
564c
afa0
60f4
7cc6
7fad
71be
ae46
94fb
5408
aee1
60c1
7cc1
7fad
7b3f
996b
9a8b
51b7
ae24
608e
7cbb
7fac
42a2
8a4e
a0ac
4f5c
ad68
605b
7cb6
7fab
e646
81c7
a757
4cf4
acad
6028
7cb0
7fab
97b7
8051
ae82
4a82
abf3
5ff4
7cab
7faa
811a
8600
b621
4805
ab3a
5fc1
7ca5
7faa
ae92
9283
be2b
457d
aa82
5f8d
7c9f
7fa9
07b9
a528
c694
42ec
a9cc
5f5a
7c9a
7fa9
5cbb
bce1
cf50
4050
a917
5f26
7c94
7fa8
7ffe
d85d
d851
3dac
a863
5ef2
7c8f
7fa7
5e97
f610
e18b
3aff
a7b1
5ebd
7c89
7fa7
0a71
1452
eaf2
3849
a700
5e89
7c83
7fa6
b0b1
3171
f477
358b
a650
5e55
7c7e
7fa6
817d
4bcb
fe0c
32c6
a5a1
5e20
7c78
7fa5
9628
61e7
07a4
2ff9
a4f4
5deb
7c72
7fa5
e39c
7289
1131
2d25
a448
5db6
7c6c
7fa4
404a
7cc1
1aa5
2a4b
a39d
5d81
7c67
7fa3
7a7c
7ffe
23f3
276a
a2f3
5d4c
7c61
7fa3
72f7
7c11
2d0e
2484
a24b
5d17
7c5b
7fa2
2dc6
7132
35e7
2199
a1a5
5ce2
7c55
7fa2
d006
5ffd
3e73
1ea9
a0ff
5cac
7c4f
7fa1
8c03
4969
46a5
1bb4
a05b
5c76
7c49
7fa1
863a
2eb9
4e71
18bb
9fb9
5c41
7c43
7fa0
c1c5
116b
55cd
15bf
9f17
5c0b
7c3e
7f9f
1eb3
f324
5cad
12c0
9e78
5bd5
7c38
7f9f
6b28
d595
6307
0fbe
9dd9
5b9e
7c32
7f9e
7e21
ba66
68d4
0cba
9d3c
5b68
7c2c
7f9e
4d70
a31d
6e09
09b4
9ca1
5b32
7c26
7f9d
f333
9106
72a0
06ac
9c06
5afb
7c20
7f9c
9fd5
8525
7692
03a4
9b6e
5ac4
7c1a
7f9c
800e
8025
79da
009b
9ad6
5a8d
7c14
7f9b
a4eb
824c
7c72
fd92
9a41
5a56
7c0e
7f9a
faa5
8b7d
7e57
fa89
99ac
5a1f
7c08
7f9a
533f
9b33
7f86
f782
9919
59e8
7c02
7f99
7f30
b08e
7ffe
f47b
9888
59b1
7bfb
7f99
66e5
ca5b
7fbe
f176
97f8
5979
7bf5
7f98
1767
e728
7ec5
ee73
976a
5942
7bef
7f97
bb5b
055a
7d17
eb73
96dd
590a
7be9
7f97
8423
233f
7ab4
e875
9651
58d2
7be3
7f96
8f5e
3f2b
77a1
e57b
95c7
589a
7bdd
7f96
d706
578d
73e2
e285
953f
5862
7bd6
7f95
34aa
6b0a
6f7c
df93
94b8
582a
7bd0
7f94
760d
7888
6a75
dca6
9433
57f1
7bca
7f94
781b
7f48
64d6
d9be
93af
57b9
7bc4
7f93
39bb
7ee7
5ea5
d6db
932d
5780
7bbd
7f92
dc61
776d
57ec
d3fe
92ad
5747
7bb7
7f92
9224
6943
50b5
d128
922e
570e
7bb1
7f91
82d7
5535
4909
ce58
91b0
56d5
7bab
7f90
b6af
3c62
40f4
cb8f
9134
569c
7ba4
7f90
11dc
202e
3882
c8ce
90ba
5663
7b9e
7f8f
6375
022d
2fbf
c615
9041
5629
7b97
7f8f
7fb2
e40c
26b7
c365
8fca
55f0
7b91
7f8e
576e
c77c
1d77
c0bd
8f55
55b6
7b8b
7f8d
0042
ae16
140d
be1e
8ee1
557c
7b84
7f8d
a8f3
9946
0a86
bb88
8e6f
5543
7b7e
7f8c
8057
8a36
00ef
b8fd
8dfe
5509
7b77
7f8b
9c38
81bd
f758
b67b
8d8f
54ce
7b71
7f8b
eda0
8055
edcd
b405
8d22
5494
7b6a
7f8a
48e4
8613
e45c
b199
8cb7
545a
7b64
7f89
7d0d
92a4
db13
af38
8c4d
541f
7b5d
7f89
6e20
a554
d1ff
ace3
8be4
53e5
7b57
7f88
241e
bd17
c92d
aa9a
8b7e
53aa
7b50
7f87
c6bc
d898
c0aa
a85e
8b19
536f
7b49
7f87
8813
f64f
b882
a62e
8ab6
5334
7b43
7f86
89c0
1490
b0c1
a40b
8a54
52f9
7b3c
7f85
cadd
31ab
a972
a1f5
89f4
52be
7b36
7f85
287c
4bfe
a2a0
9fed
8996
5282
7b2f
7f84
7063
6210
9c54
9df2
893a
5247
7b28
7f83
7bff
72a5
9697
9c06
88df
520b
7b21
7f83
4515
7ccf
9173
9a28
8886
51d0
7b1b
7f82
e91c
7ffd
8ced
9858
882f
5194
7b14
7f81
996a
7c01
890d
9698
87d9
5158
7b0d
7f81
80c2
7115
85d7
94e7
8785
511c
7b06
7f80
ac5c
5fd4
8352
9345
8733
50e0
7b00
7f7f
04d6
4936
8180
91b3
86e3
50a3
7af9
7f7f
5ab7
2e7f
8064
9031
8694
5067
7af2
7f7e
7fee
112d
8000
8ebe
8647
502a
7aeb
7f7d
6083
f2e6
8054
8d5d
85fc
4fee
7ae4
7f7c
0d51
d55a
8160
8c0b
85b3
4fb1
7add
7f7c
b2fb
ba32
8322
8aca
856b
4f74
7ad7
7f7b
81f6
a2f2
8597
899b
8525
4f37
7ad0
7f7a
948f
90e7
88bd
887c
84e1
4efa
7ac9
7f7a
e0cc
8514
8c8e
876e
849f
4ebd
7ac2
7f79
3dc7
8022
9105
8672
845e
4e80
7abb
7f78
799d
8258
961d
8587
841f
4e42
7ab4
7f78
7435
8b97
9bcc
84ae
83e3
4e05
7aad
7f77
3075
9b5a
a20c
83e7
83a7
4dc7
7aa6
7f76
d2b7
b0bf
a8d2
8332
836e
4d89
7a9f
7f75
8d44
ca94
b017
828e
8336
4d4b
7a98
7f75
855e
e766
b7ce
81fd
8301
4d0d
7a91
7f74
bf43
0598
bfed
817d
82cd
4ccf
7a8a
7f73
1be3
237b
c868
8110
829a
4c91
7a82
7f73
698d
3f61
d134
80b5
826a
4c53
7a7b
7f72
7e97
57bb
da42
806d
823b
4c14
7a74
7f71
4fb7
6b2c
e387
8037
820f
4bd6
7a6d
7f70
f614
789d
ecf5
8013
81e4
4b97
7a66
7f70
a1c3
7f4e
f67f
8002
81ba
4b58
7a5f
7f6f
8001
7edf
0016
8003
8193
4b19
7a57
7f6e
a2e9
7756
09ac
8016
816e
4ada
7a50
7f6d
f7c3
691f
1335
803c
814a
4a9b
7a49
7f6d
5108
5506
1ca3
8075
8128
4a5c
7a42
7f6c
7ed4
3c2b
25e7
80bf
8108
4a1d
7a3a
7f6b
6896
1ff1
2ef5
811c
80ea
49dd
7a33
7f6a
1a3c
01ee
37bf
818c
80cd
499e
7a2c
7f6a
bdd0
e3cf
4038
820d
80b3
495e
7a24
7f69
84e5
c744
4856
82a1
809a
491e
7a1d
7f68
8e06
ade6
500b
8347
8083
48df
7a16
7f67
d44c
9921
574d
83fe
806e
489f
7a0e
7f67
3204
8a1d
5e12
84c8
805b
485f
7a07
7f66
74e7
81b3
644f
85a3
804a
481f
79ff
7f65
7913
805a
69fc
8690
803a
47de
79f8
7f64
3c4b
8626
6f10
878e
802c
479e
79f0
7f64
df2a
92c4
7385
889e
8020
475d
79e9
7f63
93a7
a580
7753
89be
8016
471d
79e2
7f62
8244
bd4c
7a75
8af0
800e
46dc
79da
7f61
b455
d8d4
7ce8
8c33
8008
469b
79d2
7f61
0eff
f68d
7ea7
8d86
8003
465b
79cb
7f60
619d
14ce
7faf
8eea
8001
461a
79c3
7f5f
7fdd
31e4
7fff
905e
8000
45d9
79bc
7f5e
5984
4c30
7f98
91e3
8001
4597
79b4
7f5e
0326
6238
7e79
9377
8004
4556
79ad
7f5d
ab17
72c0
7ca4
951a
8009
4515
79a5
7f5c
8096
7cdd
7a1c
96cd
800f
44d3
799d
7f5b
9a6f
7ffc
76e3
9890
8018
4492
7996
7f5b
eac6
7bf2
7300
9a61
8022
4450
798e
7f5a
467f
70f7
6e78
9c40
802e
440e
7986
7f59
7c67
5faa
6950
9e2f
803c
43cc
797e
7f58
6f92
4902
6391
a02b
804c
438a
7977
7f57
26e1
2e44
5d42
a235
805d
4348
796f
7f57
c955
10ef
566e
a44c
8071
4306
7967
7f56
891d
f2a8
4f1d
a671
8086
42c4
795f
7f55
88ad
d51f
475a
a8a2
809d
4282
7958
7f54
c840
b9fd
3f31
aae0
80b6
423f
7950
7f53
25bc
a2c7
36ac
ad2b
80d1
41fd
7948
7f53
6efa
90c8
2dd9
af81
80ed
41ba
7940
7f52
7cae
8502
24c4
b1e3
810c
4177
7938
7f51
477f
801f
1b7a
b450
812c
4135
7930
7f50
ebf5
8264
1209
b6c8
814e
40f2
7928
7f4f
9b2b
8bb1
087d
b94b
8172
40af
7920
7f4f
807a
9b81
fee5
bbd8
8198
406c
7918
7f4e
aa32
b0f0
f54f
be6e
81bf
4028
7910
7f4d
01f3
cacd
ebc9
c10e
81e9
3fe5
7908
7f4c
58a8
e7a3
e25f
c3b7
8214
3fa2
7900
7f4b
7fcd
05d7
d920
c669
8241
3f5e
78f8
7f4b
6262
23b7
d019
c923
8270
3f1b
78f0
7f4a
1030
3f97
c757
cbe5
82a0
3ed7
78e8
7f49
b54e
57e8
bee6
ceae
82d3
3e93
78e0
7f48
827f
6b4e
b6d4
d17f
8307
3e4f
78d8
7f47
9304
78b2
af2a
d456
833d
3e0b
78d0
7f46
de01
7f55
a7f5
d734
8375
3dc7
78c8
7f46
3b3b
7ed7
a13e
da17
83af
3d83
78c0
7f45
78ae
773f
9b10
dd00
83ea
3d3f
78b8
7f44
7563
68fc
9573
dfee
8427
3cfb
78af
7f43
331f
54d7
906f
e2e0
8466
3cb7
78a7
7f42
d56d
3bf3
8c0c
e5d7
84a7
3c72
789f
7f41
8e93
1fb5
8850
e8d2
84e9
3c2e
7897
7f41
8492
01af
8540
ebcf
852e
3be9
788f
7f40
bcc9
e392
82e0
eed0
8574
3ba4
7886
7f3f
190f
c70c
8135
f1d3
85bc
3b5f
787e
7f3e
67e4
adb6
8040
f4d8
8605
3b1b
7876
7f3d
7efc
98fb
8003
f7df
8651
3ad6
786d
7f3c
51f5
8a05
807e
fae7
869e
3a91
7865
7f3c
f8f6
81a9
81b0
fdf0
86ed
3a4b
785d
7f3b
a3be
805f
8398
00f9
873d
3a06
7854
7f3a
8004
8639
8634
0402
878f
39c1
784c
7f39
a0f4
92e5
897e
070a
87e4
397b
7844
7f38
f4e1
a5ac
8d73
0a12
8839
3936
783b
7f37
4ec6
bd81
920d
0d17
8891
38f0
7833
7f36
7e68
d910
9745
101b
88ea
38ab
782a
7f36
6a3a
f6cc
9d14
131d
8945
3865
7822
7f35
1d0e
150b
a371
161c
89a2
381f
7819
7f34
c04d
321e
aa53
1918
8a00
37d9
7811
7f33
85b8
4c62
b1b1
1c10
8a60
3793
7808
7f32
8cbd
6260
b97f
1f04
8ac2
374d
7800
7f31
d198
72dc
c1b3
21f3
8b25
3707
77f7
7f30
2f58
7ceb
ca40
24de
8b8a
36c1
77ef
7f2f
73b3
7ffb
d31b
27c3
8bf1
367b
77e6
7f2f
79fb
7be2
dc36
2aa3
8c5a
3634
77dd
7f2e
3ed3
70da
e585
2d7d
8cc4
35ee
77d5
7f2d
e1f7
5f80
eefa
3050
8d30
35a8
77cc
7f2c
9538
48cf
f887
331c
8d9d
3561
77c3
7f2b
81c2
2e0a
021f
35e0
8e0c
351a
77bb
7f2a
b206
10b1
0bb5
389d
8e7d
34d4
77b2
7f29
0c1f
f26a
1539
3b52
8eef
348d
77a9
7f28
5fb8
d4e4
1e9e
3dfe
8f63
3446
77a1
7f28
7ff7
b9c9
27d8
40a2
8fd9
33ff
7798
7f27
5b8f
a29c
30d8
433c
9050
33b8
778f
7f26
0609
90a9
3992
45cc
90c9
3371
7786
7f25
ad46
84f1
41fa
4852
9143
332a
777d
7f24
80e5
801c
4a02
4ace
91c0
32e2
7775
7f23
98b4
8270
51a0
4d3f
923d
329b
776c
7f22
e7ee
8bcb
58c8
4fa5
92bc
3254
7763
7f21
4412
9ba8
5f71
5200
933d
320c
775a
7f20
7bb1
b122
6590
544e
93bf
31c4
7751
7f1f
70f5
cb06
6b1d
5691
9443
317d
7748
7f1f
299f
e7e1
7010
58c7
94c9
3135
773f
7f1e
cbf6
0615
7462
5af0
9550
30ed
7736
7f1d
8a37
23f3
780c
5d0d
95d8
30a6
772d
7f1c
87a9
3fce
7b09
5f1b
9662
305e
7724
7f1b
c5aa
5816
7d56
611d
96ee
3016
771c
7f1a
22f7
6b70
7eee
6310
977b
2fce
7713
7f19
6d82
78c7
7fcf
64f5
980a
2f85
7709
7f18
7d4d
7f5b
7ff9
66cb
989a
2f3d
7700
7f17
49e0
7ece
7f6b
6893
992b
2ef5
76f7
7f16
eed1
7729
7e25
6a4b
99be
2ead
76ee
7f15
9cfa
68d8
7c29
6bf4
9a53
2e64
76e5
7f14
8042
54a8
797b
6d8e
9ae9
2e1c
76dc
7f13
a813
3bbc
761e
6f18
9b80
2dd3
76d3
7f13
ff0f
1f78
7217
7092
9c19
2d8b
76ca
7f12
568c
0171
6d6c
71fc
9cb4
2d42
76c1
7f11
7f9b
e355
6824
7355
9d4f
2cf9
76b7
7f10
6435
c6d4
6246
749e
9ded
2cb1
76ae
7f0f
130c
ad86
5bda
75d6
9e8b
2c68
76a5
7f0e
b7ac
98d6
54ea
76fd
9f2b
2c1f
769c
7f0d
8319
89ed
4d80
7812
9fcd
2bd6
7693
7f0c
9188
819f
45a6
7917
a06f
2b8d
7689
7f0b
db3a
8063
3d69
7a0a
a114
2b44
7680
7f0a
38a7
864d
34d3
7aec
a1b9
2afb
7677
7f09
77b0
9306
2bf0
7bbc
a260
2ab1
766d
7f08
7682
a5d9
22cf
7c7a
a308
2a68
7664
7f07
35c1
bdb7
197b
7d26
a3b2
2a1f
765b
7f06
d829
d94b
1003
7dc0
a45d
29d5
7651
7f05
8ff1
f70a
0674
7e48
a509
298c
7648
7f04
83d6
1549
fcdc
7ebe
a5b6
2942
763f
7f03
ba58
3257
f348
7f21
a665
28f9
7635
7f02
1638
4c94
e9c6
7f73
a715
28af
762c
7f01
662d
6288
e064
7fb2
a7c7
2865
7622
7f00
7f51
72f8
d730
7fde
a879
281c
7619
7eff
5427
7cf8
ce37
7ff8
a92d
27d2
760f
7eff
fbd9
7ffa
c585
7fff
a9e3
2788
7606
7efe
a5c4
7bd2
bd27
7ff5
aa99
273e
75fc
7efd
8018
70bc
b52a
7fd8
ab51
26f4
75f3
7efc
9f0b
5f57
ad98
7fa9
ac0a
26aa
75e9
7efb
f201
489b
a67d
7f67
acc4
2660
75e0
7efa
4c7a
2dcf
9fe2
7f12
ad7f
2616
75d6
7ef9
7deb
1073
99d2
7eac
ae3b
25cb
75cc
7ef8
6bcf
f22b
9455
7e33
aef9
2581
75c3
7ef7
1fdd
d4aa
8f73
7da8
afb8
2537
75b9
7ef6
c2d2
b995
8b33
7d0b
b078
24ed
75b0
7ef5
869a
a271
879b
7c5c
b139
24a2
75a6
7ef4
8b82
908a
84b0
7b9b
b1fb
2458
759c
7ef3
cee9
84e0
8276
7ac9
b2be
240d
7592
7ef2
2ca6
801a
80f1
79e4
b383
23c2
7589
7ef1
726f
827d
8023
78ee
b448
2378
757f
7ef0
7ad3
8be6
800d
77e7
b50f
232d
7575
7eef
4153
9bce
80af
76ce
b5d7
22e2
756b
7eee
e4c8
b153
8209
75a5
b6a0
2298
7562
7eed
96d6
cb3f
8417
746a
b76a
224d
7558
7eec
8150
e81e
86d8
731f
b835
2202
754e
7eeb
afc0
0654
8a47
71c3
b900
21b7
7544
7eea
093e
242f
8e60
7056
b9cd
216c
753a
7ee9
5dc7
4004
931c
6eda
ba9b
2121
7530
7ee8
7fff
5843
9875
6d4d
bb6a
20d6
7527
7ee7
5d8e
6b92
9e62
6bb1
bc3a
208b
751d
7ee6
08eb
78db
a4dc
6a05
bd0b
2040
7513
7ee5
af80
7f61
abda
684a
bddd
1ff4
7509
7ee4
8144
7ec6
b350
6680
beb0
1fa9
74ff
7ee3
9706
7712
bb35
64a8
bf84
1f5e
74f5
7ee2
e519
68b4
c37d
62c0
c059
1f12
74eb
7ee1
419b
5479
cc1c
60cb
c12e
1ec7
74e1
7edf
7aeb
3b85
d505
5ec8
c205
1e7c
74d7
7ede
7249
1f3b
de2c
5cb6
c2dc
1e30
74cd
7edd
2c58
0132
e784
5a98
c3b5
1de5
74c3
7edc
ce9d
e318
f100
586d
c48e
1d99
74b9
7edb
8b60
c69c
fa90
5635
c568
1d4d
74af
7eda
86b5
ad57
0429
53f0
c643
1d02
74a4
7ed9
c31b
98b1
0dbc
519f
c71e
1cb6
749a
7ed8
202d
89d4
173b
4f43
c7fb
1c6a
7490
7ed7
6bfc
8195
2098
4cdb
c8d8
1c1e
7486
7ed6
7ddc
8068
29c7
4a68
c9b6
1bd3
747c
7ed5
4c37
8660
32b9
47eb
ca95
1b87
7472
7ed4
f1af
9327
3b63
4563
cb75
1b3b
7467
7ed3
9ed5
a605
43b7
42d1
cc55
1aef
745d
7ed2
801c
bded
4ba9
4035
cd37
1aa3
7453
7ed1
a5ff
d987
532f
3d91
ce19
1a57
7449
7ed0
fc2c
f748
5a3d
3ae3
cefb
1a0b
743e
7ecf
5466
1587
60c9
382d
cfdf
19bf
7434
7ece
7f59
3291
66ca
356f
d0c3
1973
742a
7ecd
65fb
4cc6
6c37
32a9
d1a7
1926
7420
7ecc
15e6
62b0
7108
2fdc
d28d
18da
7415
7ecb
ba12
7313
7537
2d08
d373
188e
740b
7ec9
83c2
7d06
78bd
2a2d
d459
1842
7400
7ec8
9019
7ff9
7b95
274c
d541
17f5
73f6
7ec7
d878
7bc2
7dbc
2466
d629
17a9
73ec
7ec6
360d
709e
7f2d
217b
d711
175d
73e1
7ec5
76a2
5f2d
7fe8
1e8a
d7fa
1710
73d7
7ec4
7792
4868
7fea
1b95
d8e4
16c4
73cc
7ec3
385d
2d95
7f35
189d
d9ce
1677
73c2
7ec2
daeb
1035
7dc8
15a1
dab9
162b
73b7
7ec1
915e
f1ed
7ba6
12a1
dba4
15de
73ad
7ec0
832b
d46f
78d3
0f9f
dc90
1592
73a2
7ebf
b7f0
b961
7551
0c9b
dd7d
1545
7398
7ebe
135f
a246
7127
0995
de69
14f8
738d
7ebd
6469
906b
6c5a
068d
df57
14ac
7383
7ebb
7f95
84cf
66f1
0385
e045
145f
7378
7eba
564f
8017
60f4
007c
e133
1412
736d
7eb9
febc
8289
5a6c
fd73
e222
13c6
7363
7eb8
a7d7
8c00
5361
fa6a
e311
1379
7358
7eb7
803d
9bf5
4bde
f762
e400
132c
734d
7eb6
9d2e
b184
43ee
f45c
e4f0
12df
7343
7eb5
ef23
cb78
3b9d
f157
e5e1
1292
7338
7eb4
4a24
e85c
32f5
ee54
e6d1
1245
732d
7eb3
7d5e
0693
2a05
eb54
e7c3
11f8
7323
7eb2
6d57
246b
20d8
e856
e8b4
11ab
7318
7eb0
22a7
403a
177b
e55d
e9a6
115e
730d
7eaf
c560
5871
0dfd
e267
ea98
1111
7302
7eae
878c
6bb4
046b
df75
eb8a
10c4
72f8
7ead
8a58
78f0
fad2
dc88
ec7d
1077
72ed
7eac
cc42
7f67
f141
d9a0
ed70
102a
72e2
7eab
29ee
7ebd
e7c5
d6bd
ee63
0fdd
72d7
7eaa
711c
76fb
de6c
d3e1
ef57
0f90
72cc
7ea9
7b9c
6890
d543
d10a
f04b
0f43
72c1
7ea8
43cb
544a
cc58
ce3b
f13e
0ef6
72b6
7ea6
e79c
3b4d
c3b7
cb73
f233
0ea9
72ac
7ea5
9883
1eff
bb6c
c8b2
f327
0e5b
72a1
7ea4
80ee
00f4
b385
c5f9
f41c
0e0e
7296
7ea3
ad86
e2db
ac0b
c349
f510
0dc1
728b
7ea2
065c
c664
a50b
c0a1
f605
0d74
7280
7ea1
5bc9
ad27
9e8d
be03
f6fa
0d26
7275
7ea0
7ff9
988c
989b
bb6e
f7f0
0cd9
726a
7e9e
5f81
89bc
933e
b8e3
f8e5
0c8c
725f
7e9d
0bcd
818b
8e7e
b662
f9da
0c3e
7254
7e9c
b1c4
806d
8a61
b3eb
fad0
0bf1
7249
7e9b
81b4
8674
86ed
b180
fbc5
0ba4
723e
7e9a
9565
9348
8428
af20
fcbb
0b56
7232
7e99
e248
a632
8214
accc
fdb1
0b09
7227
7e98
3f1c
be22
80b6
aa83
fea6
0abb
721c
7e96
7a14
d9c3
800f
a847
ff9c
0a6e
7211
7e95
738f
f787
8020
a618
0092
0a21
7206
7e94
2f0b
15c5
80e9
a3f5
0187
09d3
71fb
7e93
d14a
32ca
8269
a1e0
027d
0986
71f0
7e92
8c98
4cf8
849e
9fd8
0373
0938
71e4
7e91
85d0
62d8
8784
9dde
0468
08eb
71d9
7e90
c095
732f
8b18
9bf2
055e
089d
71ce
7e8e
1d5f
7d13
8f54
9a15
0653
0850
71c3
7e8d
6a68
7ff7
9432
9846
0749
0802
71b7
7e8c
7e5b
7bb2
99ab
9686
083e
07b4
71ac
7e8b
4e84
7081
9fb7
94d6
0933
0767
71a1
7e8a
f48f
5f03
a64e
9334
0a28
0719
7195
7e89
a0bc
4834
ad66
91a3
0b1d
06cc
718a
7e87
8006
2d5a
b4f5
9021
0c12
067e
717f
7e86
a3f7
0ff7
bcef
8eb0
0d06
0631
7173
7e85
f949
f1af
c54b
8d4f
0dfb
05e3
7168
7e84
5234
d434
cdfa
8bfe
0eef
0595
715d
7e83
7f06
b92c
d6f2
8abe
0fe3
0548
7151
7e81
67b3
a21c
e025
898f
10d6
04fa
7146
7e80
18be
904c
e985
8871
11ca
04ac
713a
7e7f
bc82
84be
f306
8764
12bd
045f
712f
7e7e
847c
8015
fc9a
8668
13b0
0411
7123
7e7d
8eb9
8295
0633
857e
14a3
03c3
7118
7e7c
d5bc
8c1b
0fc2
84a6
1595
0376
710c
7e7a
336b
9c1d
193b
83df
1687
0328
7101
7e79
7584
b1b6
2290
832b
1779
02da
70f5
7e78
7892
cbb1
2bb3
8288
186a
028d
70ea
7e77
3af1
e899
3497
81f7
195b
023f
70de
7e76
ddb1
06d1
3d2f
8179
1a4c
01f1
70d2
7e74
92d9
24a7
456f
810c
1b3c
01a4
70c7
7e73
828f
4070
4d4c
80b2
1c2c
0156
70bb
7e72
b592
589e
54b9
806a
1d1c
0108
70b0
7e71
1082
6bd6
5bac
8035
1e0b
00ba
70a4
7e6f
6297
7904
621c
8012
1ef9
006d
7098
7e6e
7fc8
7f6d
67fe
8001
1fe8
001f
708d
7e6d
586c
7eb4
6d4a
8003
20d5
ffd1
7081
7e6c
01a0
76e4
71fa
8018
21c3
ff84
7075
7e6b
a9f4
686b
7605
803e
22af
ff36
7069
7e69
8073
541b
7966
8077
239c
fee8
705e
7e68
9b5f
3b16
7c19
80c3
2487
fe9b
7052
7e67
ec47
1ec2
7e19
8121
2573
fe4d
7046
7e66
47c4
00b5
7f64
8191
265d
fdff
703a
7e65
7cc1
e29e
7ff8
8213
2748
fdb1
702e
7e63
6ed0
c62c
7fd3
82a7
2831
fd64
7023
7e62
256d
acf7
7ef6
834e
291a
fd16
7017
7e61
c7f5
9868
7d63
8406
2a03
fcc8
700b
7e60
888f
89a5
7b1b
84d0
2aea
fc7b
6fff
7e5e
893c
8181
7823
85ac
2bd2
fc2d
6ff3
7e5d
c9a1
8073
747d
869a
2cb8
fbdf
6fe7
7e5c
2731
8687
7030
8799
2d9e
fb92
6fdb
7e5b
6fba
9369
6b41
88a9
2e83
fb44
6fcf
7e59
7c54
a65e
65b8
89ca
2f68
faf6
6fc3
7e58
463a
be58
5f9c
8afd
304c
faa9
6fb7
7e57
ea74
d9fe
58f7
8c40
312f
fa5b
6fab
7e56
9a3d
f7c5
51d2
8d94
3211
fa0d
6f9f
7e54
809e
1602
4a37
8ef9
32f3
f9c0
6f93
7e53
ab55
3304
4232
906e
33d4
f972
6f87
7e52
0379
4d2a
39cd
91f3
34b5
f925
6f7b
7e51
59c0
62ff
3115
9387
3594
f8d7
6f6f
7e4f
7fe0
734a
2816
952c
3673
f889
6f63
7e4e
6167
7d20
1ede
96df
3751
f83c
6f57
7e4d
0eac
7ff6
157a
98a2
382e
f7ee
6f4b
7e4c
b412
7ba2
0bf6
9a74
390a
f7a1
6f3e
7e4a
8235
7063
0261
9c54
39e6
f753
6f32
7e49
93d3
5ed9
f8c9
9e43
3ac1
f706
6f26
7e48
df7a
4800
ef3b
a03f
3b9b
f6b8
6f1a
7e47
3c94
2d20
e5c5
a24a
3c74
f66b
6f0e
7e45
792e
0fb9
dc75
a462
3d4c
f61d
6f02
7e44
74c5
f171
d358
a687
3e23
f5d0
6ef5
7e43
31b8
d3f9
ca7c
a8b9
3efa
f582
6ee9
7e41
d3fe
b8f8
c1ec
aaf8
3fcf
f535
6edd
7e40
8de0
a1f1
b9b6
ad43
40a4
f4e8
6ed0
7e3f
84fc
902e
b1e5
af9a
4177
f49a
6ec4
7e3e
be17
84ad
aa84
b1fc
424a
f44d
6eb8
7e3c
1a8e
8013
a39e
b469
431c
f3ff
6eab
7e3b
68c6
82a2
9d3e
b6e2
43ec
f3b2
6e9f
7e3a
7ec9
8c35
976b
b965
44bc
f365
6e93
7e38
50c7
9c44
922f
bbf2
458b
f317
6e86
7e37
f770
b1e7
8d91
be89
4659
f2ca
6e7a
7e36
a2b0
cbea
8997
c129
4725
f27d
6e6e
7e35
8000
e8d7
8648
c3d3
47f1
f22f
6e61
7e33
a1fb
0710
83a8
c685
48bc
f1e2
6e55
7e32
f667
24e3
81bb
c93f
4986
f195
6e48
7e31
4ff8
40a6
8083
cc02
4a4e
f148
6e3c
7e2f
7ea3
58cb
8003
cecb
4b16
f0fb
6e2f
7e2e
695e
6bf7
803c
d19c
4bdc
f0ad
6e23
7e2d
1b92
7919
812c
d474
4ca2
f060
6e16
7e2b
befb
7f73
82d2
d751
4d66
f013
6e0a
7e2a
8546
7eab
852d
da35
4e29
efc6
6dfd
7e29
8d68
76cc
8838
dd1e
4eeb
ef79
6df1
7e27
d304
6847
8bf0
e00c
4fac
ef2c
6de4
7e26
30c2
53ec
904f
e2ff
506c
eedf
6dd7
7e25
7458
3ade
954e
e5f6
512a
ee92
6dcb
7e24
7983
1e85
9ae8
e8f0
51e8
ee45
6dbe
7e22
3d7e
0077
a112
ebee
52a4
edf8
6db1
7e21
e07c
e261
a7c5
eeef
535f
edab
6da5
7e20
9462
c5f5
aef7
f1f2
5419
ed5e
6d98
7e1e
8204
acc8
b69e
f4f8
54d2
ed11
6d8b
7e1d
b33d
9843
beae
f7ff
5589
ecc5
6d7f
7e1c
0da4
898d
c71c
fb07
563f
ec78
6d72
7e1a
60b9
8178
cfdc
fe0f
56f4
ec2b
6d65
7e19
7feb
8078
d8e2
0118
57a8
ebde
6d58
7e18
5a7d
869b
e21f
0421
585a
eb92
6d4c
7e16
0483
938a
eb88
0729
590b
eb45
6d3f
7e15
ac1e
a68b
f50e
0a31
59bb
eaf8
6d32
7e14
80b9
be8e
fea4
0d36
5a6a
eaac
6d25
7e12
999c
da3a
083c
103a
5b17
ea5f
6d18
7e11
e96e
f804
11c8
133c
5bc3
ea12
6d0b
7e10
455b
1640
1b3a
163b
5c6e
e9c6
6cff
7e0e
7c13
333d
2485
1936
5d17
e979
6cf2
7e0d
703b
4d5c
2d9c
1c2e
5dbf
e92d
6ce5
7e0b
282d
6327
3671
1f22
5e66
e8e0
6cd8
7e0a
ca92
7365
3ef7
2211
5f0b
e894
6ccb
7e09
89a0
7d2d
4723
24fc
5faf
e848
6cbe
7e07
8830
7ff4
4ee9
27e1
6051
e7fb
6cb1
7e06
c707
7b92
563d
2ac1
60f3
e7af
6ca4
7e05
246e
7045
5d15
2d9a
6192
e763
6c97
7e03
6e4a
5eaf
6368
306d
6231
e716
6c8a
7e02
7cfb
47cc
692b
3338
62ce
e6ca
6c7d
7e01
48a0
2ce5
6e56
35fd
6369
e67e
6c70
7dff
ed4e
0f7b
72e3
38b9
6403
e632
6c63
7dfe
9c04
f133
76cb
3b6e
649c
e5e6
6c56
7dfc
805e
d3be
7a08
3e1a
6533
e59a
6c49
7dfb
a930
b8c4
7c95
40bd
65c9
e54e
6c3c
7dfa
0096
a1c7
7e6f
4356
665d
e502
6c2e
7df8
57ab
9010
7f93
45e6
66f0
e4b6
6c21
7df7
7fb8
849c
7fff
486c
6781
e46a
6c14
7df6
6340
8011
7fb3
4ae7
6811
e41e
6c07
7df4
118a
82af
7eb0
4d58
689f
e3d2
6bfa
7df3
b66b
8c50
7cf6
4fbe
692c
e387
6bed
7df1
82c5
9c6b
7a89
5218
69b7
e33b
6bdf
7df0
924f
b219
776b
5466
6a41
e2ef
6bd2
7def
dcb1
cc23
73a1
56a8
6ac9
e2a3
6bc5
7ded
3a05
e914
6f31
58de
6b50
e258
6bb8
7dec
7838
074e
6a20
5b06
6bd5
e20c
6baa
7dea
75ed
251f
6478
5d22
6c59
e1c1
6b9d
7de9
345e
40dc
5e3e
5f30
6cdb
e175
6b90
7de8
d6b7
58f8
577d
6131
6d5b
e12a
6b82
7de6
8f36
6c19
503e
6324
6dda
e0de
6b75
7de5
8438
792d
488c
6508
6e58
e093
6b68
7de3
bba1
7f79
4071
66de
6ed3
e048
6b5a
7de2
17b8
7ea2
37fa
68a5
6f4e
dffd
6b4d
7de1
6716
76b5
2f32
6a5d
6fc6
dfb1
6b3f
7ddf
7f26
6823
2626
6c05
703d
df66
6b32
7dde
5300
53bd
1ce3
6d9e
70b2
df1b
6b25
7ddc
fa52
3aa7
1376
6f28
7126
ded0
6b17
7ddb
a4b1
1e48
09ee
70a1
7198
de85
6b0a
7dda
800c
0038
0057
720a
7209
de3a
6afc
7dd8
a00c
e225
f6c0
7363
7277
ddef
6aef
7dd7
f386
c5bd
ed36
74ab
72e4
dda4
6ae1
7dd5
4db2
ac98
e3c7
75e2
7350
dd59
6ad4
7dd4
7e2f
981e
da81
7708
73ba
dd0f
6ac6
7dd2
6afb
8975
d171
781d
7422
dcc4
6ab9
7dd1
1e62
816e
c8a4
7921
7488
dc79
6aab
7dd0
c17c
807d
c026
7a14
74ed
dc2f
6a9d
7dce
8621
86af
b804
7af4
7550
dbe4
6a90
7dcd
8c26
93ab
b04a
7bc4
75b2
db99
6a82
7dcb
d053
a6b8
a903
7c81
7612
db4f
6a75
7dca
2e13
bec3
a238
7d2c
7670
db05
6a67
7dc8
731c
da76
9bf5
7dc6
76cc
daba
6a59
7dc7
7a63
f842
9641
7e4d
7727
da70
6a4c
7dc6
4002
167e
9126
7ec2
7780
da26
6a3e
7dc4
e34b
3377
8caa
7f25
77d7
d9db
6a30
7dc3
95fa
4d8e
88d5
7f75
782c
d991
6a22
7dc1
818a
634f
85aa
7fb4
7880
d947
6a15
7dc0
b0f2
7380
8330
7fdf
78d2
d8fd
6a07
7dbe
0ac4
7d3a
8169
7ff9
7922
d8b3
69f9
7dbd
5ecf
7ff3
8059
7fff
7971
d869
69eb
7dbb
7ffd
7b81
8000
7ff4
79be
d81f
69de
7dba
5c82
7027
805f
7fd7
7a09
d7d6
69d0
7db8
0766
5e85
8176
7fa6
7a52
d78c
69c2
7db7
ae52
4799
8343
7f64
7a99
d742
69b4
7db6
8110
2cab
85c4
7f0f
7adf
d6f8
69a6
7db4
97e7
0f3d
88f4
7ea7
7b23
d6af
6998
7db3
e697
f0f4
8cd0
7e2e
7b65
d665
698a
7db1
42e9
d384
9152
7da2
7ba6
d61c
697c
7db0
7b55
b890
9672
7d05
7be4
d5d3
696f
7dae
7197
a19d
9c2b
7c55
7c21
d589
6961
7dad
2ae9
8ff1
a273
7b93
7c5c
d540
6953
7dab
cd35
848c
a942
7ac0
7c96
d4f7
6945
7daa
8ac1
800f
b08e
79db
7ccd
d4ae
6937
7da8
8734
82bb
b84c
78e4
7d03
d464
6929
7da7
c474
8c6b
c071
77dc
7d37
d41b
691b
7da5
21a7
9c92
c8f2
76c3
7d69
d3d2
690d
7da4
6ccc
b24b
d1c1
7598
7d99
d38a
68ff
7da2
7d93
cc5c
dad4
745d
7dc8
d341
68f1
7da1
4afc
e952
e41c
7311
7df4
d2f8
68e2
7d9f
f02b
078c
ed8c
71b4
7e1f
d2af
68d4
7d9e
9dd8
255b
f716
7047
7e48
d267
68c6
7d9c
802e
4112
00ae
6eca
7e6f
d21e
68b8
7d9b
a716
5925
0a44
6d3d
7e95
d1d6
68aa
7d99
fdb2
6c3a
13cc
6ba0
7eb8
d18d
689c
7d98
558a
7941
1d37
69f4
7eda
d145
688e
7d96
7f7e
7f7e
2678
6838
7efa
d0fc
687f
7d95
650d
7e99
2f82
666e
7f18
d0b4
6871
7d93
1465
769d
3847
6494
7f34
d06c
6863
7d92
b8cd
67fe
40bc
62ac
7f4f
d024
6855
7d90
8367
538d
48d3
60b6
7f67
cfdc
6847
7d8f
90d9
3a6f
5082
5eb2
7f7e
cf94
6838
7d8d
d9ed
1e0b
57bc
5ca1
7f93
cf4c
682a
7d8c
376e
fff9
5e79
5a82
7fa6
cf04
681c
7d8a
7732
e1e8
64ad
5856
7fb7
cebc
680d
7d89
7705
c585
6a51
561d
7fc7
ce75
67ff
7d87
36fd
ac69
6f5b
53d8
7fd4
ce2d
67f1
7d86
d976
97fa
73c6
5187
7fe0
cde6
67e2
7d84
909b
895e
778a
4f2a
7fea
cd9e
67d4
7d83
8383
8165
7aa1
4cc2
7ff2
cd57
67c6
7d81
b934
8083
7d09
4a4f
7ff8
cd0f
67b7
7d80
14e0
86c3
7ebc
47d1
7ffd
ccc8
67a9
7d7e
6559
93cd
7fb9
4549
7fff
cc81
679b
7d7d
7f73
a6e5
7fff
42b6
7fff
cc3a
678c
7d7b
552d
bef9
7f8c
401a
7fff
cbf3
677e
7d7a
fd35
dab2
7e61
3d75
7ffc
cbac
676f
7d78
a6bd
f881
7c81
3ac7
7ff7
cb65
6761
7d77
8028
16bb
79ee
3811
7ff0
cb1e
6752
7d75
9e28
33b0
76ab
3552
7fe8
cad7
6744
7d73
f0a7
4dc0
72bd
328c
7fdd
ca91
6735
7d72
4b61
6376
6e2b
2fbf
7fd1
ca4a
6727
7d70
7dab
739b
68f9
2cea
7fc3
ca04
6718
7d6f
6c8a
7d47
6331
2a0f
7fb3
c9bd
6709
7d6d
212e
7ff1
5cda
272f
7fa2
c977
66fb
7d6c
c406
7b71
55fd
2448
7f8e
c931
66ec
7d6a
870b
7008
4ea5
215c
7f79
c8eb
66de
7d69
8af3
5e5b
46dc
1e6c
7f61
c8a4
66cf
7d67
cda8
4765
3eac
1b77
7f48
c85e
66c0
7d65
2b5e
2c70
3622
187e
7f2d
c818
66b2
7d64
71d1
0eff
2d4b
1582
7f11
c7d3
66a3
7d62
7b34
f0b6
2432
1282
7ef2
c78d
6694
7d61
427f
d349
1ae5
0f80
7ed2
c747
6686
7d5f
e61d
b85c
1172
0c7c
7eb0
c702
6677
7d5e
979f
a172
07e5
0976
7e8c
c6bc
6668
7d5c
8120
8fd3
fe4d
066e
7e66
c677
6659
7d5b
aeb2
847b
f4b8
0366
7e3e
c631
664b
7d59
07e2
800d
eb33
005d
7e15
c5ec
663c
7d57
5cd8
82c8
e1cb
fd54
7de9
c5a7
662d
7d56
7fff
8c86
d88f
fa4b
7dbc
c562
661e
7d54
5e7b
9cba
cf8c
f743
7d8d
c51d
660f
7d53
0a47
b27c
c6cf
f43d
7d5d
c4d8
6601
7d51
b090
cc96
be64
f138
7d2a
c493
65f2
7d4f
8177
e990
b657
ee35
7cf6
c44e
65e3
7d4e
9640
07cb
aeb4
eb35
7cbf
c409
65d4
7d4c
e3c4
2597
a787
e838
7c88
c3c5
65c5
7d4b
406e
4148
a0d8
e53e
7c4e
c380
65b6
7d49
7a88
5952
9ab3
e248
7c12
c33c
65a7
7d48
72e5
6c5c
951f
df56
7bd5
c2f7
6598
7d46
2d9f
7955
9025
dc6a
7b96
c2b3
6589
7d44
cfdf
7f84
8bcc
d982
7b55
c26f
657a
7d43
8bf2
7e90
881a
d6a0
7b12
c22b
656b
7d41
8647
7686
8515
d3c3
7ace
c1e7
655c
7d40
c1e9
67da
82c0
d0ed
7a88
c1a3
654d
7d3e
1edb
535e
8120
ce1e
7a40
c15f
653e
7d3c
6b3f
3a37
8037
cb56
79f6
c11b
652f
7d3b
7e1a
1dcf
8005
c896
79ab
c0d8
6520
7d39
4d4e
ffbb
808b
c5dd
795e
c094
6511
7d37
f30a
e1ab
81c9
c32d
790f
c051
6502
7d36
9fb9
c54e
83bd
c086
78be
c00d
64f3
7d34
800f
ac39
8663
bde8
786b
bfca
64e4
7d33
a508
97d5
89b8
bb53
7817
bf87
64d5
7d31
facf
8946
8db7
b8c9
77c1
bf44
64c6
7d2f
535e
815c
925b
b648
776a
bf01
64b7
7d2e
7f34
8088
979d
b3d2
7710
bebe
64a7
7d2c
66cc
86d7
9d75
b167
76b5
be7b
6498
7d2b
173e
93ee
a3da
af08
7659
be38
6489
7d29
bb38
a712
aac5
acb4
75fa
bdf6
647a
7d27
8418
bf2f
b229
aa6c
759a
bdb3
646b
7d26
8f71
daee
b9fe
a830
7538
bd71
645b
7d24
d72d
f8bf
c238
a601
74d4
bd2f
644c
7d22
34cf
16f9
caca
a3df
746f
bcec
643d
7d21
761d
33e9
d3a9
a1ca
7408
bcaa
642d
7d1f
780d
4df2
dcc8
9fc3
73a0
bc68
641e
7d1d
3995
639d
e61a
9dca
7336
bc26
640f
7d1c
dc39
73b6
ef91
9bdf
72ca
bbe4
6400
7d1a
920f
7d54
f91f
9a02
725c
bba3
63f0
7d19
82df
7fef
02b7
9834
71ed
bb61
63e1
7d17
b6d1
7b60
0c4c
9675
717c
bb1f
63d1
7d15
1205
6fea
15cf
94c5
710a
bade
63c2
7d14
638f
5e30
1f32
9324
7095
ba9d
63b3
7d12
7faf
4731
2869
9193
7020
ba5b
63a3
7d10
5750
2c35
3165
9012
6fa8
ba1a
6394
7d0f
0019
0ec0
3a1a
8ea1
6f2f
b9d9
6384
7d0d
a8d5
f078
427c
8d41
6eb5
b998
6375
7d0b
8054
d30e
4a7e
8bf1
6e39
b957
6365
7d0a
9c52
b829
5215
8ab1
6dbb
b917
6356
7d08
edc9
a148
5935
8983
6d3c
b8d6
6346
7d06
4906
8fb5
5fd6
8866
6cbb
b896
6337
7d05
7d16
846b
65ec
8759
6c38
b855
6327
7d03
6e0b
800b
6b70
865f
6bb4
b815
6318
7d01
23f6
82d5
7059
8575
6b2f
b7d5
6308
7d00
c697
8ca1
74a1
849e
6aa8
b794
62f9
7cfe
8804
9ce1
7840
83d8
6a1f
b754
62e9
7cfc
89d0
b2ae
7b33
8324
6995
b715
62d9
7cfb
cb03
cccf
7d74
8282
6909
b6d5
62ca
7cf9
28a4
e9cd
7f01
81f2
687c
b695
62ba
7cf7
7077
0809
7fd7
8174
67ed
b655
62ab
7cf6
7bf4
25d3
7ff6
8108
675d
b616
629b
7cf4
44f2
417e
7f5c
80af
66cc
b5d7
628b
7cf2
e8f3
597f
7e0a
8068
6638
b597
627c
7cf1
9952
6c7d
7c04
8033
65a4
b558
626c
7cef
80c6
7969
794b
8011
650e
b519
625c
7ced
ac7c
7f89
75e3
8001
6476
b4da
624c
7ceb
04ff
7e86
71d2
8004
63dd
b49b
623d
7cea
5ad5
766e
6d1d
8019
6343
b45c
622d
7ce8
7fef
67b5
67cb
8040
62a7
b41e
621d
7ce6
6068
532e
61e4
807a
620a
b3df
620d
7ce5
0d28
3a00
5b70
80c6
616b
b3a1
61fe
7ce3
b2d9
1d92
5478
8125
60cb
b363
61ee
7ce1
81ef
ff7c
4d07
8195
6029
b324
61de
7ce0
94a6
e16e
4527
8218
5f86
b2e6
61ce
7cde
e0f5
c516
3ce3
82ae
5ee2
b2a8
61be
7cdc
3deb
ac0a
3448
8355
5e3d
b26a
61ae
7cda
79aa
97b1
2b61
840e
5d96
b22d
619e
7cd9
7423
892f
223d
84d9
5ced
b1ef
618f
7cd7
304f
8153
18e6
85b5
5c44
b1b2
617f
7cd5
d290
808e
0f6c
86a3
5b99
b174
616f
7cd4
8d31
86ec
05dc
87a3
5aec
b137
615f
7cd2
856a
9410
fc44
88b4
5a3f
b0fa
614f
7cd0
bf67
a73f
f2b0
89d6
5990
b0bd
613f
7cce
1c0b
bf65
e930
8b0a
58e0
b080
612f
7ccd
69a4
db2a
dfd1
8c4e
582e
b043
611f
7ccb
7e91
f8fe
d6a0
8da2
577b
b006
610f
7cc9
4f97
1736
cdab
8f08
56c7
afc9
60ff
7cc7
f5ea
3422
c4fe
907d
5612
af8d
60ef
7cc6
a1a7
4e23
bca6
9203
555c
af51
60df
7cc4
8001
63c5
b4af
9398
54a4
af14
60cf
7cc2
a306
73d0
ad24
953d
53eb
aed8
60bf
7cc1
f7ec
7d61
a610
96f1
5331
ae9c
60ae
7cbf
5128
7fed
9f7e
98b5
5275
ae60
609e
7cbd
7eda
7b50
9977
9a87
51b9
ae24
608e
7cbb
687e
6fcc
9403
9c68
50fb
ade9
607e
7cba
1a14
5e06
8f2b
9e57
503c
adad
606e
7cb8
bdac
46fd
8af5
a054
4f7c
ad72
605e
7cb6
84da
2bfb
8767
a25f
4ebb
ad36
604e
7cb4
8e19
0e82
8487
a478
4df9
acfb
603d
7cb3
d473
f03a
8259
a69e
4d35
acc0
602d
7cb1
322a
d2d4
80df
a8d0
4c71
ac85
601d
7caf
74f8
b7f5
801d
ab0f
4bab
ac4a
600d
7cad
7906
a11e
8012
ad5b
4ae5
ac10
5ffc
7cac
3c26
8f97
80bf
afb2
4a1d
abd5
5fec
7caa
df02
845b
8224
b215
4954
ab9a
5fdc
7ca8
9391
800a
843e
b483
488a
ab60
5fcc
7ca6
824c
82e3
8709
b6fc
47bf
ab26
5fbb
7ca4
b477
8cbc
8a83
b97f
46f3
aaec
5fab
7ca3
0f28
9d09
8ea6
bc0d
4626
aab2
5f9b
7ca1
61b7
b2e0
936c
bea4
4558
aa78
5f8a
7c9f
7fdb
cd08
98ce
c145
4489
aa3e
5f7a
7c9d
5967
ea0b
9ec5
c3ef
43b9
aa05
5f6a
7c9c
02fc
0848
a548
c6a1
42e8
a9cb
5f59
7c9a
aaf8
260e
ac4d
c95c
4216
a992
5f49
7c98
8092
41b3
b3ca
cc1e
4143
a958
5f38
7c96
9a88
59ab
bbb5
cee8
406f
a91f
5f28
7c94
eaef
6c9e
c403
d1b9
3f9a
a8e6
5f18
7c93
46a2
797d
cca7
d491
3ec5
a8ad
5f07
7c91
7c71
7f8f
d594
d76f
3dee
a875
5ef7
7c8f
6f7d
7e7d
debf
da53
3d16
a83c
5ee6
7c8d
26ba
7656
e81a
dd3c
3c3e
a804
5ed6
7c8c
c930
6791
f197
e02a
3b65
a7cb
5ec5
7c8a
890e
52ff
fb28
e31d
3a8b
a793
5eb5
7c88
88bc
39c8
04c1
e614
39b0
a75b
5ea4
7c86
c865
1d55
0e53
e90f
38d4
a723
5e93
7c84
25e4
ff3e
17d0
ec0d
37f7
a6eb
5e83
7c83
6f0e
e131
212b
ef0e
371a
a6b3
5e72
7c81
7ca5
c4de
2a56
f211
363c
a67c
5e62
7c7f
475d
abdb
3345
f517
355d
a644
5e51
7c7d
ebcc
978d
3be9
f81e
347d
a60d
5e41
7c7b
9b12
8918
4438
fb26
339d
a5d6
5e30
7c7a
807d
814a
4c24
fe2f
32bb
a59e
5e1f
7c78
aa51
8094
53a2
0138
31d9
a568
5e0f
7c76
021c
8700
5aa9
0440
30f7
a531
5dfe
7c74
58c6
9431
612c
0749
3013
a4fa
5ded
7c72
7fcf
a76c
6724
0a50
2f2f
a4c3
5ddd
7c70
6248
bf9b
6c88
0d56
2e4b
a48d
5dcc
7c6f
1007
db66
714f
1059
2d65
a457
5dbb
7c6d
b52d
f93c
7574
135b
2c7f
a420
5daa
7c6b
8277
1774
78ef
1659
2b98
a3ea
5d9a
7c69
931a
345b
7bbd
1955
2ab1
a3b5
5d89
7c67
de29
4e55
7dd8
1c4d
29c9
a37f
5d78
7c65
3b60
63ec
7f3e
1f40
28e0
a349
5d67
7c64
78bc
73eb
7fed
2230
27f7
a314
5d56
7c62
7553
7d6d
7fe4
251a
270e
a2de
5d46
7c60
32f9
7fea
7f23
27ff
2623
a2a9
5d35
7c5e
d546
7b3f
7dab
2ade
2538
a274
5d24
7c5c
8e80
6fad
7b7f
2db7
244d
a23f
5d13
7c5a
849d
5ddb
78a0
308a
2361
a20a
5d02
7c59
bcec
46c9
7514
3355
2275
a1d5
5cf1
7c57
1938
2bc0
70e0
3619
2188
a1a1
5ce0
7c55
67fc
0e44
6c09
38d5
209b
a16c
5ccf
7c53
7ef7
effc
6697
3b89
1fad
a138
5cbf
7c51
51d5
d299
6091
3e35
1ebe
a104
5cae
7c4f
f8cc
b7c1
5a00
40d8
1dd0
a0d0
5c9d
7c4e
a3a1
a0f4
52ed
4371
1ce0
a09c
5c8c
7c4c
8004
8f79
4b64
4600
1bf1
a068
5c7b
7c4a
a110
844a
436d
4886
1b01
a035
5c6a
7c48
f50b
8008
3b16
4b01
1a10
a001
5c59
7c46
4ee7
82f0
326a
4d71
1920
9fce
5c48
7c44
7e6e
8cd7
2975
4fd6
182f
9f9b
5c37
7c42
6a22
9d31
2045
5230
173d
9f68
5c26
7c41
1ce6
b312
16e6
547d
164b
9f35
5c15
7c3f
c029
cd42
0d66
56bf
1559
9f02
5c03
7c3d
85ab
ea48
03d3
58f4
1467
9ecf
5bf2
7c3b
8ccf
0886
fa3a
5b1c
1374
9e9d
5be1
7c39
d1be
264a
f0aa
5d38
1281
9e6a
5bd0
7c37
2f7f
41e9
e730
5f45
118e
9e38
5bbf
7c35
73c4
59d8
ddd9
6145
109a
9e06
5bae
7c33
79ef
6cbf
d4b4
6337
0fa6
9dd4
5b9d
7c32
3eaf
7990
cbcd
651b
0eb2
9da2
5b8c
7c30
e1cf
7f94
c331
66f0
0dbe
9d71
5b7a
7c2e
9521
7e73
baec
68b7
0cca
9d3f
5b69
7c2c
81c9
763f
b30b
6a6e
0bd5
9d0e
5b58
7c2a
b227
676c
ab99
6c16
0ae0
9cdd
5b47
7c28
0c49
52cf
a4a0
6dae
09ec
9cac
5b36
7c26
5fd3
3990
9e2a
6f37
08f6
9c7b
5b24
7c24
7ff6
1d18
9842
70b0
0801
9c4a
5b13
7c22
5b72
feff
92ef
7218
070c
9c19
5b02
7c21
05e0
e0f5
8e38
7370
0617
9be9
5af0
7c1f
ad26
c4a7
8a25
74b8
0521
9bb8
5adf
7c1d
80e0
abac
86bc
75ee
042c
9b88
5ace
7c1b
98cc
9769
8402
7714
0336
9b58
5abd
7c19
e816
8900
81f9
7828
0240
9b28
5aab
7c17
4435
8141
80a7
792b
014b
9af8
5a9a
7c15
7bbc
809a
800b
7a1d
0055
9ac9
5a88
7c13
70e1
8714
8027
7afd
ff5f
9a99
5a77
7c11
2978
9453
80fc
7bcc
fe69
9a6a
5a66
7c0f
cbd0
a799
8287
7c88
fd74
9a3b
5a54
7c0d
8a27
bfd1
84c7
7d33
fc7e
9a0c
5a43
7c0c
87b7
dba2
87b8
7dcb
fb88
99dd
5a31
7c0a
c5cf
f97b
8b56
7e52
fa93
99ae
5a20
7c08
231f
17b1
8f9c
7ec6
f99d
997f
5a0f
7c06
6d97
3494
9484
7f29
f8a8
9951
59fd
7c04
7d45
4e86
9a06
7f78
f7b3
9923
59ec
7c02
49be
6413
a01b
7fb6
f6be
98f4
59da
7c00
eea8
7405
a6bb
7fe1
f5c9
98c6
59c9
7bfe
9cdf
7d7a
adda
7ffa
f4d4
9898
59b7
7bfc
8045
7fe8
b570
7fff
f3df
986b
59a6
7bfa
a831
7b2e
bd71
7ff4
f2eb
983d
5994
7bf8
ff39
6f8e
c5d2
7fd5
f1f6
9810
5982
7bf6
56ab
5db1
ce86
7fa4
f102
97e2
5971
7bf4
7f9f
4694
d782
7f61
f00e
97b5
595f
7bf2
641b
2b85
e0b8
7f0b
ef1a
9788
594e
7bf1
12e3
0e06
ea1b
7ea3
ee27
975c
593c
7bef
b789
efbe
f39e
7e29
ed34
972f
592a
7bed
830f
d25f
fd32
7d9c
ec41
9702
5919
7beb
919d
b78d
06ca
7cfe
eb4e
96d6
5907
7be9
db62
a0ca
1059
7c4d
ea5c
96aa
58f6
7be7
38cd
8f5b
19d0
7b8b
e96a
967e
58e4
7be5
77be
843a
2322
7ab7
e878
9652
58d2
7be3
7673
8007
2c41
79d1
e787
9626
58c0
7be1
359c
82fd
3521
78da
e696
95fa
58af
7bdf
d802
8cf3
3db4
77d1
e5a5
95cf
589d
7bdd
8fdd
9d59
45ef
76b7
e4b5
95a4
588b
7bdb
83e1
b344
4dc5
758c
e3c5
9578
587a
7bd9
ba7b
cd7b
552b
7450
e2d6
954d
5868
7bd7
1661
ea86
5c16
7303
e1e6
9523
5856
7bd5
6646
08c5
627d
71a6
e0f8
94f8
5844
7bd3
7f4c
2686
6856
7038
e00a
94cd
5832
7bd1
5408
421f
6d99
6eba
df1c
94a3
5821
7bcf
fbaf
5a04
723f
6d2d
de2f
9479
580f
7bcd
a5a7
6ce0
763f
6b8f
dd42
944f
57fd
7bcb
8017
79a4
7996
69e2
dc56
9425
57eb
7bc9
9f26
7f99
7c3e
6826
db6a
93fb
57d9
7bc7
f22b
7e69
7e33
665b
da7f
93d1
57c7
7bc5
4c9b
7626
7f73
6481
d994
93a8
57b5
7bc3
7df3
6747
7ffb
6298
d8aa
937f
57a4
7bc1
6bb9
529f
7fcb
60a2
d7c0
9356
5792
7bbf
1fb5
3958
7ee3
5e9d
d6d8
932d
5780
7bbd
c2ae
1cdb
7d44
5c8b
d5ef
9304
576e
7bbb
868d
fec0
7af1
5a6c
d507
92db
575c
7bb9
8b94
e0b8
77ee
583f
d420
92b3
574a
7bb7
cf10
c470
743e
5606
d33a
928a
5738
7bb5
2ccd
ab7d
6fe6
53c1
d254
9262
5726
7bb3
7281
9745
6aed
516f
d16f
923a
5714
7bb1
7ac8
88e9
655b
4f12
d08a
9212
5702
7baf
4130
8139
5f37
4ca9
cfa6
91ea
56f0
7bad
e49f
80a0
588a
4a35
cec3
91c3
56de
7bab
96bf
8729
515d
47b7
cde1
919b
56cc
7ba9
8156
9475
49bb
452e
ccff
9174
56ba
7ba7
afe1
a7c6
41b0
429c
cc1e
914d
56a8
7ba5
0968
c008
3945
3fff
cb3e
9126
5695
7ba3
5de3
dbde
3089
3d5a
ca5e
90ff
5683
7ba1
7fff
f9b9
2786
3aab
c97f
90d9
5671
7b9f
5d72
17ef
1e4b
37f5
c8a1
90b2
565f
7b9d
08c2
34cd
14e4
3536
c7c4
908c
564d
7b9b
af60
4eb8
0b5e
326f
c6e8
9066
563b
7b99
813e
643a
01c9
2fa2
c60c
9040
5629
7b97
971e
7420
f831
2ccd
c532
901a
5616
7b95
e542
7d86
eea4
29f2
c458
8ff4
5604
7b93
41be
7fe6
e530
2711
c37f
8fcf
55f2
7b91
7af6
7b1d
dbe3
242a
c2a7
8faa
55e0
7b8f
7237
6f70
d2ca
213e
c1d0
8f84
55ce
7b8d
2c31
5d86
c9f2
1e4d
c0f9
8f5f
55bb
7b8b
ce76
4660
c167
1b58
c024
8f3b
55a9
7b89
8b4f
2b4a
b937
185f
bf4f
8f16
5597
7b87
86c2
0dc8
b16d
1563
be7c
8ef1
5585
7b85
c340
ef80
aa13
1263
bda9
8ecd
5572
7b83
2055
d224
a335
0f61
bcd7
8ea9
5560
7b81
6c12
b75a
9cdd
0c5d
bc07
8e85
554e
7b7f
7dd5
a0a0
9714
0956
bb37
8e61
553b
7b7d
4c16
8f3e
91e1
064f
ba68
8e3d
5529
7b7b
f185
842b
8d4d
0346
b99b
8e1a
5517
7b79
9eba
8006
895e
003d
b8ce
8df6
5504
7b77
801d
830b
8619
fd34
b802
8dd3
54f2
7b75
a61d
8d0e
8384
fa2c
b738
8db0
54e0
7b73
fc55
9d81
81a2
f724
b66e
8d8d
54cd
7b71
5485
b376
8076
f41d
b5a5
8d6a
54bb
7b6f
7f5d
cdb5
8002
f119
b4de
8d48
54a8
7b6d
65e2
eac4
8045
ee16
b417
8d26
5496
7b6a
15be
0903
8141
eb16
b352
8d03
5483
7b68
b9f0
26c1
82f2
e819
b28e
8ce1
5471
7b66
83b8
4254
8558
e51f
b1cb
8cbf
545e
7b64
902d
5a31
886e
e22a
b109
8c9e
544c
7b62
d8a0
6d01
8c31
df38
b048
8c7c
543a
7b60
3632
79b7
909a
dc4c
af88
8c5b
5427
7b5e
76b1
7f9e
95a3
d964
aeca
8c39
5414
7b5c
7783
7e5f
9b45
d682
ae0d
8c18
5402
7b5a
3838
760e
a178
d3a6
ad50
8bf8
53ef
7b58
dac3
6722
a833
d0d0
ac95
8bd7
53dd
7b56
9149
526f
af6d
ce01
abdc
8bb6
53ca
7b54
8334
3920
b71b
cb3a
ab23
8b96
53b8
7b52
b813
1c9e
bf31
c87a
aa6c
8b76
53a5
7b50
1388
fe82
c7a5
c5c2
a9b6
8b56
5392
7b4d
6482
e07b
d069
c312
a901
8b36
5380
7b4b
7f91
c438
d973
c06b
a84d
8b16
536d
7b49
5630
ab4e
e2b3
bdcd
a79b
8af6
535b
7b47
fe92
9721
ec1e
bb39
a6ea
8ad7
5348
7b45
a7b8
88d3
f5a6
b8af
a63a
8ab8
5335
7b43
803b
8130
ff3c
b62f
a58b
8a99
5323
7b41
9d49
80a6
08d3
b3b9
a4de
8a7a
5310
7b3f
ef4c
873e
125e
b14f
a432
8a5b
52fd
7b3d
4a46
9497
1bce
aef0
a388
8a3d
52ea
7b3b
7d67
a7f4
2517
ac9c
a2de
8a1e
52d8
7b38
6d41
c03e
2e2a
aa55
a237
8a00
52c5
7b36
227f
dc1a
36fa
a819
a190
89e2
52b2
7b34
c53b
f9f8
3f7c
a5eb
a0eb
89c4
52a0
7b32
877e
182c
47a2
a3ca
a047
89a7
528d
7b30
8a68
3506
4f61
a1b5
9fa5
8989
527a
7b2e
cc68
4ee9
56ad
9faf
9f04
896c
5267
7b2c
2a15
6461
5d7e
9db6
9e64
894f
5254
7b2a
712f
743a
63c7
9bcb
9dc6
8932
5242
7b28
7b91
7d92
6981
99ef
9d29
8915
522f
7b25
43a8
7fe3
6ea3
9821
9c8d
88f8
521c
7b23
e773
7b0b
7326
9663
9bf3
88dc
5209
7b21
986a
6f51
7703
94b3
9b5b
88bf
51f6
7b1f
80f3
5d5b
7a35
9314
9ac4
88a3
51e3
7b1d
ada5
462c
7cb8
9183
9a2e
8887
51d0
7b1b
0686
2b0f
7e86
9003
999a
886b
51bd
7b19
5be6
0d89
7f9f
8e93
9907
8850
51ab
7b17
7ff9
ef42
7fff
8d33
9876
8834
5198
7b14
5f65
d1ea
7fa9
8be3
97e6
8819
5185
7b12
0ba3
b726
7e9a
8aa5
9758
87fe
5172
7b10
b1a3
a077
7cd5
8977
96cb
87e3
515f
7b0e
81ad
8f20
7a5c
885a
9640
87c8
514c
7b0c
957c
841b
7733
874f
95b6
87ae
5139
7b0a
e270
8005
735f
8655
952e
8793
5126
7b08
3f40
8318
6ee5
856c
94a8
8779
5113
7b05
7a21
8d2a
69cb
8495
9423
875f
5100
7b03
737d
9da9
6419
83d0
939f
8745
50ed
7b01
2ee4
b3a9
5dd7
831d
931d
872b
50da
7aff
d123
cdee
570e
827c
929d
8712
50c7
7afd
8c87
eb02
4fc8
81ec
921e
86f8
50b4
7afb
85dd
0942
480e
816f
91a1
86df
50a0
7af9
c0b9
26fd
3fee
8104
9125
86c6
508d
7af6
1d88
428a
3771
80ac
90ab
86ad
507a
7af4
6a7f
5a5d
2ea4
8065
9033
8694
5067
7af2
7e54
6d22
2594
8032
8fbc
867c
5054
7af0
4e63
79cb
1c4f
8010
8f46
8664
5041
7aee
f465
7fa2
12e0
8001
8ed3
864b
502e
7aec
a0a1
7e55
0956
8004
8e61
8633
501b
7ae9
8006
75f6
ffbf
801a
8df1
861c
5007
7ae7
a414
66fd
f628
8042
8d82
8604
4ff4
7ae5
f972
5240
eca0
807d
8d15
85ed
4fe1
7ae3
5254
38e8
e333
80ca
8ca9
85d5
4fce
7ae1
7f0c
1c61
d9f0
8129
8c40
85be
4fbb
7adf
679b
fe43
d0e3
819a
8bd8
85a7
4fa7
7adc
1895
e03f
c81b
821e
8b71
8591
4f94
7ada
bc5f
c401
bfa2
82b4
8b0d
857a
4f81
7ad8
8471
ab1f
b787
835c
8aaa
8564
4f6e
7ad6
8ecd
96fd
afd3
8416
8a48
854d
4f5a
7ad4
d5e3
88bc
a893
84e1
89e9
8537
4f47
7ad1
3391
8128
a1d1
85bf
898b
8521
4f34
7acf
7595
80ad
9b96
86ad
892e
850c
4f20
7acd
7884
8752
95ec
87ae
88d4
84f6
4f0d
7acb
3acc
94b9
90da
88c0
887b
84e1
4efa
7ac9
dd89
a821
8c69
89e2
8824
84cc
4ee6
7ac6
92c3
c074
889e
8b16
87cf
84b7
4ed3
7ac4
8298
dc56
857e
8c5b
877b
84a2
4ec0
7ac2
b5b4
fa36
830f
8db1
8729
848d
4eac
7ac0
10ab
186a
8153
8f16
86d9
8479
4e99
7abe
62b2
353f
804e
908c
868a
8465
4e86
7abb
7fc6
4f1a
8001
9213
863e
8450
4e72
7ab9
584e
6487
806b
93a9
85f3
843d
4e5f
7ab7
0176
7454
818e
954e
85aa
8429
4e4b
7ab5
a9d6
7d9e
8366
9703
8562
8415
4e38
7ab3
806f
7fe0
85f1
98c7
851d
8402
4e24
7ab0
9b78
7afa
892d
9a9a
84d9
83ef
4e11
7aae
ec70
6f32
8d13
9c7b
8497
83dc
4dfd
7aac
47e6
5d30
919e
9e6b
8456
83c9
4dea
7aaa
7cca
45f7
96c9
a069
8418
83b6
4dd6
7aa8
6ebb
2ad4
9c8a
a275
83db
83a4
4dc3
7aa5
2545
0d4b
a2db
a48e
83a0
8391
4daf
7aa3
c7d0
ef04
a9b2
a6b4
8367
837f
4d9c
7aa1
8880
d1af
b105
a8e7
8330
836d
4d88
7a9f
894c
b6f3
b8ca
ab27
82fa
835c
4d75
7a9c
c9c6
a04d
c0f5
ad73
82c6
834a
4d61
7a9a
2758
8f03
c97b
afca
8294
8339
4d4e
7a98
6fcf
840b
d24f
b22e
8264
8327
4d3a
7a96
7c4a
8004
db65
b49c
8236
8316
4d26
7a93
4617
8326
e4b0
b715
8209
8305
4d13
7a91
ea4b
8d45
ee22
b999
81de
82f5
4cff
7a8f
9a24
9dd1
f7ae
bc27
81b5
82e4
4cec
7a8d
80a2
b3db
0146
bebf
818e
82d4
4cd8
7a8b
ab75
ce28
0adc
c160
8169
82c4
4cc4
7a88
03a3
eb3f
1462
c40a
8146
82b4
4cb1
7a86
59dd
0980
1dcb
c6bd
8124
82a4
4c9d
7a84
7fe2
2739
2709
c978
8104
8294
4c89
7a82
614c
42bf
300f
cc3b
80e6
8285
4c76
7a7f
0e83
5a89
38d0
cf05
80ca
8276
4c62
7a7d
b3f1
6d42
413f
d1d7
80b0
8267
4c4e
7a7b
822d
79de
4950
d4af
8097
8258
4c3a
7a79
93e9
7fa7
50f8
d78d
8081
8249
4c27
7a76
dfa2
7e4b
582b
da71
806c
823a
4c13
7a74
3cb9
75de
5edf
dd5a
8059
822c
4bff
7a72
793b
66d7
650b
e049
8048
821e
4beb
7a6f
74b4
5210
6aa5
e33c
8038
8210
4bd8
7a6d
3191
38b0
6fa6
e633
802b
8202
4bc4
7a6b
d3d7
1c24
7406
e92e
801f
81f5
4bb0
7a69
8dcd
fe05
77c0
ec2c
8015
81e7
4b9c
7a66
8507
e002
7acd
ef2d
800d
81da
4b88
7a64
be3a
c3ca
7d29
f231
8007
81cd
4b74
7a62
1ab6
aaf0
7ed1
f536
8003
81c0
4b61
7a60
68de
96d9
7fc3
f83d
8001
81b3
4b4d
7a5d
7ec3
88a5
7ffd
fb45
8000
81a7
4b39
7a5b
50a7
811f
7f7f
fe4e
8001
819a
4b25
7a59
f746
80b3
7e49
0157
8004
818e
4b11
7a56
a294
8767
7c5d
0460
8009
8182
4afd
7a54
8000
94db
79bf
0768
8010
8176
4ae9
7a52
a217
a84f
7671
0a6f
8019
816b
4ad5
7a50
f690
c0ab
7279
0d75
8023
815f
4ac1
7a4d
5019
dc92
6ddd
1078
8030
8154
4aad
7a4b
7ea9
fa75
68a2
137a
803e
8149
4a99
7a49
6946
18a7
62d1
1678
804e
813e
4a85
7a46
1b69
3578
5c71
1974
8060
8133
4a72
7a44
bed7
4f4b
558d
1c6b
8073
8129
4a5e
7a42
853b
64ae
4e2d
1f5f
8089
811e
4a4a
7a3f
8d7b
746e
465d
224e
80a0
8114
4a35
7a3d
d32b
7daa
3e27
2538
80b9
810a
4a21
7a3b
30e9
7fde
3599
281d
80d4
8101
4a0d
7a39
7469
7ae9
2cbd
2afc
80f1
80f7
49f9
7a36
7976
6f13
23a0
2dd4
8110
80ed
49e5
7a34
3d59
5d05
1a51
30a7
8130
80e4
49d1
7a32
e054
45c3
10db
3372
8153
80db
49bd
7a2f
944c
2a99
074e
3635
8177
80d2
49a9
7a2d
820c
0d0d
fdb5
38f1
819d
80ca
4995
7a2b
b35e
eec6
f420
3ba5
81c4
80c1
4981
7a28
0dcd
d175
ea9d
3e50
81ee
80b9
496d
7a26
60d5
b6c0
e138
40f3
8219
80b1
4959
7a24
7fea
a024
d7ff
438b
8247
80a9
4944
7a21
5a5f
8ee5
cf00
461b
8276
80a1
4930
7a1f
0459
83fc
c647
48a0
82a7
8099
491c
7a1d
abfe
8003
bde1
4b1a
82d9
8092
4908
7a1a
80b4
8334
b5db
4d8a
830e
808b
48f4
7a18
99b5
8d61
ae3f
4fef
8344
8084
48e0
7a16
e997
9df9
a719
5248
837c
807d
48cb
7a13
457e
b40d
a073
5495
83b6
8076
48b7
7a11
7c1d
ce62
9a56
56d6
83f1
8070
48a3
7a0f
7027
eb7d
94cb
590b
842f
8069
488f
7a0c
2806
09be
8fdb
5b32
846e
8063
487a
7a0a
ca6c
2774
8b8c
5d4d
84af
805d
4866
7a08
8990
42f5
87e5
5f5a
84f2
8057
4852
7a05
883f
5ab6
84eb
615a
8536
8052
483e
7a03
c72c
6d63
82a1
634b
857d
804c
4829
7a01
2496
79f1
810c
652e
85c5
8047
4815
79fe
6e5f
7fac
802e
6703
860e
8042
4801
79fc
7cf2
7e41
8008
68c9
865a
803d
47ec
79fa
487e
75c5
809a
6a7f
86a7
8039
47d8
79f7
ed25
66b2
81e3
6c27
86f6
8034
47c4
79f5
9bea
51df
83e1
6dbf
8747
8030
47af
79f3
8061
3878
8693
6f47
879a
802c
479b
79f0
a94f
1be7
89f2
70bf
87ee
8028
4787
79ee
00bf
fdc6
8dfc
7226
8844
8024
4772
79eb
57c9
dfc5
92aa
737e
889c
8021
475e
79e9
7fba
c392
97f5
74c4
88f5
801d
4749
79e7
6326
aac1
9dd6
75fa
8950
801a
4735
79e4
1161
96b6
a444
771f
89ad
8017
4721
79e2
b649
888f
ab36
7833
8a0c
8014
470c
79e0
82bd
8117
b2a2
7935
8a6c
8012
46f8
79dd
9264
80ba
ba7e
7a26
8ace
800f
46e3
79db
dcd9
877c
c2bd
7b06
8b32
800d
46cf
79d8
3a2a
94fe
cb55
7bd3
8b97
800b
46ba
79d6
7846
a87c
d438
7c8f
8bfe
8009
46a6
79d4
75dd
c0e1
dd5b
7d39
8c67
8007
4691
79d1
3438
dcce
e6af
7dd1
8cd1
8006
467d
79cf
d690
fab3
f028
7e57
8d3d
8004
4668
79cd
8f23
18e5
f9b7
7ecb
8dab
8003
4654
79ca
8442
35b1
0350
7f2c
8e1a
8002
463f
79c8
bbc4
4f7c
0ce3
7f7b
8e8b
8001
462b
79c5
17e1
64d5
1664
7fb8
8efe
8001
4616
79c3
672f
7488
1fc5
7fe2
8f72
8000
4602
79c1
7f21
7db6
28f9
7ffa
8fe8
8000
45ed
79be
52e0
7fdb
31f1
7fff
905f
8000
45d8
79bc
fa29
7ad7
3aa1
7ff3
90d8
8000
45c4
79b9
a494
6ef4
42fe
7fd3
9153
8000
45af
79b7
800b
5cda
4af9
7fa2
91cf
8001
459b
79b5
a027
458f
5289
7f5e
924d
8002
4586
79b2
f3af
2a5e
59a2
7f07
92cc
8002
4571
79b0
4dd3
0ccf
603a
7e9e
934d
8004
455d
79ad
7e36
ee88
6648
7e23
93d0
8005
4548
79ab
6ae4
d13b
6bc2
7d96
9454
8006
4533
79a8
1e3a
b68c
70a2
7cf7
94d9
8008
451f
79a6
c158
9ffa
74df
7c46
9561
800a
450a
79a4
8614
8ec8
7874
7b83
95e9
800c
44f5
79a1
8c38
83ec
7b5c
7aae
9674
800e
44e1
799f
d079
8002
7d92
79c7
96ff
8010
44cc
799c
2e3a
8342
7f14
78cf
978d
8013
44b7
799a
732e
8d7d
7fdf
77c6
981b
8015
44a2
7998
7a57
9e21
7ff1
76ab
98ac
8018
448e
7995
3fde
b440
7f4c
757f
993e
801b
4479
7993
e322
ce9b
7df0
7443
99d1
801f
4464
7990
95e2
ebbb
7bde
72f5
9a65
8022
444f
798e
8190
09fd
791a
7197
9afc
8026
443b
798b
b113
27b0
75a8
7029
9b93
8029
4426
7989
0aed
432a
718c
6eab
9c2c
802d
4411
7986
5eeb
5ae2
6ccd
6d1c
9cc7
8032
43fc
7984
7ffd
6d83
6772
6b7e
9d63
8036
43e7
7982
5c65
7a04
6182
69d1
9e00
803a
43d3
797f
073c
7fb0
5b05
6814
9e9f
803f
43be
797d
ae32
7e37
5406
6648
9f3f
8044
43a9
797a
810a
75ad
4c8d
646d
9fe1
8049
4394
7978
97ff
668d
44a7
6285
a084
804f
437f
7975
e6c0
51af
3c5d
608d
a128
8054
436a
7973
430c
383f
33bd
5e88
a1ce
805a
4355
7970
7b61
1baa
2ad2
5c76
a275
805f
4340
796e
7184
fd88
21aa
5a56
a31d
8066
432c
796c
2ac2
df89
1851
5829
a3c7
806c
4317
7969
cd0f
c35b
0ed5
55ef
a472
8072
4302
7967
8ab1
aa93
0544
53a9
a51e
8079
42ed
7964
8741
9692
fbac
5157
a5cc
807f
42d8
7962
c499
8878
f219
4ef9
a67b
8086
42c3
795f
21cf
810f
e89b
4c90
a72b
808d
42ae
795d
6ce2
80c1
df3e
4a1c
a7dd
8095
4299
795a
7d8b
8792
d610
479d
a890
809c
4284
7958
4ada
9520
cd1f
4514
a944
80a4
426f
7955
f002
a8aa
c477
4281
a9f9
80ac
425a
7953
9dbe
c117
bc25
3fe4
aab0
80b4
4245
7950
8030
dd0a
b434
3d3e
ab67
80bc
4230
794e
a734
faf2
acb0
3a90
ac20
80c4
421b
794b
fddc
1922
a5a4
37d8
acdb
80cd
4206
7949
55a9
35ea
9f1b
3519
ad96
80d6
41f1
7946
7f82
4fad
991c
3253
ae53
80df
41dc
7944
64f3
64fb
93b2
2f84
af11
80e8
41c7
7941
143c
74a2
8ee3
2cb0
afcf
80f1
41b1
793f
b8aa
7dc2
8ab8
29d4
b090
80fb
419c
793c
835d
7fd8
8735
26f3
b151
8104
4187
793a
90ed
7ac6
845f
240c
b213
810e
4172
7937
da14
6ed4
823c
2120
b2d7
8118
415d
7935
3793
5caf
80ce
1e2f
b39b
8123
4148
7933
7741
455a
8017
1b3a
b461
812d
4133
7930
76f5
2a23
8017
1841
b528
8138
411e
792e
36d8
0c90
80d0
1544
b5f0
8142
4108
792b
d94e
ee4a
8240
1244
b6b9
814d
40f3
7928
9087
d101
8465
0f42
b783
8158
40de
7926
838d
b659
873c
0c3d
b84e
8164
40c9
7923
b957
9fd1
8ac0
0937
b91a
816f
40b4
7921
1509
8eab
8eed
062f
b9e7
817b
409f
791e
6572
83dd
93bd
0327
bab5
8187
4089
791c
7f6f
8001
9929
001e
bb84
8193
4074
7919
550e
8350
9f28
fd15
bc54
819f
405f
7917
fd0c
8d99
a5b3
fa0c
bd25
81ac
404a
7914
a69f
9e4a
acc0
f705
bdf7
81b8
4034
7912
8026
b472
b445
f3fe
beca
81c5
401f
790f
9e43
ced5
bc36
f0fa
bf9e
81d2
400a
790d
f0d0
ebf9
c489
edf7
c073
81df
3ff5
790a
4b82
0a3b
cd32
eaf7
c149
81ec
3fdf
7908
7db3
27eb
d624
e7fa
c21f
81fa
3fca
7905
6c74
435f
df52
e501
c2f7
8208
3fb5
7903
2106
5b0e
e8af
e20b
c3cf
8216
3f9f
7900
c3e1
6da4
f22e
df1a
c4a9
8224
3f8a
78fe
86fd
7a17
fbc0
dc2d
c583
8232
3f75
78fb
8b04
7fb4
0559
d946
c65e
8240
3f5f
78f9
cdce
7e2c
0eea
d664
c73a
824f
3f4a
78f6
2b85
7594
1866
d389
c816
825e
3f35
78f3
71e4
6667
21be
d0b3
c8f4
826d
3f1f
78f1
7b29
517f
2ae6
cde5
c9d2
827c
3f0a
78ee
425b
3807
33d0
cb1d
cab1
828b
3ef4
78ec
e5f4
1b6d
3c6f
c85d
cb91
829b
3edf
78e9
9787
fd49
44b8
c5a6
cc71
82aa
3eca
78e7
8125
df4c
4c9e
c2f6
cd53
82ba
3eb4
78e4
aed2
c324
5415
c050
ce35
82ca
3e9f
78e2
080b
aa64
5b14
bdb2
cf17
82da
3e89
78df
5cf4
966f
618f
bb1f
cffb
82eb
3e74
78dd
7fff
8862
677e
b895
d0df
82fb
3e5e
78da
5e5f
8107
6cd8
b615
d1c4
830c
3e49
78d7
0a1e
80c7
7196
b3a0
d2a9
831d
3e34
78d5
b070
87a7
75b0
b136
d38f
832e
3e1e
78d2
8171
9543
7921
aed7
d476
833f
3e09
78d0
9657
a8d8
7be3
ac84
d55d
8351
3df3
78cd
e3ed
c14e
7df3
aa3d
d645
8363
3dde
78cb
4092
dd46
7f4e
a803
d72e
8374
3dc8
78c8
7a94
fb30
7ff2
a5d5
d817
8387
3db2
78c5
72d3
195f
7fde
a3b4
d901
8399
3d9d
78c3
2d78
3623
7f11
a1a0
d9eb
83ab
3d87
78c0
cfb9
4fde
7d8e
9f9a
dad6
83be
3d72
78be
8be0
6522
7b56
9da2
dbc1
83d0
3d5c
78bb
8654
74bc
786d
9bb8
dcad
83e3
3d47
78b9
c20e
7dcd
74d6
99dc
dd9a
83f6
3d31
78b6
1f03
7fd4
7098
980f
de87
840a
3d1c
78b3
6b56
7ab4
6bb7
9651
df74
841d
3d06
78b1
7e13
6eb5
663b
94a2
e062
8431
3cf0
78ae
4d2d
5c84
602c
9303
e150
8445
3cdb
78ac
f2e0
4525
5993
9174
e23f
8459
3cc5
78a9
9f9e
29e8
5279
8ff4
e32e
846d
3cb0
78a6
8010
0c52
4ae8
8e84
e41e
8481
3c9a
78a4
a526
ee0c
42ec
8d25
e50e
8496
3c84
78a1
faf8
d0c6
3a8f
8bd6
e5fe
84aa
3c6f
789f
537e
b626
31de
8a98
e6ef
84bf
3c59
789c
7f39
9fa8
28e5
896b
e7e0
84d4
3c43
7899
66b3
8e8e
1fb1
884f
e8d2
84e9
3c2e
7897
1715
83ce
1650
8745
e9c4
84ff
3c18
7894
bb15
8001
0ccf
864b
eab6
8514
3c02
7892
840e
835e
033b
8563
eba8
852a
3bec
788f
8f85
8db5
f9a2
848d
ec9b
8540
3bd7
788c
d754
9e72
f013
83c9
ed8e
8556
3bc1
788a
34f5
b4a5
e69b
8316
ee81
856d
3bab
7887
762d
cf0f
dd47
8275
ef75
8583
3b96
7885
77ff
ec37
d425
81e7
f069
859a
3b80
7882
3970
0a7a
cb42
816b
f15d
85b0
3b6a
787f
dc12
2827
c2ab
8100
f251
85c7
3b54
787d
91fa
4394
ba6c
80a9
f345
85df
3b3e
787a
82e8
5b3a
b292
8063
f43a
85f6
3b29
7877
b6f3
6dc4
ab27
8030
f52f
860e
3b13
7875
122e
7a2a
a436
800f
f624
8625
3afd
7872
63a9
7fb9
9dc9
8001
f719
863d
3ae7
7870
7fac
7e22
97e9
8005
f80e
8655
3ad1
786d
5731
757b
929f
801b
f903
866d
3abc
786a
ffef
6642
8df3
8044
f9f9
8686
3aa6
7868
a8b6
514f
89ea
8080
faee
869e
3a90
7865
8051
37cf
868c
80cd
fbe4
86b7
3a7a
7862
9c6c
1b2f
83dc
812d
fcd9
86d0
3a64
7860
edf2
fd0a
81df
819f
fdcf
86e9
3a4e
785d
4928
df10
8098
8224
fec5
8702
3a38
785a
7d1f
c2ed
8007
82ba
ffba
871c
3a23
7858
6df6
aa36
802f
8363
00b0
8735
3a0d
7855
23cf
964b
810f
841d
01a6
874f
39f7
7852
c672
884c
82a6
84ea
029b
8769
39e1
7850
87f6
80ff
84f0
85c8
0391
8783
39cb
784d
89e0
80ce
87ec
86b7
0487
879e
39b5
784b
cb29
87bc
8b95
87b9
057c
87b8
399f
7848
28cb
9565
8fe5
88cb
0672
87d3
3989
7845
708b
a906
94d7
89ef
0767
87ee
3973
7843
7bea
c185
9a63
8b23
085c
8809
395d
7840
44cf
dd83
a080
8c69
0952
8824
3947
783d
e8ca
fb6f
a728
8dbf
0a47
883f
3931
783b
9939
199d
ae4f
8f25
0b3b
885b
391b
7838
80cb
365b
b5ec
909c
0c30
8876
3905
7835
ac9b
500f
bdf3
9223
0d25
8892
38ef
7833
0529
6548
c659
93b9
0e19
88ae
38d9
7830
5af2
74d5
cf13
955f
0f0d
88cb
38c3
782d
7ff1
7dd9
d813
9715
1001
88e7
38ad
782b
604c
7fd1
e14c
98da
10f5
8904
3897
7828
0cff
7aa2
eab1
9aad
11e8
8920
3881
7825
b2b8
6e96
f435
9c8f
12db
893d
386b
7822
81e7
5c59
fdca
9e7f
13ce
895a
3855
7820
94bc
44f1
0762
a07e
14c1
8977
383f
781d
e11d
29ad
10f0
a28a
15b3
8995
3829
781a
3e0f
0c14
1a65
a4a4
16a5
89b2
3813
7818
79b7
edce
23b4
a6ca
1797
89d0
37fd
7815
7412
d08c
2cd0
a8fe
1888
89ee
37e7
7812
3028
b5f3
35ab
ab3e
1979
8a0c
37d0
7810
d269
9f7e
3e3a
ad8a
1a6a
8a2b
37ba
780d
8d1f
8e71
466e
afe3
1b5a
8a49
37a4
780a
8576
83be
4e3d
b246
1c4a
8a68
378e
7808
bf8b
8000
559c
b4b5
1d39
8a86
3778
7805
1c34
836c
5c7f
b72f
1e28
8aa5
3762
7802
69bc
8dd2
62de
b9b3
1f17
8ac4
374c
77ff
7e8a
9e9b
68ae
bc42
2005
8ae4
3735
77fd
4f76
b4d7
6de7
beda
20f3
8b03
371f
77fa
f5c1
cf49
7283
c17b
21e0
8b23
3709
77f7
a18b
ec74
7679
c426
22cd
8b43
36f3
77f5
8001
0ab8
79c5
c6d9
23b9
8b62
36dd
77f2
a323
2862
7c62
c994
24a5
8b83
36c7
77ef
f816
43ca
7e4c
cc57
2590
8ba3
36b0
77ec
5148
5b66
7f80
cf22
267a
8bc3
369a
77ea
7edf
6de4
7ffd
d1f4
2764
8be4
3684
77e7
6866
7a3c
7fc2
d4cc
284e
8c05
366e
77e4
19eb
7fbd
7ece
d7aa
2937
8c26
3657
77e2
bd89
7e17
7d25
da8f
2a1f
8c47
3641
77df
84ce
7562
7ac7
dd78
2b07
8c68
362b
77dc
8e2c
661c
77b8
e067
2bee
8c8a
3615
77d9
d49a
511e
73fe
e35a
2cd5
8cab
35fe
77d7
3251
3797
6f9c
e652
2dba
8ccd
35e8
77d4
7509
1af2
6a9a
e94d
2ea0
8cef
35d2
77d1
78f8
fccc
64fe
ec4b
2f84
8d11
35bb
77ce
3c02
ded3
5ed1
ef4c
3068
8d33
35a5
77cc
deda
c2b6
581c
f250
314b
8d56
358f
77c9
937b
aa07
50e7
f555
322d
8d78
3579
77c6
8254
9628
493f
f85c
330f
8d9b
3562
77c4
b498
8835
412d
fb64
33f0
8dbe
354c
77c1
0f51
80f7
38bd
fe6d
34d0
8de1
3536
77be
61d2
80d5
2ffc
0176
35b0
8e05
351f
77bb
7fd9
87d2
26f5
047f
368e
8e28
3509
77b9
5949
9588
1db7
0787
376c
8e4c
34f2
77b6
02d3
a934
144d
0a8e
3849
8e6f
34dc
77b3
aad9
c1bb
0ac7
0d94
3926
8e93
34c6
77b0
808e
ddbf
0131
1097
3a01
8eb7
34af
77ae
9aa2
fbad
f799
1399
3adc
8edc
3499
77ab
eb18
19da
ee0e
1697
3bb6
8f00
3482
77a8
46c5
3694
e49c
1992
3c8f
8f25
346c
77a5
7c7b
5040
db51
1c8a
3d67
8f49
3456
77a3
6f69
656e
d23c
1f7d
3e3e
8f6e
343f
77a0
2692
74ef
c968
226c
3f14
8f93
3429
779d
c90a
7de4
c0e3
2556
3fe9
8fb9
3412
779a
88fe
7fce
b8b9
283a
40be
8fde
33fc
7797
88cb
7a90
b0f5
2b19
4191
9003
33e5
7795
c88b
6e76
a9a3
2df2
4264
9029
33cf
7792
260b
5c2d
a2cd
30c3
4335
904f
33b8
778f
6f23
44bc
9c7d
338e
4406
9075
33a2
778c
7c9b
2972
96bd
3652
44d6
909b
338c
778a
473a
0bd5
9194
390d
45a4
90c2
3375
7787
eba3
ed90
8d0a
3bc1
4672
90e8
335f
7784
9af8
d052
8925
3e6c
473f
910f
3348
7781
8081
b5c0
85eb
410e
480a
9136
3331
777e
aa70
9f55
8361
43a6
48d5
915d
331b
777c
0246
8e54
818a
4635
499f
9184
3304
7779
58e3
83b0
806a
48b9
4a67
91ab
32ee
7776
7fd2
8000
8000
4b33
4b2e
91d3
32d7
7773
622d
837b
804f
4da3
4bf5
91fa
32c1
7770
0fdd
8dee
8156
5007
4cba
9222
32aa
776e
b50b
9ec3
8313
5260
4d7e
924a
3294
776b
826f
b50a
8584
54ac
4e41
9272
327d
7768
9330
cf83
88a5
56ed
4f03
929a
3266
7765
de51
ecb2
8c72
5921
4fc4
92c3
3250
7763
3b84
0af6
90e5
5b48
5083
92eb
3239
7760
78ca
289d
95f8
5d62
5142
9314
3223
775d
7542
43ff
9ba3
5f6f
51ff
933d
320c
775a
32d2
5b91
a1df
616e
52bb
9366
31f5
7757
d51f
6e04
a8a2
635f
5376
938f
31df
7754
8e6c
7a4f
afe3
6541
5430
93b9
31c8
7752
84a8
7fc1
b798
6716
54e8
93e2
31b2
774f
bd10
7e0c
bfb4
68db
55a0
940c
319b
774c
1961
7549
c82d
6a91
5656
9436
3184
7749
6814
65f6
d0f7
6c38
570a
9460
316e
7746
7ef2
50ee
da04
6dcf
57be
948a
3157
7744
51b5
375e
e347
6f56
5870
94b4
3140
7741
f8a3
1ab5
ecb4
70cd
5921
94df
312a
773e
a384
fc8d
f63d
7234
59d1
9509
3113
773b
8003
de97
ffd4
738b
5a7f
9534
30fc
7738
a12c
c27f
096b
74d1
5b2c
955f
30e5
7735
f534
a9d9
12f5
7606
5bd8
958a
30cf
7733
4f07
9605
1c63
772b
5c83
95b5
30b8
7730
7e75
881f
25a8
783e
5d2c
95e0
30a1
772d
6a0b
80f0
2eb7
793f
5dd4
960c
308b
772a
1cbe
80dd
3783
7a30
5e7a
9638
3074
7727
c005
87e7
4000
7b0e
5f1f
9663
305d
7724
859f
95ab
4820
7bdb
5fc3
968f
3046
7722
8ce1
a962
4fd8
7c97
6065
96bc
3030
771f
d1e5
c1f2
571d
7d40
6106
96e8
3019
771c
2fa5
ddfb
5de5
7dd7
61a6
9714
3002
7719
73d6
fbec
6426
7e5c
6244
9741
2feb
7716
79e2
1a17
69d7
7ecf
62e1
976e
2fd4
7713
3e8b
36cd
6eef
7f30
637c
979a
2fbe
7711
e1a6
5071
7368
7f7e
6416
97c8
2fa7
770e
950a
6594
773b
7fba
64af
97f5
2f90
770b
81cf
7508
7a62
7fe4
6546
9822
2f79
7708
b248
7df0
7cd9
7ffb
65db
9850
2f62
7705
0c72
7fca
7e9d
7fff
666f
987d
2f4c
7702
5fef
7a7e
7faa
7ff2
6702
98ab
2f35
76ff
7ff5
6e56
7fff
7fd2
6793
98d9
2f1e
76fc
5b55
5c02
7f9d
7f9f
6823
9907
2f07
76fa
05b6
4487
7e83
7f5a
68b1
9935
2ef0
76f7
ad07
2936
7cb3
7f03
693d
9964
2ed9
76f4
80db
0b97
7a2f
7e9a
69c8
9992
2ec2
76f1
98e5
ed52
76fc
7e1e
6a52
99c1
2eac
76ee
e83f
d018
731d
7d90
6ada
99f0
2e95
76eb
4458
b58d
6e99
7cf0
6b61
9a1f
2e7e
76e8
7bc6
9f2c
6975
7c3e
6be6
9a4e
2e67
76e6
70ce
8e37
63ba
7b7b
6c69
9a7d
2e50
76e3
2951
83a1
5d6f
7aa5
6ceb
9aac
2e39
76e0
cbaa
8000
569e
79be
6d6b
9adc
2e22
76dd
8a17
8389
4f50
78c5
6dea
9b0c
2e0b
76da
87c5
8e0a
4790
77bb
6e67
9b3b
2df4
76d7
c5f4
9eec
3f6a
769f
6ee3
9b6b
2ddd
76d4
2347
b53d
36e7
7573
6f5d
9b9c
2dc6
76d1
6dad
cfbd
2e16
7436
6fd5
9bcc
2daf
76ce
7d3c
ecf0
2503
72e8
704c
9bfc
2d99
76cc
499c
0b35
1bba
7189
70c1
9c2d
2d82
76c9
ee7e
28d9
124a
701a
7134
9c5e
2d6b
76c6
9cc5
4434
08bf
6e9b
71a6
9c8e
2d54
76c3
8048
5bbd
ff27
6d0c
7216
9cbf
2d3d
76c0
a84f
6e24
f591
6b6d
7285
9cf1
2d26
76bd
ff62
7a61
ec0a
69bf
72f2
9d22
2d0f
76ba
56ca
7fc4
e29f
6802
735d
9d53
2cf8
76b7
7fa2
7e01
d95f
6635
73c7
9d85
2ce1
76b4
6401
7530
d056
645a
742f
9db7
2cca
76b1
12ba
65d0
c792
6271
7495
9de8
2cb3
76af
b767
50bd
bf1f
6079
74fa
9e1a
2c9c
76ac
8306
3726
b709
5e73
755d
9e4c
2c85
76a9
91b2
1a78
af5d
5c60
75be
9e7f
2c6d
76a6
db8a
fc4f
a824
5a40
761d
9eb1
2c56
76a3
38f2
de5a
a16a
5812
767b
9ee4
2c3f
76a0
77cd
c248
9b38
55d8
76d7
9f16
2c28
769d
7663
a9ab
9597
5391
7732
9f49
2c11
769a
3576
95e2
908f
513f
778a
9f7c
2bfa
7697
d7db
880a
8c28
4ee1
77e1
9faf
2be3
7694
8fc9
80e8
8867
4c77
7837
9fe3
2bcc
7691
83eb
80e4
8552
4a02
788a
a016
2bb5
768e
ba9e
87fd
82ee
4783
78dc
a049
2b9e
768b
168a
95ce
813e
44fa
792c
a07d
2b87
7689
665f
a990
8044
4266
797a
a0b1
2b70
7686
7f48
c229
8002
3fc9
79c7
a0e5
2b58
7683
53e9
de38
8078
3d23
7a12
a119
2b41
7680
fb86
fc2b
81a6
3a74
7a5b
a14d
2b2a
767d
a589
1a55
8389
37bc
7aa2
a182
2b13
767a
8015
3705
8620
34fd
7ae8
a1b6
2afc
7677
9f41
50a1
8965
3236
7b2b
a1eb
2ae5
7674
f254
65ba
8d56
2f67
7b6d
a21f
2ace
7671
4cbc
7522
91ec
2c92
7bae
a254
2ab6
766e
7dfa
7dfb
971f
29b7
7bec
a289
2a9f
766b
6ba2
7fc7
9cea
26d5
7c29
a2be
2a88
7668
1f8c
7a6c
a344
23ee
7c63
a2f4
2a71
7665
c28a
6e37
aa23
2102
7c9d
a329
2a5a
7662
8680
5bd6
b17d
1e11
7cd4
a35f
2a43
765f
8ba5
4452
b948
1b1b
7d09
a394
2a2b
765c
cf36
28fb
c17a
1822
7d3d
a3ca
2a14
7659
2cf4
0b59
ca05
1525
7d6f
a400
29fd
7656
7294
ed14
d2dd
1225
7d9f
a436
29e6
7653
7abc
cfde
dbf7
0f23
7dcd
a46d
29cf
7651
410c
b55a
e545
0c1e
7dfa
a4a3
29b7
764e
e477
9f04
eeb9
0918
7e24
a4d9
29a0
764b
96a7
8e1b
f846
0610
7e4d
a510
2989
7648
815c
8392
01de
0308
7e74
a547
2972
7645
b001
8000
0b73
ffff
7e99
a57e
295a
7642
0991
8398
14f8
fcf6
7ebd
a5b5
2943
763f
5dff
8e27
1e5f
f9ed
7ede
a5ec
292c
763c
7fff
9f15
279a
f6e5
7efe
a623
2915
7639
5d55
b570
309c
f3df
7f1c
a65a
28fd
7636
0899
cff7
3958
f0db
7f38
a692
28e6
7633
af3f
ed2e
41c1
edd8
7f52
a6ca
28cf
7630
8138
0b73
49cc
ead8
7f6a
a701
28b7
762d
9735
2914
516d
e7dc
7f81
a739
28a0
762a
e56a
4468
5899
e4e2
7f96
a771
2889
7627
41e2
5be9
5f45
e1ed
7fa8
a7aa
2872
7624
7b02
6e44
6568
defc
7fb9
a7e2
285a
7621
7224
7a73
6af9
dc0f
7fc9
a81a
2843
761e
2c0a
7fc8
6ff0
d928
7fd6
a853
282c
761b
ce50
7df6
7446
d647
7fe2
a88b
2814
7618
8b3e
7517
77f5
d36b
7feb
a8c4
27fd
7615
86cf
65aa
7af7
d096
7ff3
a8fd
27e6
7612
c365
508d
7d48
cdc8
7ff9
a936
27ce
760f
207e
36ed
7ee5
cb01
7ffd
a96f
27b7
760c
6c28
1a3b
7fcc
c841
7fff
a9a9
279f
7609
7dcd
fc10
7ffa
c58a
7fff
a9e2
2788
7606
4bf4
de1e
7f71
c2db
7fff
aa1c
2771
7603
f15c
c212
7e30
c035
7ffb
aa55
2759
7600
9e9f
a97c
7c39
bd98
7ff6
aa8f
2742
75fd
801f
95bf
7990
bb04
7fef
aac9
272b
75fa
a63a
87f4
7638
b87b
7fe7
ab03
2713
75f7
fc7f
80e1
7235
b5fb
7fdc
ab3d
26fc
75f4
54a4
80eb
6d8e
b387
7fd0
ab78
26e4
75f1
7f61
8813
684a
b11d
7fc1
abb2
26cd
75ee
65c8
95f1
6270
aebf
7fb1
abed
26b6
75eb
1595
a9be
5c08
ac6d
7f9f
ac27
269e
75e8
b9cd
c260
551b
aa26
7f8c
ac62
2687
75e5
83ae
de74
4db4
a7ec
7f76
ac9d
266f
75e2
9042
fc69
45de
a5bf
7f5e
acd8
2658
75df
d8c7
1a92
3da2
a39e
7f45
ad13
2640
75dc
3658
373e
350e
a18b
7f2a
ad4e
2629
75d9
76c1
50d2
2c2e
9f85
7f0d
ad8a
2611
75d6
7774
65e0
230e
9d8e
7eee
adc5
25fa
75d2
3812
753b
19bc
9ba4
7ece
ae01
25e2
75cf
da9b
7e06
1044
99c9
7eab
ae3c
25cb
75cc
9134
7fc3
06b6
97fd
7e87
ae78
25b4
75c9
833d
7a59
fd1d
9640
7e61
aeb4
259c
75c6
b835
6e17
f389
9491
7e39
aef0
2585
75c3
13b1
5bab
ea07
92f3
7e0f
af2d
256d
75c0
649c
441d
e0a4
9164
7de4
af69
2556
75bd
7f8e
28c0
d76e
8fe5
7db6
afa5
253e
75ba
5612
0b1a
ce73
8e76
7d87
afe2
2527
75b7
fe69
ecd6
c5bf
8d17
7d56
b01f
250f
75b4
a79a
cfa4
bd5f
8bc9
7d24
b05b
24f8
75b1
8038
b527
b55f
8a8c
7cef
b098
24e0
75ae
9d63
9edb
adca
8960
7cb9
b0d5
24c8
75ab
ef75
8dfe
a6ac
8844
7c81
b112
24b1
75a8
4a67
8383
a00e
873a
7c47
b150
2499
75a5
7d6f
8000
99fa
8641
7c0b
b18d
2482
75a2
6d2c
83a7
9479
855a
7bcd
b1ca
246a
759f
2257
8e44
8f92
8485
7b8e
b208
2453
759c
c516
9f3e
8b4e
83c1
7b4d
b246
243b
7598
8770
b5a2
87b1
830f
7b0a
b283
2424
7595
8a78
d031
84c1
826f
7ac5
b2c1
240c
7592
cc8e
ed6c
8283
81e2
7a7f
b2ff
23f4
758f
2a3c
0bb1
80f9
8166
7a37
b33d
23dd
758c
7143
294f
8026
80fc
79ed
b37c
23c5
7589
7b86
449d
800c
80a5
79a1
b3ba
23ae
7586
4385
5c14
80a9
8061
7954
b3f8
2396
7583
e74b
6e64
81fd
802e
7905
b437
237e
7580
9852
7a86
8407
800e
78b4
b476
2367
757d
80f9
7fcc
86c3
8001
7861
b4b4
234f
757a
adc5
7deb
8a2e
8005
780d
b4f3
2338
7577
06af
74fe
8e42
801d
77b7
b532
2320
7574
5c03
6584
92f9
8046
775f
b571
2308
7570
7ffa
505c
984e
8082
7705
b5b1
22f1
756d
5f49
36b5
9e38
80d1
76aa
b5f0
22d9
756a
0b7a
19fd
a4ae
8131
764d
b62f
22c1
7567
b182
fbd2
aba8
81a4
75ee
b66f
22aa
7564
81a7
dde2
b31c
8229
758e
b6af
2292
7561
9594
c1db
bafe
82c1
752c
b6ee
227a
755e
e298
a94e
c343
836a
74c8
b72e
2263
755b
3f64
959c
cbe0
8425
7463
b76e
224b
7558
7a2d
87de
d4c7
84f2
73fb
b7ae
2233
7555
736b
80da
dded
85d1
7393
b7ee
221c
7551
2ebe
80f3
e744
86c1
7328
b82f
2204
754e
d0fd
8829
f0be
87c3
72bc
b86f
21ec
754b
8c75
9614
fa4f
88d6
724e
b8b0
21d5
7548
85e9
a9ec
03e8
89fb
71df
b8f0
21bd
7545
c0dd
c296
0d7b
8b30
716e
b931
21a5
7542
1db0
deb0
16fa
8c76
70fb
b972
218e
753f
6a96
fca8
2059
8dcd
7087
b9b2
2176
753c
7e4d
1acf
2989
8f34
7011
b9f3
215e
7539
4e43
3776
327d
90ab
6f9a
ba35
2146
7535
f43c
5102
3b28
9233
6f20
ba76
212f
7532
a085
6606
437f
93ca
6ea6
bab7
2117
752f
8007
7554
4b74
9571
6e29
baf8
20ff
752c
a431
7e11
52fd
9727
6dab
bb3a
20e7
7529
f99c
7fbf
5a0e
98ec
6d2c
bb7b
20d0
7526
5274
7a47
609e
9ac0
6cab
bbbd
20b8
7523
7f11
6df7
66a3
9ca3
6c28
bbff
20a0
7520
6782
5b7f
6c14
9e94
6ba4
bc41
2088
751c
186c
43e8
70ea
a093
6b1e
bc83
2071
7519
bc3c
2884
751d
a29f
6a97
bcc5
2059
7516
8467
0adc
78a7
a4ba
6a0e
bd07
2041
7513
8ee0
ec98
7b84
a6e1
6984
bd49
2029
7510
d60a
cf6a
7daf
a915
68f8
bd8c
2012
750d
33b7
b4f4
7f26
ab56
686b
bdce
1ffa
750a
75a5
9eb2
7fe5
ada2
67dc
be11
1fe2
7506
7876
8de2
7fed
affb
674b
be53
1fca
7503
3aa7
8375
7f3c
b25f
66b9
be96
1fb2
7500
dd61
8000
7dd4
b4cf
6626
bed9
1f9b
74fd
92ad
83b6
7bb7
b749
6591
bf1c
1f83
74fa
82a0
8e60
78e8
b9ce
64fb
bf5f
1f6b
74f7
b5d5
9f67
756c
bc5c
6463
bfa2
1f53
74f3
10d5
b5d5
7146
bef5
63ca
bfe5
1f3b
74f0
62cc
d06b
6c7d
c197
632f
c029
1f23
74ed
7fc3
edaa
6718
c441
6293
c06c
1f0c
74ea
5830
0bf0
611f
c6f5
61f6
c0af
1ef4
74e7
014c
298b
5a9a
c9b1
6157
c0f3
1edc
74e4
a9b7
44d2
5393
cc74
60b7
c137
1ec4
74e0
806c
5c40
4c13
cf3f
6015
c17a
1eac
74dd
9b92
6e83
4426
d211
5f72
c1be
1e94
74da
ec99
7a98
3bd7
d4e9
5ece
c202
1e7c
74d7
4809
7fcf
3332
d7c8
5e28
c246
1e65
74d4
7cd3
7ddf
2a43
daad
5d81
c28a
1e4d
74d1
6ea7
74e4
2117
dd97
5cd8
c2cf
1e35
74cd
251d
655e
17bc
e085
5c2f
c313
1e1d
74ca
c7ab
502b
0e3e
e379
5b83
c357
1e05
74c7
8871
367c
04ac
e670
5ad7
c39c
1ded
74c4
895b
19c0
fb14
e96b
5a29
c3e0
1dd5
74c1
c9ec
fb93
f182
ec6a
597a
c425
1dbd
74be
2780
dda5
e805
ef6b
58ca
c46a
1da5
74ba
6fe3
c1a4
deab
f26f
5818
c4ae
1d8e
74b7
7c40
a920
d581
f574
5765
c4f3
1d76
74b4
45f5
9579
cc94
f87b
56b1
c538
1d5e
74b1
ea22
87c9
c3f1
fb84
55fc
c57d
1d46
74ae
9a0a
80d2
bba4
fe8c
5545
c5c3
1d2e
74aa
80a6
80fb
b3ba
0195
548d
c608
1d16
74a7
ab94
883f
ac3d
049e
53d4
c64d
1cfe
74a4
03cc
9637
a539
07a6
531a
c693
1ce6
74a1
59fb
aa1b
9eb7
0aad
525e
c6d8
1cce
749e
7fe4
c2cd
98c2
0db3
51a2
c71e
1cb6
749a
6131
deed
9361
10b7
50e4
c763
1c9e
7497
0e5a
fce6
8e9c
13b8
5025
c7a9
1c86
7494
b3d0
1b0c
8a7b
16b6
4f64
c7ef
1c6e
7491
8225
37ae
8703
19b1
4ea3
c835
1c56
748e
9400
5133
8438
1ca8
4de1
c87b
1c3e
748a
dfcb
662c
8220
1f9b
4d1d
c8c1
1c26
7487
3cdd
756d
80bd
228a
4c58
c907
1c0e
7484
7949
7e1b
8011
2574
4b93
c94d
1bf7
7481
74a3
7fbb
801e
2858
4acc
c993
1bdf
747d
316b
7a34
80e2
2b37
4a04
c9da
1bc7
747a
d3b0
6dd7
825d
2e0f
493b
ca20
1baf
7477
8dba
5b53
848d
30e0
4871
ca67
1b97
7474
8513
43b3
876e
33ab
47a6
caad
1b7f
7471
be5e
2849
8afd
366e
46da
caf4
1b67
746d
1adf
0a9e
8f35
3929
460c
cb3b
1b4f
746a
68f5
ec5a
940e
3bdd
453e
cb82
1b37
7467
7ebd
cf30
9983
3e87
446f
cbc8
1b1f
7464
5087
b4c2
9f8c
4128
439f
cc0f
1b07
7460
f71d
9e89
a61f
43c1
42ce
cc56
1aef
745d
a278
8dc6
ad34
464f
41fc
cc9e
1ad6
745a
8000
8366
b4bf
48d3
4129
cce5
1abe
7457
a234
8001
bcb7
4b4d
4055
cd2c
1aa6
7453
f6b9
83c5
c510
4dbc
3f80
cd73
1a8e
7450
5039
8e7d
cdbe
501f
3eaa
cdbb
1a76
744d
7eaf
9f90
d6b4
5278
3dd3
ce02
1a5e
744a
692e
b608
dfe5
54c4
3cfc
ce4a
1a46
7446
1b40
d0a5
e945
5704
3c23
ce92
1a2e
7443
beb4
ede8
f2c5
5938
3b4a
ced9
1a16
7440
852f
0c2e
fc58
5b5e
3a70
cf21
19fe
743d
8d8e
29c6
05f1
5d78
3995
cf69
19e6
7439
d352
4507
0f81
5f84
38b9
cfb1
19ce
7436
310f
5c6b
18fb
6182
37dc
cff9
19b6
7433
747a
6ea3
2251
6373
36ff
d041
199e
7430
7969
7aaa
2b75
6555
3620
d089
1986
742c
3d35
7fd3
345b
6728
3541
d0d1
196e
7429
e02b
7dd4
3cf5
68ed
3461
d11a
1956
7426
9435
74cb
4538
6aa2
3381
d162
193d
7423
8213
6538
4d17
6c48
329f
d1aa
1925
741f
b37f
4ffb
5488
6ddf
31bd
d1f3
190d
741c
0df6
3643
5b7e
6f65
30db
d23b
18f5
7419
60f0
1983
61f1
70dc
2ff7
d284
18dd
7416
7fe8
fb54
67d7
7243
2f13
d2cd
18c5
7412
5a42
dd69
6d28
7399
2e2e
d315
18ad
740f
0430
c16d
71dc
74de
2d49
d35e
1895
740c
abdf
a8f2
75eb
7612
2c63
d3a7
187d
7408
80b0
9557
7952
7736
2b7c
d3f0
1865
7405
99ce
87b3
7c09
7848
2a94
d439
184c
7402
e9bf
80cb
7e0e
7949
29ac
d482
1834
73ff
45a1
8102
7f5e
7a39
28c4
d4cb
181c
73fb
7c28
8855
7ff6
7b17
27da
d514
1804
73f8
7013
965a
7fd6
7be3
26f1
d55d
17ec
73f5
27df
aa49
7eff
7c9e
2606
d5a7
17d4
73f1
ca46
c304
7d70
7d46
251b
d5f0
17bc
73ee
8981
df29
7b2d
7ddd
2430
d639
17a3
73eb
884d
fd25
7839
7e61
2344
d683
178b
73e8
c751
1b49
7498
7ed3
2258
d6cc
1773
73e4
24be
37e7
704f
7f33
216b
d716
175b
73e1
6e74
5163
6b65
7f81
207d
d760
1743
73de
7ce9
6652
65e0
7fbc
1f8f
d7a9
172b
73da
485b
7586
5fc8
7fe5
1ea1
d7f3
1712
73d7
ecfc
7e26
5926
7ffb
1db2
d83d
16fa
73d4
9bd0
7fb7
5205
7fff
1cc3
d887
16e2
73d0
8064
7a22
4a6d
7ff1
1bd3
d8d1
16ca
73cd
a96d
6db6
426a
7fd0
1ae3
d91b
16b2
73ca
00e9
5b27
3a08
7f9d
19f3
d965
169a
73c7
57e7
437e
3152
7f57
1902
d9af
1681
73c3
7fbd
280e
2855
7eff
1811
d9f9
1669
73c0
630c
0a5f
1f1e
7e95
171f
da43
1651
73bd
1138
ec1c
15ba
7e19
162d
da8e
1639
73b9
b627
cef6
0c37
7d8a
153b
dad8
1621
73b6
82b4
b48f
02a3
7ce9
1449
db22
1608
73b3
927a
9e61
f90a
7c37
1356
db6d
15f0
73af
dd01
8da9
ef7c
7b72
1263
dbb7
15d8
73ac
3a4f
8358
e606
7a9c
1170
dc02
15c0
73a9
7854
8001
dcb4
79b4
107c
dc4d
15a8
73a5
75cc
83d4
d396
78bb
0f88
dc97
158f
73a2
3412
8e9a
cab8
77b0
0e94
dce2
1577
739f
d668
9fb9
c226
7694
0da0
dd2d
155f
739b
8f0f
b63c
b9ed
7567
0cac
dd77
1547
7398
844d
d0df
b219
7429
0bb7
ddc2
152e
7395
bbe7
ee26
aab5
72da
0ac2
de0d
1516
7391
180a
0c6c
a3cc
717b
09cd
de58
14fe
738e
6747
2a01
9d67
700b
08d8
dea3
14e6
738b
7f1c
453c
9791
6e8b
07e3
deee
14cd
7387
52c0
5c96
9251
6cfb
06ee
df39
14b5
7384
f9ff
6ec2
8dae
6b5c
05f8
df84
149d
7381
a477
7abb
89b0
69ad
0503
dfd0
1485
737d
800a
7fd6
865c
67ef
040d
e01b
146c
737a
a043
7dc9
83b8
6622
0318
e066
1454
7376
f3d8
74b1
81c6
6447
0222
e0b1
143c
7373
4df4
6511
8089
625d
012c
e0fd
1424
7370
7e3d
4fca
8005
6064
0036
e148
140b
736c
6acd
360b
8038
5e5e
ff41
e194
13f3
7369
1e11
1945
8123
5c4a
fe4b
e1df
13db
7366
c134
fb16
82c5
5a29
fd55
e22b
13c3
7362
8607
dd2d
851b
57fb
fc60
e276
13aa
735f
8c4a
c137
8821
55c1
fb6a
e2c2
1392
735c
d0a0
a8c5
8bd5
537a
fa75
e30e
137a
7358
2e61
9534
902f
5127
f97f
e359
1361
7355
7340
879e
952a
4ec8
f88a
e3a5
1349
7351
7a4b
80c5
9abf
4c5e
f794
e3f1
1331
734e
3fba
810a
a0e6
49e9
f69f
e43d
1319
734b
e2fa
886b
a796
4769
f5aa
e489
1300
7347
95cb
967e
aec4
44df
f4b5
e4d4
12e8
7344
8197
aa78
b668
424b
f3c1
e520
12d0
7341
b134
c33b
be76
3fae
f2cc
e56c
12b7
733d
0b16
df66
c6e1
3d07
f1d8
e5b8
129f
733a
5f06
fd63
cf9f
3a58
f0e4
e605
1287
7336
7ffc
1b86
d8a3
37a0
eff0
e651
126e
7333
5c48
381f
e1df
34e0
eefc
e69d
1256
7330
0713
5194
eb47
3219
ee09
e6e9
123e
732c
ae12
6677
f4cd
2f4a
ed16
e735
1225
7329
8105
759f
fe62
2c75
ec23
e781
120d
7326
9818
7e31
07fa
2999
eb30
e7ce
11f5
7322
e6e9
7fb3
1187
26b7
ea3e
e81a
11dc
731f
4330
7a0f
1afa
23d0
e94c
e866
11c4
731b
7b6c
6d96
2446
20e3
e85a
e8b3
11ac
7318
7171
5afb
2d5e
1df2
e769
e8ff
1193
7315
2a9b
4349
3635
1afd
e678
e94c
117b
7311
cce9
27d2
3ebe
1803
e587
e998
1163
730e
8aa0
0a21
46ed
1506
e497
e9e5
114a
730a
874f
ebdf
4eb5
1206
e3a7
ea31
1132
7307
c4be
cebd
560d
0f04
e2b8
ea7e
111a
7303
21f7
b45d
5ce8
0bff
e1c9
eaca
1101
7300
6cf7
9e38
633e
08f9
e0da
eb17
10e9
72fd
7d83
8d8d
6905
05f1
dfec
eb64
10d1
72f9
4ab9
834a
6e35
02e8
deff
ebb0
10b8
72f6
efd8
8002
72c6
ffdf
de11
ebfd
10a0
72f2
9da3
83e3
76b3
fcd6
dd25
ec4a
1088
72ef
8033
8eb7
79f4
f9ce
dc39
ec97
106f
72ec
a752
9fe2
7c86
f6c6
db4d
ece4
1057
72e8
fe05
b66f
7e65
f3c0
da62
ed30
103e
72e5
55c8
d119
7f8d
f0bb
d977
ed7d
1026
72e1
7f86
ee64
7fff
edb9
d88d
edca
100e
72de
64da
0cab
7fb8
eab9
d7a4
ee17
0ff5
72da
1413
2a3c
7eb9
e7bd
d6bb
ee64
0fdd
72d7
b888
4570
7d04
e4c4
d5d2
eeb1
0fc5
72d4
8354
5cc1
7a9b
e1ce
d4eb
eefe
0fac
72d0
9102
6ee2
7782
dede
d404
ef4b
0f94
72cd
da3c
7acd
73bd
dbf1
d31d
ef98
0f7b
72c9
37b8
7fd9
6f51
d90a
d237
efe5
0f63
72c6
7750
7dbd
6a45
d629
d152
f032
0f4b
72c2
76e6
7497
64a0
d34e
d06e
f07f
0f32
72bf
36b2
64eb
5e6b
d079
cf8a
f0cd
0f1a
72bc
d927
4f99
57ad
cdab
cea7
f11a
0f01
72b8
9072
35d2
5071
cae4
cdc5
f167
0ee9
72b5
8397
1908
48c2
c825
cce3
f1b4
0ed1
72b1
b97a
fad7
40aa
c56e
cc02
f201
0eb8
72ae
1532
dcf1
3835
c2bf
cb22
f24f
0ea0
72aa
658c
c100
2f6f
c01a
ca42
f29c
0e87
72a7
7f6b
a897
2664
bd7d
c964
f2e9
0e6f
72a3
54ef
9512
1d23
baea
c886
f336
0e57
72a0
fce2
8789
13b7
b861
c7a9
f384
0e3e
729c
a682
80be
0a2f
b5e2
c6cd
f3d1
0e26
7299
8024
8112
0099
b36e
c5f1
f41f
0e0d
7296
9e5e
8882
f702
b105
c517
f46c
0df5
7292
f0f9
96a1
ed77
aea7
c43d
f4b9
0ddc
728f
4ba4
aaa6
e407
ac55
c364
f507
0dc4
728b
7dba
c373
dac0
aa0f
c28c
f554
0dac
7288
6c5e
dfa2
d1ae
a7d5
c1b5
f5a2
0d93
7284
20de
fda2
c8df
a5a8
c0df
f5ef
0d7b
7281
c3bd
1bc4
c05f
a388
c009
f63c
0d62
727d
86ef
3857
b83a
a176
bf35
f68a
0d4a
727a
8b15
51c4
b07d
9f71
be62
f6d7
0d31
7276
cdf4
669d
a933
9d7a
bd8f
f725
0d19
7273
2bac
75b7
a265
9b91
bcbe
f773
0d01
726f
71f7
7e3b
9c1e
99b6
bbed
f7c0
0ce8
726c
7b1d
7fae
9667
97eb
bb1d
f80e
0cd0
7268
4238
79fc
9147
962e
ba4f
f85b
0cb7
7265
e5cc
6d76
8cc7
9480
b981
f8a9
0c9f
7261
976f
5acf
88ed
92e2
b8b5
f8f6
0c86
725e
812b
4313
85be
9154
b7e9
f944
0c6e
725a
aef2
2797
833f
8fd6
b71f
f992
0c55
7257
0835
09e2
8173
8e67
b655
f9df
0c3d
7253
5d11
eba1
805e
8d09
b58d
fa2d
0c24
7250
7fff
ce83
8000
8bbc
b4c5
fa7a
0c0c
724c
5e43
b42a
805a
8a7f
b3ff
fac8
0bf4
7249
09f5
9e10
816c
8954
b33a
fb16
0bdb
7245
b04f
8d71
8335
8839
b276
fb63
0bc3
7242
816a
833c
85b1
8730
b1b3
fbb1
0baa
723e
966e
8002
88dc
8638
b0f1
fbff
0b92
723b
e415
83f3
8cb3
8551
b030
fc4c
0b79
7237
40b6
8ed4
9131
847d
af71
fc9a
0b61
7234
7a9f
a00c
964d
83ba
aeb2
fce8
0b48
7230
72c0
b6a2
9c02
8308
adf5
fd35
0b30
722d
2d51
d154
a246
8269
ad39
fd83
0b17
7229
cf92
eea2
a912
81dc
ac7e
fdd1
0aff
7226
8bcf
0ce9
b05a
8161
abc5
fe1e
0ae6
7222
8661
2a77
b815
80f9
ab0c
fe6c
0ace
721f
c232
45a5
c038
80a2
aa55
feba
0ab5
721b
1f2c
5ced
c8b6
805e
a99f
ff08
0a9d
7218
6b6c
6f01
d184
802c
a8ea
ff55
0a84
7214
7e0c
7adf
da95
800d
a837
ffa3
0a6c
7211
4d0c
7fdc
e3dc
8000
a785
fff1
0a53
720d
f2b7
7db1
ed4b
8006
a6d4
003e
0a3b
720a
9f83
747d
f6d5
801e
a624
008c
0a22
7206
8012
64c4
006c
8048
a576
00da
0a0a
7203
a543
4f68
0a03
8085
a4c9
0127
09f1
71ff
fb22
3599
138b
80d4
a41d
0175
09d9
71fc
539d
18cb
1cf7
8136
a373
01c3
09c0
71f8
7f3d
fa99
2639
81a9
a2ca
0211
09a8
71f4
669b
dcb5
2f45
822f
a222
025e
098f
71f1
16ec
c0ca
380c
82c7
a17c
02ac
0977
71ed
baf2
a869
4083
8371
a0d6
02fa
095e
71ea
8403
94ef
489d
842d
a033
0347
0946
71e6
8f99
8773
504e
84fb
9f91
0395
092d
71e3
d77c
80b7
578c
85da
9ef0
03e3
0915
71df
351b
811a
5e4c
86cc
9e50
0430
08fc
71dc
763d
8898
6484
87ce
9db2
047e
08e4
71d8
77f0
96c5
6a2c
88e2
9d15
04cc
08cb
71d5
394b
aad5
6f3b
8a07
9c7a
0519
08b3
71d1
dbea
c3aa
73aa
8b3d
9be0
0567
089a
71cd
91e4
dfdf
7772
8c83
9b48
05b5
0882
71ca
82f1
fde1
7a8f
8ddb
9ab1
0602
0869
71c6
b715
1c01
7cfb
8f43
9a1c
0650
0851
71c3
1257
388f
7eb3
90bb
9988
069d
0838
71bf
63c3
51f4
7fb5
9243
98f5
06eb
0820
71bc
7fa9
66c2
7fff
93db
9864
0739
0807
71b8
5713
75d0
7f91
9582
97d5
0786
07ef
71b5
ffc6
7e45
7e6c
9739
9747
07d4
07d6
71b1
a898
7faa
7c90
98ff
96ba
0821
07be
71ad
804f
79e9
7a02
9ad3
962f
086f
07a5
71aa
9c86
6d55
76c3
9cb7
95a5
08bc
078d
71a6
ee1c
5aa3
72da
9ea8
951e
090a
0774
71a3
494a
42de
6e4c
a0a8
9497
0957
075b
719f
7d28
275b
691f
a2b5
9412
09a5
0743
719b
6de0
09a4
635a
a4d0
938f
09f2
072a
7198
23a7
eb63
5d07
a6f7
930d
0a40
0712
7194
c64d
ce49
562e
a92c
928d
0a8d
06f9
7191
87e7
b3f8
4ed9
ab6d
920e
0adb
06e1
718d
89f0
9de8
4712
adba
9191
0b28
06c8
718a
cb4f
8d55
3ee5
b014
9116
0b75
06b0
7186
28f2
832e
365e
b278
909c
0bc3
0697
7182
709e
8003
2d88
b4e8
9024
0c10
067f
717f
7be0
8402
2471
b763
8fad
0c5e
0666
717b
44ac
8ef2
1b26
b9e8
8f38
0cab
064e
7178
e8a1
a035
11b3
bc77
8ec5
0cf8
0635
7174
9920
b6d5
0827
bf10
8e53
0d46
061c
7170
80cf
d18e
fe8f
c1b2
8de3
0d93
0604
716d
acbb
eee0
f4f9
c45d
8d74
0de0
05eb
7169
0552
0d27
eb73
c711
8d07
0e2d
05d3
7166
5b0f
2ab2
e20b
c9cd
8c9c
0e7b
05ba
7162
7ff2
45d9
d8ce
cc91
8c33
0ec8
05a2
715e
6031
5d18
cfc9
cf5c
8bcb
0f15
0589
715b
0cd5
6f20
c70a
d22e
8b65
0f62
0571
7157
b297
7af0
be9c
d507
8b00
0faf
0558
7154
81e0
7fdf
b68d
d7e6
8a9d
0ffc
0540
7150
94d3
7da5
aee7
dacb
8a3c
1049
0527
714c
e145
7463
a7b6
ddb5
89dd
1096
050e
7149
3e34
649e
a104
e0a4
897f
10e3
04f6
7145
79c3
4f37
9adb
e397
8923
1130
04dd
7141
7400
3560
9543
e68f
88c9
117d
04c5
713e
3002
188d
9045
e98a
8870
11ca
04ac
713a
d242
fa5a
8be7
ec89
8819
1217
0494
7137
8d0d
dc78
8831
ef8a
87c4
1264
047b
7133
8582
c094
8527
f28e
8771
12b1
0463
712f
bfae
a83b
82ce
f594
871f
12fe
044a
712c
1c5c
94cd
8129
f89b
86cf
134b
0431
7128
69d3
875f
803a
fba3
8681
1398
0419
7124
7e84
80b1
8004
feac
8634
13e4
0400
7121
4f56
8123
8085
01b5
85ea
1431
03e8
711d
f598
88af
81be
04be
85a1
147e
03cf
711a
a16f
96e8
83ad
07c6
855a
14cb
03b7
7116
8002
ab04
864e
0acd
8514
1517
039e
7112
a33f
c3e1
899f
0dd2
84d1
1564
0385
710f
f83f
e01c
8d9a
10d6
848f
15b0
036d
710b
5168
fe1f
9239
13d7
844f
15fd
0354
7107
7ee5
1c3e
9777
16d5
8410
164a
033c
7104
684e
38c8
9d4b
19d0
83d4
1696
0323
7100
19c2
5224
a3ad
1cc7
8399
16e3
030b
70fc
bd65
66e7
aa94
1fba
8360
172f
02f2
70f9
84c3
75e8
b1f5
22a8
8329
177b
02da
70f5
8e3f
7e50
b9c7
2592
82f3
17c8
02c1
70f1
d4c1
7fa5
c1fe
2876
82c0
1814
02a8
70ee
3277
79d6
ca8f
2b54
828e
1860
0290
70ea
751a
6d35
d36c
2e2c
825e
18ad
0277
70e6
78eb
5a77
dc89
30fd
8230
18f9
025f
70e3
3bdd
42a9
e5da
33c8
8204
1945
0246
70df
deb2
271f
ef50
368a
81d9
1991
022e
70db
9365
0966
f8de
3945
81b1
19dd
0215
70d8
825c
eb25
0276
3bf8
818a
1a29
01fc
70d4
b4ba
ce10
0c0b
3ea2
8165
1a75
01e4
70d0
0f7a
b3c6
158e
4143
8141
1ac1
01cb
70cd
61ed
9dc0
1ef2
43db
8120
1b0d
01b3
70c9
7fd7
8d3a
282a
4669
8100
1b59
019a
70c5
592b
8320
3128
48ed
80e3
1ba5
0182
70c2
02a9
8004
39e0
4b66
80c7
1bf1
0169
70be
aaba
8412
4244
4dd5
80ad
1c3d
0150
70ba
808a
8f0f
4a48
5038
8094
1c89
0138
70b7
9abb
a05f
51e2
528f
807e
1cd4
011f
70b3
eb40
b709
5906
54db
8069
1d20
0107
70af
46e7
d1c8
5faa
571b
8056
1d6c
00ee
70ac
7c84
ef1e
65c4
594e
8046
1db7
00d6
70a8
6f54
0d65
6b4c
5b74
8036
1e03
00bd
70a4
266b
2aed
703a
5d8d
8029
1e4e
00a4
70a1
c8e5
460e
7485
5f99
801e
1e9a
008c
709d
88ef
5d42
782a
6197
8014
1ee5
0073
7099
88da
6f3f
7b21
6386
800d
1f31
005b
7096
c8b0
7b02
7d67
6568
8007
1f7c
0042
7092
2633
7fe2
7ef9
673b
8003
1fc7
002a
708e
6f38
7d99
7fd4
68ff
8000
2013
0011
708a
7c92
7449
7ff7
6ab3
8000
205e
fff8
7087
4718
6477
7f62
6c59
8002
20a9
ffe0
7083
eb7a
4f05
7e16
6def
8005
20f4
ffc7
707f
9adf
3527
7c14
6f75
800a
213f
ffaf
707c
8085
1850
7960
70eb
8011
218a
ff96
7078
aa8f
fa1c
75fd
7251
801a
21d5
ff7e
7074
026f
dc3c
71f0
73a6
8025
2220
ff65
7070
5901
c05d
6d40
74eb
8031
226b
ff4c
706d
7fd4
a80e
67f2
761f
8040
22b6
ff34
7069
6213
94ab
620e
7741
8050
2301
ff1b
7065
0fb4
874a
5b9e
7853
8062
234b
ff03
7062
b4e9
80aa
54a9
7953
8076
2396
feea
705e
8267
812b
4d3b
7a42
808c
23e1
fed2
705a
9346
88c5
455e
7b20
80a3
242b
feb9
7056
de79
970c
3d1d
7beb
80bc
2476
fea0
7053
3ba9
ab33
3484
7ca5
80d8
24c0
fe88
704f
78d7
c418
2b9f
7d4d
80f5
250a
fe6f
704b
7531
e058
227c
7de2
8114
2555
fe57
7048
32ac
fe5e
1927
7e66
8134
259f
fe3e
7044
d4f8
1c7b
0fae
7ed7
8157
25e9
fe26
7040
8e59
3900
061e
7f37
817b
2634
fe0d
703c
84b3
5254
fc85
7f83
81a1
267e
fdf4
7039
bd33
670c
f2f2
7fbe
81c9
26c8
fddc
7035
1989
7600
e971
7fe6
81f3
2712
fdc3
7031
682c
7e5a
e011
7ffc
821f
275c
fdab
702d
7eec
7fa0
d6de
7fff
824c
27a6
fd92
702a
5195
79c3
cde7
7ff0
827c
27f0
fd7a
7026
f879
6d14
c538
7fce
82ad
2839
fd61
7022
a367
5a4a
bcde
7f9a
82e0
2883
fd48
701e
8002
4273
b4e4
7f54
8314
28cd
fd30
701b
a148
26e4
ad56
7efb
834b
2916
fd17
7017
f55d
0927
a63f
7e90
8383
2960
fcff
7013
4f28
eae7
9fa9
7e13
83bd
29a9
fce6
700f
7e7b
cdd6
999e
7d84
83f9
29f3
fcce
700c
69f4
b393
9426
7ce3
8437
2a3c
fcb5
7008
1c95
9d98
8f4a
7c2f
8476
2a86
fc9c
7004
bfe1
8d1e
8b0f
7b6a
84b7
2acf
fc84
7000
8593
8313
877d
7a93
84fa
2b18
fc6b
6ffd
8cf3
8005
8499
79aa
853f
2b61
fc53
6ff9
d20c
8421
8265
78b0
8585
2baa
fc3a
6ff5
2fcc
8f2d
80e7
77a5
85ce
2bf3
fc22
6ff1
73e8
a088
801f
7688
8618
2c3c
fc09
6fee
79d5
b73c
8010
755a
8663
2c85
fbf1
6fea
3e67
d203
80b8
741b
86b1
2cce
fbd8
6fe6
e17e
ef5c
8218
72cc
8700
2d17
fbbf
6fe2
94f3
0da4
842d
716c
8751
2d5f
fba7
6fde
81d6
2b28
86f4
6ffc
87a4
2da8
fb8e
6fdb
b269
4642
8a69
6e7b
87f9
2df1
fb76
6fd7
0c9b
5d6d
8e88
6ceb
884f
2e39
fb5d
6fd3
600a
6f5e
9349
6b4b
88a7
2e81
fb45
6fcf
7ff3
7b13
98a7
699c
8900
2eca
fb2c
6fcc
5b38
7fe4
9e9a
67dd
895c
2f12
fb14
6fc8
058d
7d8d
a519
660f
89b9
2f5a
fafb
6fc4
ace7
742f
ac1b
6433
8a18
2fa3
fae2
6fc0
80d6
6450
b396
6248
8a78
2feb
faca
6fbc
98fd
4ed4
bb7e
6050
8ada
3033
fab1
6fb9
e868
34ee
c3c9
5e49
8b3e
307b
fa99
6fb5
447b
1812
cc6b
5c35
8ba4
30c2
fa80
6fb1
7bd1
f9dd
d557
5a13
8c0b
310a
fa68
6fad
70ba
dc00
de80
57e5
8c74
3152
fa4f
6fa9
292a
c027
e7d9
55a9
8cde
319a
fa37
6fa6
cb84
a7e1
f156
5362
8d4b
31e1
fa1e
6fa2
8a06
9489
fae7
510e
8db8
3229
fa05
6f9e
87d3
8735
0480
4eaf
8e28
3270
f9ed
6f9a
c619
80a4
0e12
4c45
8e99
32b8
f9d4
6f96
236f
8134
1790
49cf
8f0c
32ff
f9bc
6f93
6dc2
88dc
20ec
474f
8f80
3346
f9a3
6f8f
7d34
9730
2a18
44c5
8ff6
338d
f98b
6f8b
497a
ab62
3309
4231
906e
33d4
f972
6f87
ee55
c450
3baf
3f93
90e7
341b
f95a
6f83
9cab
e095
4400
3cec
9162
3462
f941
6f7f
804b
fe9c
4bef
3a3c
91de
34a9
f929
6f7c
a86e
1cb8
5371
3784
925c
34f0
f910
6f78
ff8c
3938
5a7a
34c4
92dc
3537
f8f8
6f74
56e8
5284
6102
31fc
935d
357d
f8df
6f70
7fa5
6731
66fe
2f2d
93e0
35c4
f8c6
6f6c
63e7
7619
6c65
2c58
9464
360a
f8ae
6f69
1291
7e64
7131
297c
94ea
3651
f895
6f65
b745
7f9c
755a
269a
9571
3697
f87d
6f61
82fd
79af
78da
23b2
95fa
36dd
f864
6f5d
91c7
6cf3
7bac
20c5
9685
3724
f84c
6f59
dbb2
5a1e
7dcc
1dd4
9711
376a
f833
6f55
3917
423e
7f37
1ade
979e
37b0
f81b
6f52
77dc
26a8
7feb
17e4
982d
37f6
f802
6f4e
7653
08e9
7fe7
14e7
98be
383b
f7ea
6f4a
3550
eaaa
7f2b
11e7
9950
3881
f7d1
6f46
d7b3
cd9c
7db8
0ee5
99e3
38c7
f7b9
6f42
8fb5
b361
7b90
0be0
9a78
390c
f7a0
6f3e
83f5
9d70
78b6
08d9
9b0e
3952
f788
6f3b
bac1
8d02
752f
05d2
9ba6
3997
f76f
6f37
16b3
8305
70ff
02c9
9c3f
39dd
f757
6f33
6678
8006
6c2c
ffc0
9cda
3a22
f73e
6f2f
7f44
8431
66be
fcb7
9d76
3a67
f726
6f2b
53c9
8f4a
60bc
f9af
9e14
3aac
f70d
6f27
fb5c
a0b2
5a2e
f6a7
9eb3
3af1
f6f5
6f23
a56c
b770
531f
f3a1
9f53
3b36
f6dc
6f20
8014
d23d
4b99
f09c
9ff5
3b7b
f6c3
6f1c
9f5c
ef9a
43a5
ed9a
a098
3bc0
f6ab
6f18
f27d
0de2
3b50
ea9b
a13c
3c05
f692
6f14
4cde
2b63
32a6
e79e
a1e2
3c49
f67a
6f10
7e01
4676
29b3
e4a5
a28a
3c8e
f661
6f0c
6b8c
5d98
2084
e1b0
a332
3cd2
f649
6f08
1f64
6f7d
1726
debf
a3dc
3d16
f630
6f05
c265
7b24
0da7
dbd3
a487
3d5b
f618
6f01
8673
7fe7
0414
d8ed
a534
3d9f
f5ff
6efd
8bb6
7d81
fa7c
d60c
a5e2
3de3
f5e7
6ef9
cf5d
7415
f0eb
d331
a691
3e27
f5ce
6ef5
2d1b
6429
e770
d05c
a741
3e6b
f5b6
6ef1
72a6
4ea3
de18
cd8e
a7f3
3eaf
f59d
6eed
7ab0
34b5
d4f2
cac8
a8a6
3ef2
f585
6ee9
40e8
17d5
cc09
c809
a95a
3f36
f56d
6ee6
e44e
f99f
c36a
c552
aa10
3f79
f554
6ee2
968f
dbc4
bb24
c2a4
aac6
3fbd
f53c
6ede
8162
bff1
b340
bffe
ab7e
4000
f523
6eda
b022
a7b3
abca
bd62
ac37
4043
f50b
6ed6
09bb
9467
a4ce
bad0
acf2
4087
f4f2
6ed2
5e1b
8720
9e55
b847
adad
40ca
f4da
6ece
7fff
809e
9868
b5c8
ae6a
410d
f4c1
6eca
5d39
813c
9311
b355
af28
414f
f4a9
6ec6
086f
88f3
8e56
b0ec
afe7
4192
f490
6ec3
af1f
9754
8a3f
ae8f
b0a7
41d5
f478
6ebf
8133
ab91
86d1
ac3d
b169
4218
f45f
6ebb
974d
c487
8412
a9f8
b22b
425a
f447
6eb7
e593
e0d2
8205
a7bf
b2ef
429c
f42e
6eb3
4206
fedb
80ad
a592
b3b4
42df
f416
6eaf
7b0d
1cf5
800d
a373
b47a
4321
f3fd
6eab
7211
3970
8024
a161
b541
4363
f3e5
6ea7
2be3
52b4
80f4
9f5c
b609
43a5
f3cc
6ea3
ce2a
6756
827a
9d66
b6d2
43e7
f3b4
6e9f
8b2d
7631
84b5
9b7d
b79c
4429
f39c
6e9c
86dd
7e6d
87a2
99a4
b867
446b
f383
6e98
c389
7f97
8b3b
97d8
b933
44ac
f36b
6e94
20a6
799c
8f7d
961c
ba00
44ee
f352
6e90
6c3f
6cd2
9460
946f
bacf
452f
f33a
6e8c
7dc5
59f2
99df
92d2
bb9e
4570
f321
6e88
4bd3
4208
9ff0
9144
bc6e
45b2
f309
6e84
f133
266d
a68c
8fc7
bd3f
45f3
f2f0
6e80
9e84
08aa
ada8
8e59
be11
4634
f2d8
6e7c
8021
ea6c
b53b
8cfc
bee4
4675
f2bf
6e78
a658
cd63
bd39
8baf
bfb8
46b6
f2a7
6e74
fca8
b32f
c597
8a73
c08d
46f6
f28f
6e70
54c3
9d48
ce4a
8948
c163
4737
f276
6e6c
7f66
8ce7
d744
882e
c23a
4777
f25e
6e69
65af
82f8
e079
8725
c312
47b8
f245
6e65
156c
8008
e9db
862e
c3ea
47f8
f22d
6e61
b9aa
8441
f35c
8548
c4c4
4838
f214
6e5d
83a5
8f68
fcf0
8474
c59e
4878
f1fc
6e59
9056
a0dc
0689
83b2
c679
48b8
f1e4
6e55
d8ef
b7a3
1018
8302
c755
48f8
f1cb
6e51
367d
d277
1990
8263
c832
4938
f1b3
6e4d
76d0
efd8
22e3
81d7
c90f
4978
f19a
6e49
7766
0e20
2c04
815d
c9ed
49b7
f182
6e45
37ed
2b9e
34e5
80f5
cacd
49f7
f16a
6e41
da74
46aa
3d7b
809f
cbac
4a36
f151
6e3d
911f
5dc3
45b8
805c
cc8d
4a76
f139
6e39
8347
6f9b
4d91
802b
cd6e
4ab5
f120
6e35
b857
7b35
54fa
800c
ce51
4af4
f108
6e31
13da
7fe9
5be8
8000
cf33
4b33
f0ef
6e2d
64b6
7d74
6253
8007
d017
4b71
f0d7
6e29
7f8b
73fa
6830
801f
d0fb
4bb0
f0bf
6e26
55f3
6402
6d77
804a
d1e0
4bef
f0a6
6e22
fe3f
4e71
7221
8088
d2c6
4c2d
f08e
6e1e
a77c
347c
7626
80d8
d3ac
4c6c
f075
6e1a
8036
1797
7982
813a
d493
4caa
f05d
6e16
9d7e
f960
7c2e
81ae
d57a
4ce8
f045
6e12
ef9f
db88
7e28
8235
d662
4d26
f02c
6e0e
4a89
bfbb
7f6c
82ce
d74b
4d64
f014
6e0a
7d77
a786
7ff9
8378
d834
4da2
effc
6e06
6d16
9445
7fce
8435
d91e
4de0
efe3
6e02
222f
870c
7eeb
8504
da08
4e1d
efcb
6dfe
c4f1
8098
7d52
85e4
daf3
4e5b
efb2
6dfa
8763
8145
7b04
86d6
dbdf
4e98
ef9a
6df6
8a89
890a
7805
87d9
dccb
4ed5
ef82
6df2
ccb4
9778
7459
88ed
ddb7
4f13
ef69
6dee
2a64
abc0
7006
8a13
dea4
4f50
ef51
6dea
7156
c4be
6b12
8b4a
df92
4f8d
ef39
6de6
7b7b
e10e
6583
8c91
e080
4fc9
ef20
6de2
4361
ff1a
5f63
8de9
e16e
5006
ef08
6dde
e722
1d32
58b9
8f52
e25d
5043
eef0
6dda
983a
39a8
5190
90ca
e34c
507f
eed7
6dd6
80fe
52e3
49f1
9253
e43c
50bc
eebf
6dd2
ade5
677b
41e8
93eb
e52c
50f8
eea6
6dce
06d8
7649
3980
9593
e61c
5134
ee8e
6dca
5c20
7e77
30c5
974b
e70d
5170
ee76
6dc6
7ffb
7f92
27c4
9911
e7fe
51ac
ee5d
6dc2
5f2d
7988
1e8a
9ae6
e8f0
51e8
ee45
6dbe
0b50
6cb1
1524
9cca
e9e2
5223
ee2d
6dba
b162
59c5
0ba0
9ebc
ead4
525f
ee14
6db6
81a0
41d2
020b
a0bc
ebc6
529a
edfc
6db2
95ab
2631
f873
a2ca
ecb9
52d6
ede4
6dae
e2c1
086c
eee5
a4e5
edac
5311
edcb
6daa
3f88
ea2e
e571
a70e
ee9f
534c
edb3
6da6
7a3a
cd29
dc22
a943
ef93
5387
ed9b
6da2
7359
b2fd
d307
ab85
f087
53c2
ed83
6d9e
2e97
9d20
ca2d
add2
f17b
53fc
ed6a
6d9a
d0d6
8ccc
c1a1
b02c
f26f
5437
ed52
6d96
8c63
82ea
b96e
b291
f364
5471
ed3a
6d92
85f6
8009
b1a0
b501
f458
54ac
ed21
6d8e
c101
8451
aa44
b77c
f54d
54e6
ed09
6d8a
1dd9
8f86
a363
ba02
f642
5520
ecf1
6d86
6aad
a106
9d07
bc91
f737
555a
ecd8
6d82
7e47
b7d7
9739
bf2b
f82c
5594
ecc0
6d7e
4e22
d2b2
9202
c1cd
f922
55cd
eca8
6d7a
f412
f016
8d6a
c479
fa17
5607
ec90
6d76
a069
0e5e
8976
c72d
fb0c
5641
ec77
6d72
8008
2bd9
862d
c9e9
fc02
567a
ec5f
6d6e
a44e
46df
8393
ccad
fcf8
56b3
ec47
6d6a
f9c5
5ded
81ad
cf79
fded
56ec
ec2e
6d66
5294
6fba
807c
d24b
fee3
5725
ec16
6d62
7f16
7b46
8002
d524
ffd9
575e
ebfe
6d5e
676a
7feb
8041
d804
00cf
5797
ebe6
6d5a
1843
7d68
8138
dae9
01c4
57cf
ebcd
6d56
bc19
73e0
82e5
ddd3
02ba
5808
ebb5
6d51
845c
63db
8545
e0c2
03b0
5840
eb9d
6d4d
8ef4
4e40
8857
e3b6
04a5
5878
eb85
6d49
d631
3443
8c15
e6ae
059b
58b0
eb6c
6d45
33dd
175a
9079
e9a9
0690
58e8
eb54
6d41
75b5
f922
957e
eca8
0785
5920
eb3c
6d3d
7868
db4c
9b1d
efa9
087b
5958
eb24
6d39
3a83
bf84
a14c
f2ad
0970
5990
eb0b
6d35
dd39
a759
a804
f5b3
0a65
59c7
eaf3
6d31
9298
9423
af3a
f8ba
0b5a
59fe
eadb
6d2d
82a8
86f7
b6e5
fbc2
0c4e
5a36
eac3
6d29
b5f7
8092
bef8
fecb
0d43
5a6d
eaaa
6d25
10fe
814e
c76a
01d4
0e37
5aa4
ea92
6d21
62e7
8921
d02c
04dd
0f2b
5ada
ea7a
6d1d
7fc1
979c
d934
07e5
101f
5b11
ea62
6d19
5811
abef
e273
0aec
1113
5b48
ea49
6d15
0123
c4f6
ebdd
0df1
1206
5b7e
ea31
6d11
a998
e14b
f564
10f5
12f9
5bb4
ea19
6d0d
8069
ff58
fefa
13f5
13ec
5bea
ea01
6d08
9bac
1d6f
0892
16f3
14df
5c20
e9e9
6d04
ecc2
39df
121d
19ee
15d1
5c56
e9d0
6d00
482b
5313
1b8e
1ce5
16c3
5c8c
e9b8
6cfc
7cdd
67a0
24d8
1fd8
17b5
5cc2
e9a0
6cf8
6e92
7661
2dec
22c6
18a6
5cf7
e988
6cf4
24f5
7e81
36bf
25b0
1997
5d2c
e970
6cf0
c785
7f8c
3f43
2893
1a87
5d62
e957
6cec
8862
7974
476b
2b71
1b78
5d97
e93f
6ce8
896b
6c90
4f2d
2e49
1c67
5dcc
e927
6ce4
ca11
5998
567d
311a
1d57
5e01
e90f
6ce0
27a7
419d
5d51
33e4
1e46
5e35
e8f7
6cdc
6ff7
25f5
639e
36a7
1f34
5e6a
e8df
6cd8
7c36
082d
695c
3961
2022
5e9e
e8c6
6cd3
45d2
e9f1
6e82
3c14
2110
5ed2
e8ae
6ccf
e9f9
ccf0
7309
3ebe
21fd
5f07
e896
6ccb
99f1
b2cb
76eb
415e
22ea
5f3b
e87e
6cc7
80aa
9cf8
7a22
43f6
23d6
5f6e
e866
6cc3
abb3
8cb0
7ca9
4683
24c2
5fa2
e84e
6cbf
03f6
82dd
7e7c
4907
25ad
5fd6
e835
6cbb
5a18
800a
7f9a
4b7f
2697
6009
e81d
6cb7
7fe6
8461
7fff
4ded
2781
603c
e805
6cb3
6116
8fa4
7fad
5050
286b
6070
e7ed
6caf
0e30
a130
7ea4
52a7
2954
60a3
e7d5
6caa
b3ae
b80b
7ce3
54f3
2a3c
60d5
e7bd
6ca6
821e
d2ed
7a6f
5732
2b24
6108
e7a5
6ca2
9416
f054
774b
5964
2c0b
613b
e78d
6c9e
dff3
0e9c
737c
5b8a
2cf1
616d
e774
6c9a
3d02
2c13
6f06
5da3
2dd7
61a0
e75c
6c96
7956
4713
69f0
5fae
2ebc
61d2
e744
6c92
7492
5e18
6442
61ab
2fa0
6204
e72c
6c8e
3145
6fd8
5e04
639a
3084
6236
e714
6c8a
d389
7b57
573e
657b
3167
6268
e6fc
6c85
8da8
7fee
4ffb
674d
3249
6299
e6e4
6c81
851f
7d5b
4845
6910
332b
62cb
e6cc
6c7d
be82
73c5
4026
6ac5
340c
62fc
e6b4
6c79
1b07
63b4
37ac
6c6a
34ec
632d
e69c
6c75
690d
4e0e
2ee1
6dff
35cb
635e
e683
6c71
7eb7
340a
25d3
6f84
36aa
638f
e66b
6c6d
5066
171c
1c8f
70fa
3788
63c0
e653
6c69
f6f4
f8e3
1321
725f
3865
63f1
e63b
6c64
a25b
db10
0998
73b3
3941
6421
e623
6c60
8000
bf4e
0001
74f7
3a1c
6451
e60b
6c5c
a250
a72c
f66a
762b
3af7
6482
e5f3
6c58
f6e3
9402
ece1
774d
3bd0
64b2
e5db
6c54
5059
86e3
e373
785e
3ca9
64e1
e5c3
6c50
7eb5
808c
da2f
795d
3d81
6511
e5ab
6c4c
6917
8157
d120
7a4c
3e58
6541
e593
6c47
1b18
8939
c856
7b28
3f2e
6570
e57b
6c43
be90
97c0
bfdb
7bf3
4004
65a0
e563
6c3f
8523
ac1e
b7bd
7cac
40d8
65cf
e54b
6c3b
8da0
c52d
b006
7d53
41ab
65fe
e533
6c37
d379
e188
a8c3
7de8
427e
662d
e51b
6c33
3135
ff97
a1fd
7e6b
434f
665b
e503
6c2f
748b
1dab
9bbf
7edc
4420
668a
e4eb
6c2a
795b
3a17
9611
7f3a
44ef
66b8
e4d3
6c26
3d10
5342
90fb
7f86
45be
66e7
e4bb
6c22
e003
67c5
8c85
7fc0
468b
6715
e4a3
6c1e
941f
7678
88b5
7fe7
4758
6743
e48b
6c1a
821b
7e8a
8591
7ffc
4824
6771
e473
6c16
b3a1
7f87
831d
7fff
48ee
679e
e45b
6c11
0e20
7961
815d
7fef
49b7
67cc
e443
6c0d
610b
6c6f
8053
7fcd
4a80
67f9
e42b
6c09
7fe6
596c
8000
7f98
4b47
6827
e413
6c05
5a24
4167
8066
7f51
4c0d
6854
e3fb
6c01
0406
25b9
8183
7ef7
4cd2
6881
e3e3
6bfd
abc0
07ef
8357
7e8c
4d96
68ad
e3cb
6bf8
80ac
e9b3
85de
7e0e
4e59
68da
e3b3
6bf4
99e7
ccb7
8914
7d7e
4f1b
6907
e39b
6bf0
e9e8
b299
8cf6
7cdc
4fdc
6933
e383
6bec
45c4
9cd1
917d
7c28
509b
695f
e36b
6be8
7c32
8c95
96a3
7b62
5159
698b
e353
6be4
6fff
82d0
9c61
7a8a
5216
69b7
e33b
6bdf
27b7
800c
a2ae
79a1
52d2
69e3
e323
6bdb
ca21
8472
a982
78a6
538d
6a0e
e30b
6bd7
8971
8fc2
b0d2
779a
5447
6a3a
e2f3
6bd3
885c
a15a
b893
767c
54ff
6a65
e2db
6bcf
c776
b83e
c0bc
754e
55b6
6a90
e2c3
6bca
24e5
d327
c940
740e
566c
6abb
e2ab
6bc6
6e89
f092
d212
72be
5721
6ae6
e293
6bc2
7ce0
0edb
db27
715e
57d4
6b11
e27c
6bbe
4839
2c4e
e470
6fed
5886
6b3b
e264
6bba
ecd3
4747
ede1
6e6c
5937
6b66
e24c
6bb5
9bb6
5e42
f76c
6cdb
59e7
6b90
e234
6bb1
8067
6ff7
0104
6b3a
5a95
6bba
e21c
6bad
a98c
7b67
0a9a
698a
5b42
6be4
e204
6ba9
0112
7ff0
1421
67cb
5bed
6c0d
e1ec
6ba5
5805
7d4f
1d8b
65fd
5c98
6c37
e1d4
6ba0
7fc0
73aa
26ca
6420
5d41
6c60
e1bc
6b9c
62f1
638d
2fd2
6234
5de8
6c8a
e1a5
6b98
110e
4ddd
3895
603b
5e8f
6cb3
e18d
6b94
b605
33d1
4106
5e34
5f34
6cdc
e175
6b90
82ac
16df
491a
5c1f
5fd7
6d05
e15d
6b8b
928f
f8a5
50c5
59fd
6079
6d2d
e145
6b87
dd29
dad4
57fb
57ce
611a
6d56
e12d
6b83
3a74
bf18
5eb3
5592
61ba
6d7e
e115
6b7f
7863
a6ff
64e2
534a
6258
6da6
e0fe
6b7b
75bc
93e0
6a81
50f6
62f4
6dce
e0e6
6b76
33ec
86cf
6f86
4e97
638f
6df6
e0ce
6b72
d641
8086
73eb
4c2c
6429
6e1e
e0b6
6b6e
8efc
8160
77a8
49b6
64c1
6e45
e09e
6b6a
8458
8950
7aba
4735
6558
6e6d
e086
6b65
bc0b
97e5
7d1b
44aa
65ee
6e94
e06f
6b61
1833
ac4d
7ec8
4216
6681
6ebb
e057
6b5d
6760
c565
7fbf
3f78
6714
6ee2
e03f
6b59
7f18
e1c5
7ffe
3cd0
67a5
6f09
e027
6b54
52a1
ffd5
7f84
3a20
6834
6f2f
e00f
6b50
f9d6
1de8
7e53
3768
68c2
6f56
dff8
6b4c
a45a
3a4f
7c6d
34a7
694f
6f7c
dfe0
6b48
8009
5372
79d3
31df
69da
6fa2
dfc8
6b44
a05e
67e9
768a
2f10
6a63
6fc8
dfb0
6b3f
f402
7690
7297
2c3a
6aeb
6fee
df98
6b3b
4e14
7e94
6dfe
295e
6b71
7013
df81
6b37
7e44
7f82
68c8
267c
6bf6
7039
df69
6b33
6ab6
794d
62fa
2394
6c79
705e
df51
6b2e
1de9
6c4e
5c9e
20a7
6cfb
7083
df39
6b2a
c110
593f
55bd
1db5
6d7b
70a8
df22
6b26
85fb
4131
4e61
1abf
6df9
70cd
df0a
6b22
8c5c
257d
4694
17c6
6e76
70f2
def2
6b1d
d0c7
07b1
3e61
14c8
6ef2
7116
deda
6b19
2e87
e975
35d4
11c8
6f6c
713a
dec3
6b15
7352
cc7d
2cfa
0ec6
6fe4
715e
deab
6b11
7a3f
b267
23df
0bc1
705a
7182
de93
6b0c
3f96
9ca9
1a91
08ba
70cf
71a6
de7c
6b08
e2d1
8c7a
111c
05b2
7142
71ca
de64
6b04
95b4
82c3
078f
02aa
71b4
71ed
de4c
6aff
819d
800e
fdf7
ffa1
7224
7211
de34
6afb
b154
8482
f462
fc98
7293
7234
de1d
6af7
0b40
8fe0
eadd
f98f
72ff
7257
de05
6af3
5f22
a184
e177
f688
736a
727a
dded
6aee
7ffb
b872
d83d
f382
73d4
729d
ddd6
6aea
5c2b
d362
cf3c
f07d
743b
72bf
ddbe
6ae6
06e9
f0d0
c682
ed7b
74a2
72e1
dda6
6ae2
adf2
0f19
be1a
ea7c
7506
7304
dd8f
6add
8100
2c89
b610
e77f
7569
7326
dd77
6ad9
9830
477b
ae72
e486
75ca
7347
dd5f
6ad5
e711
5e6c
a748
e192
7629
7369
dd48
6ad0
4353
7015
a09e
dea1
7687
738b
dd30
6acc
7b77
7b78
9a7e
dbb5
76e3
73ac
dd18
6ac8
715e
7ff1
94ef
d8cf
773d
73cd
dd01
6ac4
2a73
7d42
8ffb
d5ee
7795
73ee
dce9
6abf
ccc3
738f
8ba8
d313
77ec
740f
dcd1
6abb
8a90
6365
87fc
d03f
7841
7430
dcba
6ab7
875d
4dab
84fd
cd72
7894
7450
dca2
6ab2
c4e2
3398
82af
caab
78e6
7471
dc8b
6aae
221f
16a1
8115
c7ed
7936
7491
dc73
6aaa
6d0d
f866
8032
c536
7984
74b1
dc5b
6aa6
7d7a
da98
8006
c288
79d0
74d1
dc44
6aa1
4a97
bee3
8093
bfe3
7a1b
74f0
dc2c
6a9d
efaf
a6d2
81d8
bd48
7a64
7510
dc15
6a99
9d88
93bf
83d1
bab5
7aab
752f
dbfd
6a94
8035
86bb
867e
b82d
7af0
754e
dbe5
6a90
a770
8080
89d9
b5af
7b34
756d
dbce
6a8c
fe2f
8169
8dde
b33c
7b75
758c
dbb6
6a87
55e7
8967
9288
b0d4
7bb5
75ab
db9f
6a83
7f89
9809
97cf
ae77
7bf4
75c9
db87
6a7f
64c0
ac7d
9dac
ac26
7c30
75e8
db70
6a7b
13ea
c59d
a416
a9e1
7c6b
7606
db58
6a76
b865
e201
ab05
a7a8
7ca3
7624
db41
6a72
834a
0014
b26e
a57c
7cdb
7642
db29
6a6e
9117
1e25
ba47
a35d
7d10
765f
db11
6a69
da64
3a87
c284
a14c
7d43
767d
dafa
6a65
37de
53a1
cb19
9f48
7d75
769a
dae2
6a61
775f
680e
d3fb
9d52
7da5
76b7
dacb
6a5c
76d7
76a7
dd1b
9b6a
7dd3
76d4
dab3
6a58
368d
7e9d
e66f
9991
7dff
76f1
da9c
6a54
d8ff
7f7c
efe6
97c6
7e29
770e
da84
6a4f
905e
7939
f975
960b
7e52
772a
da6d
6a4b
83a1
6c2c
030e
945e
7e79
7746
da55
6a47
b99c
5912
0ca2
92c2
7e9e
7763
da3e
6a42
155b
40fb
1624
9135
7ec1
777f
da26
6a3e
65a5
2542
1f86
8fb8
7ee2
779a
da0f
6a3a
7f67
0772
28ba
8e4b
7f02
77b6
d9f8
6a35
54d0
e938
31b5
8cee
7f1f
77d1
d9e0
6a31
fcb9
cc44
3a67
8ba2
7f3b
77ed
d9c9
6a2d
a664
b236
42c6
8a67
7f55
7808
d9b1
6a28
8022
9c82
4ac4
893c
7f6d
7823
d99a
6a24
9e79
8c5f
5257
8823
7f83
783d
d982
6a20
f122
82b6
5973
871b
7f98
7858
d96b
6a1b
4bc5
8010
600f
8625
7fab
7872
d953
6a17
7dc2
8493
6620
8540
7fbb
788c
d93c
6a13
6c48
8ffe
6b9f
846c
7fca
78a6
d925
6a0e
20b6
a1ae
7082
83ab
7fd8
78c0
d90d
6a0a
c398
b8a6
74c4
82fb
7fe3
78da
d8f6
6a06
86e2
d39c
785e
825d
7fec
78f4
d8de
6a01
8b26
f10f
7b4a
81d2
7ff4
790d
d8c7
69fd
ce1a
0f57
7d85
8158
7ffa
7926
d8b0
69f8
2bd3
2cc3
7f0c
80f1
7ffe
793f
d898
69f4
7209
47af
7fdc
809c
7fff
7958
d881
69f0
7b12
5e97
7ff3
8059
7fff
7971
d869
69eb
4214
7033
7f53
8029
7ffe
7989
d852
69e7
e5a3
7b88
7dfb
800c
7ffb
79a1
d83b
69e3
9757
7ff3
7bee
8000
7ff6
79b9
d823
69de
8131
7d35
792f
8007
7fee
79d1
d80c
69da
af12
7375
75c2
8021
7fe5
79e9
d7f5
69d6
085e
633e
71ab
804d
7fdb
7a01
d7dd
69d1
5d2d
4d79
6cf0
808b
7fce
7a18
d7c6
69cd
7fff
335e
6799
80db
7fbf
7a2f
d7af
69c8
5e27
1663
61ac
813e
7faf
7a46
d797
69c4
09cb
f828
5b33
81b3
7f9d
7a5d
d780
69c0
b02f
da5d
5437
823b
7f89
7a74
d769
69bb
8164
bead
4cc2
82d4
7f73
7a8b
d751
69b7
9686
a6a5
44de
8380
7f5b
7aa1
d73a
69b3
e43e
939d
3c97
843d
7f42
7ab7
d723
69ae
40da
86a7
33f9
850c
7f27
7acd
d70c
69aa
7aab
807b
2b10
85ed
7f09
7ae3
d6f4
69a5
72ae
8172
21e9
86e0
7eea
7af9
d6dd
69a1
2d2a
897f
1892
87e4
7eca
7b0e
d6c6
699d
cf6c
982e
0f17
88f9
7ea7
7b23
d6af
6998
8bbd
acac
0586
8a1f
7e82
7b39
d697
6994
866e
c5d4
fbed
8b56
7e5c
7b4d
d680
698f
c256
e23e
f25b
8c9f
7e34
7b62
d669
698b
1f54
0052
e8db
8df7
7e0a
7b77
d652
6987
6b83
1e62
df7e
8f60
7dde
7b8b
d63a
6982
7e04
3abe
d64e
90da
7db1
7b9f
d623
697e
4ceb
53d1
cd5b
9263
7d81
7bb4
d60c
6979
f28e
6832
c4b1
93fc
7d50
7bc7
d5f5
6975
9f67
76bf
bc5c
95a5
7d1d
7bdb
d5dd
6971
8013
7ea6
b469
975d
7ce8
7bef
d5c6
696c
a560
7f76
ace2
9924
7cb2
7c02
d5af
6968
fb4b
7924
a5d3
9afa
7c79
7c15
d598
6963
53bd
6c0b
9f45
9cde
7c3f
7c28
d581
695f
7f42
58e5
9943
9ed1
7c03
7c3b
d569
695b
6682
40c5
93d5
a0d1
7bc6
7c4e
d552
6956
16c3
2506
8f02
a2e0
7b86
7c60
d53b
6952
bacf
0734
8ad2
a4fb
7b45
7c72
d524
694d
83f9
e8fa
874a
a724
7b02
7c84
d50d
6949
8fad
cc0b
8471
a95a
7abd
7c96
d4f6
6944
d7a3
b204
8248
ab9c
7a76
7ca8
d4df
6940
3541
9c5a
80d5
adea
7a2e
7cba
d4c7
693c
764d
8c45
8019
b044
79e4
7ccb
d4b0
6937
77e2
82a9
8015
b2aa
7998
7cdc
d499
6933
3926
8012
80c9
b51b
794a
7ced
d482
692e
dbc2
84a3
8234
b796
78fb
7cfe
d46b
692a
91cf
901c
8454
ba1c
78aa
7d0f
d454
6926
82fa
a1d9
8726
bcac
7857
7d1f
d43d
6921
b737
b8da
8aa6
bf46
7802
7d2f
d426
691d
1281
d3d7
8ece
c1e9
77ac
7d40
d40f
6918
63dd
f14d
939a
c495
7754
7d50
d3f8
6914
7fa6
0f95
9901
c749
76fa
7d5f
d3e0
690f
56f4
2cfe
9efd
ca06
769e
7d6f
d3c9
690b
ff9c
47e2
a585
ccca
7641
7d7e
d3b2
6906
a87a
5ec1
ac8e
cf96
75e2
7d8d
d39b
6902
804c
7051
b410
d269
7582
7d9c
d384
68fe
9ca0
7b99
bbff
d542
7520
7dab
d36d
68f9
ee45
7ff5
c44f
d821
74bc
7dba
d356
68f5
496c
7d28
ccf6
db07
7456
7dc8
d33f
68f0
7d30
7359
d5e6
ddf1
73ef
7dd7
d328
68ec
6dcb
6316
df13
e0e0
7386
7de5
d311
68e7
237f
4d47
e86f
e3d4
731b
7df3
d2fa
68e3
c628
3325
f1ed
e6cc
72af
7e01
d2e3
68de
87d9
1626
fb7f
e9c8
7241
7e0e
d2cc
68da
8a00
f7e9
0517
ecc7
71d1
7e1c
d2b5
68d6
cb75
da21
0ea9
efc8
7160
7e29
d29e
68d1
291a
be77
1825
f2cc
70ed
7e36
d287
68cd
70b2
a678
217f
f5d2
7078
7e43
d270
68c8
7bd5
937c
2aa8
f8d9
7002
7e4f
d259
68c4
4489
8693
3394
fbe1
6f8b
7e5c
d242
68bf
e879
8076
3c36
feea
6f11
7e68
d22b
68bb
9907
817c
4481
01f3
6e96
7e74
d214
68b6
80d4
8997
4c69
04fc
6e1a
7e80
d1fd
68b2
acda
9852
53e4
0804
6d9c
7e8c
d1e7
68ad
057c
acdc
5ae6
0b0b
6d1c
7e98
d1d0
68a9
5b2c
c60c
6165
0e10
6c9b
7ea3
d1b9
68a4
7ff3
e27b
6758
1114
6c18
7eae
d1a2
68a0
6015
0091
6cb6
1414
6b93
7eb9
d18b
689b
0cac
1e9f
7178
1712
6b0e
7ec4
d174
6897
b276
3af6
7596
1a0d
6a86
7ecf
d15d
6892
81d9
5400
790b
1d04
69fd
7ed9
d146
688e
94ea
6857
7bd3
1ff6
6973
7ee4
d12f
6889
e16e
76d6
7de8
22e4
68e6
7eee
d119
6885
3e58
7eaf
7f47
25cd
6859
7ef8
d102
6881
79d0
7f71
7ff0
28b1
67ca
7f01
d0eb
687c
73ef
7910
7fe1
2b8f
6739
7f0b
d0d4
6878
2fdb
6be9
7f19
2e66
66a7
7f14
d0bd
6873
d21b
58b8
7d9b
3137
6614
7f1e
d0a6
686f
8cfa
408f
7b68
3401
657f
7f27
d08f
686a
858e
24ca
7883
36c3
64e8
7f2f
d079
6866
bfd2
06f5
74f1
397d
6450
7f38
d062
6861
1c85
e8bd
70b7
3c2f
63b7
7f41
d04b
685d
69ea
cbd2
6bda
3ed9
631c
7f49
d034
6858
7e7e
b1d2
6663
4179
6280
7f51
d01d
6854
4f35
9c33
6058
4410
61e2
7f59
d007
684f
f56e
8c2a
59c2
469d
6143
7f61
cff0
684b
a153
829d
52ab
4920
60a3
7f68
cfd9
6846
8002
8014
4b1e
4b99
6001
7f70
cfc2
6842
a35c
84b4
4324
4e06
5f5e
7f77
cfac
683d
f869
903b
3ac9
5069
5eb9
7f7e
cf95
6839
5188
a203
321a
52bf
5e13
7f85
cf7e
6834
7eea
b90e
2923
550a
5d6c
7f8b
cf67
6830
6836
d412
1ff1
5749
5cc3
7f92
cf51
682b
199a
f18b
1691
597b
5c19
7f98
cf3a
6826
bd42
0fd3
0d10
5ba0
5b6e
7f9e
cf23
6822
84b8
2d39
037c
5db8
5ac1
7fa4
cf0c
681d
8e52
4816
f9e4
5fc2
5a14
7faa
cef6
6819
d4e8
5eeb
f054
61bf
5964
7faf
cedf
6814
329d
706f
e6db
63ae
58b4
7fb5
cec8
6810
752b
7ba9
dd86
658e
5802
7fba
ceb2
680b
78dd
7ff7
d462
6760
574f
7fbf
ce9b
6807
3bb8
7d1b
cb7e
6922
569b
7fc4
ce84
6802
de8a
733e
c2e5
6ad6
55e5
7fc8
ce6e
67fe
934f
62ef
baa4
6c7a
552e
7fcd
ce57
67f9
8264
4d15
b2c6
6e0f
5476
7fd1
ce40
67f5
b4dc
32ec
ab58
6f94
53bd
7fd5
ce2a
67f0
0fa4
15e8
a463
7108
5303
7fd9
ce13
67ec
6208
f7ab
9df3
726d
5247
7fdd
cdfd
67e7
7fd5
d9e5
980f
73c1
518a
7fe0
cde6
67e3
590d
be41
92c1
7504
50cc
7fe3
cdcf
67de
0280
a64b
8e11
7637
500d
7fe7
cdb9
67d9
aa9b
935b
8a04
7758
4f4d
7fea
cda2
67d5
8086
867f
86a1
7868
4e8b
7fec
cd8c
67d0
9ad5
8070
83ec
7967
4dc9
7fef
cd75
67cc
eb69
8185
81ea
7a55
4d05
7ff1
cd5e
67c7
470a
89af
809e
7b31
4c40
7ff4
cd48
67c3
7c8e
9877
8009
7bfb
4b7a
7ff6
cd31
67be
6f40
ad0b
802c
7cb3
4ab3
7ff8
cd1b
67ba
2643
c644
8107
7d59
49eb
7ff9
cd04
67b5
c8bf
e2b8
8298
7dee
4922
7ffb
ccee
67b1
88e0
00d0
84de
7e70
4858
7ffc
ccd7
67ac
88e9
1edc
87d6
7ee0
478c
7ffd
ccc1
67a7
c8d6
3b2d
8b7a
7f3d
46c0
7ffe
ccaa
67a3
265b
542f
8fc6
7f89
45f3
7fff
cc94
679e
6f4c
687b
94b3
7fc2
4525
7fff
cc7d
679a
7c88
76ed
9a3b
7fe8
4455
7fff
cc67
6795
46f5
7eb8
a055
7ffd
4385
7fff
cc50
6791
eb51
7f6b
a6f9
7fff
42b4
7fff
cc3a
678c
9ac5
78fc
ae1d
7fee
41e2
7fff
cc23
6787
8088
6bc7
b5b6
7fcb
410f
7fff
cc0d
6783
aaae
588b
bdbb
7f95
403a
7fff
cbf6
677e
0299
4059
c61f
7f4e
3f65
7ffe
cbe0
677a
591f
248e
ced6
7ef3
3e8f
7ffd
cbc9
6775
7fd6
06b7
d7d4
7e87
3db9
7ffc
cbb3
6771
61f8
e87f
e10c
7e08
3ce1
7ffb
cb9c
676c
0f8b
cb99
ea70
7d78
3c08
7ff9
cb86
6767
b4c8
b1a1
f3f4
7cd5
3b2f
7ff8
cb70
6763
825f
9c0c
fd88
7c20
3a55
7ff6
cb59
675e
935c
8c0f
0721
7b59
3979
7ff4
cb43
675a
dea1
8290
10af
7a81
389d
7ff2
cb2c
6755
3bce
8016
1a25
7997
37c1
7fef
cb16
6751
78e5
84c5
2375
789b
36e3
7fed
cb00
674c
7521
9059
2c93
778e
3605
7fea
cae9
6747
3286
a22e
3570
7670
3526
7fe7
cad3
6743
d4d1
b942
3e00
7541
3446
7fe4
cabd
673e
8e46
d44d
4637
7401
3365
7fe1
caa6
673a
84bf
f1c9
4e09
72b0
3284
7fdd
ca90
6735
bd57
1011
556b
714f
31a1
7fda
ca7a
6730
19b2
2d73
5c52
6fdd
30bf
7fd6
ca63
672c
6844
484a
62b4
6e5c
2fdb
7fd2
ca4d
6727
7ee7
5f15
6888
6cca
2ef7
7fce
ca37
6723
5175
708d
6dc6
6b29
2e12
7fc9
ca20
671e
f850
7bb9
7265
6978
2d2c
7fc5
ca0a
6719
a34b
7ff8
7660
67b8
2c46
7fc0
c9f4
6715
8002
7d0d
79b1
65ea
2b5f
7fbb
c9de
6710
a163
7323
7c53
640c
2a78
7fb6
c9c7
670c
f587
62c7
7e41
6220
2990
7fb0
c9b1
6707
4f49
4ce3
7f7b
6026
28a7
7fab
c99b
6702
7e82
32b2
7ffc
5e1f
27be
7fa5
c985
66fe
69dd
15aa
7fc6
5c09
26d4
7f9f
c96e
66f9
1c6d
f76c
7ed7
59e7
25e9
7f99
c958
66f4
bfbd
d9a9
7d32
57b7
24fe
7f93
c942
66f0
8587
be0b
7ad9
557b
2413
7f8d
c92c
66eb
8d05
a61f
77cf
5332
2327
7f86
c916
66e7
d233
933a
7419
50de
223a
7f7f
c8ff
66e2
2ff2
866b
6fbc
4e7e
214d
7f78
c8e9
66dd
73f9
806b
6abe
4c12
2060
7f71
c8d3
66d9
79c9
818f
6526
499c
1f72
7f6a
c8bd
66d4
3e42
89c7
5efd
471b
1e83
7f62
c8a7
66cf
e155
989c
584b
4490
1d94
7f5a
c890
66cb
94dc
ad3b
511a
41fb
1ca5
7f53
c87a
66c6
81dd
c67c
4975
3f5c
1bb5
7f4b
c864
66c2
b28a
e2f5
4165
3cb5
1ac5
7f42
c84e
66bd
0cc5
010e
38f8
3a04
19d5
7f3a
c838
66b8
6026
1f18
3039
374c
18e4
7f31
c822
66b4
7ff2
3b65
2734
348b
17f3
7f28
c80c
66af
5b1b
545e
1df7
31c3
1701
7f1f
c7f6
66aa
0563
689f
148e
2ef3
160f
7f16
c7e0
66a6
acc8
7704
0b08
2c1d
151d
7f0d
c7c9
66a1
80d1
7ec1
0173
2940
142b
7f03
c7b3
669c
9916
7f65
f7db
265e
1338
7efa
c79d
6698
e891
78e7
ee4f
2376
1245
7ef0
c787
6693
449e
6ba6
e4dc
2089
1151
7ee6
c771
668f
7bdb
585d
db90
1d97
105e
7edb
c75b
668a
70a6
4023
d279
1aa1
0f6a
7ed1
c745
6685
2902
2452
c9a4
17a7
0e76
7ec6
c72f
6681
cb5e
0678
c11c
14aa
0d82
7ebb
c719
667c
89f6
e842
b8ef
11a9
0c8d
7eb0
c703
6677
87e2
cb5f
b128
0ea7
0b99
7ea5
c6ed
6673
c63e
b16f
a9d3
0ba2
0aa4
7e9a
c6d7
666e
2397
9be5
a2fa
089b
09af
7e8e
c6c1
6669
6dd8
8bf5
9ca7
0593
08ba
7e83
c6ab
6665
7d2b
8284
96e2
028b
07c5
7e77
c695
6660
4958
8018
91b5
ff82
06cf
7e6b
c67f
665b
ee2c
84d6
8d26
fc79
05da
7e5e
c669
6657
9c91
9078
893d
f970
04e4
7e52
c653
6652
804d
a258
85ff
f669
03ef
7e45
c63d
664d
a88c
b977
8370
f363
02f9
7e38
c628
6649
ffb5
d488
8195
f05e
0203
7e2b
c612
6644
5707
f207
806f
ed5c
010e
7e1e
c5fc
663f
7fa8
104f
8001
ea5d
0018
7e11
c5e6
663b
63cd
2dae
804b
e761
ff22
7e03
c5d0
6636
1268
487d
814d
e468
fe2d
7df6
c5ba
6631
b723
5f3f
8305
e173
fd37
7de8
c5a4
662d
82f5
70ab
8571
de83
fc41
7dda
c58e
6628
91dc
7bc9
888d
db97
fb4c
7dcb
c578
6623
dbda
7ff9
8c56
d8b1
fa56
7dbd
c563
661f
393c
7d00
90c4
d5d1
f961
7dae
c54d
661a
77ea
7308
95d3
d2f6
f86b
7d9f
c537
6615
7643
629f
9b7a
d022
f776
7d90
c521
6610
352a
4cb1
a1b3
cd55
f681
7d81
c50b
660c
d78c
3279
a872
ca8f
f58c
7d72
c4f5
6607
8fa1
156d
afb0
c7d1
f497
7d62
c4e0
6602
83ff
f72e
b762
c51b
f3a3
7d53
c4ca
65fe
bae4
d96e
bf7c
c26d
f2ae
7d43
c4b4
65f9
16dc
bdd6
c7f2
bfc8
f1ba
7d33
c49e
65f4
6691
a5f2
d0ba
bd2d
f0c6
7d22
c489
65f0
7f3f
9319
d9c5
ba9b
efd2
7d12
c473
65eb
53aa
8658
e307
b813
eede
7d01
c45d
65e6
fb32
8066
ec73
b596
edeb
7cf0
c447
65e1
a54f
8199
f5fc
b323
ecf8
7cdf
c432
65dd
8012
89df
ff92
b0bb
ec05
7cce
c41c
65d8
9f78
98c1
092a
ae5f
eb12
7cbd
c406
65d3
f2a6
ad6b
12b4
ac0e
ea20
7cab
c3f0
65cf
4cff
c6b4
1c23
a9c9
e92e
7c9a
c3db
65ca
7e09
e332
2569
a791
e83c
7c88
c3c5
65c5
6b75
014d
2e7a
a566
e74b
7c76
c3af
65c1
1f3c
1f55
3748
a348
e65a
7c64
c39a
65bc
c241
3b9c
3fc7
a137
e56a
7c51
c384
65b7
8666
548d
47e9
9f33
e479
7c3f
c36e
65b2
8bc8
68c3
4fa4
9d3e
e38a
7c2c
c359
65ae
cf83
771b
56ed
9b57
e29a
7c19
c343
65a9
2d42
7ec9
5db8
997e
e1ab
7c06
c32d
65a4
72b9
7f5f
63fd
97b4
e0bd
7bf2
c318
659f
7aa4
78d3
69b2
95f9
dfcf
7bdf
c302
659b
40c4
6b84
6ecf
944e
dee1
7bcb
c2ed
6596
e425
5830
734c
92b1
ddf4
7bb7
c2d7
6591
9678
3fed
7723
9125
dd07
7ba3
c2c1
658d
8168
2416
7a4f
8fa9
dc1b
7b8f
c2ac
6588
b042
063a
7ccb
8e3c
db30
7b7b
c296
6583
09e4
e804
7e93
8ce0
da45
7b66
c281
657e
5e37
cb26
7fa5
8b95
d95a
7b52
c26b
657a
7fff
b13e
7fff
8a5a
d870
7b3d
c256
6575
5d1c
9bbe
7fa2
8931
d787
7b28
c240
6570
0846
8bdb
7e8d
8818
d69e
7b12
c22b
656b
aeff
8277
7cc2
8711
d5b6
7afd
c215
6567
812d
801b
7a43
861b
d4ce
7ae7
c200
6562
9765
84e7
7714
8537
d3e7
7ad1
c1ea
655d
e5bb
9097
733a
8464
d301
7abb
c1d5
6558
4229
a283
6eba
83a3
d21b
7aa5
c1bf
6554
7b19
b9ab
699a
82f4
d136
7a8f
c1aa
654f
71fe
d4c2
63e3
8257
d052
7a78
c194
654a
2bbc
f246
5d9c
81cc
cf6e
7a62
c17f
6545
ce04
108d
56ce
8154
ce8b
7a4b
c169
6541
8b1c
2de8
4f84
80ed
cda9
7a34
c154
653c
86ea
48b1
47c7
8099
ccc7
7a1d
c13f
6537
c3ae
5f68
3fa3
8057
cbe6
7a05
c129
6532
20ce
70c9
3723
8028
cb06
79ee
c114
652e
6c55
7bd9
2e54
800b
ca27
79d6
c0fe
6529
7dbe
7ffb
2542
8000
c948
79be
c0e9
6524
4bb1
7cf2
1bfa
8008
c86b
79a6
c0d4
651f
f10a
72ec
128b
8022
c78e
798e
c0be
651b
9e69
6277
0900
804f
c6b1
7975
c0a9
6516
8023
4c7f
ff69
808e
c5d6
795d
c093
6511
a676
323f
f5d2
80df
c4fc
7944
c07e
650c
fcd2
152f
ec4a
8143
c422
792b
c069
6508
54e3
f6f0
e2df
81b9
c349
7912
c054
6503
7f6a
d932
d99d
8241
c271
78f8
c03e
64fe
6596
bda0
d093
82db
c19a
78df
c029
64f9
1543
a5c6
c7cd
8387
c0c4
78c5
c014
64f4
b988
92f8
bf58
8445
bfef
78ac
bffe
64f0
839b
8645
b73f
8515
bf1b
7892
bfe9
64eb
906a
8061
af90
85f7
be48
7877
bfd4
64e6
d917
81a3
a854
86ea
bd75
785d
bfbf
64e1
36a3
89f7
a197
87ee
bca4
7842
bfa9
64dd
76e0
98e6
9b61
8904
bbd3
7828
bf94
64d8
7757
ad9b
95bc
8a2b
bb04
780d
bf7f
64d3
37c8
c6ec
90b0
8b63
ba35
77f2
bf6a
64ce
da4c
e36f
8c44
8cac
b968
77d7
bf54
64c9
910a
018b
887e
8e05
b89b
77bb
bf3f
64c5
8350
1f92
8565
8f6f
b7d0
77a0
bf2a
64c0
b87a
3bd4
82fc
90e9
b706
7784
bf15
64bb
1403
54bc
8147
9273
b63c
7768
bf00
64b6
64cf
68e7
8048
940d
b574
774c
beea
64b1
7f87
7732
8001
95b6
b4ad
7730
bed5
64ad
55d4
7ed2
8072
976f
b3e7
7713
bec0
64a8
fe16
7f58
819b
9936
b322
76f7
beab
64a3
a75e
78be
837a
9b0d
b25e
76da
be96
649e
8033
6b62
860c
9cf2
b19b
76bd
be81
6499
9d98
5803
894d
9ee5
b0d9
76a0
be6c
6495
efc8
3fb7
8d39
a0e6
b019
7683
be57
6490
4aab
23da
91ca
a2f5
af59
7665
be41
648b
7d7f
05fb
96fa
a511
ae9b
7648
be2c
6486
6d00
e7c7
9cc1
a73b
adde
762a
be17
6481
2207
caed
a317
a971
ad22
760c
be02
647d
c4cd
b10d
a9f2
abb4
ac67
75ee
bded
6478
8755
9b97
b149
ae02
abae
75cf
bdd8
6473
8a99
8bc0
b912
b05d
aaf6
75b1
bdc3
646e
ccda
826b
c140
b2c3
aa3f
7592
bdae
6469
2a8b
801d
c9c9
b534
a989
7573
bd99
6465
7169
84f8
d2a0
b7b0
a8d4
7554
bd84
6460
7b70
90b6
dbb8
ba36
a821
7535
bd6f
645b
433e
a2ae
e505
bcc7
a76f
7516
bd5a
6456
e6f9
b9df
ee78
bf61
a6be
74f7
bd45
6451
9821
d4fd
f804
c204
a60f
74d7
bd30
644c
8103
f284
019c
c4b0
a560
74b7
bd1b
6448
ae05
10cc
0b32
c765
a4b4
7497
bd06
6443
0702
2e23
14b7
ca22
a408
7477
bcf1
643e
5c3d
48e4
1e1f
cce7
a35e
7457
bcdc
6439
7ffc
5f92
275b
cfb3
a2b5
7436
bcc8
6434
5f12
70e6
305f
d286
a20d
7415
bcb3
642f
0b27
7be9
391d
d55f
a167
73f5
bc9e
642b
b141
7ffc
4189
d83f
a0c2
73d4
bc89
6426
8199
7ce5
4997
db25
a01f
73b3
bc74
6421
95c2
72d0
513a
de0f
9f7d
7391
bc5f
641c
e2e9
624f
5869
e0ff
9edc
7370
bc4a
6417
3fac
4c4d
5f19
e3f3
9e3d
734e
bc35
6412
7a46
3205
6540
e6eb
9d9f
732c
bc21
640e
7347
14f1
6ad5
e9e7
9d02
730a
bc0c
6409
2e70
f6b1
6fd0
ece6
9c67
72e8
bbf7
6404
d0b0
d8f6
742b
efe7
9bcd
72c6
bbe2
63ff
8c51
bd6b
77de
f2eb
9b35
72a3
bbcd
63fa
8602
a599
7ae5
f5f1
9a9f
7281
bbb9
63f5
c125
92d7
7d3b
f8f8
9a09
725e
bba4
63f0
1e01
8631
7edd
fc01
9975
723b
bb8f
63ec
6ac4
805d
7fc8
ff0a
98e3
7218
bb7a
63e7
7e40
81ad
7ffc
0213
9852
71f4
bb65
63e2
4e01
8a0f
7f77
051b
97c3
71d1
bb51
63dd
f3e9
990b
7e3b
0823
9735
71ad
bb3c
63d8
a04e
adcb
7c49
0b2a
96a9
7189
bb27
63d3
8009
c724
79a4
0e2f
961e
7166
bb13
63ce
a46b
e3ac
7651
1133
9595
7141
bafe
63ca
f9ef
01ca
7253
1433
950d
711d
bae9
63c5
52b4
1fce
6db0
1731
9487
70f9
bad4
63c0
7f1a
3c0b
6870
1a2c
9402
70d4
bac0
63bb
6751
54eb
629a
1d22
937f
70af
baab
63b6
181b
690b
5c35
2015
92fd
708a
ba96
63b1
bbf6
7749
554c
2303
927d
7065
ba82
63ac
8451
7eda
4de8
25eb
91ff
7040
ba6d
63a7
8f07
7f52
4614
28cf
9182
701b
ba59
63a3
d659
78a9
3ddc
2bac
9107
6ff5
ba44
639e
3403
6b40
354a
2e83
908d
6fcf
ba2f
6399
75c6
57d5
2c6c
3154
9015
6fa9
ba1b
6394
785a
3f80
234d
341d
8f9f
6f83
ba06
638f
3a5e
239e
19fc
36df
8f2a
6f5d
b9f2
638a
dd11
05bd
1086
3999
8eb6
6f37
b9dd
6385
9282
e789
06f7
3c4b
8e45
6f10
b9c9
6380
82b1
cab5
fd5f
3ef4
8dd5
6ee9
b9b4
637b
b619
b0db
f3ca
4194
8d67
6ec2
b99f
6377
1127
9b70
ea47
442b
8cfa
6e9b
b98b
6372
6301
8ba6
e0e4
46b7
8c8f
6e74
b976
636d
7fbe
825f
d7ad
493a
8c26
6e4d
b962
6368
57f3
8020
ceb0
4bb2
8bbe
6e25
b94d
6363
00f9
8509
c5fa
4e1f
8b58
6dfe
b939
635e
a97a
90d5
bd97
5081
8af4
6dd6
b924
6359
8065
a2d9
b594
52d7
8a91
6dae
b910
6354
9bc6
ba14
adfd
5521
8a30
6d86
b8fc
634f
eceb
d538
a6db
5760
89d1
6d5d
b8e7
634a
484d
f2c2
a039
5991
8974
6d35
b8d3
6346
7ce6
110a
9a22
5bb6
8918
6d0c
b8be
6341
6e7d
2e5d
949c
5dcd
88be
6ce4
b8aa
633c
24ce
4918
8fb2
5fd7
8865
6cbb
b896
6337
c760
5fbc
8b69
61d3
880f
6c92
b881
6332
8853
7104
87c7
63c1
87ba
6c68
b86d
632d
897a
7bf8
84d3
65a1
8766
6c3f
b858
6328
ca37
7ffd
8290
6772
8715
6c15
b844
6323
27cf
7cd7
8102
6934
86c5
6bec
b830
631e
700b
72b5
802a
6ae7
8677
6bc2
b81b
6319
7c2c
6227
800a
6c8b
862b
6b98
b807
6314
45af
4c1b
80a2
6e1f
85e1
6b6e
b7f3
6310
e9d0
31cc
81f2
6fa3
8598
6b43
b7de
630b
99d8
14b4
83f7
7117
8551
6b19
b7ca
6306
80ae
f673
86ae
727b
850c
6aee
b7b6
6301
abd2
d8bb
8a14
73ce
84c8
6ac4
b7a2
62fc
041f
bd35
8e24
7511
8487
6a99
b78d
62f7
5a36
a56d
92d7
7643
8447
6a6d
b779
62f2
7fe7
92b7
9828
7763
8409
6a42
b765
62ed
60fb
861e
9e0e
7873
83cc
6a17
b751
62e8
0e07
8058
a480
7971
8392
69eb
b73c
62e3
b38d
81b7
ab77
7a5e
8359
69c0
b728
62de
8216
8a27
b2e7
7b39
8322
6994
b714
62d9
942c
9930
bac6
7c03
82ed
6968
b700
62d4
e01b
adfb
c309
7cba
82ba
693c
b6ec
62cf
3d26
c75c
cba4
7d60
8288
690f
b6d7
62cb
7963
e3e9
d489
7df3
8258
68e3
b6c3
62c6
7481
0209
ddae
7e75
822a
68b6
b6af
62c1
311e
200b
e704
7ee4
81fe
6889
b69b
62bc
d362
3c42
f07d
7f41
81d4
685c
b687
62b7
8d95
551a
fa0d
7f8b
81ac
682f
b673
62b2
852a
692e
03a6
7fc4
8185
6802
b65f
62ad
bea5
7760
0d39
7fea
8160
67d5
b64a
62a8
1b30
7ee3
16ba
7ffd
813d
67a7
b636
62a3
6925
7f4b
2019
7ffe
811c
677a
b622
629e
7eb1
7894
294b
7fed
80fd
674c
b60e
6299
5046
6b1d
3241
7fc9
80df
671e
b5fa
6294
f6ca
57a8
3aee
7f93
80c3
66f0
b5e6
628f
a23f
3f4a
4347
7f4a
80a9
66c1
b5d2
628a
8000
2361
4b3f
7eef
8091
6693
b5be
6285
a26c
057e
52cb
7e82
807b
6665
b5aa
6280
f70c
e74c
59e0
7e03
8067
6636
b596
627b
507a
ca7c
6073
7d71
8054
6607
b582
6276
7ebb
b0aa
667c
7cce
8044
65d8
b56e
6271
68ff
9b4a
6bf1
7c18
8035
65a9
b55a
626c
1aef
8b8c
70cb
7b51
8028
657a
b546
6267
be6c
8253
7502
7a78
801d
654a
b532
6262
8518
8023
7891
798d
8013
651b
b51e
625d
8db3
851b
7b73
7891
800c
64eb
b50a
6258
d3a0
90f4
7da3
7783
8006
64bb
b4f7
6254
315c
a304
7f1e
7664
8002
648b
b4e3
624f
749c
ba48
7fe2
7534
8000
645b
b4cf
624a
794e
d573
7fef
73f4
8000
642a
b4bb
6245
3cec
f300
7f43
72a2
8002
63fa
b4a7
6240
dfdb
1148
7de0
7140
8005
63c9
b493
623b
9409
2e97
7bc8
6fce
800b
6399
b47f
6236
8222
494b
78fe
6e4c
8012
6368
b46b
6231
b3c2
5fe5
7586
6cba
801b
6337
b458
622c
0e49
7121
7164
6b18
8026
6306
b444
6227
6126
7c08
6ca0
6966
8033
62d4
b430
6222
7fe5
7ffd
673f
67a6
8042
62a3
b41c
621d
5a07
7cc9
614a
65d7
8052
6271
b408
6218
03dd
7299
5ac8
63f9
8064
623f
b3f5
6213
aba0
61ff
53c4
620c
8078
620e
b3e1
620e
80a8
4be8
4c48
6012
808e
61dc
b3cd
6209
9a00
3192
445e
5e09
80a6
61a9
b3b9
6204
ea11
1476
3c11
5bf3
80c0
6177
b3a6
61ff
45e6
f634
336e
59d0
80db
6145
b392
61fa
7c3c
d87f
2a81
57a0
80f8
6112
b37e
61f5
6feb
bd00
2156
5564
8118
60df
b36b
61f0
2790
a541
17fc
531b
8139
60ad
b357
61eb
c9fb
9296
0e80
50c6
815b
607a
b343
61e6
8961
860b
04ee
4e65
8180
6046
b330
61e1
886b
8053
fb55
4bf9
81a6
6013
b31c
61dc
c79c
81c1
f1c3
4982
81cf
5fe0
b308
61d7
250d
8a40
e846
4701
81f9
5fac
b2f5
61d2
6e9e
9956
deeb
4476
8224
5f78
b2e1
61cd
7cd7
ae2b
d5bf
41e0
8252
5f45
b2cd
61c8
4817
c794
ccd0
3f41
8282
5f11
b2ba
61c3
ecaa
e426
c42b
3c99
82b3
5edd
b2a6
61be
9b9d
0247
bbdb
39e8
82e6
5ea8
b293
61b9
806a
2047
b3ee
372f
831b
5e74
b27f
61b4
a9ab
3c79
ac6f
346e
8352
5e3f
b26c
61af
013c
5549
a567
31a6
838a
5e0b
b258
61aa
5823
6952
9ee2
2ed6
83c4
5dd6
b244
61a5
7fc2
7776
98e9
2bff
8400
5da1
b231
61a0
62d7
7eeb
9384
2923
843e
5d6c
b21d
619a
10e5
7f45
8ebb
2640
847e
5d37
b20a
6195
b5e3
787f
8a95
2358
84bf
5d02
b1f6
6190
82a3
6afb
8718
206a
8503
5ccc
b1e3
618b
92a5
577a
8449
1d78
8548
5c96
b1d0
6186
dd51
3f14
822c
1a82
858e
5c61
b1bc
6181
3a99
2325
80c4
1788
85d7
5c2b
b1a9
617c
7871
053f
8014
148b
8621
5bf5
b195
6177
75ac
e70e
801b
118a
866d
5bbf
b182
6172
33c6
ca43
80da
0e87
86bb
5b89
b16e
616d
d61a
b079
8250
0b82
870a
5b52
b15b
6168
8ee8
9b23
847b
087c
875b
5b1c
b148
6163
8462
8b72
8758
0574
87ae
5ae5
b134
615e
bc2e
8247
8ae3
026b
8803
5aae
b121
6159
185c
8026
8f16
ff62
885a
5a77
b10e
6154
6778
852c
93eb
fc59
88b2
5a40
b0fa
614f
7f13
9113
995c
f951
890c
5a09
b0e7
614a
5281
a32f
9f61
f649
8967
59d2
b0d4
6145
f9ac
ba7d
a5f0
f343
89c5
599a
b0c0
6140
a43d
d5ae
ad02
f03f
8a24
5963
b0ad
613b
8008
f33f
b48a
ed3d
8a84
592b
b09a
6136
a07a
1186
bc80
ea3e
8ae7
58f3
b086
6131
f42b
2ed1
c4d6
e742
8b4b
58bb
b073
612c
4e35
497f
cd82
e449
8bb0
5883
b060
6126
7e4b
600f
d676
e155
8c18
584b
b04d
6121
6a9f
713e
dfa6
de65
8c81
5813
b039
611c
1dc0
7c17
e904
db79
8cec
57da
b026
6117
c0ec
7ffe
f284
d893
8d58
57a2
b013
6112
85ee
7cbb
fc17
d5b3
8dc6
5769
b000
610d
8c6d
727d
05af
d2d9
8e36
5730
afed
6108
d0ed
61d6
0f40
d005
8ea7
56f7
afda
6103
2eae
4bb6
18ba
cd38
8f1a
56be
afc6
60fe
7364
3158
2211
ca72
8f8f
5685
afb3
60f9
7a32
1438
2b37
c7b5
9005
564c
afa0
60f4
3f72
f5f6
341f
c4ff
907d
5612
af8d
60ef
e2a9
d844
3cbc
c252
90f6
55d9
af7a
60ea
959d
bccb
4501
bfad
9171
559f
af67
60e5
81a4
a515
4ce3
bd12
91ee
5565
af54
60e0
b175
9276
5456
ba81
926c
552b
af41
60da
0b69
85f8
5b50
b7f9
92ec
54f1
af2e
60d5
5f3e
804f
61c7
b57c
936d
54b7
af1b
60d0
7ffb
81cc
67b1
b30a
93f0
547d
af07
60cb
5c0f
8a58
6d06
b0a2
9475
5442
aef4
60c6
06c0
997b
71be
ae46
94fb
5408
aee1
60c1
add2
ae5b
75d2
abf6
9582
53cd
aece
60bc
80fb
c7cc
793d
a9b2
960b
5392
aebb
60b7
9848
e463
7bf9
a77b
9696
5357
aea8
60b2
e73a
0286
7e03
a550
9722
531c
ae96
60ad
4376
2084
7f57
a332
97b0
52e1
ae83
60a8
7b81
3cb0
7ff4
a122
983f
52a6
ae70
60a2
714a
5577
7fda
9f1f
98d0
526a
ae5d
609d
2a4c
6976
7f07
9d2a
9962
522f
ae4a
6098
cc9d
778d
7d7d
9b43
99f5
51f3
ae37
6093
8a7f
7ef3
7b3f
996b
9a8b
51b7
ae24
608e
876b
7f3e
7850
97a2
9b21
517c
ae11
6089
c507
786a
74b3
95e8
9bb9
5140
adfe
6084
2247
6ad9
706f
943d
9c52
5104
adeb
607f
6d23
574c
6b88
92a1
9ced
50c7
add8
607a
7d72
3edd
6607
9115
9d8a
508b
adc6
6075
4a75
22e9
5ff3
8f9a
9e27
504f
adb3
606f
ef86
0501
5955
8e2e
9ec7
5012
ada0
606a
9d6e
e6d1
5237
8cd3
9f67
4fd5
ad8d
6065
8037
ca0a
4aa2
8b88
a009
4f98
ad7a
6060
a78e
b048
42a2
8a4e
a0ac
4f5c
ad68
605b
fe58
9afd
3a42
8925
a151
4f1f
ad55
6056
5605
8b58
318e
880d
a1f7
4ee1
ad42
6051
7f8d
823c
2893
8707
a29e
4ea4
ad2f
604c
64a6
8029
1f5e
8611
a347
4e67
ad1d
6047
13c1
853e
15fb
852e
a3f1
4e29
ad0a
6041
b843
9132
0c79
845c
a49d
4dec
acf7
603c
8341
a35a
02e4
839c
a549
4dae
ace5
6037
912c
bab1
f94c
82ee
a5f7
4d70
acd2
6032
da8b
d5ea
efbd
8251
a6a7
4d32
acbf
602d
3803
f37d
e646
81c7
a757
4cf4
acad
6028
776e
11c4
dcf3
814f
a809
4cb6
ac9a
6023
76c7
2f0c
d3d4
80e9
a8bc
4c78
ac87
601e
3667
49b2
caf3
8096
a971
4c39
ac75
6018
d8d7
6038
c25f
8055
aa26
4bfb
ac62
6013
904a
715b
ba24
8026
aadd
4bbc
ac4f
600e
83aa
7c26
b24d
800a
ab95
4b7e
ac3d
6009
b9bf
7fff
aae6
8000
ac4e
4b3f
ac2a
6004
1584
7cad
a3fa
8009
ad09
4b00
ac18
5fff
65be
7261
9d91
8024
adc5
4ac1
ac05
5ffa
7f63
61ae
97b7
8051
ae82
4a82
abf3
5ff4
54b1
4b83
9272
8091
af40
4a43
abe0
5fef
fc8f
311f
8dcc
80e3
afff
4a03
abce
5fea
a646
13fa
89c9
8147
b0bf
49c4
abbb
5fe5
8020
f5b8
8671
81be
b181
4984
aba9
5fe0
9e94
d808
83c7
8247
b243
4945
ab96
5fdb
f14c
bc96
81d1
82e1
b307
4905
ab84
5fd6
4be7
a4e9
808f
838e
b3cc
48c5
ab71
5fd0
7dca
9255
8006
844d
b492
4885
ab5f
5fcb
6c31
85e5
8034
851e
b559
4845
ab4c
5fc6
208e
804b
811a
8600
b621
4805
ab3a
5fc1
c373
81d6
82b7
86f4
b6eb
47c4
ab27
5fbc
86d5
8a71
8508
87f9
b7b5
4784
ab15
5fb7
8b37
99a1
880a
8910
b880
4743
ab03
5fb1
ce41
ae8b
8bb9
8a38
b94c
4703
aaf0
5fac
2bfa
c805
900f
8b70
ba1a
46c2
aade
5fa7
721c
e4a0
9506
8cba
bae8
4681
aacc
5fa2
7b06
02c4
9a97
8e14
bbb7
4640
aab9
5f9d
41f0
20c1
a0ba
8f7e
bc88
45ff
aaa7
5f98
e57b
3ce8
a766
90f9
bd59
45be
aa95
5f92
973f
55a6
ae92
9283
be2b
457d
aa82
5f8d
8136
6999
b632
941e
beff
453c
aa70
5f88
af32
77a3
be3d
95c8
bfd3
44fa
aa5e
5f83
0888
7efb
c6a7
9781
c0a8
44b9
aa4c
5f7e
5d4a
7f37
cf63
9949
c17e
4477
aa39
5f79
7fff
7855
d865
9b20
c255
4436
aa27
5f73
5e0a
6ab6
e1a0
9d06
c32c
43f4
aa15
5f6e
09a2
571e
eb06
9ef9
c405
43b2
aa03
5f69
b00e
3ea6
f48b
a0fb
c4df
4370
a9f0
5f64
815e
22ad
fe21
a30b
c5b9
432e
a9de
5f5f
969e
04c2
07b9
a528
c694
42ec
a9cc
5f5a
e466
e694
1145
a751
c770
42a9
a9ba
5f54
40fe
c9d1
1aba
a988
c84d
4267
a9a8
5f4f
7ab7
b017
2407
abcb
c92b
4224
a996
5f4a
729b
9ad6
2d21
ae1a
ca09
41e2
a984
5f45
2d03
8b3f
35fa
b075
cae8
419f
a971
5f40
cf46
8230
3e85
b2dc
cbc8
415c
a95f
5f3a
8bac
802c
46b6
b54d
cca9
411a
a94d
5f35
867b
8550
4e82
b7ca
cd8a
40d7
a93b
5f30
c27b
9152
55dc
ba51
ce6d
4094
a929
5f2b
1f7c
a385
5cbb
bce1
cf50
4050
a917
5f26
6b99
bae6
6315
bf7c
d033
400d
a905
5f20
7dfd
d625
68e0
c21f
d117
3fca
a8f3
5f1b
4cca
f3bb
6e14
c4cc
d1fc
3f87
a8e1
5f16
f265
1202
72a9
c781
d2e2
3f43
a8cf
5f11
9f4c
2f46
769a
ca3e
d3c8
3eff
a8bd
5f0c
8015
49e5
79e0
cd03
d4af
3ebc
a8ab
5f06
a57d
6061
7c77
cfd0
d597
3e78
a899
5f01
fb75
7178
7e5a
d2a3
d67f
3e34
a887
5efc
53dc
7c36
7f88
d57d
d768
3df0
a875
5ef7
7f46
7fff
7ffe
d85d
d851
3dac
a863
5ef2
6669
7c9f
7fbc
db42
d93b
3d68
a851
5eec
169b
7245
7ec2
de2d
da25
3d24
a840
5ee7
baac
6185
7d12
e11d
db10
3cdf
a82e
5ee2
83ef
4b51
7aae
e411
dbfc
3c9b
a81c
5edd
8fc1
30e5
779a
e70a
dce8
3c57
a80a
5ed7
d7cb
13bc
73d9
ea06
ddd4
3c12
a7f8
5ed2
3567
f579
6f71
ed05
dec2
3bcd
a7e6
5ecd
765d
d7cd
6a6a
f006
dfaf
3b89
a7d4
5ec8
77d3
bc60
64c9
f30a
e09d
3b44
a7c3
5ec3
3901
a4bd
5e97
f610
e18b
3aff
a7b1
5ebd
db9a
9235
57dd
f918
e27a
3aba
a79f
5eb8
91ba
85d3
50a4
fc20
e36a
3a75
a78d
5eb3
8303
8047
48f8
ff29
e459
3a30
a77b
5eae
b759
81e1
40e2
0232
e54a
39ea
a76a
5ea8
12aa
8a8a
3870
053b
e63a
39a5
a758
5ea3
63f7
99c6
2fac
0843
e72b
3960
a746
5e9e
7fa3
aebb
26a3
0b49
e81c
391a
a735
5e99
56d6
c83d
1d63
0e4f
e90e
38d4
a723
5e94
ff73
e4de
13f8
1152
ea00
388f
a711
5e8e
a85b
0303
0a71
1452
eaf2
3849
a700
5e89
8049
20fd
00db
1750
ebe4
3803
a6ee
5e84
9cba
3d1f
f743
1a4a
ecd7
37bd
a6dc
5e7f
ee6e
55d4
edb8
1d41
edca
3777
a6cb
5e79
498e
69bc
e447
2033
eebe
3731
a6b9
5e74
7d39
77b9
daff
2321
efb1
36eb
a6a7
5e6f
6db6
7f03
d1eb
2609
f0a5
36a5
a696
5e6a
2357
7f30
c91a
28ec
f199
365f
a684
5e64
c603
783f
c098
2bca
f28d
3618
a673
5e5f
87cb
6a93
b871
2ea1
f382
35d2
a661
5e5a
8a10
56f1
b0b1
3171
f477
358b
a650
5e55
cb9a
3e70
a963
343a
f56b
3545
a63e
5e4f
2941
2271
a292
36fc
f660
34fe
a62d
5e4a
70c6
0484
9c47
39b5
f755
34b7
a61b
5e45
7bcb
e656
968c
3c67
f84b
3470
a60a
5e40
4466
c999
9168
3f0f
f940
3429
a5f8
5e3a
e850
afe6
8ce4
41af
fa35
33e2
a5e7
5e35
98ef
9ab0
8905
4445
fb2b
339b
a5d5
5e30
80d9
8b25
85d1
46d1
fc20
3354
a5c4
5e2b
acfa
8225
834d
4954
fd16
330d
a5b2
5e25
05a5
8030
817d
4bcb
fe0c
32c6
a5a1
5e20
5b49
8562
8063
4e38
ff01
327e
a590
5e1b
7ff4
9171
8000
5099
fff7
3237
a57e
5e15
5ffa
a3b0
8056
52ef
00ed
31ef
a56d
5e10
0c83
bb1b
8163
5539
01e3
31a8
a55b
5e0b
b255
d660
8326
5776
02d8
3160
a54a
5e06
81d2
f3f9
859d
59a7
03ce
3118
a539
5e00
9501
123f
88c4
5bcc
04c4
30d0
a527
5dfb
e196
2f80
8c97
5de2
05b9
3089
a516
5df6
3e7c
4a18
9110
5fec
06ae
3041
a505
5df1
79dd
608a
9628
61e7
07a4
2ff9
a4f4
5deb
73dd
7195
9bd9
63d5
0899
2fb1
a4e2
5de6
2fb5
7c45
a21a
65b4
098e
2f68
a4d1
5de1
d1f5
7fff
a8e2
6784
0a83
2f20
a4c0
5ddb
8ce8
7c90
b027
6946
0b78
2ed8
a4af
5dd6
859a
7229
b7df
6af8
0c6d
2e90
a49d
5dd1
bff6
615d
bfff
6c9b
0d61
2e47
a48c
5dcc
1cad
4b1e
c87b
6e2f
0e55
2dff
a47b
5dc6
6a02
30ab
d147
6fb2
0f49
2db6
a46a
5dc1
7e77
137f
da56
7126
103d
2d6e
a459
5dbc
4f14
f53b
e39c
7289
1131
2d25
a448
5db6
f545
d791
ed0a
73db
1224
2cdc
a436
5db1
a137
bc2b
f693
751d
1317
2c93
a425
5dac
8003
a491
002a
764f
140a
2c4a
a414
5da7
a378
9215
09c1
776f
14fd
2c01
a403
5da1
f892
85c0
134a
787e
15ef
2bb8
a3f2
5d9c
51a8
8043
1cb7
797b
16e1
2b6f
a3e1
5d97
7eef
81eb
25fb
7a67
17d3
2b26
a3d0
5d91
681e
8aa3
2f08
7b42
18c4
2add
a3bf
5d8c
1971
99ec
37d1
7c0a
19b5
2a94
a3ae
5d87
bd1e
aeec
404a
7cc1
1aa5
2a4b
a39d
5d81
84ad
c875
4867
7d66
1b95
2a01
a38c
5d7c
8e65
e51b
501b
7df9
1c85
29b8
a37b
5d77
d50f
0341
575c
7e7a
1d74
296e
a36a
5d71
32c3
2139
5e20
7ee8
1e63
2925
a359
5d6c
753b
3d56
645c
7f44
1f52
28db
a348
5d67
78cf
5603
6a07
7f8e
2040
2891
a337
5d62
3b93
69df
6f1a
7fc6
212d
2848
a326
5d5c
de61
77cf
738e
7feb
221b
27fe
a315
5d57
9339
7f0a
775a
7ffe
2307
27b4
a304
5d52
826c
7f29
7a7c
7ffe
23f3
276a
a2f3
5d4c
b4fd
782a
7cec
7fec
24df
2720
a2e2
5d47
0fcd
6a71
7eaa
7fc7
25ca
26d6
a2d2
5d42
6222
56c3
7fb0
7f90
26b4
268c
a2c1
5d3c
7fd2
3e39
7fff
7f47
279e
2642
a2b0
5d37
58f0
2234
7f97
7eeb
2888
25f8
a29f
5d32
0256
0445
7e76
7e7d
2970
25ae
a28e
5d2c
aa7c
e619
7c9f
7dfd
2a59
2563
a27e
5d27
8082
c960
7a15
7d6b
2b40
2519
a26d
5d22
9aee
afb6
76dc
7cc7
2c27
24cf
a25c
5d1c
eb92
9a8a
72f7
7c11
2d0e
2484
a24b
5d17
472c
8b0c
6e6d
7b49
2df3
243a
a23b
5d12
7c97
8219
6944
7a6f
2ed8
23ef
a22a
5d0c
6f2b
8033
6384
7983
2fbd
23a4
a219
5d07
261b
8574
5d34
7886
30a0
235a
a208
5d02
c89a
9191
565f
7778
3183
230f
a1f8
5cfc
88d1
a3dc
4f0d
7658
3265
22c4
a1e7
5cf7
88f8
bb4f
4749
7528
3347
2279
a1d6
5cf2
c8fb
d69b
3f1e
73e6
3428
222f
a1c6
5cec
2682
f438
3699
7294
3508
21e4
a1b5
5ce7
6f61
127d
2dc6
7132
35e7
2199
a1a5
5ce2
7c7f
2fba
24b0
6fbf
36c5
214e
a194
5cdc
46d3
4a4b
1b66
6e3c
37a3
2103
a183
5cd7
eb28
60b3
11f4
6ca9
3880
20b8
a173
5cd2
9aac
71b2
0868
6b07
395c
206c
a162
5ccc
808c
7c54
fed1
6955
3a37
2021
a152
5cc7
aacd
7fff
f53b
6794
3b12
1fd6
a141
5cc2
02c2
7c82
ebb4
65c4
3beb
1f8b
a131
5cbc
593d
720c
e24b
63e5
3cc4
1f3f
a120
5cb7
7fd8
6134
d90c
61f8
3d9c
1ef4
a110
5cb1
61dd
4aeb
d006
5ffd
3e73
1ea9
a0ff
5cac
0f62
3071
c744
5df4
3f49
1e5d
a0ef
5ca7
b4a6
1341
bed5
5bde
401e
1e12
a0de
5ca1
8257
f4fc
b6c3
59ba
40f2
1dc6
a0ce
5c9c
9372
d756
af1a
5789
41c6
1d7a
a0bd
5c97
deca
bbf6
a7e6
554c
4298
1d2f
a0ad
5c91
3bf3
a465
a130
5303
4369
1ce3
a09d
5c8c
78f3
91f5
9b03
50ad
443a
1c97
a08c
5c87
7510
85ad
9567
4e4c
4509
1c4c
a07c
5c81
3260
803f
9065
4be0
45d7
1c00
a06c
5c7c
d4aa
81f6
8c03
4969
46a5
1bb4
a05b
5c76
8e33
8abc
8848
46e7
4771
1b68
a04b
5c71
84ca
9a12
853a
445b
483d
1b1c
a03b
5c6c
bd7a
af1c
82dc
41c5
4907
1ad0
a02a
5c66
19db
c8ae
8132
3f26
49d0
1a84
a01a
5c61
685c
e558
803e
3c7e
4a98
1a38
a00a
5c5c
7ee1
0380
8003
39cc
4b60
19ec
9ff9
5c56
5155
2176
807f
3713
4c26
19a0
9fe9
5c51
f826
3d8c
81b3
3452
4ceb
1954
9fd9
5c4b
a32e
5631
839d
3189
4daf
1908
9fc9
5c46
8002
6a03
863a
2eb9
4e71
18bb
9fb9
5c41
a17f
77e5
8986
2be2
4f33
186f
9fa8
5c3b
f5b0
7f12
8d7c
2905
4ff3
1823
9f98
5c36
4f69
7f22
9218
2622
50b3
17d7
9f88
5c30
7e88
7814
9751
233a
5171
178a
9f78
5c2b
69c5
6a4e
9d21
204c
522e
173e
9f68
5c26
1c44
5694
a37f
1d5a
52ea
16f1
9f58
5c20
bf99
3e02
aa63
1a64
53a4
16a5
9f48
5c1b
857b
21f8
b1c1
1769
545e
1658
9f38
5c15
8d17
0407
b991
146c
5516
160c
9f27
5c10
d259
e5dc
c1c5
116b
55cd
15bf
9f17
5c0b
3019
c927
ca53
0e68
5682
1573
9f07
5c05
740b
af85
d32e
0b63
5737
1526
9ef7
5c00
79bc
9a64
dc4a
085d
57ea
14da
9ee7
5bfa
3e1e
8af2
e599
0555
589c
148d
9ed7
5bf5
e12d
820e
ef0e
024c
594d
1440
9ec7
5bf0
94c6
8037
f89c
ff43
59fc
13f3
9eb7
5bea
81e5
8586
0234
fc3a
5aaa
13a7
9ea7
5be5
b2ab
91b0
0bc9
f932
5b57
135a
9e97
5bdf
0cee
a407
154d
f62a
5c03
130d
9e87
5bda
6041
bb84
1eb3
f324
5cad
12c0
9e78
5bd5
7ff1
d6d6
27ec
f020
5d56
1273
9e68
5bcf
5afe
f476
30ec
ed1e
5dfd
1226
9e58
5bca
053a
12bb
39a5
ea1f
5ea3
11d9
9e48
5bc4
aca8
2ff4
420b
e723
5f48
118c
9e38
5bbf
80cd
4a7e
4a13
e42b
5feb
113f
9e28
5bba
992f
60dc
51b0
e136
608d
10f2
9e18
5bb4
e8ba
71cf
58d7
de46
612e
10a5
9e09
5baf
44c1
7c62
5f7e
db5b
61cd
1058
9df9
5ba9
7be6
7fff
659c
d876
626b
100b
9de9
5ba4
7093
7c73
6b28
d595
6307
0fbe
9dd9
5b9e
28db
71f0
701a
d2bb
63a2
0f71
9dc9
5b99
cb38
610b
746a
cfe8
643c
0f24
9dba
5b94
89e6
4ab9
7813
cd1b
64d4
0ed7
9daa
5b8e
87f0
3037
7b0f
ca56
656b
0e8a
9d9a
5b89
c663
1303
7d5a
c799
6600
0e3c
9d8a
5b83
23bf
f4be
7ef1
c4e3
6694
0def
9d7b
5b7e
6ded
d71b
7fd1
c236
6726
0da2
9d6b
5b78
7d22
bbc1
7ff9
bf92
67b7
0d55
9d5b
5b73
4936
a43a
7f69
bcf7
6846
0d07
9d4c
5b6e
ee03
91d5
7e21
ba66
68d4
0cba
9d3c
5b68
9c77
859b
7c24
b7df
6960
0c6d
9d2c
5b63
8050
803b
7975
b563
69eb
0c1f
9d1d
5b5d
a8aa
8201
7616
b2f1
6a74
0bd2
9d0d
5b58
ffdf
8ad5
720e
b08a
6afc
0b85
9cfe
5b52
5725
9a38
6d62
ae2e
6b82
0b37
9cee
5b4d
7fab
af4d
6818
abdf
6c06
0aea
9cdf
5b47
63b3
c8e6
6238
a99b
6c89
0a9c
9ccf
5b42
123f
e595
5bcc
a764
6d0b
0a4f
9cc0
5b3d
b701
03bf
54db
a53a
6d8b
0a01
9cb0
5b37
82ec
21b2
4d70
a31d
6e09
09b4
9ca1
5b32
91f1
3dc3
4595
a10d
6e86
0966
9c91
5b2c
dc01
565f
3d56
9f0a
6f01
0919
9c82
5b27
3961
6a26
34c0
9d16
6f7a
08cb
9c72
5b21
77f9
77fb
2bdd
9b30
6ff2
087e
9c63
5b1c
7633
7f19
22bb
9959
7069
0830
9c53
5b16
3505
7f1b
1967
9790
70dd
07e3
9c44
5b11
d764
77fe
0fef
95d6
7151
0795
9c34
5b0b
8f8d
6a2b
065f
942c
71c2
0748
9c25
5b06
8409
5666
fcc7
9291
7232
06fa
9c16
5b00
bb07
3dcc
f333
9106
72a0
06ac
9c06
5afb
1705
21bc
e9b2
8f8b
730d
065f
9bf7
5af6
66a9
03c8
e050
8e20
7377
0611
9be8
5af0
7f3b
e59f
d71d
8cc5
73e1
05c4
9bd8
5aeb
538b
c8ef
ce24
8b7b
7448
0576
9bc9
5ae5
fb09
af54
c572
8a42
74ae
0528
9bba
5ae0
a531
9a3e
bd16
8919
7512
04db
9bab
5ada
8011
8ad9
b519
8802
7575
048d
9b9b
5ad5
9f93
8203
ad88
86fc
75d6
043f
9b8c
5acf
f2d0
803a
a66e
8608
7635
03f2
9b7d
5aca
4d20
8598
9fd5
8525
7692
03a4
9b6e
5ac4
7e10
91d0
99c6
8454
76ee
0356
9b5e
5abf
6b5f
a433
944a
8394
7748
0309
9b4f
5ab9
1f14
bbb9
8f69
82e7
77a0
02bb
9b40
5ab4
c21c
d712
8b2a
824b
77f7
026d
9b31
5aae
8659
f4b4
8794
81c2
784c
0220
9b22
5aa9
8bd9
12f9
84aa
814b
789f
01d2
9b13
5aa3
cfa9
302e
8272
80e6
78f0
0184
9b04
5a9e
2d68
4ab1
80ef
8093
7940
0137
9af4
5a98
72cb
6105
8022
8053
798d
00e9
9ae5
5a93
7a98
71eb
800e
8025
79da
009b
9ad6
5a8d
40a1
7c71
80b2
8009
7a24
004d
9ac7
5a88
e3fd
7fff
820c
8000
7a6d
0000
9ab8
5a82
9660
7c65
841c
8009
7ab3
ffb2
9aa9
5a7d
816e
71d3
86df
8025
7af9
ff64
9a9a
5a77
b063
60e3
8a4f
8053
7b3c
ff17
9a8b
5a72
0a0d
4a86
8e69
8094
7b7d
fec9
9a7c
5a6c
5e53
2ffd
9327
80e6
7bbd
fe7b
9a6d
5a67
7fff
12c5
9881
814b
7bfb
fe2e
9a5e
5a61
5d00
f480
9e70
81c3
7c37
fde0
9a4f
5a5c
081c
d6df
a4eb
824c
7c72
fd92
9a41
5a56
aedf
bb8c
abe9
82e8
7caa
fd44
9a32
5a51
8128
a40e
b361
8396
7ce1
fcf7
9a23
5a4b
977d
91b5
bb47
8455
7d16
fca9
9a14
5a46
e5e4
8589
c38f
8527
7d49
fc5b
9a05
5a40
424d
8037
cc2f
860a
7d7b
fc0e
99f6
5a3b
7b24
820c
d519
86fe
7daa
fbc0
99e7
5a35
71eb
8aee
de40
8804
7dd8
fb72
99d9
5a30
2b95
9a5e
e799
891b
7e04
fb25
99ca
5a2a
cddd
af7d
f114
8a44
7e2e
fad7
99bb
5a25
8b0b
c91f
faa5
8b7d
7e57
fa89
99ac
5a1f
86f8
e5d2
043e
8cc7
7e7d
fa3c
999d
5a1a
c3d2
03fd
0dd0
8e22
7ea2
f9ee
998f
5a14
20f6
21ef
174f
8f8d
7ec5
f9a1
9980
5a0f
6c6b
3dfa
20ac
9108
7ee6
f953
9971
5a09
7db6
568d
29da
9294
7f05
f905
9963
5a04
4b90
6a49
32cc
942f
7f23
f8b8
9954
59fe
f0e0
7811
3b75
95d9
7f3e
f86a
9945
59f9
9e4e
7f21
43c8
9793
7f58
f81d
9937
59f3
8025
7f13
4bba
995c
7f70
f7cf
9928
59ee
a693
77e9
533f
9b33
7f86
f782
9919
59e8
fcfb
6a08
5a4c
9d1a
7f9a
f734
990b
59e3
5502
5638
60d7
9f0e
7fad
f6e7
98fc
59dd
7f6d
3d95
66d6
a110
7fbd
f699
98ee
59d7
657d
217f
6c42
a320
7fcc
f64c
98df
59d2
151a
038a
7112
a53e
7fd9
f5fe
98d0
59cc
b965
e561
753f
a768
7fe4
f5b1
98c2
59c7
8391
c8b6
78c4
a99f
7fed
f563
98b3
59c1
907f
af24
7b9b
abe3
7ff5
f516
98a5
59bc
d93e
9a18
7dc0
ae32
7ffa
f4c8
9896
59b6
36c9
8ac0
7f30
b08e
7ffe
f47b
9888
59b1
76ef
81f8
7fe9
b2f5
7fff
f42e
9879
59ab
7747
803e
7fe9
b567
7fff
f3e0
986b
59a6
37a2
85ab
7f32
b7e4
7ffe
f393
985d
59a0
da24
91f0
7dc4
ba6b
7ffa
f346
984e
599b
90f6
a45f
7ba1
bcfc
7ff5
f2f8
9840
5995
8359
bbee
78cc
bf97
7fed
f2ab
9831
598f
b89c
d74d
7549
c23b
7fe4
f25e
9823
598a
142c
f4f3
711d
c4e8
7fd9
f210
9815
5984
64e9
1337
6c4f
c79d
7fcc
f1c3
9806
597f
7f83
3068
66e5
ca5b
7fbe
f176
97f8
5979
55b5
4ae4
60e7
cd20
7fad
f129
97ea
5974
fdec
612e
5a5d
cfed
7f9b
f0dc
97db
596e
a740
7208
5351
d2c0
7f86
f08e
97cd
5969
8031
7c80
4bcd
d59a
7f70
f041
97bf
5963
9db3
7fff
43dd
d87b
7f58
eff4
97b1
595d
eff1
7c56
3b8a
db60
7f3f
efa7
97a2
5958
4acd
71b6
32e2
de4c
7f23
ef5a
9794
5952
7d88
60ba
29f1
e13c
7f06
ef0d
9786
594d
6cea
4a53
20c4
e430
7ee6
eec0
9778
5947
21df
2fc3
1767
e728
7ec5
ee73
976a
5942
c4a8
1287
0de8
ea24
7ea2
ee26
975b
593c
8747
f441
0456
ed24
7e7e
edd9
974d
5936
8aaa
d6a4
fabd
f025
7e57
ed8c
973f
5931
cd00
bb57
f12c
f32a
7e2f
ed3f
9731
592b
2ab2
a3e3
e7b0
f630
7e05
ecf3
9723
5926
717d
9196
de58
f937
7dd9
eca6
9715
5920
7b65
8577
d52f
fc3f
7dab
ec59
9707
591b
431b
8034
cc45
ff48
7d7b
ec0c
96f9
5915
e6d0
8218
c3a4
0251
7d4a
ebbf
96eb
590f
9809
8b08
bb5b
055a
7d17
eb73
96dd
590a
8108
9a84
b374
0862
7ce2
eb26
96cf
5904
ae25
afae
abfc
0b69
7cab
ead9
96c1
58ff
072b
c957
a4fc
0e6e
7c72
ea8d
96b3
58f9
5c59
e610
9e7f
1171
7c38
ea40
96a5
58f3
7ffc
043c
988f
1471
7bfc
e9f4
9697
58ee
5ef6
222b
9333
176f
7bbe
e9a7
9689
58e8
0afe
3e31
8e74
1a69
7b7e
e95b
967b
58e3
b120
56bb
8a59
1d5f
7b3d
e90e
966d
58dd
8193
6a6b
86e7
2051
7af9
e8c2
965f
58d8
95d9
7826
8423
233f
7ab4
e875
9651
58d2
e312
7f28
8211
2627
7a6d
e829
9643
58cc
3fd0
7f0b
80b4
290a
7a25
e7dd
9636
58c7
7a52
77d3
800f
2be7
79da
e790
9628
58c1
7335
69e5
8021
2ebe
798e
e744
961a
58bc
2e4a
560a
80ec
318e
7940
e6f8
960c
58b6
d089
3d5e
826d
3457
78f1
e6ac
95fe
58b0
8c3f
2143
84a4
3718
789f
e65f
95f1
58ab
860f
034b
878b
39d1
784c
e613
95e3
58a5
c14a
e524
8b20
3c82
77f8
e5c7
95d5
58a0
1e29
c87e
8f5e
3f2b
77a1
e57b
95c7
589a
6adb
aef3
943d
41ca
7749
e52f
95ba
5894
7e39
99f2
99b7
4460
76ef
e4e3
95ac
588f
4de0
8aa7
9fc5
46eb
7693
e497
959e
5889
f3c0
81ed
a65d
496d
7636
e44b
9591
5883
a032
8042
ad76
4be4
75d7
e400
9583
587e
800a
85bd
b505
4e51
7576
e3b4
9575
5878
a488
9210
bd01
50b1
7513
e368
9568
5873
fa18
a48a
c55d
5307
74af
e31c
955a
586d
52d3
bc23
ce0d
5550
7449
e2d1
954d
5867
7f1f
d788
d706
578d
73e2
e285
953f
5862
6739
f531
e039
59be
7379
e239
9531
585c
17f2
1375
e99a
5be1
730e
e1ee
9524
5857
bbd2
30a2
f31b
5df8
72a1
e1a2
9516
5851
8446
4b16
fcaf
6001
7233
e157
9509
584b
8f1b
6157
0647
61fc
71c3
e10b
94fb
5846
d680
7224
0fd7
63e8
7152
e0c0
94ee
5840
3429
7c8e
194f
65c7
70df
e075
94e1
583a
75d6
7fff
22a4
6797
706a
e029
94d3
5835
784c
7c47
2bc6
6958
6ff4
dfde
94c6
582f
3a39
719a
34aa
6b0a
6f7c
df93
94b8
582a
dce9
6091
3d41
6cac
6f02
df48
94ab
5824
926d
4a20
4581
6e3f
6e87
defd
949d
581e
82b9
2f89
4d5c
6fc1
6e0a
deb2
9490
5819
b63b
1249
54c8
7134
6d8c
de67
9483
5813
1150
f403
5bbb
7297
6d0c
de1c
9475
580d
631b
d669
6229
73e9
6c8b
ddd1
9468
5808
7fbc
bb23
680a
752a
6c08
dd86
945b
5802
57d5
a3b7
6d55
765a
6b83
dd3b
944d
57fc
00d0
9176
7203
777a
6afd
dcf0
9440
57f7
a95b
8565
760d
7888
6a75
dca6
9433
57f1
8062
8030
796d
7985
69ec
dc5b
9426
57eb
9be0
8223
7c1e
7a70
6961
dc10
9418
57e6
ed14
8b21
7e1d
7b4a
68d5
dbc6
940b
57e0
4870
9aaa
7f66
7c12
6847
db7b
93fe
57db
7cef
afdf
7ff8
7cc8
67b8
db31
93f1
57d5
6e68
c990
7fd2
7d6c
6727
dae7
93e4
57cf
24a6
e64d
7ef4
7dfe
6695
da9c
93d7
57ca
c73b
047a
7d5f
7e7e
6601
da52
93c9
57c4
8845
2267
7b16
7eec
656c
da08
93bc
57be
898a
3e67
781b
7f48
64d6
d9be
93af
57b9
ca5d
56e9
7474
7f91
643d
d973
93a2
57b3
27f6
6a8e
7026
7fc8
63a4
d929
9395
57ad
701f
783c
6b35
7fec
6309
d8df
9388
57a8
7c22
7f2f
65ab
7ffe
626d
d895
937b
57a2
458c
7f04
5f8e
7ffd
61cf
d84b
936e
579c
e9a7
77bd
58e8
7feb
6130
d802
9361
5797
99bf
69c2
51c2
7fc5
608f
d7b8
9354
5791
80b3
55db
4a27
7f8e
5fed
d76e
9347
578b
abf2
3d27
4220
7f44
5f4a
d724
933a
5786
0449
2106
39bb
7ee7
5ea5
d6db
932d
5780
5a53
030c
3102
7e79
5dff
d691
9320
577a
7fe9
e4e7
2803
7df8
5d57
d648
9313
5775
60e0
c846
1eca
7d65
5cae
d5fe
9306
576f
0dde
aec3
1565
7cc0
5c04
d5b5
92f9
5769
b36c
99cc
0be1
7c09
5b59
d56c
92ed
5764
820f
8a8e
024c
7b40
5aac
d522
92e0
575e
9443
81e2
f8b4
7a66
59fe
d4d9
92d3
5758
e043
8046
ef26
7979
594f
d490
92c6
5753
3d4b
85d0
e5b1
787c
589e
d447
92b9
574d
7970
9230
dc61
776d
57ec
d3fe
92ad
5747
7470
a4b6
d345
764d
5739
d3b5
92a0
5741
30f8
bc58
ca69
751b
5684
d36c
9293
573c
d33b
d7c4
c1da
73d9
55cf
d323
9286
5736
8d82
f570
b9a5
7286
5518
d2db
927a
5730
8536
13b3
b1d4
7123
545f
d292
926d
572b
bec9
30dc
aa75
6fb0
53a6
d249
9260
5725
1b59
4b49
a390
6e2c
52eb
d201
9253
571f
693d
617f
9d30
6c99
5230
d1b8
9247
571a
7eab
7240
975f
6af5
5173
d170
923a
5714
5026
7c9d
9224
6943
50b5
d128
922e
570e
f6a1
7fff
8d87
6781
4ff5
d0df
9221
5709
a223
7c38
898f
65b1
4f35
d097
9214
5703
8000
717d
8641
63d2
4e73
d04f
9208
56fd
a289
6067
83a3
61e4
4db0
d007
91fb
56f7
f736
49ed
81b7
5fe8
4ced
cfbf
91ef
56f2
509a
2f4f
8082
5ddf
4c28
cf77
91e2
56ec
7ec1
120b
8003
5bc8
4b62
cf2f
91d6
56e6
68e7
f3c5
803d
59a4
4a9a
cee7
91c9
56e1
1ac7
d62e
812f
5773
49d2
cea0
91bd
56db
be49
baee
82d7
5535
4909
ce58
91b0
56d5
850c
a38c
8533
52eb
483f
ce10
91a4
56d0
8dc6
9156
8840
5095
4773
cdc9
9197
56ca
d3c7
8553
8bf9
4e34
46a7
cd81
918b
56c4
3182
802d
9059
4bc7
45d9
cd3a
917e
56be
74ae
822e
955a
494f
450b
ccf3
9172
56b9
7941
8b3b
9af4
46cd
443c
ccab
9166
56b3
3cc7
9ad0
a120
4441
436b
cc64
9159
56ad
dfb3
b010
a7d4
41aa
429a
cc1d
914d
56a8
93f2
c9c9
af07
3f0b
41c8
cbd6
9141
56a2
822a
e68a
b6af
3c62
40f4
cb8f
9134
569c
b3e4
04b9
bec0
39b1
4020
cb48
9128
5696
0e72
22a4
c72f
36f7
3f4b
cb02
911c
5691
6141
3e9e
cff0
3435
3e75
cabb
910f
568b
7fe3
5717
d8f5
316c
3d9e
ca74
9103
5685
59e9
6ab1
e233
2e9c
3cc6
ca2e
90f7
567f
03b3
7851
eb9c
2bc5
3bed
c9e7
90eb
567a
ab81
7f36
f523
28e7
3b14
c9a1
90de
5674
80a3
7efc
feb9
2604
3a3a
c95b
90d2
566e
9a19
77a6
0850
231c
395e
c914
90c6
5669
ea3a
699e
11dc
202e
3882
c8ce
90ba
5663
4609
55ad
1b4e
1d3c
37a5
c888
90ae
565d
7c46
3cf0
2499
1a45
36c8
c842
90a2
5657
6fd7
20ca
2daf
174b
35e9
c7fc
9096
5652
2768
02ce
3684
144d
350a
c7b7
908a
564c
c9d5
e4aa
3f09
114c
342a
c771
907d
5646
8952
c80d
4735
0e49
3349
c72b
9071
5640
887a
ae93
4efa
0b44
3268
c6e6
9065
563b
c7c1
99a7
564d
083d
3185
c6a0
9059
5635
2535
8a75
5d24
0535
30a2
c65b
904d
562f
6eb3
81d8
6375
022d
2fbf
c615
9041
5629
7cce
804a
6936
ff24
2eda
c5d0
9035
5624
47f4
85e2
6e61
fc1b
2df5
c58b
9029
561e
ec81
9250
72ed
f912
2d10
c546
901d
5618
9b83
a4e2
76d3
f60b
2c29
c501
9012
5612
806e
bc8d
7a0e
f305
2b43
c4bc
9006
560d
a9c9
d7ff
7c9a
f001
2a5b
c477
8ffa
5607
0165
f5ae
7e72
ecff
2973
c432
8fee
5601
5841
13f1
7f95
ea00
288a
c3ee
8fe2
55fb
7fc5
3116
7fff
e705
27a1
c3a9
8fd6
55f6
62bd
4b7b
7fb2
e40c
26b7
c365
8fca
55f0
10bc
61a8
7ead
e118
25cc
c320
8fbe
55ea
b5c1
725d
7cf2
de28
24e1
c2dc
8fb3
55e4
829b
7cab
7a83
db3d
23f6
c298
8fa7
55df
92ba
7fff
7763
d858
2309
c253
8f9b
55d9
dd79
7c29
7398
d578
221d
c20f
8f8f
55d3
3abd
7160
6f26
d29e
2130
c1cb
8f84
55cd
787f
603e
6a15
cfcb
2042
c188
8f78
55c8
759b
49ba
646b
ccff
1f54
c144
8f6c
55c2
33a0
2f15
5e30
ca3a
1e66
c100
8f61
55bc
d5f3
11cd
576e
c77c
1d77
c0bd
8f55
55b6
8ed5
f386
502e
c4c7
1c87
c079
8f49
55b0
846d
d5f3
487b
c21b
1b98
c036
8f3e
55ab
bc51
bab9
405f
bf77
1aa8
bff2
8f32
55a5
1884
a361
37e7
bcdd
19b7
bfaf
8f26
559f
6791
9137
2f1e
ba4c
18c6
bf6c
8f1b
5599
7f0e
8541
2612
b7c5
17d5
bf29
8f0f
5594
5261
802a
1ccf
b549
16e3
bee6
8f04
558e
f983
823a
1362
b2d8
15f1
bea3
8ef8
5588
a420
8b54
09d9
b071
14ff
be60
8eed
5582
8007
9af7
0042
ae16
140d
be1e
8ee1
557c
a095
b041
f6ab
abc7
131a
bddb
8ed6
5577
f454
ca01
ed22
a984
1227
bd99
8eca
5571
4e56
e6c8
e3b3
a74e
1133
bd56
8ebf
556b
7e51
04f7
da6d
a524
1040
bd14
8eb3
5565
6a88
22e0
d15d
a307
0f4c
bcd2
8ea8
5560
1d98
3ed5
c891
a0f8
0e58
bc90
8e9c
555a
c0c8
5745
c014
9ef6
0d63
bc4e
8e91
5554
85e2
6ad3
b7f3
9d02
0c6f
bc0c
8e86
554e
8c7f
7867
b03a
9b1d
0b7a
bbca
8e7a
5548
d114
7f3d
a8f3
9946
0a86
bb88
8e6f
5543
2ed5
7ef4
a22a
977e
0991
bb47
8e64
553d
7376
7790
9be8
95c5
089b
bb05
8e58
5537
7a26
697b
9636
941b
07a6
bac4
8e4d
5531
3f4e
557e
911c
9281
06b1
ba82
8e42
552b
e280
3cb9
8ca1
90f6
05bb
ba41
8e36
5526
9586
208d
88cd
8f7c
04c6
ba00
8e2b
5520
81ab
028f
85a4
8e11
03d0
b9bf
8e20
551a
b196
e46d
832c
8cb7
02db
b97e
8e15
5514
0b92
c7d5
8166
8b6e
01e5
b93d
8e0a
550e
5f5a
ae62
8057
8a36
00ef
b8fd
8dfe
5509
7ffa
9981
8000
890e
fffa
b8bc
8df3
5503
5bf2
8a5c
8061
87f7
ff04
b87c
8de8
54fd
0696
81cd
8179
86f2
fe0e
b83b
8ddd
54f7
adb2
804e
8348
85fe
fd18
b7fb
8dd2
54f1
80f6
85f5
85ca
851c
fc23
b7bb
8dc7
54eb
9860
9271
88fc
844c
fb2d
b77b
8dbc
54e6
e763
a50e
8cd9
838d
fa38
b73b
8db1
54e0
439a
bcc3
915c
82e0
f942
b6fb
8da6
54da
7b8c
d83b
967e
8246
f84d
b6bb
8d9a
54d4
7137
f5ec
9c38
81bd
f758
b67b
8d8f
54ce
2a25
142f
a281
8146
f663
b63c
8d84
54c9
cc77
3150
a951
80e2
f56e
b5fc
8d79
54c3
8a6f
4bae
b09e
8090
f479
b5bd
8d6f
54bd
8779
61d0
b85d
8050
f384
b57e
8d64
54b7
c52c
7279
c083
8023
f290
b53f
8d59
54b1
226f
7cb9
c904
8008
f19c
b500
8d4e
54ab
6d39
7ffe
d1d5
8000
f0a7
b4c1
8d43
54a6
7d6a
7c1a
dae8
800a
efb4
b482
8d38
54a0
4a53
7143
e430
8026
eec0
b443
8d2d
549a
ef5d
6015
eda0
8055
edcd
b405
8d22
5494
9d53
4986
f72b
8097
ecda
b3c6
8d17
548e
803a
2eda
00c2
80ea
ebe7
b388
8d0d
5488
a7ac
118f
0a59
8150
eaf4
b34a
8d02
5483
fe82
f348
13e0
81c8
ea02
b30b
8cf7
547d
5624
d5b8
1d4b
8252
e910
b2cd
8cec
5477
7f90
ba85
268c
82ef
e81f
b28f
8ce1
5471
648d
a335
2f95
839d
e72d
b252
8cd7
546b
1398
9118
385a
845d
e63c
b214
8ccc
5465
b820
852f
40ce
852f
e54c
b1d6
8cc1
5460
8338
8026
48e4
8613
e45c
b199
8cb7
545a
9140
8246
5092
8708
e36c
b15b
8cac
5454
dab3
8b6e
57cb
880f
e27d
b11e
8ca1
544e
3829
9b1d
5e87
8927
e18e
b0e1
8c97
5448
777d
b072
64ba
8a50
e09f
b0a4
8c8c
5442
76b8
ca3a
6a5c
8b8a
dfb1
b067
8c81
543c
3641
e705
6f66
8cd5
dec4
b02a
8c77
5437
d8b0
0536
73cf
8e30
ddd7
afee
8c6c
5431
9036
231c
7791
8f9c
dcea
afb1
8c62
542b
83b4
3f0b
7aa7
9118
dbfe
af75
8c57
5425
b9e2
5773
7d0d
92a4
db13
af38
8c4d
541f
15ad
6af6
7ebf
9440
da28
aefc
8c42
5419
65d7
787c
7fbb
95eb
d93d
aec0
8c38
5414
7f5f
7f44
7ffe
97a5
d853
ae84
8c2d
540e
5492
7eec
7f8a
996f
d76a
ae48
8c23
5408
fc66
777a
7e5e
9b47
d681
ae0c
8c18
5402
a629
6957
7c7c
9d2d
d599
add1
8c0e
53fc
801e
5550
79e7
9f22
d4b1
ad95
8c04
53f6
9eaf
3c82
76a3
a125
d3cb
ad5a
8bf9
53f0
f175
2051
72b4
a336
d2e4
ad1f
8bef
53ea
4c08
0251
6e20
a554
d1ff
ace3
8be4
53e5
7dd2
e430
68ed
a77f
d11a
aca8
8bda
53df
6c1b
c79d
6324
a9b6
d035
ac6d
8bd0
53d9
2066
ae32
5ccc
abfa
cf52
ac33
8bc5
53d3
c34f
995c
55ee
ae4b
ce6f
abf8
8bbb
53cd
86c7
8a44
4e95
b0a7
cd8d
abbd
8bb1
53c7
8b48
81c3
46ca
b30e
ccab
ab83
8ba7
53c1
ce67
8053
3e9a
b580
cbca
ab49
8b9c
53bb
2c21
8608
3610
b7fe
caea
ab0e
8b92
53b6
722f
9291
2d38
ba85
ca0b
aad4
8b88
53b0
7afb
a53a
241e
bd17
c92d
aa9a
8b7e
53aa
41cd
bcf8
1ad1
bfb2
c84f
aa61
8b74
53a4
e552
d876
115d
c256
c772
aa27
8b6a
539e
9727
f62b
07d1
c504
c696
a9ed
8b5f
5398
813c
146c
fe39
c7b9
c5bb
a9b4
8b55
5392
af53
3189
f4a3
ca77
c4e1
a97b
8b4b
538c
08b1
4be0
eb1e
cd3d
c407
a941
8b41
5387
5d66
61f8
e1b7
d00a
c32f
a908
8b37
5381
7fff
7295
d87c
d2de
c257
a8cf
8b2d
537b
5dee
7cc7
cf79
d5b8
c180
a897
8b23
5375
0978
7ffe
c6bc
d898
c0aa
a85e
8b19
536f
afee
7c0a
be52
db7e
bfd5
a825
8b0f
5369
8158
7125
b646
de6a
bf01
a7ed
8b05
5363
96b5
5feb
aea4
e15a
be2d
a7b4
8afb
535d
e48f
4953
a778
e44f
bd5b
a77c
8af1
5357
4121
2ea0
a0ca
e747
bc8a
a744
8ae7
5352
7ac3
1151
9aa6
ea43
bbba
a70c
8add
534c
7289
f30a
9513
ed42
baea
a6d4
8ad3
5346
2cdd
d57c
901b
f044
ba1c
a69d
8ac9
5340
cf1f
ba50
8bc3
f349
b94e
a665
8ac0
533a
8b9b
a30a
8813
f64f
b882
a62e
8ab6
5334
8688
90f9
850f
f956
b7b7
a5f7
8aac
532e
c29f
851e
82bc
fc5f
b6ed
a5bf
8aa2
5328
1fa4
8023
811d
ff68
b623
a588
8a98
5322
6bb0
8251
8035
0271
b55b
a551
8a8e
531c
7df6
8b88
8005
0579
b494
a51b
8a85
5316
4ca9
9b44
808d
0881
b3ce
a4e4
8a7b
5311
f23b
b0a3
81cd
0b88
b309
a4ad
8a71
530b
9f31
ca73
83c1
0e8d
b245
a477
8a68
5305
8016
e742
8669
1190
b183
a441
8a5e
52ff
a59b
0574
89c0
1490
b0c1
a40b
8a54
52f9
fb9e
2358
8dc1
178d
b001
a3d5
8a4a
52f3
53fb
3f42
9266
1a87
af42
a39f
8a41
52ed
7f4b
57a1
97a9
1d7e
ae83
a369
8a37
52e7
6650
6b18
9d82
2070
adc7
a334
8a2e
52e1
1672
7891
a3e9
235d
ad0b
a2fe
8a24
52db
ba89
7f4a
aad4
2645
ac50
a2c9
8a1a
52d5
83e5
7ee4
b23a
2928
ab97
a294
8a11
52cf
8fd5
7763
ba10
2c04
aadf
a25f
8a07
52ca
d7f2
6934
c24a
2edb
aa28
a22a
89fe
52c4
358c
5521
cadd
31ab
a972
a1f5
89f4
52be
766c
3c4b
d3bd
3473
a8be
a1c0
89eb
52b8
77c4
2014
dcdc
3734
a80b
a18c
89e1
52b2
38dc
0212
e62e
39ed
a759
a157
89d8
52ac
db72
e3f2
efa5
3c9e
a6a8
a123
89ce
52a6
91a5
c765
f934
3f46
a5f9
a0ef
89c5
52a0
830c
ae02
02cc
41e5
a54b
a0bb
89bc
529a
b77c
9936
0c61
447a
a49e
a087
89b2
5294
12d3
8a2b
15e3
4706
a3f3
a054
89a9
528e
6411
81b8
1f46
4987
a349
a020
899f
5288
7fa0
8057
287c
4bfe
a2a0
9fed
8996
5282
56b7
861b
3178
4e69
a1f9
9fb9
898d
527c
ff49
92b2
3a2d
50ca
a153
9f86
8983
5276
a83d
a566
428e
531f
a0ae
9f53
897a
5270
8046
bd2d
4a8f
5568
a00b
9f20
8971
526b
9cd5
d8b2
5225
57a4
9f69
9eee
8968
5265
ee97
f669
5944
59d4
9ec8
9ebb
895e
525f
49b0
14aa
5fe3
5bf7
9e29
9e89
8955
5259
7d41
31c3
65f9
5e0d
9d8b
9e56
894c
5253
6da0
4c13
6b7b
6015
9cef
9e24
8943
524d
232f
6221
7063
6210
9c54
9df2
893a
5247
c5de
72b0
74a9
63fc
9bbb
9dc0
8931
5241
87bd
7cd5
7847
65da
9b23
9d8e
8927
523b
8a20
7ffd
7b39
67a9
9a8c
9d5d
891e
5235
cbc0
7bfb
7d78
6969
99f7
9d2b
8915
522f
2968
7108
7f04
6b1b
9963
9cfa
890c
5229
70d9
5fc2
7fd8
6cbc
98d1
9cc9
8903
5223
7bc0
4920
7ff5
6e4f
9840
9c98
88fa
521d
4443
2e66
7f5a
6fd1
97b1
9c67
88f1
5217
e827
1113
7e07
7143
9724
9c36
88e8
5211
98d6
f2cc
7bff
72a5
9697
9c06
88df
520b
80de
d541
7944
73f6
960d
9bd5
88d6
5205
ad1a
ba1c
75db
7537
9584
9ba5
88cd
51ff
05cf
a2df
71c9
7666
94fc
9b75
88c4
51f9
5b66
90d9
6d12
7785
9476
9b45
88bb
51f3
7ff5
850c
67bf
7893
93f2
9b15
88b2
51ed
5fdf
8021
61d7
798f
936f
9ae5
88a9
51e7
0c59
825d
5b61
7a79
92ed
9ab6
88a0
51e1
b234
8ba2
5468
7b52
926d
9a86
8898
51dc
81cb
9b6a
4cf6
7c1a
91ef
9a57
888f
51d6
9517
b0d4
4515
7ccf
9173
9a28
8886
51d0
e1be
caac
3cd1
7d72
90f8
99f9
887d
51ca
3ea0
e780
3435
7e04
907e
99ca
8874
51c4
79ea
05b3
2b4e
7e83
9006
999b
886c
51be
73cb
2394
2229
7ef0
8f90
996d
8863
51b8
2f8e
3f78
18d2
7f4b
8f1b
993e
885a
51b2
d1ce
57ce
0f58
7f93
8ea8
9910
8851
51ac
8cd6
6b3a
05c8
7fc9
8e37
98e2
8849
51a6
85a6
78a6
fc2f
7fed
8dc7
98b4
8840
51a0
c01a
7f51
f29c
7ffe
8d59
9886
8837
519a
1cd6
7edc
e91c
7ffd
8ced
9858
882f
5194
6a19
774d
dfbd
7fe9
8c82
982b
8826
518e
7e71
6910
d68d
7fc3
8c19
97fe
881d
5188
4ef4
54f2
cd98
7f8b
8bb1
97d0
8815
5182
f51b
3c13
c4eb
7f40
8b4c
97a3
880c
517c
a11b
1fd8
bc94
7ee3
8ae8
9776
8804
5176
8003
01d4
b49e
7e74
8a85
974a
87fb
5170
a395
e3b5
ad14
7df2
8a24
971d
87f3
516a
f8bb
c72d
a602
7d5f
89c5
96f0
87ea
5164
51c8
add2
9f71
7cb9
8968
96c4
87e1
515e
7ef5
9911
996a
7c01
890d
9698
87d9
5158
6806
8a13
93f8
7b38
88b3
966c
87d1
5152
1948
81ae
8f21
7a5c
885a
9640
87c8
514c
bcfb
805c
8aec
7970
8804
9614
87c0
5146
84a2
862e
8760
7871
87af
95e9
87b7
5140
8e78
92d2
8482
7761
875c
95bd
87af
513a
d536
a593
8255
7641
870b
9592
87a6
5134
32e9
bd63
80dd
750f
86bc
9567
879e
512e
754c
d8ed
801c
73cc
866e
953c
8796
5128
78c1
f6a8
8013
7278
8622
9511
878d
5122
3b6f
14e8
80c2
7115
85d7
94e7
8785
511c
de39
31fd
8228
6fa0
858f
94bc
877d
5116
9323
4c45
8443
6e1c
8548
9492
8775
5110
8274
6249
8710
6c88
8503
9468
876c
510a
b51f
72cc
8a8c
6ae4
84c0
943e
8764
5104
0ff6
7ce3
8eb0
6931
847f
9414
875c
50fe
623d
7ffc
9377
676f
843f
93ea
8754
50f8
7fd0
7beb
98db
659e
8401
93c1
874b
50f2
58d2
70eb
9ed2
63be
83c5
9397
8743
50ec
022d
5f98
a556
61d0
838b
936e
873b
50e6
aa5d
48ec
ac5c
5fd4
8352
9345
8733
50e0
807f
2e2c
b3db
5dca
831b
931c
872b
50da
9b08
10d5
bbc7
5bb2
82e7
92f3
8723
50d4
ebbb
f28d
c415
598d
82b3
92cb
871b
50cd
474f
d506
ccba
575c
8282
92a2
8713
50c7
7ca1
b9e7
d5a8
551e
8253
927a
870b
50c1
6f17
a2b4
ded3
52d3
8225
9252
8703
50bb
25f4
90ba
e82e
507d
81f9
922a
86fb
50b5
c874
84fb
f1ab
4e1b
81cf
9202
86f3
50af
88c2
801e
fb3d
4bae
81a7
91da
86eb
50a9
8908
8269
04d6
4936
8180
91b3
86e3
50a3
c921
8bbc
0e68
46b3
815c
918b
86db
509d
26aa
9b91
17e5
4426
8139
9164
86d3
5097
6f75
b105
213f
4190
8118
913d
86cb
5091
7c75
cae5
2a6a
3eef
80f9
9116
86c3
508b
46b0
e7bd
3358
3c46
80db
90f0
86bb
5085
eaff
05f1
3bfc
3995
80c0
90c9
86b3
507f
9a93
23d0
4449
36db
80a6
90a3
86ab
5079
8090
3fae
4c34
3419
808f
907d
86a4
5073
aaec
57fc
53b2
314f
8079
9056
869c
506d
02ec
6b5c
5ab7
2e7f
8064
9031
8694
5067
595b
78bb
613a
2ba7
8052
900b
868c
5061
7fda
7f57
6731
28ca
8042
8fe5
8685
505b
61c2
7ed3
6c93
25e6
8033
8fc0
867d
5055
0f39
7736
7159
22fd
8026
8f9b
8675
504f
b484
68ec
757c
2010
801b
8f75
866d
5049
824f
54c3
78f6
1d1d
8012
8f51
8666
5043
9388
3bdc
7bc2
1a26
800b
8f2c
865e
503d
def2
1f9b
7ddc
172c
8005
8f07
8656
5036
3c17
0195
7f40
142e
8002
8ee3
864f
5030
7900
e378
7fee
112d
8000
8ebe
8647
502a
74ff
c6f5
7fe3
0e2a
8000
8e9a
8640
5024
323a
ada2
7f21
0b25
8002
8e76
8638
501e
d483
98ec
7da7
081e
8006
8e52
8630
5018
8e20
89fa
7b79
0516
800c
8e2f
8629
5012
84d5
81a4
7899
020d
8013
8e0b
8621
500c
bd9e
8061
750c
ff04
801c
8de8
861a
5006
1a03
8642
70d6
fbfb
8028
8dc5
8612
5000
6874
92f3
6bfe
f8f3
8035
8da2
860b
4ffa
7edc
a5bf
668a
f5ec
8043
8d7f
8603
4ff4
5135
bd98
6083
f2e6
8054
8d5d
85fc
4fee
f7fd
d929
59f1
efe2
8067
8d3a
85f5
4fe8
a311
f6e6
52dd
ece0
807b
8d18
85ed
4fe2
8001
1526
4b53
e9e2
8091
8cf6
85e6
4fdc
a19c
3236
435c
e6e6
80a9
8cd4
85de
4fd5
f5da
4c77
3b04
e3ee
80c3
8cb2
85d7
4fcf
4f8a
6271
3257
e0fa
80df
8c90
85d0
4fc9
7e8e
72e8
2961
de0a
80fc
8c6f
85c8
4fc3
69ae
7cf0
2030
db1f
811c
8c4d
85c1
4fbd
1c1c
7ffb
16d1
d83a
813d
8c2c
85ba
4fb7
bf75
7bdb
0d51
d55a
8160
8c0b
85b3
4fb1
856f
70cd
03be
d281
8185
8bea
85ab
4fab
8d2a
5f6f
fa25
cfae
81ab
8bca
85a4
4fa5
d280
48b9
f095
cce2
81d4
8ba9
859d
4f9f
303f
2df1
e71b
ca1d
81fe
8b89
8596
4f99
741c
1097
ddc5
c760
822a
8b69
858f
4f93
79af
f24f
d4a0
c4ac
8258
8b49
8587
4f8c
3dfa
d4cc
cbba
c1ff
8288
8b29
8580
4f86
e105
b9b3
c31e
bf5c
82b9
8b09
8579
4f80
94af
a28a
badb
bcc2
82ec
8aea
8572
4f7a
81ec
909c
b2fb
ba32
8322
8aca
856b
4f74
b2cc
84ea
ab89
b7ac
8359
8aab
8564
4f6e
0d17
801b
a491
b530
8391
8a8c
855d
4f68
605d
8275
9e1d
b2bf
83cc
8a6e
8556
4f62
7ff0
8bd7
9836
b059
8408
8a4f
854f
4f5c
5ae0
9bb8
92e4
adfe
8446
8a30
8548
4f56
0510
b136
8e2f
abb0
8486
8a12
8541
4f50
ac89
cb1e
8a1d
a96d
84c8
89f4
853a
4f49
80c8
e7fb
86b6
a737
850b
89d6
8533
4f43
9948
0630
83fd
a50e
8550
89b8
852c
4f3d
e8e3
240c
81f6
a2f2
8597
899b
8525
4f37
44e4
3fe5
80a5
a0e3
85e0
897d
851e
4f31
7bf0
5829
800a
9ee2
862a
8960
8517
4f2b
707f
6b7e
8029
9cef
8677
8943
8511
4f25
28b4
78d0
80ff
9b0a
86c4
8926
850a
4f1f
cb12
7f5e
828b
9933
8714
8909
8503
4f19
89d6
7ecb
84cd
976c
8766
88ed
84fc
4f12
87fe
771f
87bf
95b3
87b9
88d0
84f5
4f0c
c688
68c8
8b5f
940a
880e
88b4
84ef
4f06
23e6
5495
8fa6
9270
8864
8898
84e8
4f00
6e02
3ba5
948f
90e7
88bd
887c
84e1
4efa
7d1a
1f5e
9a13
8f6d
8917
8860
84da
4ef4
4914
0156
a029
8e03
8973
8845
84d4
4eee
edda
e33b
a6c9
8caa
89d0
8829
84cd
4ee8
9c5c
c6bd
adea
8b61
8a2f
880e
84c6
4ee2
8053
ad72
b581
8a29
8a90
87f3
84c0
4edb
a8c9
98c7
bd83
8902
8af3
87d8
84b9
4ed5
0008
89e2
c5e4
87ed
8b57
87bd
84b2
4ecf
5743
819a
ce9a
86e8
8bbd
87a3
84ac
4ec9
7fae
8065
d796
85f5
8c25
8788
84a5
4ec3
6399
8655
e0cc
8514
8c8e
876e
849f
4ebd
1216
9314
ea30
8444
8cf9
8754
8498
4eb7
b6df
a5eb
f3b2
8386
8d66
873a
8492
4eb1
82e3
bdce
fd47
82da
8dd4
8721
848b
4eaa
9206
d964
06df
8240
8e44
8707
8485
4ea4
dc29
f724
106e
81b8
8eb5
86ee
847e
4e9e
3986
1563
19e4
8142
8f29
86d5
8478
4e98
7807
3270
2336
80de
8f9d
86bc
8471
4e92
7623
4ca9
2c55
808d
9014
86a3
846b
4e8c
34df
6299
3534
804e
908c
868b
8465
4e86
d73d
7303
3dc7
8022
9105
8672
845e
4e80
8f79
7cfe
4600
8008
9181
865a
8458
4e79
8414
7ffa
4dd5
8000
91fe
8642
8452
4e73
bb2a
7bcb
553a
800b
927c
862a
844b
4e6d
172e
70b0
5c25
8028
92fc
8612
8445
4e67
66c2
5f45
628a
8058
937d
85fb
843f
4e61
7f36
4885
6862
809a
9401
85e3
8438
4e5b
536b
2db7
6da4
80ee
9485
85cc
8432
4e55
fadf
1059
7248
8154
950b
85b5
842c
4e4e
a514
f211
7647
81cd
9593
859e
8426
4e48
8010
d491
799d
8258
961d
8587
841f
4e42
9fae
b97f
7c43
82f5
96a7
8571
8419
4e3c
f2f9
a25f
7e37
83a4
9734
855b
8413
4e36
4d41
907d
7f75
8465
97c2
8544
840d
4e30
7e17
84d8
7ffb
8538
9851
852e
8407
4e29
6b48
8019
7fc9
861d
98e2
8519
8401
4e23
1eeb
8282
7ee0
8713
9974
8503
83fb
4e1d
c1f8
8bf1
7d40
881a
9a08
84ee
83f5
4e17
864c
9bdf
7aec
8933
9a9d
84d8
83ef
4e11
8beb
b168
77e6
8a5c
9b34
84c3
83e9
4e0b
cfd0
cb57
7435
8b97
9bcc
84ae
83e3
4e05
2d8f
e838
6fdc
8ce3
9c66
849a
83dd
4dfe
72de
066e
6ae2
8e3f
9d01
8485
83d7
4df8
7a8c
2449
654e
8fab
9d9d
8471
83d1
4df2
407d
401b
5f29
9128
9e3b
845c
83cb
4dec
e3d4
5856
587b
92b4
9eda
8448
83c5
4de6
9649
6ba0
514d
9450
9f7b
8435
83bf
4de0
8174
78e4
49aa
95fc
a01d
8421
83b9
4dd9
b083
7f64
419e
97b7
a0c1
840d
83b3
4dd3
0a37
7ec2
3933
9981
a165
83fa
83ad
4dcd
5e70
7708
3075
9b5a
a20c
83e7
83a7
4dc7
7fff
68a4
2772
9d41
a2b3
83d4
83a2
4dc1
5ce3
5466
1e36
9f37
a35c
83c1
839c
4dbb
07f3
3b6d
14cf
a13a
a406
83af
8396
4db4
aebf
1f22
0b4a
a34b
a4b2
839c
8390
4dae
8122
0118
01b4
a56a
a55f
838a
838a
4da8
9795
e2fe
f81c
a795
a60d
8378
8385
4da2
e60d
c685
ee90
a9cd
a6bc
8366
837f
4d9c
4270
ad42
e51c
ac12
a76d
8354
8379
4d95
7b2f
98a2
dbcf
ae63
a81f
8343
8374
4d8f
71d8
89ca
d2b7
b0bf
a8d2
8332
836e
4d89
2b6e
8191
c9df
b327
a987
8320
8368
4d83
cdb7
806a
c155
b59a
aa3d
830f
8363
4d7d
8afa
8668
b926
b817
aaf4
82ff
835d
4d77
8705
9335
b15c
ba9f
abac
82ee
8357
4d70
c3f7
a618
aa04
bd31
ac65
82de
8352
4d6a
211e
be03
a327
bfcd
ad20
82cd
834c
4d64
6c81
d9a0
9cd0
c272
addc
82bd
8347
4d5e
7dae
f763
9708
c51f
ae99
82ad
8341
4d58
4b6e
15a1
91d6
c7d5
af57
829e
833c
4d51
f0b7
32a9
8d44
ca94
b017
828e
8336
4d4b
9e33
4cdc
8956
cd5a
b0d7
827f
8331
4d45
8027
62c1
8613
d027
b199
8270
832b
4d3f
a6b1
731f
837f
d2fb
b25c
8261
8326
4d39
fd25
7d0b
819f
d5d6
b320
8252
8321
4d32
5521
7ff8
8074
d8b6
b3e5
8243
831b
4d2c
7f71
7bbb
8001
db9c
b4ab
8235
8316
4d26
6563
7092
8047
de88
b572
8226
8310
4d20
14f1
5f1b
8144
e178
b63a
8218
830b
4d1a
b942
4852
82f7
e46d
b704
820a
8306
4d13
8387
2d7c
855e
e766
b7ce
81fd
8301
4d0d
9093
101b
8876
ea62
b899
81ef
82fb
4d07
d966
f1d3
8c3a
ed61
b966
81e2
82f6
4d01
36ee
d456
90a4
f064
ba33
81d5
82f1
4cfb
76fe
b94a
95ae
f368
bb02
81c8
82ec
4cf4
7738
a234
9b52
f66e
bbd1
81bb
82e6
4cee
377d
905e
a186
f975
bca2
81ae
82e1
4ce8
d9fd
84c7
a843
fc7e
bd73
81a2
82dc
4ce2
90e1
8016
af7d
ff87
be45
8195
82d7
4cdc
8363
828e
b72c
0290
bf19
8189
82d2
4cd5
b8bf
8c0b
bf43
0598
bfed
817d
82cd
4ccf
1455
9c06
c7b7
08a0
c0c2
8172
82c7
4cc9
6502
b199
d07d
0ba7
c198
8166
82c2
4cc3
7f80
cb90
d986
0eac
c26f
815b
82bd
4cbc
5597
e876
e2c7
11af
c347
8150
82b8
4cb6
fdc3
06ad
ec33
14af
c420
8145
82b3
4cb0
a723
2485
f5ba
17ac
c4fa
813a
82ae
4caa
802f
4051
ff51
1aa6
c5d4
812f
82a9
4ca4
9dcd
5884
08e8
1d9c
c6af
8125
82a4
4c9d
f01a
6bc2
1273
208e
c78b
811a
829f
4c97
4aee
78f9
1be3
237b
c868
8110
829a
4c91
7d90
7f6a
252b
2663
c946
8106
8295
4c8b
6cd4
7eb9
2e3d
2945
ca25
80fd
8290
4c84
21b7
76f1
370d
2c22
cb04
80f3
828c
4c7e
c483
6880
3f8e
2ef8
cbe4
80ea
8287
4c78
8739
5436
47b3
31c7
ccc5
80e1
8282
4c72
8abb
3b36
4f71
3490
cda6
80d8
827d
4c6c
cd26
1ee5
56bd
3750
ce89
80cf
8278
4c65
2ad9
00d9
5d8c
3a09
cf6c
80c6
8273
4c5f
7190
e2c1
63d4
3cb9
d04f
80be
826f
4c59
7b5a
c64d
698d
3f61
d134
80b5
826a
4c53
42f7
ad13
6eae
41ff
d219
80ad
8265
4c4c
e6a8
987d
732f
4494
d2fe
80a5
8260
4c46
97f1
89b2
770b
4720
d3e5
809e
825c
4c40
810d
8187
7a3c
49a0
d4cc
8096
8257
4c3a
ae45
8070
7cbc
4c17
d5b3
808f
8252
4c33
0755
867c
7e89
4e82
d69c
8088
824e
4c2d
5c76
9356
7fa1
50e2
d784
8081
8249
4c27
7ffd
a644
7fff
5336
d86e
807a
8244
4c21
5eda
be39
7fa7
557f
d958
8073
8240
4c1a
0ad4
d9dc
7e97
57bb
da42
806d
823b
4c14
b0ff
f7a1
7cd0
59ea
db2d
8067
8237
4c0e
818c
15df
7a56
5c0d
dc19
8061
8232
4c08
95f0
32e3
772c
5e22
dd05
805b
822e
4c01
e33a
4d0e
7356
602a
ddf2
8055
8229
4bfb
3ff4
62e8
6edb
6224
dedf
8050
8225
4bf5
7a5e
733a
69bf
640f
dfcc
804a
8220
4bef
7323
7d19
640c
65ed
e0bb
8045
821c
4be8
2e23
7ff7
5dc9
67bb
e1a9
8040
8217
4be2
d062
7bab
56ff
697b
e298
803b
8213
4bdc
8c2e
7074
4fb7
6b2c
e387
8037
820f
4bd6
861b
5ef1
47fd
6ccd
e477
8032
820a
4bcf
c16e
481e
3fdc
6e5e
e567
802e
8206
4bc9
1e52
2d42
375e
6fe0
e658
802a
8201
4bc3
6af2
0fdd
2e91
7151
e749
8026
81fd
4bbd
7e32
f195
2580
72b3
e83a
8023
81f9
4bb6
4dbf
d41b
1c3a
7403
e92c
801f
81f5
4bb0
f396
b916
12cb
7543
ea1e
801c
81f0
4baa
a017
a20a
0942
7672
eb10
8019
81ec
4ba3
800b
9040
ffaa
7790
ec02
8016
81e8
4b9d
a4a5
84b7
f614
789d
ecf5
8013
81e4
4b97
fa42
8014
ec8b
7999
ede8
8011
81df
4b91
52f3
829b
e31f
7a82
eedc
800e
81db
4b8a
7f24
8c26
d9dc
7b5b
efcf
800c
81d7
4b84
6720
9c2d
d0d0
7c21
f0c3
800a
81d3
4b7e
17c9
b1cb
c808
7cd6
f1b7
8008
81cf
4b78
bbaf
cbc9
bf90
7d79
f2ac
8006
81cb
4b71
843c
e8b3
b776
7e09
f3a0
8005
81c7
4b6b
8f2e
06eb
afc3
7e88
f495
8004
81c3
4b65
d6a7
24c1
a884
7ef4
f58a
8003
81be
4b5e
344f
4087
a1c3
7f4e
f67f
8002
81ba
4b58
75e6
58b1
9b89
7f96
f774
8001
81b6
4b52
783e
6be4
95e0
7fcb
f869
8001
81b2
4b4c
3a14
790d
90d0
7fee
f95e
8000
81ae
4b45
dcc1
7f70
8c60
7fff
fa54
8000
81aa
4b3f
9257
7eb0
8896
7ffd
fb49
8000
81a7
4b39
82c2
76da
8578
7fe8
fc3f
8000
81a3
4b32
b65d
685c
830a
7fc2
fd34
8001
819f
4b2c
1179
5407
8150
7f88
fe2a
8001
819b
4b26
6336
3afe
804d
7f3d
ff20
8002
8197
4b20
7fb9
1ea8
8001
7edf
0016
8003
8193
4b19
57b7
009b
806d
7e6f
010b
8004
818f
4b13
00a6
e285
8191
7ded
0201
8005
818b
4b0d
a93d
c615
836b
7d58
02f7
8007
8188
4b06
805f
ace3
85f8
7cb2
03ec
8008
8184
4b00
9bf9
9858
8934
7bf9
04e2
800a
8180
4afa
ed3d
899a
8d1c
7b2f
05d7
800c
817c
4af4
4892
817d
91a9
7a53
06cd
800f
8179
4aed
7cf8
8075
96d4
7966
07c2
8011
8175
4ae7
6e53
8690
9c97
7867
08b7
8014
8171
4ae1
247e
9377
a2e9
7756
09ac
8016
816e
4ada
c716
a671
a9c1
7635
0aa1
8019
816a
4ad4
8836
be6f
b115
7502
0b96
801d
8166
4ace
899a
da18
b8db
73bf
0c8b
8020
8163
4ac7
ca83
f7e0
c107
726a
0d7f
8023
815f
4ac1
281d
161c
c98e
7106
0e74
8027
815c
4abb
7033
331c
d263
6f91
0f68
802b
8158
4ab4
7c17
4d40
db79
6e0c
105b
802f
8154
4aae
4569
6310
e4c4
6c77
114f
8033
8151
4aa8
e97e
7355
ee37
6ad3
1242
8038
814d
4aa2
99a6
7d26
f7c3
691f
1335
803c
814a
4a9b
80b7
7ff5
015b
675c
1428
8041
8146
4a95
ac11
7b9b
0af0
658b
151b
8046
8143
4a8f
0472
7056
1476
63aa
160d
804b
8140
4a88
5a71
5ec7
1ddf
61bc
16ff
8051
813c
4a82
7fea
47ea
271d
5fbf
17f0
8056
8139
4a7c
60c4
2d07
3022
5db4
18e2
805c
8135
4a75
0db4
0f9f
38e2
5b9c
19d3
8062
8132
4a6f
b34a
f156
4151
5977
1ac3
8068
812f
4a69
8207
d3e0
4961
5745
1bb3
806e
812b
4a62
9459
b8e2
5108
5506
1ca3
8075
8128
4a5c
e06c
a1df
583a
52bb
1d92
807b
8125
4a56
3d6f
9021
5eed
5064
1e81
8082
8121
4a4f
797d
84a6
6517
4e02
1f6f
8089
811e
4a49
745f
8012
6ab1
4b94
205d
8090
811b
4a43
30d2
82a7
6fb0
491c
214b
8098
8118
4a3c
d314
8c41
740f
4699
2238
809f
8115
4a36
8d70
9c54
77c7
440c
2324
80a7
8111
4a30
8542
b1fc
7ad2
4175
2410
80af
810e
4a29
beed
cc02
7d2d
3ed4
24fc
80b7
810b
4a23
1b81
e8f1
7ed4
3c2b
25e7
80bf
8108
4a1d
6954
072a
7fc4
3979
26d1
80c8
8105
4a16
7ea5
24fc
7ffd
36be
27bb
80d1
8102
4a10
5005
40bd
7f7d
33fc
28a5
80d9
80ff
4a0a
f677
58de
7e45
3132
298d
80e2
80fc
4a03
a207
6c06
7c59
2e61
2a75
80ec
80f9
49fd
8000
7921
79b9
2b8a
2b5d
80f5
80f6
49f7
a2a5
7f75
766a
28ac
2c44
80ff
80f3
49f0
f75f
7ea7
7270
25c8
2d2a
8108
80f0
49ea
50ba
76c2
6dd2
22df
2e10
8112
80ed
49e4
7ec6
6838
6896
1ff1
2ef5
811c
80ea
49dd
68cf
53d8
62c3
1cff
2fd9
8127
80e7
49d7
1a9e
3ac7
5c63
1a08
30bc
8131
80e4
49d1
be25
1e6b
557d
170d
319f
813c
80e1
49ca
8501
005c
4e1c
140f
3281
8147
80de
49c4
8dd8
e248
464b
110e
3363
8152
80db
49be
d3ee
c5dd
3e15
0e0b
3443
815d
80d9
49b7
31a8
acb3
3586
0b06
3523
8168
80d6
49b1
74bf
9833
2ca9
07ff
3603
8174
80d3
49ab
7933
8983
238c
04f7
36e1
8180
80d0
49a4
3ca3
8174
1a3c
01ee
37bf
818c
80cd
499e
df8a
807a
10c7
fee5
389b
8198
80cb
4997
93dc
86a4
0739
fbdc
3977
81a4
80c8
4991
8231
9398
fda1
f8d4
3a52
81b1
80c5
498b
b405
a69e
f40c
f5cd
3b2d
81bd
80c3
4984
0e9c
bea4
ea88
f2c7
3c06
81ca
80c0
497e
615c
da53
e123
efc3
3cdf
81d7
80bd
4978
7fe1
f81e
d7eb
ecc1
3db7
81e4
80bb
4971
59cc
165a
ceec
e9c3
3e8d
81f2
80b8
496b
038a
3355
c634
e6c7
3f63
81ff
80b5
4965
ab62
4d71
bdd0
e3cf
4038
820d
80b3
495e
809f
6338
b5ca
e0db
410c
821b
80b0
4958
9a33
7370
ae2f
ddec
41e0
8229
80ae
4951
ea63
7d33
a70a
db01
42b2
8238
80ab
494b
462c
7ff4
a065
d81c
4383
8246
80a9
4945
7c50
7b8b
9a49
d53d
4453
8255
80a6
493e
6fc2
7038
94c0
d264
4523
8264
80a4
4938
2741
5e9d
8fd1
cf91
45f1
8273
80a1
4932
c9b0
47b7
8b84
ccc5
46be
8282
809f
492b
8942
2ccc
87de
ca01
478a
8291
809c
4925
8889
0f61
84e5
c744
4856
82a1
809a
491e
c7e6
f118
829d
c490
4920
82b1
8098
4918
255d
d3a5
810a
c1e4
49e9
82c1
8095
4912
6ec8
b8ae
802d
bf41
4ab1
82d1
8093
490b
7cc5
a1b5
8008
bca8
4b78
82e1
8091
4905
47d2
9003
809c
ba18
4c3e
82f1
808e
48ff
ec58
8495
81e6
b792
4d03
8302
808c
48f8
9b69
8010
83e6
b516
4dc7
8313
808a
48f2
8071
82b4
8699
b2a6
4e89
8324
8088
48eb
a9e8
8c5b
89fa
b040
4f4b
8335
8085
48e5
018f
9c7c
8e06
ade6
500b
8347
8083
48df
5860
b22e
92b5
ab98
50ca
8358
8081
48d8
7fc7
cc3b
9801
a956
5188
836a
807f
48d2
62a2
e92e
9de3
a721
5245
837c
807d
48cb
1093
0768
a453
a4f8
5301
838e
807b
48c5
b59f
2538
ab46
a2dc
53bb
83a0
8078
48bf
8293
40f3
b2b3
a0ce
5474
83b3
8076
48b8
92d0
590b
ba8f
9ecd
552c
83c5
8074
48b2
dda1
6c27
c2cf
9cdb
55e3
83d8
8072
48ab
3ae2
7935
cb68
9af6
5699
83eb
8070
48a5
788d
7f7b
d44c
9921
574d
83fe
806e
489f
758b
7e9e
dd6f
975a
5800
8411
806c
4898
337a
76ab
e6c3
95a2
58b2
8425
806a
4892
d5cb
6814
f03c
93f9
5963
8439
8068
488b
8ec1
53a9
f9cc
9260
5a12
844d
8066
4885
8478
3a8f
0364
90d7
5ac0
8461
8064
487f
bc74
1e2f
0cf8
8f5e
5b6c
8475
8062
4878
18ad
001d
1679
8df5
5c18
8489
8061
4872
67a9
e20b
1fda
8c9c
5cc2
849e
805f
486b
7f08
c5a5
290c
8b54
5d6a
84b3
805d
4865
5241
ac84
3204
8a1d
5e12
84c8
805b
485f
f959
980f
3ab4
88f7
5eb8
84dd
8059
4858
a403
896b
430f
87e2
5f5c
84f2
8057
4852
8006
816a
4b0a
86de
6000
8508
8056
484b
a0b1
8080
5299
85ec
60a1
851d
8054
4845
f47e
86b8
59b1
850b
6142
8533
8052
483f
