7fff
7fff
7fff
7fff
7fff
7fff
7fff
7fff
74c9
7edd
7fe3
7ffd
7fff
7fff
7fff
7fff
551d
7b79
7f8c
7ff4
7fff
7fff
7fff
7fff
2686
75e5
7efa
7fe6
7ffd
7fff
7fff
7fff
f130
6e38
7e2f
7fd1
7ffb
7fff
7fff
7fff
be72
6496
7d2a
7fb7
7ff9
7fff
7fff
7fff
9730
592b
7bed
7f97
7ff6
7fff
7fff
7fff
824c
4c2b
7a77
7f71
7ff2
7fff
7fff
7fff
836e
3dd0
78c9
7f46
7fed
7ffe
7fff
7fff
9a63
2e5d
76e4
7f14
7fe8
7ffe
7fff
7fff
c326
1e16
74c9
7edd
7fe3
7ffd
7fff
7fff
f692
0d47
7279
7ea0
7fdd
7ffc
7fff
7fff
2ba6
fc3c
6ff5
7e5d
7fd6
7ffc
7fff
7fff
5913
eb42
6d3e
7e15
7fcf
7ffb
7fff
7fff
76e5
daa5
6a55
7dc7
7fc7
7ffa
7fff
7fff
7fe3
cab3
673c
7d73
7fbe
7ff9
7fff
7fff
7278
bbb3
63f4
7d19
7fb5
7ff9
7fff
7fff
50ff
adea
607e
7cba
7fac
7ff8
7fff
7fff
2155
a196
5cdd
7c55
7fa2
7ff7
7fff
7fff
ebd4
96ee
5911
7bea
7f97
7ff5
7fff
7fff
b9dc
8e25
551d
7b79
7f8c
7ff4
7fff
7fff
942e
8761
5101
7b04
7f80
7ff3
7fff
7fff
8164
82c1
4cc1
7a88
7f73
7ff2
7fff
7fff
84c9
805b
485e
7a07
7f66
7ff1
7ffe
7fff
9dc4
8039
43da
7980
7f58
7fef
7ffe
7fff
c7f6
825b
3f38
78f4
7f4a
7fee
7ffe
7fff
fbf9
86b9
3a78
7862
7f3b
7fec
7ffe
7fff
30b1
8d3e
359e
77cb
7f2c
7feb
7ffe
7fff
5ce1
95cd
30ab
772e
7f1c
7fe9
7ffe
7fff
78cb
a03f
2ba3
768c
7f0b
7fe8
7ffe
7fff
7f8b
ac63
2686
75e5
7efa
7fe6
7ffd
7fff
6ff2
ba04
2158
7538
7ee8
7fe4
7ffd
7fff
4cbc
c8e3
1c1b
7486
7ed6
7fe2
7ffd
7fff
1c15
d8bd
16d1
73ce
7ec3
7fe0
7ffd
7fff
e681
e949
117c
7311
7eb0
7fde
7ffd
7fff
b566
fa3c
0c20
724f
7e9c
7fdc
7ffc
7fff
915c
0b49
06be
7188
7e87
7fda
7ffc
7fff
80b5
1c23
0159
70bc
7e72
7fd8
7ffc
7fff
865c
2c7e
fbf3
6fea
7e5c
7fd6
7ffc
7fff
a152
3c0e
f68f
6f14
7e46
7fd4
7ffc
7fff
ccdf
4a8d
f130
6e38
7e2f
7fd1
7ffb
7fff
0162
57b9
ebd7
6d57
7e17
7fcf
7ffb
7fff
35a6
6356
e687
6c71
7dff
7fcd
7ffb
7fff
6084
6d30
e143
6b87
7de7
7fca
7ffb
7fff
7a79
7519
dc0d
6a97
7dce
7fc8
7ffa
7fff
7ef9
7aef
d6e8
69a3
7db4
7fc5
7ffa
7fff
6d39
7e95
d1d5
68aa
7d99
7fc2
7ffa
7fff
4857
7ffc
ccd7
67ac
7d7f
7fc0
7ffa
7fff
16c8
7f1d
c7f0
66a9
7d63
7fbd
7ff9
7fff
e13b
7bfd
c323
65a2
7d47
7fba
7ff9
7fff
b112
76a8
be72
6496
7d2a
7fb7
7ff9
7fff
8ebd
6f39
b9de
6386
7d0d
7fb4
7ff8
7fff
8041
65d0
b56b
6270
7cef
7fb1
7ff8
7fff
8826
5a98
b119
6157
7cd1
7fae
7ff8
7fff
a50b
4dc4
aceb
6039
7cb2
7fab
7ff8
7fff
d1e0
3f8f
a8e3
5f17
7c93
7fa8
7ff7
7fff
06ca
3039
a503
5df0
7c73
7fa5
7ff7
7fff
3a83
2007
a14c
5cc5
7c52
7fa1
7ff7
7fff
63fc
0f44
9dc0
5b96
7c31
7f9e
7ff6
7fff
7bf0
fe3c
9a61
5a62
7c0f
7f9b
7ff6
7fff
7e2d
ed3c
9730
592b
7bed
7f97
7ff6
7fff
6a4f
dc91
942f
57f0
7bca
7f94
7ff5
7fff
43d0
cc87
915f
56b0
7ba6
7f90
7ff5
7fff
1170
bd67
8ec2
556d
7b82
7f8c
7ff4
7fff
dc02
af76
8c57
5425
7b5e
7f89
7ff4
7fff
ace2
a2f2
8a22
52da
7b39
7f85
7ff4
7fff
8c52
9816
8822
518b
7b13
7f81
7ff3
7fff
8007
8f13
8659
5038
7aed
7f7d
7ff3
7fff
8a28
8810
84c7
4ee2
7ac6
7f79
7ff3
7fff
a8ee
832f
836d
4d88
7a9f
7f75
7ff2
7fff
d6f6
8085
824c
4c2b
7a77
7f71
7ff2
7fff
0c2f
801f
8164
4aca
7a4e
7f6d
7ff1
7fff
3f45
81fe
80b6
4965
7a25
7f69
7ff1
7ffe
6745
8619
8041
47fe
79fc
7f65
7ff0
7ffe
7d2d
8c5f
8007
4693
79d1
7f61
7ff0
7ffe
7d27
94b2
8007
4525
79a7
7f5c
7ff0
7ffe
6733
9eee
8042
43b3
797b
7f58
7fef
7ffe
3f2b
aae2
80b6
423f
7950
7f53
7fef
7ffe
0c11
b859
8164
40c8
7923
7f4f
7fee
7ffe
d6d9
c717
824d
3f4d
78f6
7f4a
7fee
7ffe
a8d8
d6d6
836e
3dd0
78c9
7f46
7fed
7ffe
8a1c
e751
84c8
3c50
789b
7f41
7fed
7ffe
8008
f83c
865a
3acd
786c
7f3c
7fec
7ffe
8c5f
094b
8823
3948
783d
7f37
7fec
7ffe
acf9
1a2f
8a23
37c0
780e
7f33
7feb
7ffe
dc1f
2a9c
8c59
3635
77dd
7f2e
7feb
7ffe
118e
3a47
8ec3
34a8
77ad
7f29
7fea
7ffe
43ea
48ea
9161
3319
777b
7f24
7fea
7ffe
6a60
5641
9431
3187
774a
7f1f
7fe9
7ffe
7e32
6210
9732
2ff3
7717
7f19
7fe9
7ffe
7be8
6c21
9a63
2e5d
76e4
7f14
7fe8
7ffe
63e9
7447
9dc2
2cc4
76b1
7f0f
7fe8
7ffe
3a68
7a5c
a14e
2b2a
767d
7f0a
7fe7
7ffe
06ac
7e45
a505
298e
7648
7f04
7fe7
7ffd
d1c4
7ff0
a8e5
27ef
7613
7eff
7fe6
7ffd
a4f6
7f55
aced
264f
75de
7ef9
7fe6
7ffd
881c
7c78
b11b
24ad
75a7
7ef4
7fe5
7ffd
8043
7765
b56d
230a
7571
7eee
7fe5
7ffd
8ecb
7033
b9e1
2165
7539
7ee9
7fe4
7ffd
b12a
6703
be74
1fbe
7502
7ee3
7fe3
7ffd
e158
5bff
c326
1e16
74c9
7edd
7fe3
7ffd
16e5
4f59
c7f3
1c6d
7491
7ed7
7fe2
7ffd
4870
4149
ccda
1ac2
7457
7ed1
7fe2
7ffd
6d49
3212
d1d8
1916
741d
7ecb
7fe1
7ffd
7efd
21f6
d6eb
1769
73e3
7ec5
7fe0
7ffd
7a71
1140
dc10
15bb
73a8
7ebf
7fe0
7ffd
6070
003c
e146
140c
736d
7eb9
7fdf
7ffd
358b
ef37
e68a
125c
7331
7eb3
7fdf
7ffd
0143
de7e
ebda
10ab
72f4
7ead
7fde
7ffd
ccc4
ce5d
f133
0efa
72b7
7ea6
7fdd
7ffd
a13e
bf1e
f692
0d47
7279
7ea0
7fdd
7ffc
8652
b106
fbf6
0b94
723b
7e9a
7fdc
7ffc
80b8
a455
015c
09e1
71fd
7e93
7fdb
7ffc
916b
9945
06c1
082d
71be
7e8d
7fdb
7ffc
b57e
9007
0c23
0679
717e
7e86
7fda
7ffc
e69f
88c7
117f
04c4
713e
7e7f
7fd9
7ffc
1c32
83a4
16d4
030f
70fd
7e79
7fd9
7ffc
4cd5
80b7
1c1e
015b
70bc
7e72
7fd8
7ffc
7001
800c
215b
ffa6
707a
7e6b
7fd7
7ffc
7f8e
81a7
2689
fdf1
7038
7e64
7fd7
7ffc
78c1
8581
2ba6
fc3c
6ff5
7e5d
7fd6
7ffc
5ccc
8b87
30ae
fa87
6fb2
7e56
7fd5
7ffc
3095
939f
35a1
f8d3
6f6e
7e4f
7fd5
7ffc
fbdb
9da3
3a7b
f71f
6f2a
7e48
7fd4
7ffc
c7db
a966
3f3a
f56b
6ee5
7e41
7fd3
7ffc
9db1
b6b3
43dd
f3b8
6ea0
7e3a
7fd2
7ffb
84c0
c54d
4861
f205
6e5a
7e33
7fd2
7ffb
8168
d4f3
4cc4
f053
6e14
7e2b
7fd1
7ffb
943e
e55b
5104
eea2
6dcd
7e24
7fd0
7ffb
b9f5
f63d
551f
ecf1
6d86
7e1c
7fd0
7ffb
ebf2
074b
5913
eb42
6d3e
7e15
7fcf
7ffb
2172
1838
5cdf
e993
6cf6
7e0d
7fce
7ffb
5116
28b7
6080
e7e5
6cad
7e06
7fcd
7ffb
7286
387d
63f6
e639
6c64
7dfe
7fcc
7ffb
7fe4
4742
673e
e48d
6c1a
7df6
7fcc
7ffb
76da
54c4
6a57
e2e3
6bd0
7dee
7fcb
7ffb
58fd
60c4
6d40
e13a
6b85
7de7
7fca
7ffb
2b89
6b0c
6ff7
df93
6b3a
7ddf
7fc9
7ffb
f674
736d
727b
dded
6aee
7dd7
7fc9
7ffa
c30b
79c2
74cb
dc48
6aa2
7dcf
7fc8
7ffa
9a51
7ded
76e5
daa5
6a55
7dc7
7fc7
7ffa
8367
7fdc
78ca
d904
6a08
7dbe
7fc6
7ffa
8252
7f86
7a78
d765
69bb
7db6
7fc5
7ffa
9742
7cec
7bed
d5c8
696c
7dae
7fc4
7ffa
be8c
781a
7d2b
d42c
691e
7da6
7fc4
7ffa
f14e
7126
7e2f
d293
68cf
7d9d
7fc3
7ffa
26a3
6830
7efb
d0fb
687f
7d95
7fc2
7ffa
5533
5d60
7f8c
cf66
682f
7d8c
7fc1
7ffa
74d6
50e8
7fe3
cdd3
67df
7d84
7fc0
7ffa
7fff
4300
7fff
cc42
678e
7d7b
7fbf
7ffa
74bd
33e8
7fe3
cab3
673c
7d73
7fbe
7ff9
5506
23e3
7f8b
c927
66ea
7d6a
7fbe
7ff9
2669
133c
7efa
c79e
6698
7d61
7fbd
7ff9
f112
023d
7e2e
c617
6645
7d58
7fbc
7ff9
be58
f133
7d2a
c492
65f2
7d4f
7fbb
7ff9
971f
e06e
7bec
c311
659e
7d47
7fba
7ff9
8246
d037
7a76
c192
654a
7d3e
7fb9
7ff9
8375
c0da
78c8
c016
64f5
7d34
7fb8
7ff9
9a75
b29c
76e3
be9d
64a0
7d2b
7fb7
7ff9
c341
a5be
74c8
bd26
644a
7d22
7fb6
7ff9
f6b1
9a7a
7278
bbb3
63f4
7d19
7fb5
7ff9
2bc2
9103
6ff4
ba43
639e
7d10
7fb5
7ff8
5929
8985
6d3d
b8d7
6347
7d06
7fb4
7ff8
76f1
8422
6a54
b76d
62ef
7cfd
7fb3
7ff8
7fe1
80f1
673a
b607
6297
7cf3
7fb2
7ff8
726a
8002
63f2
b4a4
623f
7cea
7fb1
7ff8
50e8
8159
607c
b344
61e6
7ce0
7fb0
7ff8
2138
84f0
5cdb
b1e8
618d
7cd7
7faf
7ff8
ebb6
8ab6
590f
b090
6133
7ccd
7fae
7ff8
b9c2
9291
551a
af3b
60d9
7cc3
7fad
7ff8
941d
9c5e
50ff
adea
607e
7cba
7fac
7ff8
815f
a7f0
4cbf
ac9d
6023
7cb0
7fab
7ff7
84d1
b512
485c
ab53
5fc8
7ca6
7faa
7ff7
9dd8
c388
43d8
aa0d
5f6c
7c9c
7fa9
7ff7
c811
d311
3f35
a8cb
5f10
7c92
7fa8
7ff7
fc17
e367
3a75
a78d
5eb3
7c88
7fa7
7ff7
30cd
f43f
359b
a654
5e56
7c7e
7fa6
7ff7
5cf6
054c
30a9
a51e
5df8
7c73
7fa5
7ff7
78d5
1641
2ba0
a3ec
5d9a
7c69
7fa4
7ff7
7f88
26d1
2683
a2bf
5d3c
7c5f
7fa3
7ff7
6fe4
36b0
2155
a196
5cdd
7c55
7fa2
7ff7
4ca4
4597
1c18
a071
5c7d
7c4a
7fa1
7ff6
1bf7
5341
16ce
9f50
5c1e
7c40
7fa0
7ff6
e664
5f71
1179
9e34
5bbe
7c35
7f9e
7ff6
b54d
69ef
0c1d
9d1c
5b5d
7c2b
7f9d
7ff6
914d
728c
06bb
9c09
5afc
7c20
7f9c
7ff6
80b2
7920
0156
9afb
5a9b
7c15
7f9b
7ff6
8665
7d8d
fbf0
99f0
5a39
7c0a
7f9a
7ff6
a167
7fc0
f68c
98eb
59d7
7c00
7f99
7ff6
ccfb
7fae
f12d
97ea
5974
7bf5
7f98
7ff6
0180
7d57
ebd4
96ee
5911
7bea
7f97
7ff5
35c2
78c7
e684
95f7
58ad
7bdf
7f96
7ff5
6098
7212
e141
9505
584a
7bd4
7f95
7ff5
7a82
6956
dc0b
9417
57e5
7bc9
7f94
7ff5
7ef5
5ebc
d6e5
932f
5781
7bbe
7f92
7ff5
6d2a
5272
d1d2
924b
571c
7bb2
7f91
7ff5
483e
44b2
ccd4
916d
56b6
7ba7
7f90
7ff5
16aa
35ba
c7ee
9093
5650
7b9c
7f8f
7ff5
e11d
25ce
c321
8fbf
55ea
7b90
7f8e
7ff5
b0fa
1535
be6f
8eef
5584
7b85
7f8d
7ff4
8eaf
043d
b9dc
8e25
551d
7b79
7f8c
7ff4
803f
f331
b568
8d60
54b5
7b6e
7f8a
7ff4
8831
e25f
b117
8ca0
544d
7b62
7f89
7ff4
a521
d214
ace9
8be5
53e5
7b57
7f88
7ff4
d1fd
c29a
a8e1
8b30
537d
7b4b
7f87
7ff4
06e8
b436
a501
8a80
5314
7b3f
7f86
7ff4
3a9e
a72c
a14a
89d5
52aa
7b33
7f84
7ff4
640f
9bb5
9dbe
8930
5241
7b27
7f83
7ff4
7bf7
9206
9a5f
8890
51d7
7b1c
7f82
7ff3
7e28
8a4b
972f
87f6
516c
7b10
7f81
7ff3
6a3e
84a7
942e
8761
5101
7b04
7f80
7ff3
43b6
8133
915e
86d1
5096
7af7
7f7e
7ff3
1152
8000
8ec0
8648
502b
7aeb
7f7d
7ff3
dbe5
8113
8c56
85c3
4fbf
7adf
7f7c
7ff3
accb
8467
8a21
8544
4f52
7ad3
7f7b
7ff3
8c45
89ed
8821
84cb
4ee6
7ac6
7f79
7ff3
8006
918b
8658
8457
4e79
7aba
7f78
7ff2
8a34
9b20
84c6
83e9
4e0c
7aae
7f77
7ff2
a905
a67f
836c
8381
4d9e
7aa1
7f76
7ff2
d713
b375
824b
831e
4d30
7a95
7f74
7ff2
0c4d
c1c6
8164
82c1
4cc1
7a88
7f73
7ff2
3f5f
d133
80b5
826a
4c53
7a7b
7f72
7ff2
6757
e175
8041
8218
4be3
7a6f
7f71
7ff2
7d34
f241
8007
81cc
4b74
7a62
7f6f
7ff2
7d21
034c
8007
8186
4b04
7a55
7f6e
7ff1
6721
1447
8042
8146
4a94
7a48
7f6d
7ff1
3f10
24e7
80b6
810b
4a24
7a3b
7f6b
7ff1
0bf2
34df
8165
80d7
49b3
7a2e
7f6a
7ff1
d6bd
43e7
824d
80a8
4942
7a21
7f69
7ff1
a8c2
51b9
836e
807e
48d0
7a14
7f67
7ff1
8a10
5e19
84c9
805b
485e
7a07
7f66
7ff1
8008
68cd
865b
803d
47ec
79fa
7f65
7ff0
8c6c
71a4
8824
8025
477a
79ec
7f63
7ff0
ad10
7877
8a24
8013
4707
79df
7f62
7ff0
dc3c
7d26
8c5a
8007
4694
79d2
7f61
7ff0
11ac
7f9c
8ec4
8001
4620
79c4
7f5f
7ff0
4404
7fce
9162
8000
45ad
79b7
7f5e
7ff0
6a70
7dbb
9432
8006
4539
79a9
7f5c
7ff0
7e37
796d
9734
8011
44c4
799b
7f5b
7fef
7be1
72f7
9a65
8022
4450
798e
7f5a
7fef
63d6
6a76
9dc4
8039
43da
7980
7f58
7fef
3a4d
6011
a150
8055
4365
7972
7f57
7fef
068d
53f8
a507
8078
42f0
7964
7f56
7fef
d1a8
4661
a8e8
80a0
427a
7957
7f54
7fef
a4e1
378a
acf0
80ce
4203
7949
7f53
7fef
8811
27b6
b11e
8102
418d
793b
7f51
7fef
8045
172e
b570
813b
4116
792d
7f50
7fee
8eda
063d
b9e3
817b
409f
791e
7f4e
7fee
b142
f52f
be77
81c0
4027
7910
7f4d
7fee
e176
e452
c329
820b
3fb0
7902
7f4c
7fee
1703
d3f4
c7f6
825b
3f38
78f4
7f4a
7fee
4889
c45d
ccdd
82b2
3ebf
78e6
7f49
7fee
6d59
b5d6
d1db
830e
3e47
78d7
7f47
7fed
7f01
a89f
d6ee
8370
3dce
78c9
7f46
7fed
7a68
9cf6
dc13
83d7
3d55
78ba
7f44
7fed
605c
930f
e149
8444
3cdb
78ac
7f43
7fed
356f
8b17
e68d
84b7
3c62
789d
7f41
7fed
0125
8533
ebdd
852f
3be8
788e
7f40
7fed
cca8
817d
f136
85ad
3b6d
7880
7f3e
7fed
a129
8006
f695
8630
3af3
7871
7f3d
7fec
8649
80d5
fbf9
86b9
3a78
7862
7f3b
7fec
80bc
83e6
015f
8748
39fd
7853
7f3a
7fec
917b
892b
06c4
87dc
3982
7844
7f38
7fec
b597
908c
0c26
8875
3906
7835
7f37
7fec
e6bd
99e7
1182
8914
388a
7826
7f35
7fec
1c50
a513
16d7
89b9
380e
7817
7f34
7fec
4ced
b1dc
1c21
8a62
3792
7808
7f32
7feb
7010
c009
215e
8b11
3715
77f9
7f31
7feb
7f90
cf58
268c
8bc6
3698
77ea
7f2f
7feb
78b7
df84
2ba8
8c7f
361b
77da
7f2d
7feb
5cb7
f044
30b1
8d3e
359e
77cb
7f2c
7feb
3079
014b
35a3
8e03
3520
77bb
7f2a
7feb
fbbc
124d
3a7e
8ecc
34a3
77ac
7f29
7fea
c7bf
22fb
3f3d
8f9a
3424
779c
7f27
7fea
9d9d
330b
43e0
906e
33a6
778d
7f26
7fea
84b8
4232
4863
9147
3328
777d
7f24
7fea
816d
502d
4cc6
9225
32a9
776e
7f22
7fea
944e
5cbb
5106
9307
322a
775e
7f21
7fea
ba0f
67a3
5521
93ef
31ab
774e
7f1f
7fe9
ec10
70b4
5915
94dc
312b
773e
7f1d
7fe9
2190
77c6
5ce1
95cd
30ab
772e
7f1c
7fe9
512e
7cb6
6082
96c3
302b
771e
7f1a
7fe9
7293
7f70
63f8
97bf
2fab
770e
7f19
7fe9
7fe5
7fe6
6740
98bf
2f2b
76fe
7f17
7fe9
76cf
7e17
6a59
99c3
2eaa
76ee
7f15
7fe9
58e7
7a0b
6d41
9acc
2e2a
76de
7f14
7fe8
2b6c
73d4
6ff8
9bda
2da9
76ce
7f12
7fe8
f656
6b8f
727c
9ced
2d27
76bd
7f10
7fe8
c2f1
6161
74cc
9e03
2ca6
76ad
7f0f
7fe8
9a3e
5578
76e6
9f1f
2c24
769d
7f0d
7fe8
8360
480a
78cb
a03f
2ba3
768c
7f0b
7fe8
8257
3955
7a78
a163
2b21
767c
7f0a
7fe7
9753
299c
7bee
a28b
2a9e
766b
7f08
7fe7
bea6
1925
7d2c
a3b8
2a1c
765a
7f06
7fe7
f16c
083c
7e30
a4e9
299a
764a
7f04
7fe7
26c0
f72e
7efb
a61e
2917
7639
7f03
7fe7
554a
e647
7f8c
a757
2894
7628
7f01
7fe6
74e2
d5d6
7fe3
a894
2811
7617
7eff
7fe6
7fff
c624
7fff
a9d5
278d
7607
7efe
7fe6
74b0
b779
7fe3
ab1a
270a
75f6
7efc
7fe6
54ef
aa18
7f8b
ac63
2686
75e5
7efa
7fe6
264c
9e3e
7ef9
adb0
2602
75d4
7ef8
7fe6
f0f3
9420
7e2e
af01
257e
75c2
7ef7
7fe5
be3e
8bec
7d29
b055
24fa
75b1
7ef5
7fe5
970e
85c8
7beb
b1ad
2476
75a0
7ef3
7fe5
8241
81cf
7a75
b308
23f1
758f
7ef1
7fe5
837c
8014
78c7
b467
236c
757e
7ef0
7fe5
9a88
809f
76e2
b5c9
22e8
756c
7eee
7fe5
c35b
836c
74c7
b72f
2262
755b
7eec
7fe4
f6cf
8870
7277
b898
21dd
7549
7eea
7fe4
2bdf
8f93
6ff2
ba04
2158
7538
7ee8
7fe4
593f
98b6
6d3b
bb74
20d2
7526
7ee7
7fe4
76fc
a3ad
6a52
bce6
204d
7515
7ee5
7fe4
7fe0
b049
6739
be5c
1fc7
7503
7ee3
7fe3
725d
be4f
63f0
bfd5
1f41
74f1
7ee1
7fe3
50d0
cd7f
607a
c150
1ebb
74df
7edf
7fe3
211a
dd96
5cd9
c2ce
1e35
74cd
7edd
7fe3
eb98
ee48
590d
c450
1daf
74bc
7edc
7fe3
b9a9
ff4b
5518
c5d4
1d28
74aa
7eda
7fe3
940d
1051
50fd
c75a
1ca1
7498
7ed8
7fe2
815b
210e
4cbc
c8e3
1c1b
7486
7ed6
7fe2
84d9
3133
4859
ca6f
1b94
7473
7ed4
7fe2
9deb
407a
43d5
cbfd
1b0d
7461
7ed2
7fe2
c82c
4e9b
3f32
cd8d
1a86
744f
7ed1
7fe2
fc36
5b57
3a73
cf20
19fe
743d
7ecf
7fe1
30e9
6673
3598
d0b5
1977
742a
7ecd
7fe1
5d0b
6fbe
30a6
d24c
18f0
7418
7ecb
7fe1
78df
770d
2b9d
d3e5
1868
7406
7ec9
7fe1
7f86
7c3f
2680
d581
17e0
73f3
7ec7
7fe1
6fd5
7f3c
2152
d71e
1758
73e1
7ec5
7fe0
4c8c
7ff7
1c15
d8bd
16d1
73ce
7ec3
7fe0
1bda
7e6c
16cb
da5d
1649
73bb
7ec1
7fe0
e646
7aa2
1176
dc00
15c0
73a9
7ebf
7fe0
b534
74ab
0c1a
dda4
1538
7396
7ebd
7fe0
913e
6ca1
06b8
df4a
14b0
7383
7ebc
7fe0
80af
62aa
0153
e0f1
1427
7370
7eba
7fdf
866f
56f2
fbed
e29a
139f
735d
7eb8
7fdf
a17b
49af
f689
e444
1316
734a
7eb6
7fdf
cd17
3b1e
f12a
e5ef
128e
7337
7eb4
7fdf
019e
2b7f
ebd1
e79b
1205
7324
7eb2
7fdf
35dd
1b1b
e681
e949
117c
7311
7eb0
7fde
60ac
0a3b
e13e
eaf7
10f3
72fe
7eae
7fde
7a8b
f92d
dc08
eca7
106a
72eb
7eac
7fde
7ef1
e83e
d6e2
ee57
0fe1
72d8
7eaa
7fde
6d1a
d7bb
d1cf
f008
0f58
72c4
7ea8
7fde
4825
c7ef
ccd1
f1ba
0ecf
72b1
7ea6
7fdd
168c
b922
c7eb
f36d
0e45
729d
7ea4
7fdd
e100
ab97
c31e
f520
0dbc
728a
7ea2
7fdd
b0e2
9f8c
be6d
f6d3
0d33
7276
7ea0
7fdd
8ea1
9537
b9d9
f887
0ca9
7263
7e9e
7fdd
803d
8cc7
b566
fa3c
0c20
724f
7e9c
7fdc
883c
8664
b114
fbf0
0b96
723c
7e9a
7fdc
a536
8229
ace7
fda5
0b0c
7228
7e98
7fdc
d219
802a
a8df
ff5a
0a83
7214
7e96
7fdc
0706
8070
a4ff
010f
09f9
7200
7e94
7fdb
3ab9
82fa
a148
02c4
096f
71ec
7e92
7fdb
6421
87bd
9dbc
0479
08e5
71d8
7e8f
7fdb
7bff
8ea2
9a5d
062e
085c
71c4
7e8d
7fdb
7e23
978a
972d
07e2
07d2
71b0
7e8b
7fdb
6a2d
a24e
942c
0996
0748
719c
7e89
7fda
439d
aebb
915c
0b49
06be
7188
7e87
7fda
1134
bc99
8ebf
0cfc
0634
7174
7e85
7fda
dbc8
cbaa
8c55
0eaf
05aa
7160
7e83
7fda
acb4
dba9
8a20
1060
0520
714b
7e81
7fda
8c38
ec4d
8820
1211
0496
7137
7e7f
7fd9
8006
fd4b
8657
13c2
040b
7122
7e7d
7fd9
8a40
0e55
84c5
1571
0381
710e
7e7a
7fd9
a91b
1f1e
836c
171f
02f7
70f9
7e78
7fd9
d730
2f59
824b
18cc
026d
70e5
7e76
7fd9
0c6b
3ebd
8163
1a78
01e3
70d0
7e74
7fd8
3f7a
4d04
80b5
1c23
0159
70bc
7e72
7fd8
6769
59ed
8041
1dcd
00cf
70a7
7e70
7fd8
7d3a
653d
8007
1f75
0044
7092
7e6e
7fd8
7d1a
6ec1
8007
211c
ffba
707d
7e6b
7fd7
670f
764d
8042
22c1
ff30
7068
7e69
7fd7
3ef6
7bc0
80b7
2465
fea6
7054
7e67
7fd7
0bd4
7f00
8165
2607
fe1c
703f
7e65
7fd7
d6a0
7fff
824e
27a8
fd91
702a
7e63
7fd7
a8ac
7eb8
836f
2946
fd07
7014
7e61
7fd6
8a04
7b31
84c9
2ae3
fc7d
6fff
7e5e
7fd6
8009
757a
865c
2c7e
fbf3
6fea
7e5c
7fd6
8c79
6dad
8825
2e16
fb69
6fd5
7e5a
7fd6
ad27
63ed
8a25
2fad
fadf
6fc0
7e58
7fd5
dc59
5868
8c5b
3141
fa55
6faa
7e56
7fd5
11ca
4b50
8ec6
32d4
f9cb
6f95
7e53
7fd5
441d
3ce2
9164
3463
f941
6f7f
7e51
7fd5
6a81
2d5f
9434
35f1
f8b7
6f6a
7e4f
7fd5
7e3c
1d0e
9736
377c
f82d
6f54
7e4d
7fd4
7bd9
0c39
9a67
3904
f7a3
6f3f
7e4a
7fd4
63c3
fb2d
9dc6
3a8a
f719
6f29
7e48
7fd4
3a32
ea36
a152
3c0e
f68f
6f14
7e46
7fd4
066f
d9a2
a509
3d8e
f605
6efe
7e44
7fd3
d18b
c9bd
a8ea
3f0c
f57c
6ee8
7e41
7fd3
a4cb
bacf
acf2
4087
f4f2
6ed2
7e3f
7fd3
8806
ad1b
b120
41ff
f468
6ebc
7e3d
7fd3
8047
a0df
b572
4373
f3df
6ea6
7e3a
7fd3
8ee8
9654
b9e6
44e5
f355
6e90
7e38
7fd2
b15a
8daa
be7a
4654
f2cc
6e7a
7e36
7fd2
e193
8707
c32b
47bf
f242
6e64
7e34
7fd2
1721
828a
c7f9
4928
f1b9
6e4e
7e31
7fd2
48a2
8048
ccdf
4a8d
f130
6e38
7e2f
7fd1
6d69
804a
d1dd
4bee
f0a7
6e22
7e2d
7fd1
7f04
8290
d6f0
4d4c
f01d
6e0b
7e2a
7fd1
7a5f
8711
dc16
4ea7
ef94
6df5
7e28
7fd1
6048
8db8
e14c
4ffe
ef0b
6ddf
7e26
7fd0
3554
9665
e690
5151
ee82
6dc8
7e23
7fd0
0107
a0f3
ebe0
52a1
edfa
6db2
7e21
7fd0
cc8c
ad31
f139
53ec
ed71
6d9b
7e1f
7fd0
a115
bae8
f698
5534
ece8
6d84
7e1c
7fd0
863f
c9d8
fbfc
5679
ec60
6d6e
7e1a
7fcf
80bf
d9bf
0162
57b9
ebd7
6d57
7e17
7fcf
918a
ea54
06c7
58f5
eb4f
6d40
7e15
7fcf
b5b0
fb4b
0c29
5a2d
eac6
6d2a
7e13
7fcf
e6db
0c57
1185
5b61
ea3e
6d13
7e10
7fce
1c6e
1d2c
16da
5c91
e9b6
6cfc
7e0e
7fce
4d05
2d7b
1c24
5dbd
e92e
6ce5
7e0b
7fce
701e
3cfd
2161
5ee4
e8a6
6cce
7e09
7fce
7f93
4b68
268f
6007
e81e
6cb7
7e07
7fcd
78ad
587d
2bab
6126
e797
6ca0
7e04
7fcd
5ca2
6400
30b4
6240
e70f
6c89
7e02
7fcd
305d
6dbc
35a6
6356
e687
6c71
7dff
7fcd
fb9e
7586
3a80
6467
e600
6c5a
7dfd
7fcc
c7a4
7b39
3f40
6574
e579
6c43
7dfb
7fcc
9d8a
7ebc
43e2
667c
e4f2
6c2c
7df8
7fcc
84b0
7fff
4866
6780
e46b
6c14
7df6
7fcc
8171
7efc
4cc9
687e
e3e4
6bfd
7df3
7fcb
945f
7bb8
5108
6978
e35d
6be5
7df1
7fcb
ba28
7642
5523
6a6e
e2d6
6bce
7dee
7fcb
ec2e
6eb2
5917
6b5e
e250
6bb6
7dec
7fcb
21ad
652a
5ce3
6c49
e1ca
6b9f
7de9
7fca
5145
59d7
6084
6d30
e143
6b87
7de7
7fca
72a1
4cec
63fa
6e11
e0bd
6b6f
7de4
7fca
7fe6
3ea3
6742
6eee
e037
6b57
7de2
7fca
76c4
2f3d
6a5a
6fc5
dfb2
6b40
7ddf
7fc9
58d2
1f00
6d43
7098
df2c
6b28
7ddd
7fc9
2b50
0e37
6ffa
7165
dea7
6b10
7dda
7fc9
f638
fd2d
727d
722d
de21
6af8
7dd8
7fc9
c2d6
ec30
74cd
72f0
dd9c
6ae0
7dd5
7fc8
9a2c
db8c
76e8
73ae
dd17
6ac8
7dd3
7fc8
8359
cb8f
78cc
7466
dc92
6ab0
7dd0
7fc8
825d
bc80
7a79
7519
dc0d
6a97
7dce
7fc8
9765
aea4
7bef
75c7
db89
6a7f
7dcb
7fc7
bec0
a239
7d2c
7670
db05
6a67
7dc8
7fc7
f18a
9779
7e30
7713
da80
6a4f
7dc6
7fc7
26dd
8e94
7efb
77b0
d9fc
6a36
7dc3
7fc7
5560
87b2
7f8c
7848
d978
6a1e
7dc1
7fc6
74ef
82f4
7fe3
78db
d8f5
6a05
7dbe
7fc6
7fff
806e
7fff
7968
d871
69ed
7dbc
7fc6
74a4
802b
7fe2
79f0
d7ee
69d4
7db9
7fc6
54d8
822e
7f8b
7a72
d76b
69bc
7db6
7fc5
262f
866d
7ef9
7aef
d6e8
69a3
7db4
7fc5
f0d5
8cd4
7e2d
7b66
d665
698a
7db1
7fc5
be24
9547
7d28
7bd7
d5e2
6972
7daf
7fc4
96fc
9f9f
7bea
7c43
d560
6959
7dac
7fc4
823b
abad
7a74
7ca9
d4de
6940
7da9
7fc4
8383
b93b
78c6
7d09
d45c
6927
7da7
7fc4
9a9a
c80a
76e1
7d64
d3da
690e
7da4
7fc3
c376
d7d7
74c6
7db9
d358
68f5
7da1
7fc3
f6ed
e85b
7275
7e08
d2d7
68dc
7d9f
7fc3
2bfb
f94b
6ff1
7e51
d256
68c3
7d9c
7fc3
5954
0a59
6d39
7e95
d1d5
68aa
7d99
7fc2
7707
1b38
6a50
7ed3
d154
6891
7d97
7fc2
7fdf
2b9b
6737
7f0b
d0d4
6877
7d94
7fc2
724f
3b38
63ee
7f3e
d053
685e
7d91
7fc2
50b8
49c8
6078
7f6a
cfd3
6845
7d8f
7fc1
20fd
5708
5cd7
7f91
cf53
682c
7d8c
7fc1
eb7a
62bd
590a
7fb2
ced3
6812
7d89
7fc1
b990
6cb1
5516
7fcd
ce54
67f9
7d87
7fc0
93fd
74b7
50fa
7fe3
cdd5
67df
7d84
7fc0
8156
7aab
4cba
7ff2
cd56
67c6
7d81
7fc0
84e1
7e70
4857
7ffc
ccd7
67ac
7d7f
7fc0
9dff
7ff7
43d3
7fff
cc58
6792
7d7c
7fbf
c848
7f39
3f30
7ffe
cbda
6779
7d79
7fbf
fc54
7c38
3a70
7ff6
cb5c
675f
7d76
7fbf
3105
7702
3596
7fe9
cade
6745
7d74
7fbf
5d1f
6faf
30a3
7fd5
ca61
672b
7d71
7fbe
78e9
6661
2b9a
7fbc
c9e3
6711
7d6e
7fbe
7f83
5b42
267d
7f9d
c966
66f7
7d6b
7fbe
6fc6
4e83
214f
7f78
c8e9
66dd
7d69
7fbd
4c74
4060
1c12
7f4e
c86d
66c3
7d66
7fbd
1bbc
3118
16c8
7f1d
c7f0
66a9
7d63
7fbd
e628
20f1
1173
7ee7
c774
668f
7d60
7fbd
b51c
1034
0c17
7eab
c6f8
6675
7d5d
7fbc
912e
ff2d
06b5
7e69
c67d
665b
7d5b
7fbc
80ac
ee2a
0150
7e22
c602
6641
7d58
7fbc
8678
dd79
fbea
7dd5
c586
6626
7d55
7fbb
a18f
cd64
f686
7d82
c50c
660c
7d52
7fbb
cd33
be35
f127
7d29
c491
65f1
7d4f
7fbb
01bd
b032
ebce
7cca
c417
65d7
7d4d
7fbb
35f9
a399
e67f
7c66
c39d
65bd
7d4a
7fba
60c0
98a4
e13b
7bfd
c323
65a2
7d47
7fba
7a94
8f85
dc05
7b8d
c2aa
6587
7d44
7fba
7eed
8865
d6df
7b18
c231
656d
7d41
7fb9
6d0a
8365
d1cc
7a9e
c1b8
6552
7d3e
7fb9
480c
809c
cccf
7a1d
c13f
6537
7d3c
7fb9
166e
8015
c7e8
7998
c0c7
651d
7d39
7fb9
e0e2
81d4
c31b
790c
c04f
6502
7d36
7fb8
b0ca
85d1
be6a
787c
bfd7
64e7
7d33
7fb8
8e93
8bf8
b9d7
77e5
bf60
64cc
7d30
7fb8
803b
9430
b563
774a
bee9
64b1
7d2d
7fb7
8846
9e51
b112
76a8
be72
6496
7d2a
7fb7
a54c
aa2f
ace4
7602
bdfb
647b
7d27
7fb7
d235
b792
a8dd
7556
bd85
6460
7d25
7fb7
0725
c63f
a4fd
74a5
bd0f
6445
7d22
7fb6
3ad4
d5f2
a146
73ee
bc9a
642a
7d1f
7fb6
6434
e665
9dba
7332
bc24
640e
7d1c
7fb6
7c06
f74c
9a5c
7271
bbaf
63f3
7d19
7fb5
7e1d
085a
972b
71ab
bb3b
63d8
7d16
7fb5
6a1c
1943
942a
70df
bac6
63bc
7d13
7fb5
4383
29b8
915b
700f
ba52
63a1
7d10
7fb5
1116
3970
8ebd
6f39
b9de
6386
7d0d
7fb4
dbab
4823
8c53
6e5e
b96b
636a
7d0a
7fb4
ac9d
558e
8a1e
6d7e
b8f8
634e
7d07
7fb4
8c2b
6174
881f
6c99
b885
6333
7d04
7fb3
8005
6b9f
8656
6bb0
b813
6317
7d01
7fb3
8a4b
73e1
84c4
6ac1
b7a0
62fc
7cfe
7fb3
a931
7a14
836b
69ce
b72f
62e0
7cfb
7fb2
d74c
7e1d
824a
68d5
b6bd
62c4
7cf8
7fb2
0c89
7fe8
8163
67d8
b64c
62a8
7cf5
7fb2
3f94
7f6d
80b5
66d6
b5db
628c
7cf2
7fb2
677b
7caf
8041
65d0
b56b
6270
7cef
7fb1
7d40
77bb
8007
64c5
b4fb
6255
7cec
7fb1
7d14
70a6
8008
63b5
b48b
6239
7ce9
7fb1
66fd
6791
8042
62a1
b41b
621c
7ce6
7fb0
3edb
5ca6
80b7
6188
b3ac
6200
7ce3
7fb0
0bb6
5015
8166
606b
b33d
61e4
7ce0
7fb0
d683
4218
824e
5f49
b2cf
61c8
7cdd
7faf
a896
32ef
8370
5e23
b261
61ac
7cda
7faf
89f9
22df
84ca
5cf9
b1f3
6190
7cd7
7faf
800a
122f
865d
5bca
b186
6173
7cd4
7faf
8c86
012d
8826
5a98
b119
6157
7cd1
7fae
ad3e
f026
8a27
5961
b0ac
613b
7cce
7fae
dc76
df67
8c5d
5826
b040
611e
7ccb
7fae
11e8
cf3c
8ec7
56e7
afd4
6102
7cc8
7fad
4437
bfef
9165
55a5
af69
60e5
7cc5
7fad
6a92
b1c5
9436
545e
aefd
60c9
7cc2
7fad
7e41
a4fe
9737
5313
ae93
60ac
7cbf
7fac
7bd1
99d5
9a69
51c5
ae28
608f
7cbb
7fac
63b0
907d
9dc8
5073
adbe
6073
7cb8
7fac
3a17
891f
a154
4f1d
ad54
6056
7cb5
7fab
0651
83de
a50b
4dc4
aceb
6039
7cb2
7fab
d16f
80d1
a8ec
4c67
ac82
601c
7caf
7fab
a4b6
8007
acf4
4b07
ac1a
5fff
7cac
7faa
87fc
8182
b123
49a3
abb2
5fe2
7ca9
7faa
8049
853c
b575
483c
ab4a
5fc5
7ca6
7faa
8ef6
8b24
b9e8
46d2
aae2
5fa8
7ca2
7fa9
b171
931f
be7c
4564
aa7b
5f8b
7c9f
7fa9
e1b0
9d09
c32e
43f3
aa15
5f6e
7c9c
7fa9
173f
a8b5
c7fb
427f
a9af
5f51
7c99
7fa9
48bb
b5ee
cce2
4109
a949
5f34
7c96
7fa8
6d79
c478
d1e0
3f8f
a8e3
5f17
7c93
7fa8
7f08
d410
d6f3
3e12
a87e
5ef9
7c8f
7fa8
7a56
e470
dc19
3c93
a81a
5edc
7c8c
7fa7
6034
f54d
e14f
3b10
a7b5
5ebf
7c89
7fa7
3538
065b
e693
398b
a751
5ea1
7c86
7fa7
00e8
174c
ebe3
3804
a6ee
5e84
7c83
7fa6
cc70
27d3
f13c
3679
a68b
5e66
7c7f
7fa6
a101
37a5
f69b
34ed
a628
5e49
7c7c
7fa6
8636
467a
fbff
335e
a5c6
5e2b
7c79
7fa5
80c2
540e
0165
31cc
a564
5e0e
7c76
7fa5
9199
6025
06ca
3039
a503
5df0
7c73
7fa5
b5c8
6a87
0c2c
2ea3
a4a2
5dd2
7c6f
7fa4
e6f8
7304
1188
2d0b
a441
5db5
7c6c
7fa4
1c8b
7977
16dd
2b71
a3e1
5d97
7c69
7fa4
4d1d
7dc1
1c27
29d5
a381
5d79
7c66
7fa3
702d
7fd0
2164
2837
a322
5d5b
7c62
7fa3
7f95
7f9a
2692
2697
a2c3
5d3d
7c5f
7fa3
78a3
7d1f
2bae
24f6
a265
5d1f
7c5c
7fa2
5c8d
786c
30b7
2352
a207
5d01
7c59
7fa2
3041
7196
35a9
21ae
a1a9
5ce3
7c55
7fa2
fb80
68bb
3a83
2007
a14c
5cc5
7c52
7fa1
c789
5e04
3f42
1e5f
a0ef
5ca7
7c4f
7fa1
9d76
51a2
43e5
1cb6
a093
5c89
7c4b
7fa1
84a8
43cd
4868
1b0c
a037
5c6a
7c48
7fa0
8176
34c4
4ccb
1960
9fdc
5c4c
7c45
7fa0
946f
24ca
510b
17b3
9f81
5c2e
7c41
7fa0
ba41
142a
5526
1605
9f26
5c10
7c3e
7f9f
ec4c
032e
591a
1456
9ecc
5bf1
7c3b
7f9f
21ca
f223
5ce5
12a7
9e72
5bd3
7c37
7f9f
515d
e157
6086
10f6
9e19
5bb4
7c34
7f9e
72ae
d117
63fc
0f44
9dc0
5b96
7c31
7f9e
7fe8
c1ac
6743
0d92
9d68
5b77
7c2d
7f9e
76b8
b35c
6a5c
0bdf
9d10
5b59
7c2a
7f9d
58bc
a669
6d45
0a2c
9cb9
5b3a
7c27
7f9d
2b33
9b0d
6ffb
0878
9c62
5b1b
7c23
7f9d
f619
917c
727f
06c4
9c0b
5afd
7c20
7f9c
c2bb
89e1
74ce
0510
9bb5
5ade
7c1d
7f9c
9a19
845f
76e9
035b
9b5f
5abf
7c19
7f9c
8352
810f
78cd
01a6
9b0a
5aa0
7c16
7f9b
8263
8000
7a7a
fff1
9ab5
5a81
7c12
7f9b
9776
8137
7bf0
fe3c
9a61
5a62
7c0f
7f9b
beda
84af
7d2d
fc87
9a0d
5a44
7c0c
7f9a
f1a8
8a56
7e31
fad2
99ba
5a25
7c08
7f9a
26fa
9215
7efc
f91e
9967
5a05
7c05
7f9a
5577
9bc7
7f8d
f76a
9915
59e6
7c01
7f99
74fb
a741
7fe3
f5b6
98c3
59c7
7bfe
7f99
7fff
b44f
7fff
f403
9871
59a8
7bfb
7f99
7498
c2b4
7fe2
f250
9820
5989
7bf7
7f98
54c2
d230
7f8b
f09e
97d0
596a
7bf4
7f98
2612
e27c
7ef9
eeec
9780
594a
7bf0
7f98
f0b7
f34f
7e2d
ed3c
9730
592b
7bed
7f97
be0a
045b
7d28
eb8c
96e1
590c
7be9
7f97
96eb
1553
7bea
e9dd
9693
58ec
7be6
7f96
8235
25ea
7a73
e82f
9645
58cd
7be2
7f96
838a
35d5
78c5
e682
95f7
58ad
7bdf
7f96
9aad
44cc
76e0
e4d7
95aa
588e
7bdb
7f95
c391
5289
74c4
e32c
955d
586e
7bd8
7f95
f70b
5ed0
7274
e183
9511
584f
7bd4
7f95
2c18
6967
6fef
dfdc
94c5
582f
7bd1
7f94
596a
7220
6d38
de35
947a
580f
7bcd
7f94
7712
78d1
6a4f
dc91
942f
57f0
7bca
7f94
7fdd
7d5d
6735
daee
93e5
57d0
7bc6
7f93
7242
7fb0
63ec
d94c
939b
57b0
7bc3
7f93
50a1
7fbe
6076
d7ad
9352
5790
7bbf
7f93
20e0
7d87
5cd4
d60f
9309
5770
7bbc
7f92
eb5c
7916
5908
d473
92c1
5750
7bb8
7f92
b976
727f
5513
d2d9
9279
5730
7bb5
7f92
93ec
69de
50f8
d141
9232
5710
7bb1
7f91
8152
5f5d
4cb8
cfab
91eb
56f0
7bae
7f91
84ea
532a
4854
ce18
91a5
56d0
7baa
7f90
9e12
457d
43d0
cc87
915f
56b0
7ba6
7f90
c863
3695
3f2d
caf8
911a
5690
7ba3
7f90
fc72
26b4
3a6d
c96b
90d5
5670
7b9f
7f8f
3121
1623
3593
c7e1
9091
564f
7b9c
7f8f
5d34
052e
30a0
c65a
904d
562f
7b98
7f8f
78f3
f421
2b97
c4d5
900a
560f
7b94
7f8e
7f81
e34a
267b
c353
8fc7
55ee
7b91
7f8e
6fb7
d2f5
214c
c1d4
8f85
55ce
7b8d
7f8e
4c5b
c36e
1c0f
c057
8f43
55ae
7b8a
7f8d
1b9e
b4f9
16c5
bedd
8f02
558d
7b86
7f8d
e60b
a7da
1170
bd67
8ec2
556d
7b82
7f8c
b503
9c4b
0c14
bbf3
8e81
554c
7b7f
7f8c
911f
9282
06b2
ba83
8e42
552b
7b7b
7f8c
80a9
8aaa
014d
b915
8e03
550b
7b77
7f8b
8682
84e8
fbe7
b7ab
8dc4
54ea
7b74
7f8b
a1a4
8155
f683
b644
8d86
54c9
7b70
7f8b
cd4f
8002
f124
b4e1
8d48
54a9
7b6d
7f8a
01db
80f5
ebcb
b381
8d0b
5488
7b69
7f8a
3614
8429
e67c
b224
8ccf
5467
7b65
7f89
60d4
8990
e138
b0cb
8c93
5446
7b62
7f89
7a9c
9112
dc02
af76
8c57
5425
7b5e
7f89
7ee9
9a8c
d6dc
ae24
8c1c
5404
7b5a
7f88
6cfa
a5d3
d1ca
acd6
8be2
53e3
7b56
7f88
47f3
b2b4
cccc
ab8b
8ba8
53c2
7b53
7f88
1650
c0f4
c7e5
aa45
8b6f
53a1
7b4f
7f87
e0c5
d053
c319
a903
8b36
5380
7b4b
7f87
b0b2
e08b
be67
a7c4
8afe
535f
7b48
7f86
8e85
f151
b9d4
a689
8ac6
533e
7b44
7f86
8039
025b
b561
a553
8a8f
531d
7b40
7f86
8851
1359
b10f
a421
8a58
52fb
7b3c
7f85
a561
2400
ace2
a2f2
8a22
52da
7b39
7f85
d252
3403
a8da
a1c9
89ec
52b9
7b35
7f85
0743
431a
a4fa
a0a3
89b7
5297
7b31
7f84
3aef
50ff
a144
9f82
8983
5276
7b2d
7f84
6447
5d75
9db8
9e65
894f
5254
7b2a
7f83
7c0e
6841
9a5a
9d4c
891b
5233
7b26
7f83
7e18
7134
9729
9c38
88e8
5211
7b22
7f83
6a0b
7824
9429
9b29
88b6
51f0
7b1e
7f82
4369
7cf2
9159
9a1e
8884
51ce
7b1b
7f82
10f8
7f88
8ebc
9918
8853
51ad
7b17
7f82
db8d
7fdb
8c52
9816
8822
518b
7b13
7f81
ac86
7de8
8a1d
971a
87f2
5169
7b0f
7f81
8c1e
79b9
881e
9622
87c2
5148
7b0b
7f80
8005
7360
8655
952e
8793
5126
7b08
7f80
8a57
6afb
84c4
9440
8765
5104
7b04
7f80
a947
60b0
836a
9357
8737
50e2
7b00
7f7f
d769
54ad
824a
9272
8709
50c0
7afc
7f7f
0ca8
472a
8162
9193
86dc
509e
7af8
7f7e
3fae
3862
80b4
90b8
86b0
507c
7af4
7f7e
678d
289b
8041
8fe3
8684
505a
7af1
7f7e
7d47
181b
8007
8f13
8659
5038
7aed
7f7d
7d0d
072d
8008
8e47
862e
5016
7ae9
7f7d
66eb
f61f
8042
8d81
8604
4ff4
7ae5
7f7d
3ec1
e53e
80b7
8cc1
85da
4fd2
7ae1
7f7c
0b98
d4d6
8166
8c05
85b1
4fb0
7add
7f7c
d667
c533
824f
8b4f
8589
4f8e
7ad9
7f7b
a87f
b69b
8371
8a9e
8561
4f6b
7ad6
7f7b
89ed
a950
84cb
89f2
853a
4f49
7ad2
7f7b
800a
9d90
865d
894c
8513
4f27
7ace
7f7a
8c93
938f
8827
88ab
84ed
4f04
7aca
7f7a
ad56
8b7a
8a28
8810
84c7
4ee2
7ac6
7f79
dc93
8578
8c5e
877a
84a2
4ec0
7ac2
7f79
1206
81a3
8ec9
86ea
847d
4e9d
7abe
7f79
4451
800c
9167
865f
8459
4e7b
7aba
7f78
6aa3
80ba
9437
85da
8436
4e58
7ab6
7f78
7e46
83ab
9739
855a
8413
4e36
7ab2
7f77
7bc9
88d2
9a6a
84e0
83f1
4e13
7aae
7f77
639d
9016
9dca
846b
83cf
4df0
7aaa
7f77
39fc
9957
a156
83fc
83ae
4dce
7aa7
7f76
0632
a46a
a50e
8393
838d
4dab
7aa3
7f76
d153
b11e
a8ee
832f
836d
4d88
7a9f
7f75
a4a1
bf38
acf7
82d1
834e
4d65
7a9b
7f75
87f1
ce79
b125
8279
832f
4d43
7a97
7f75
804b
de9b
b577
8226
8310
4d20
7a93
7f74
8f04
ef55
b9eb
81d9
82f3
4cfd
7a8f
7f74
b189
005a
be7f
8192
82d5
4cda
7a8b
7f73
e1ce
115e
c331
8151
82b9
4cb7
7a87
7f73
175d
2213
c7fe
8115
829d
4c94
7a83
7f73
48d4
322d
cce5
80df
8281
4c71
7a7f
7f72
6d88
4163
d1e3
80af
8266
4c4e
7a7b
7f72
7f0c
4f70
d6f6
8085
824c
4c2b
7a77
7f71
7a4d
5c14
dc1c
8061
8232
4c08
7a73
7f71
6020
6715
e152
8042
8219
4be4
7a6f
7f71
351c
7041
e696
8029
8200
4bc1
7a6b
7f70
00ca
7770
ebe6
8016
81e8
4b9e
7a67
7f70
cc54
7c7f
f13f
8009
81d1
4b7b
7a63
7f6f
a0ec
7f58
f69e
8002
81ba
4b57
7a5e
7f6f
862d
7fef
fc02
8000
81a4
4b34
7a5a
7f6e
80c5
7e40
0168
8004
818e
4b11
7a56
7f6e
91a9
7a53
06cd
800f
8179
4aed
7a52
7f6e
b5e1
743a
0c2f
801f
8164
4aca
7a4e
7f6d
e716
6c11
118b
8034
8150
4aa6
7a4a
7f6d
1ca9
61fd
16e0
8050
813d
4a83
7a46
7f6c
4d36
562b
1c29
8071
812a
4a5f
7a42
7f6c
703c
48d1
2167
8099
8117
4a3c
7a3e
7f6c
7f97
3a2d
2695
80c6
8106
4a18
7a3a
7f6b
7898
2a80
2bb1
80f9
80f5
49f4
7a36
7f6b
5c78
1a11
30b9
8131
80e4
49d1
7a32
7f6a
3025
092d
35ac
816f
80d4
49ad
7a2d
7f6a
fb61
f81e
3a86
81b4
80c5
4989
7a29
7f69
c76e
e734
3f45
81fe
80b6
4965
7a25
7f69
9d63
d6ba
43e7
824d
80a8
4942
7a21
7f69
84a0
c6fc
486b
82a2
809a
491e
7a1d
7f68
817a
b841
4ccd
82fe
808d
48fa
7a19
7f68
9480
aacc
510d
835e
8080
48d6
7a15
7f67
ba5b
9eda
5528
83c5
8074
48b2
7a10
7f67
ec6a
94a2
591c
8431
8069
488e
7a0c
7f67
21e7
8c52
5ce7
84a2
805e
486a
7a08
7f66
5174
8610
6088
851a
8054
4846
7a04
7f66
72bc
81f8
63fe
8597
804a
4822
7a00
7f65
7fe9
801d
6745
8619
8041
47fe
79fc
7f65
76ad
8088
6a5e
86a1
8039
47da
79f7
7f64
58a6
8336
6d46
872f
8031
47b5
79f3
7f64
2b17
881b
6ffd
87c2
802a
4791
79ef
7f64
f5fb
8f21
7280
885a
8023
476d
79eb
7f63
c2a1
9828
74d0
88f8
801d
4749
79e7
7f63
9a07
a307
76ea
899c
8018
4724
79e2
7f62
834b
af8d
78ce
8a45
8013
4700
79de
7f62
8269
bd80
7a7b
8af3
800e
46dc
79da
7f61
9788
cca2
7bf1
8ba6
800a
46b7
79d6
7f61
bef4
dcae
7d2d
8c5f
8007
4693
79d1
7f61
f1c6
ed59
7e31
8d1d
8005
466e
79cd
7f60
2717
fe5a
7efc
8de0
8003
464a
79c9
7f60
558e
0f62
7f8d
8ea9
8001
4625
79c5
7f5f
7507
2024
7fe4
8f76
8000
4601
79c0
7f5f
7fff
3054
7fff
9049
8000
45dc
79bc
7f5e
748b
3fa9
7fe2
9121
8000
45b8
79b8
7f5e
54ab
4ddc
7f8a
91fe
8001
4593
79b4
7f5e
25f5
5aad
7ef8
92e0
8003
456e
79af
7f5d
f099
65e2
7e2c
93c7
8005
4549
79ab
7f5d
bdf0
6f48
7d27
94b2
8007
4525
79a7
7f5c
96da
76b4
7be9
95a3
800b
4500
79a2
7f5c
8230
7c04
7a72
9699
800e
44db
799e
7f5b
8391
7f21
78c4
9793
8013
44b6
799a
7f5b
9ac0
7ffc
76df
9892
8018
4491
7996
7f5b
c3ac
7e91
74c3
9996
801d
446c
7991
7f5a
f72a
7ae6
7273
9a9e
8023
4448
798d
7f5a
2c34
750d
6fee
9bab
802a
4423
7989
7f59
5980
6d20
6d36
9cbd
8031
43fe
7984
7f59
771d
6343
6a4d
9dd3
8039
43d9
7980
7f58
7fdc
57a3
6733
9eee
8042
43b3
797b
7f58
7234
4a74
63eb
a00d
804b
438e
7977
7f57
5089
3bf3
6074
a130
8054
4369
7973
7f57
20c2
2c61
5cd2
a258
805e
4344
796e
7f57
eb3e
1c06
5906
a384
8069
431f
796a
7f56
b95d
0b2b
5511
a4b4
8075
42fa
7966
7f56
93dc
fa1e
50f6
a5e8
8081
42d4
7961
7f55
814e
e92b
4cb5
a721
808d
42af
795d
7f55
84f2
d8a0
4852
a85d
809a
428a
7958
7f54
9e26
c8c8
43ce
a99e
80a8
4264
7954
7f54
c87e
b9eb
3f2b
aae2
80b6
423f
7950
7f53
fc91
ac4d
3a6b
ac2a
80c5
421a
794b
7f53
313d
a02b
3590
ad77
80d4
41f4
7947
7f53
5d49
95bc
309d
aec6
80e4
41cf
7942
7f52
78fd
8d31
2b94
b01a
80f5
41a9
793e
7f52
7f7e
86b0
2678
b171
8106
4184
793a
7f51
6fa8
8256
2149
b2cc
8118
415e
7935
7f51
4c43
8037
1c0c
b42a
812a
4139
7931
7f50
1b81
805d
16c2
b58c
813d
4113
792c
7f50
e5ed
82c7
116d
b6f1
8150
40ed
7928
7f4f
b4eb
876b
0c11
b859
8164
40c8
7923
7f4f
9110
8e33
06af
b9c5
8179
40a2
791f
7f4e
80a6
9700
014a
bb34
818e
407c
791a
7f4e
868b
a1aa
fbe4
bca6
81a4
4056
7916
7f4e
a1b8
ae01
f680
be1b
81ba
4031
7911
7f4d
cd6b
bbcd
f121
bf93
81d1
400b
790d
7f4d
01f9
cacf
ebc8
c10e
81e9
3fe5
7908
7f4c
3630
dac2
e679
c28c
8201
3fbf
7904
7f4c
60e8
eb5f
e135
c40d
821a
3f99
78ff
7f4b
7aa5
fc5a
dbff
c590
8233
3f73
78fb
7f4b
7ee5
0d65
d6d9
c717
824d
3f4d
78f6
7f4a
6cea
1e33
d1c7
c89f
8267
3f27
78f2
7f4a
47da
2e79
ccc9
ca2a
8282
3f01
78ed
7f49
1632
3dea
c7e3
cbb8
829d
3edb
78e9
7f49
e0a7
4c43
c316
cd48
82b9
3eb5
78e4
7f48
b09b
5941
be65
ceda
82d6
3e8f
78e0
7f48
8e77
64a9
b9d2
d06f
82f3
3e69
78db
7f48
8038
6e47
b55e
d206
8311
3e43
78d7
7f47
885c
75f0
b10d
d39f
832f
3e1d
78d2
7f47
a576
7b81
ace0
d539
834e
3df6
78ce
7f46
d26e
7ee1
a8d8
d6d6
836e
3dd0
78c9
7f46
0761
7fff
a4f8
d875
838e
3daa
78c4
7f45
3b0a
7ed9
a142
da15
83ae
3d84
78c0
7f45
645a
7b72
9db7
dbb8
83d0
3d5d
78bb
7f44
7c15
75d9
9a58
dd5c
83f1
3d37
78b7
7f44
7e13
6e29
9728
df01
8414
3d10
78b2
7f43
69fa
6483
9427
e0a8
8437
3cea
78ad
7f43
434f
5915
9158
e250
845a
3cc4
78a9
7f42
10da
4c13
8eba
e3fa
847e
3c9d
78a4
7f42
db70
3db6
8c51
e5a5
84a3
3c77
78a0
7f41
ac6f
2e41
8a1c
e751
84c8
3c50
789b
7f41
8c12
1df9
881d
e8fe
84ed
3c2a
7896
7f41
8004
0d29
8654
eaad
8514
3c03
7892
7f40
8a63
fc1e
84c3
ec5c
853a
3bdc
788d
7f40
a95e
eb24
836a
ee0c
8562
3bb6
7888
7f3f
d786
da89
8249
efbd
858a
3b8f
7884
7f3f
0cc6
ca98
8162
f16f
85b2
3b68
787f
7f3e
3fc9
bb9a
80b4
f322
85db
3b42
787a
7f3e
679f
add3
8040
f4d5
8605
3b1b
7876
7f3d
7d4d
a181
8007
f688
862f
3af4
7871
7f3d
7d07
96dd
8008
f83c
865a
3acd
786c
7f3c
66d9
8e17
8043
f9f1
8685
3aa6
7868
7f3c
3ea6
8757
80b8
fba5
86b1
3a80
7863
7f3b
0b7a
82bb
8167
fd5a
86dd
3a59
785e
7f3b
d64a
8059
824f
ff0f
870a
3a32
785a
7f3a
a869
803b
8371
00c4
8738
3a0b
7855
7f3a
89e1
8261
84cc
0279
8766
39e4
7850
7f39
800b
86c3
865e
042e
8794
39bd
784b
7f39
8ca1
8d4c
8828
05e2
87c3
3996
7847
7f38
ad6d
95de
8a29
0797
87f3
396f
7842
7f38
dcb1
a053
8c5f
094b
8823
3948
783d
7f37
1224
ac7a
8eca
0afe
8854
3921
7839
7f37
446a
ba1d
9168
0cb1
8885
38fa
7834
7f37
6ab4
c8fe
9439
0e64
88b7
38d2
782f
7f36
7e4b
d8d9
973b
1016
88e9
38ab
782a
7f36
7bc2
e966
9a6c
11c7
891c
3884
7826
7f35
638a
fa5a
9dcc
1377
8950
385d
7821
7f35
39e1
0b67
a158
1527
8984
3836
781c
7f34
0614
1c41
a510
16d5
89b8
380e
7817
7f34
d137
2c9a
a8f1
1882
89ed
37e7
7812
7f33
a48c
3c28
acf9
1a2f
8a23
37c0
780e
7f33
87e7
4aa5
b127
1bda
8a59
3798
7809
7f32
804d
57cf
b579
1d84
8a90
3771
7804
7f32
8f13
6369
b9ee
1f2c
8ac7
374a
77ff
7f31
b1a1
6d40
be82
20d3
8aff
3722
77fa
7f31
e1eb
7526
c333
2279
8b37
36fb
77f6
7f30
177b
7af7
c801
241d
8b70
36d3
77f1
7f30
48ed
7e99
cce8
25bf
8ba9
36ac
77ec
7f2f
6d98
7ffc
d1e6
2760
8be3
3684
77e7
7f2f
7f0f
7f1a
d6f9
28ff
8c1e
365d
77e2
7f2e
7a44
7bf5
dc1f
2a9c
8c59
3635
77dd
7f2e
600c
769d
e155
2c37
8c94
360e
77d9
7f2d
3501
6f2a
e699
2dd0
8cd0
35e6
77d4
7f2d
00ac
65be
ebe9
2f67
8d0d
35be
77cf
7f2c
cc39
5a83
f142
30fc
8d4a
3597
77ca
7f2c
a0d8
4dac
f6a1
328e
8d87
356f
77c5
7f2b
8623
3f75
fc05
341f
8dc5
3547
77c0
7f2b
80c9
301d
016b
35ad
8e04
351f
77bb
7f2a
91b8
1fea
06d0
3738
8e43
34f8
77b6
7f2a
b5fa
0f27
0c32
38c1
8e83
34d0
77b2
7f29
e734
fe1e
118e
3a47
8ec3
34a8
77ad
7f29
1cc6
ed1e
16e2
3bcb
8f04
3480
77a8
7f28
4d4e
dc74
1c2c
3d4c
8f45
3458
77a3
7f28
704a
cc6b
216a
3eca
8f87
3431
779e
7f27
7f9a
bd4d
2697
4046
8fc9
3409
7799
7f27
788e
af5e
2bb4
41be
900b
33e1
7794
7f26
5c63
a2de
30bc
4333
904f
33b9
778f
7f26
3008
9805
35af
44a6
9092
3391
778a
7f25
fb43
8f04
3a88
4615
90d7
3369
7785
7f25
c752
8806
3f48
4781
911b
3341
7780
7f24
9d50
8328
43ea
48ea
9161
3319
777b
7f24
8498
8082
486d
4a4f
91a6
32f1
7776
7f23
817f
8020
4cd0
4bb1
91ed
32c8
7771
7f23
9490
8203
510f
4d10
9234
32a0
776c
7f22
ba74
8622
552a
4e6b
927b
3278
7768
7f22
ec88
8c6c
591e
4fc3
92c3
3250
7763
7f21
2205
94c3
5ce9
5117
930b
3228
775e
7f21
518c
9f01
608a
5267
9354
3200
7759
7f20
72c9
aaf9
63ff
53b3
939d
31d7
7754
7f20
7fea
b872
6747
54fc
93e7
31af
774f
7f1f
76a1
c731
6a60
5641
9431
3187
774a
7f1f
5890
d6f3
6d48
5782
947c
315f
7745
7f1e
2afa
e76f
6ffe
58bf
94c7
3136
7740
7f1e
f5dd
f85a
7282
59f8
9513
310e
773a
7f1d
c286
0969
74d1
5b2c
955f
30e5
7735
7f1d
99f5
1a4c
76eb
5c5d
95ab
30bd
7730
7f1c
8344
2ab8
78cf
5d89
95f9
3095
772b
7f1c
826f
3a62
7a7c
5eb1
9646
306c
7726
7f1b
9799
4902
7bf1
5fd5
9694
3044
7721
7f1b
bf0e
5657
7d2e
60f5
96e3
301b
771c
7f1a
f1e5
6223
7e32
6210
9732
2ff3
7717
7f19
2734
6c31
7efc
6326
9782
2fca
7712
7f19
55a4
7453
7f8d
6439
97d2
2fa2
770d
7f18
7513
7a65
7fe4
6546
9822
2f79
7708
7f18
7fff
7e4a
7fff
664f
9873
2f51
7703
7f17
747e
7ff1
7fe2
6753
98c5
2f28
76fe
7f17
5494
7f52
7f8a
6853
9917
2eff
76f9
7f16
25d8
7c71
7ef8
694e
9969
2ed7
76f4
7f16
f07b
775a
7e2c
6a44
99bc
2eae
76ee
7f15
bdd6
7024
7d26
6b35
9a0f
2e85
76e9
7f15
96c8
66f1
7be8
6c21
9a63
2e5d
76e4
7f14
822a
5bea
7a71
6d09
9ab7
2e34
76df
7f14
8398
4f41
78c3
6deb
9b0c
2e0b
76da
7f13
9ad2
4130
76dd
6ec8
9b61
2de2
76d5
7f13
c3c6
31f6
74c2
6fa1
9bb7
2db9
76d0
7f12
f748
21d9
7271
7074
9c0d
2d91
76cb
7f12
2c51
1123
6fec
7142
9c63
2d68
76c5
7f11
5995
001e
6d35
720b
9cba
2d3f
76c0
7f11
7728
ef19
6a4b
72cf
9d12
2d16
76bb
7f10
7fdb
de61
6731
738e
9d6a
2ced
76b6
7f10
7226
ce42
63e9
7447
9dc2
2cc4
76b1
7f0f
5072
bf04
6072
74fb
9e1b
2c9b
76ac
7f0e
20a5
b0ef
5cd0
75aa
9e74
2c72
76a6
7f0e
eb20
a440
5904
7653
9ece
2c49
76a1
7f0d
b944
9933
550f
76f7
9f28
2c20
769c
7f0d
93cc
8ff9
50f3
7795
9f83
2bf7
7697
7f0c
8149
88bc
4cb3
782f
9fde
2bce
7692
7f0c
84fa
839d
484f
78c2
a039
2ba5
768c
7f0b
9e39
80b4
43cb
7950
a095
2b7c
7687
7f0b
c89a
800d
3f28
79d9
a0f1
2b53
7682
7f0a
fcaf
81ac
3a68
7a5c
a14e
2b2a
767d
7f0a
3159
858a
358d
7ada
a1ab
2b01
7678
7f09
5d5e
8b93
309b
7b51
a209
2ad8
7672
7f09
7907
93af
2b92
7bc4
a267
2aae
766d
7f08
7f7b
9db6
2675
7c30
a2c5
2a85
7668
7f08
6f9a
a97c
2146
7c97
a324
2a5c
7663
7f07
4c2a
b6cc
1c09
7cf9
a384
2a33
765d
7f06
1b63
c568
16bf
7d54
a3e3
2a09
7658
7f06
e5cf
d50f
116a
7daa
a443
29e0
7653
7f05
b4d2
e579
0c0e
7dfb
a4a4
29b7
764d
7f05
9101
f65b
06ac
7e45
a505
298e
7648
7f04
80a3
0769
0146
7e8a
a566
2964
7643
7f04
8695
1856
fbe1
7ec9
a5c8
293b
763e
7f03
a1cd
28d4
f67d
7f02
a62a
2911
7638
7f03
cd86
3898
f11e
7f35
a68d
28e8
7633
7f02
0218
475b
ebc5
7f63
a6f0
28bf
762e
7f02
364b
54da
e676
7f8b
a754
2895
7628
7f01
60fc
60d7
e132
7fad
a7b7
286c
7623
7f01
7aae
6b1c
dbfc
7fc9
a81c
2842
761e
7f00
7ee1
737a
d6d7
7fdf
a880
2819
7618
7eff
6cda
79cb
d1c4
7ff0
a8e5
27ef
7613
7eff
47c0
7df2
ccc6
7ffb
a94b
27c6
760e
7efe
1614
7fdd
c7e0
7fff
a9b1
279c
7608
7efe
e08a
7f83
c313
7fff
aa17
2773
7603
7efd
b083
7ce5
be62
7ff8
aa7e
2749
75fe
7efd
8e69
780f
b9cf
7feb
aae5
271f
75f8
7efc
8036
7118
b55c
7fd9
ab4c
26f6
75f3
7efc
8867
681e
b10b
7fc1
abb4
26cc
75ee
7efb
a58c
5d4c
acdd
7fa3
ac1c
26a3
75e8
7efb
d28a
50d1
a8d6
7f7f
ac85
2679
75e3
7efa
0780
42e6
a4f6
7f55
aced
264f
75de
7ef9
3b25
33cc
a140
7f26
ad57
2626
75d8
7ef9
646d
23c6
9db5
7ef1
adc1
25fc
75d3
7ef8
7c1d
131e
9a56
7eb6
ae2b
25d2
75cd
7ef8
7e0e
021f
9726
7e75
ae95
25a8
75c8
7ef7
69e9
f116
9425
7e2e
af00
257f
75c3
7ef7
4336
e050
9156
7de2
af6b
2555
75bd
7ef6
10bc
d01b
8eb9
7d90
afd7
252b
75b8
7ef6
db53
c0c0
8c50
7d39
b042
2501
75b2
7ef5
ac58
b284
8a1b
7cdb
b0af
24d7
75ad
7ef4
8c05
a5a8
881c
7c78
b11b
24ad
75a7
7ef4
8004
9a67
8653
7c0f
b188
2484
75a2
7ef3
8a6f
90f4
84c2
7ba1
b1f6
245a
759c
7ef3
a974
897a
8369
7b2d
b263
2430
7597
7ef2
d7a3
841a
8249
7ab3
b2d1
2406
7592
7ef2
0ce4
80ee
8161
7a34
b340
23dc
758c
7ef1
3fe3
8003
80b4
79af
b3af
23b2
7587
7ef0
67b0
815e
8040
7925
b41e
2388
7581
7ef0
7d53
84f8
8007
7895
b48d
235e
757c
7eef
7d00
8ac2
8008
7800
b4fd
2334
7576
7eef
66c7
92a1
8043
7765
b56d
230a
7571
7eee
3e8c
9c71
80b8
76c5
b5de
22e0
756b
7eee
0b5b
a805
8167
761f
b64e
22b6
7566
7eed
d62d
b52a
8250
7574
b6c0
228c
7560
7eed
a853
c3a3
8372
74c4
b731
2262
755b
7eec
89d6
d32e
84cd
740e
b7a3
2238
7555
7eeb
800c
e384
865f
7353
b815
220d
7550
7eeb
8cae
f45d
882a
7293
b887
21e3
754a
7eea
ad84
056a
8a2a
71cd
b8fa
21b9
7545
7eea
dcce
165e
8c60
7103
b96d
218f
753f
7ee9
1242
26ed
8ecb
7033
b9e1
2165
7539
7ee9
4484
36cb
916a
6f5e
ba55
213b
7534
7ee8
6ac4
45b0
943b
6e84
bac9
2110
752e
7ee7
7e50
5358
973d
6da5
bb3d
20e6
7529
7ee7
7bba
5f85
9a6e
6cc1
bbb2
20bc
7523
7ee6
6376
6a00
9dce
6bd8
bc27
2092
751e
7ee6
39c6
7299
a15a
6aeb
bc9c
2068
7518
7ee5
05f6
792a
a512
69f8
bd12
203d
7512
7ee5
d11a
7d93
a8f3
6900
bd88
2013
750d
7ee4
a477
7fc2
acfb
6804
bdfe
1fe9
7507
7ee3
87dc
7fac
b12a
6703
be74
1fbe
7502
7ee3
804f
7d51
b57c
65fd
beeb
1f94
74fc
7ee2
8f21
78bd
b9f0
64f3
bf62
1f6a
74f6
7ee2
b1b9
7204
be84
63e4
bfda
1f3f
74f1
7ee1
e209
6945
c336
62d1
c052
1f15
74eb
7ee1
1798
5ea7
c803
61b9
c0ca
1eea
74e6
7ee0
4906
525b
ccea
609c
c142
1ec0
74e0
7edf
6da8
4499
d1e9
5f7b
c1ba
1e96
74da
7edf
7f13
359f
d6fc
5e56
c233
1e6b
74d5
7ede
7a3b
25b1
dc22
5d2d
c2ad
1e41
74cf
7ede
5ff8
1518
e158
5bff
c326
1e16
74c9
7edd
34e5
041f
e69c
5acd
c3a0
1dec
74c4
7edc
008d
f313
ebec
5997
c41a
1dc1
74be
7edc
cc1d
e242
f145
585d
c494
1d97
74b8
7edb
a0c4
d1f8
f6a4
571f
c50e
1d6c
74b3
7edb
861a
c27f
fc08
55dd
c589
1d42
74ad
7eda
80cc
b41e
016e
5497
c604
1d17
74a7
7eda
91c8
a716
06d3
534d
c680
1ced
74a2
7ed9
b613
9ba2
0c35
51ff
c6fb
1cc2
749c
7ed8
e752
91f6
1191
50ae
c777
1c97
7496
7ed8
1ce4
8a3f
16e5
4f59
c7f3
1c6d
7491
7ed7
4d66
849f
1c2f
4e00
c86f
1c42
748b
7ed7
7059
812f
216c
4ca4
c8ec
1c18
7485
7ed6
7f9c
8000
269a
4b44
c969
1bed
747f
7ed5
7884
8117
2bb7
49e1
c9e6
1bc2
747a
7ed5
5c4e
846f
30bf
487a
ca63
1b98
7474
7ed4
2fec
89f8
35b1
4710
cae1
1b6d
746e
7ed4
fb25
919a
3a8b
45a3
cb5f
1b42
7468
7ed3
c737
9b32
3f4a
4433
cbdd
1b18
7463
7ed3
9d3c
a694
43ec
42c0
cc5b
1aed
745d
7ed2
8490
b38d
4870
4149
ccda
1ac2
7457
7ed1
8183
c1e1
4cd2
3fd0
cd59
1a97
7451
7ed1
94a1
d14f
5112
3e54
cdd8
1a6d
744c
7ed0
ba8e
e192
552c
3cd5
ce57
1a42
7446
7ed0
eca6
f25f
5920
3b53
ced6
1a17
7440
7ecf
2222
036a
5ceb
39ce
cf56
19ec
743a
7ece
51a3
1465
608c
3847
cfd6
19c2
7435
7ece
72d6
2504
6401
36be
d056
1997
742f
7ecd
7feb
34fa
6749
3531
d0d6
196c
7429
7ecd
7696
4400
6a61
33a3
d157
1941
7423
7ecc
587a
51d1
6d49
3212
d1d8
1916
741d
7ecb
2ade
5e2d
7000
307e
d259
18eb
7418
7ecb
f5bf
68de
7283
2ee9
d2da
18c1
7412
7eca
c26b
71b2
74d2
2d51
d35b
1896
740c
7eca
99e2
7881
76ec
2bb8
d3dd
186b
7406
7ec9
833e
7d2c
78d0
2a1c
d45f
1840
7400
7ec8
8275
7f9e
7a7d
287e
d4e1
1815
73fa
7ec8
97ab
7fcc
7bf2
26df
d563
17ea
73f4
7ec7
bf29
7db6
7d2f
253e
d5e5
17bf
73ef
7ec7
f203
7964
7e32
239b
d668
1794
73e9
7ec6
2750
72ea
7efd
21f6
d6eb
1769
73e3
7ec5
55bb
6a65
7f8d
2050
d76e
173e
73dd
7ec5
7520
5ffd
7fe4
1ea9
d7f1
1713
73d7
7ec4
7fff
53e1
7fff
1d00
d874
16e8
73d1
7ec4
7472
4648
7fe2
1b55
d8f8
16bd
73cb
7ec3
547d
376e
7f8a
19aa
d97b
1692
73c6
7ec2
25bb
2799
7ef7
17fd
d9ff
1667
73c0
7ec2
f05d
1710
7e2b
1650
da83
163c
73ba
7ec1
bdbc
061f
7d26
14a1
db07
1611
73b4
7ec1
96b7
f511
7be7
12f1
db8c
15e6
73ae
7ec0
8225
e435
7a71
1140
dc10
15bb
73a8
7ebf
839f
d3d7
78c2
0f8f
dc95
1590
73a2
7ebf
9ae5
c442
76dc
0ddd
dd1a
1565
739c
7ebe
c3e1
b5bd
74c1
0c2a
dd9f
153a
7396
7ebd
f766
a889
7270
0a77
de24
150f
7390
7ebd
2c6d
9ce3
6feb
08c3
dea9
14e4
738a
7ebc
59ab
92ff
6d33
070f
df2f
14b9
7384
7ebc
7733
8b0b
6a4a
055b
dfb5
148d
737e
7ebb
7fd9
852b
6730
03a6
e03a
1462
7378
7eba
7218
8179
63e7
01f1
e0c0
1437
7372
7eba
505a
8006
6070
003c
e146
140c
736d
7eb9
2088
80d8
5cce
fe87
e1cd
13e1
7367
7eb9
eb02
83ed
5902
fcd2
e253
13b6
7361
7eb8
b92a
8936
550d
fb1e
e2d9
138a
735b
7eb7
93bc
909a
50f1
f969
e360
135f
7355
7eb7
8145
99fa
4cb0
f7b5
e3e7
1334
734f
7eb6
8503
a528
484d
f601
e46e
1309
7349
7eb5
9e4d
b1f4
43c8
f44e
e4f5
12de
7343
7eb5
c8b5
c023
3f25
f29b
e57c
12b2
733d
7eb4
fccd
cf74
3a65
f0e9
e603
1287
7337
7eb4
3175
dfa1
358b
ef37
e68a
125c
7331
7eb3
5d73
f062
3098
ed86
e712
1231
732a
7eb2
7911
0169
2b8f
ebd6
e799
1205
7324
7eb2
7f78
126b
2672
ea27
e821
11da
731e
7eb1
6f8b
2318
2143
e879
e8a9
11af
7318
7eb1
4c12
3326
1c06
e6cc
e931
1184
7312
7eb0
1b45
424c
16bc
e520
e9b9
1158
730c
7eaf
e5b1
5044
1167
e376
ea41
112d
7306
7eaf
b4ba
5ccf
0c0b
e1cc
eac9
1102
7300
7eae
90f2
67b5
06a9
e025
eb52
10d6
72fa
7ead
80a0
70c3
0143
de7e
ebda
10ab
72f4
7ead
869e
77d0
fbde
dcd9
ec63
1080
72ee
7eac
a1e2
7cbd
f67a
db36
eceb
1054
72e8
7eab
cda2
7f73
f11b
d994
ed74
1029
72e2
7eab
0236
7fe5
ebc2
d7f4
edfd
0ffe
72dc
7eaa
3667
7e12
e673
d656
ee85
0fd2
72d6
7eaa
610f
7a02
e12f
d4ba
ef0e
0fa7
72cf
7ea9
7ab6
73c8
dbf9
d320
ef97
0f7c
72c9
7ea8
7edd
6b7f
d6d4
d187
f020
0f50
72c3
7ea8
6cca
614d
d1c1
cff1
f0aa
0f25
72bd
7ea7
47a7
5561
ccc4
ce5d
f133
0efa
72b7
7ea6
15f7
47f1
c7dd
cccc
f1bc
0ece
72b1
7ea6
e06d
393a
c311
cb3c
f245
0ea3
72ab
7ea5
b06b
297f
be60
c9b0
f2cf
0e77
72a5
7ea5
8e5b
1908
b9cd
c825
f358
0e4c
729e
7ea4
8034
081e
b559
c69d
f3e2
0e20
7298
7ea3
8872
f710
b108
c518
f46b
0df5
7292
7ea3
a5a1
e62a
acdb
c395
f4f5
0dca
728c
7ea2
d2a7
d5ba
a8d4
c216
f57f
0d9e
7286
7ea1
079e
c609
a4f4
c098
f609
0d73
7280
7ea1
3b40
b761
a13e
bf1e
f692
0d47
7279
7ea0
6480
aa02
9db3
bda7
f71c
0d1c
7273
7e9f
7c24
9e2a
9a54
bc33
f7a6
0cf0
726d
7e9f
7e08
940f
9724
bac2
f830
0cc5
7267
7e9e
69d8
8bdf
9424
b954
f8ba
0c99
7261
7e9e
431c
85bf
9155
b7e9
f944
0c6e
725a
7e9d
109e
81ca
8eb8
b682
f9ce
0c42
7254
7e9c
db36
8013
8c4e
b51e
fa58
0c17
724e
7e9c
ac41
80a1
8a1a
b3bd
fae2
0beb
7248
7e9b
8bf8
8373
881b
b260
fb6c
0bc0
7242
7e9a
8003
887b
8652
b106
fbf6
0b94
723b
7e9a
8a7b
8fa2
84c1
afb0
fc80
0b69
7235
7e99
a98a
98c7
8368
ae5e
fd0a
0b3d
722f
7e98
d7c0
a3c2
8248
ad0f
fd94
0b12
7229
7e98
0d02
b061
8161
abc4
fe1f
0ae6
7222
7e97
3ffd
be69
80b4
aa7d
fea9
0abb
721c
7e96
67c2
cd9b
8040
a93a
ff33
0a8f
7216
7e96
7d59
ddb2
8007
a7fb
ffbd
0a64
7210
7e95
7cfa
ee66
8008
a6bf
0047
0a38
7209
7e95
66b5
ff69
8043
a588
00d2
0a0c
7203
7e94
3e71
106f
80b8
a455
015c
09e1
71fd
7e93
0b3d
212b
8168
a326
01e6
09b5
71f6
7e93
d611
314f
8251
a1fc
0270
098a
71f0
7e92
a83d
4094
8373
a0d5
02fa
095e
71ea
7e91
89ca
4eb2
84cd
9fb3
0384
0933
71e4
7e91
800d
5b6c
8660
9e96
040e
0907
71dd
7e90
8cbb
6685
882b
9d7c
0499
08db
71d7
7e8f
ad9b
6fcd
8a2b
9c68
0523
08b0
71d1
7e8f
dceb
7718
8c62
9b57
05ad
0884
71ca
7e8e
1260
7c46
8ecd
9a4c
0637
0859
71c4
7e8d
449e
7f3f
916b
9945
06c1
082d
71be
7e8d
6ad5
7ff6
943c
9842
074b
0801
71b7
7e8c
7e55
7e67
973e
9745
07d5
07d6
71b1
7e8b
7bb2
7a99
9a70
964c
085f
07aa
71ab
7e8b
6363
749e
9dd0
9558
08e8
077f
71a4
7e8a
39ab
6c92
a15c
9469
0972
0753
719e
7e89
05d7
6297
a514
937f
09fc
0727
7197
7e89
d0fe
56dc
a8f5
9299
0a86
06fc
7191
7e88
a461
4997
acfe
91b9
0b0f
06d0
718b
7e87
87d2
3b03
b12c
90de
0b99
06a4
7184
7e87
8051
2b63
b57e
9007
0c23
0679
717e
7e86
8f2f
1afd
b9f3
8f36
0cac
064d
7178
7e85
b1d1
0a1d
be87
8e6a
0d36
0621
7171
7e85
e226
f90f
c339
8da3
0dbf
05f6
716b
7e84
17b6
e820
c806
8ce2
0e48
05ca
7164
7e83
491f
d79e
cced
8c25
0ed2
059f
715e
7e83
6db7
c7d4
d1ec
8b6e
0f5b
0573
7158
7e82
7f17
b909
d6ff
8abc
0fe4
0547
7151
7e81
7a32
ab80
dc25
8a10
106d
051c
714b
7e81
5fe4
9f78
e15b
8969
10f6
04f0
7144
7e80
34c9
9526
e69f
88c7
117f
04c4
713e
7e7f
006f
8cba
ebef
882b
1208
0499
7137
7e7f
cc01
865a
f148
8794
1291
046d
7131
7e7e
a0af
8223
f6a7
8702
1319
0441
712a
7e7d
8611
8028
fc0b
8676
13a2
0416
7124
7e7d
80d0
8073
0171
85f0
142a
03ea
711e
7e7c
91d7
8301
06d6
856f
14b3
03be
7117
7e7b
b62b
87c7
0c38
84f4
153b
0393
7111
7e7b
e770
8eb0
1194
847f
15c3
0367
710a
7e7a
1d01
979c
16e8
840f
164c
033b
7104
7e79
4d7e
a262
1c32
83a4
16d4
030f
70fd
7e79
7067
aed2
216f
8340
175b
02e4
70f7
7e78
7f9f
bcb3
269d
82e1
17e3
02b8
70f0
7e77
787a
cbc6
2bba
8287
186b
028c
70ea
7e77
5c39
dbc6
30c2
8234
18f3
0261
70e3
7e76
2fd0
ec6b
35b4
81e6
197a
0235
70dd
7e75
fb07
fd69
3a8e
819e
1a01
0209
70d6
7e75
c71c
0e73
3f4d
815c
1a89
01de
70d0
7e74
9d29
1f3b
43ef
811f
1b10
01b2
70c9
7e73
8488
2f75
4872
80e8
1b97
0186
70c2
7e73
8188
3ed7
4cd5
80b7
1c1e
015b
70bc
7e72
94b1
4d1c
5114
808c
1ca4
012f
70b5
7e71
baa7
5a02
552f
8066
1d2b
0103
70af
7e71
ecc4
654f
5922
8047
1db1
00d7
70a8
7e70
223f
6ed0
5ced
802d
1e38
00ac
70a2
7e6f
51ba
7659
608e
8019
1ebe
0080
709b
7e6f
72e4
7bc8
6403
800b
1f44
0054
7095
7e6e
7fec
7f04
674b
8003
1fca
0029
708e
7e6d
768b
7fff
6a63
8000
2050
fffd
7087
7e6d
5864
7eb4
6d4b
8003
20d5
ffd1
7081
7e6c
2ac1
7b29
7001
800c
215b
ffa6
707a
7e6b
f5a0
756e
7284
801b
21e0
ff7a
7074
7e6a
c251
6d9d
74d3
8030
2265
ff4e
706d
7e6a
99d0
63db
76ed
804b
22ea
ff23
7066
7e69
8337
5852
78d1
806b
236f
fef7
7060
7e68
827b
4b38
7a7e
8091
23f4
fecb
7059
7e68
97bc
3cc8
7bf3
80be
2479
fe9f
7053
7e67
bf43
2d43
7d2f
80ef
24fd
fe74
704c
7e66
f221
1cf1
7e33
8127
2581
fe48
7045
7e66
276d
0c1b
7efd
8164
2605
fe1c
703f
7e65
55d1
fb0f
7f8e
81a7
2689
fdf1
7038
7e64
752c
ea19
7fe4
81f0
270d
fdc5
7031
7e64
7fff
d986
7fff
823f
2790
fd99
702b
7e63
7465
c9a2
7fe2
8293
2814
fd6e
7024
7e62
5467
bab5
7f89
82ed
2897
fd42
701d
7e62
259e
ad04
7ef7
834d
291a
fd16
7017
7e61
f03f
a0cb
7e2b
83b3
299c
fceb
7010
7e60
bda2
9644
7d25
841e
2a1f
fcbf
7009
7e5f
96a6
8d9d
7be7
848e
2aa1
fc93
7003
7e5f
821f
86fd
7a70
8505
2b24
fc67
6ffc
7e5e
83a6
8284
78c1
8581
2ba6
fc3c
6ff5
7e5d
9af7
8046
76db
8602
2c27
fc10
6fef
7e5d
c3fc
804c
74bf
8689
2ca9
fbe4
6fe8
7e5c
f784
8296
726f
8716
2d2a
fbb9
6fe1
7e5b
2c89
871b
6fea
87a8
2dac
fb8d
6fda
7e5b
59c1
8dc5
6d32
8840
2e2d
fb61
6fd4
7e5a
773e
9676
6a48
88dd
2ead
fb36
6fcd
7e59
7fd8
a108
672e
897f
2f2e
fb0a
6fc6
7e58
720b
ad48
63e5
8a27
2fae
fade
6fc0
7e58
5042
bb01
606e
8ad4
302e
fab3
6fb9
7e57
206a
c9f4
5ccc
8b87
30ae
fa87
6fb2
7e56
eae4
d9dc
58ff
8c3f
312e
fa5b
6fab
7e56
b911
ea71
550a
8cfc
31ad
fa30
6fa5
7e55
93ac
fb69
50ef
8dbe
322d
fa04
6f9e
7e54
8141
0c75
4cae
8e86
32ac
f9d9
6f97
7e54
850b
1d49
484a
8f53
332a
f9ad
6f90
7e53
9e60
2d98
43c6
9025
33a9
f981
6f89
7e52
c8d0
3d17
3f23
90fb
3427
f956
6f83
7e51
fcec
4b81
3a63
91d7
34a5
f92a
6f7c
7e51
3191
5893
3588
92b9
3523
f8fe
6f75
7e50
5d87
6413
3095
939f
35a1
f8d3
6f6e
7e4f
791a
6dcc
2b8c
9489
361e
f8a7
6f68
7e4f
7f76
7592
266f
9579
369b
f87b
6f61
7e4e
6f7c
7b41
2141
966e
3718
f850
6f5a
7e4d
4bfa
7ec0
1c03
9767
3795
f824
6f53
7e4c
1b28
7fff
16b9
9866
3811
f7f9
6f4c
7e4c
e594
7ef8
1164
9969
388d
f7cd
6f45
7e4b
b4a1
7bb0
0c08
9a70
3909
f7a1
6f3f
7e4a
90e3
7636
06a5
9b7d
3984
f776
6f38
7e4a
809d
6ea3
0140
9c8d
3a00
f74a
6f31
7e49
86a8
6518
fbdb
9da3
3a7b
f71f
6f2a
7e48
a1f6
59c2
f677
9ebd
3af6
f6f3
6f23
7e47
cdbe
4cd4
f118
9fdb
3b70
f6c7
6f1c
7e47
0254
3e89
ebbf
a0fe
3bea
f69c
6f15
7e46
3682
2f21
e670
a225
3c64
f670
6f0f
7e45
6123
1ee3
e12c
a350
3cde
f645
6f08
7e45
7abf
0e19
dbf6
a47f
3d57
f619
6f01
7e44
7ed9
fd0f
d6d1
a5b3
3dd1
f5ee
6efa
7e43
6cba
ec12
d1be
a6eb
3e49
f5c2
6ef3
7e42
478e
db70
ccc1
a826
3ec2
f596
6eec
7e42
15d9
cb74
c7db
a966
3f3a
f56b
6ee5
7e41
e04f
bc66
c30e
aaaa
3fb2
f53f
6ede
7e40
b053
ae8c
be5d
abf2
402a
f514
6ed7
7e40
8e4d
a225
b9ca
ad3d
40a1
f4e8
6ed1
7e3f
8032
9768
b557
ae8c
4119
f4bd
6eca
7e3e
887c
8e86
b106
afdf
418f
f491
6ec3
7e3d
a5b7
87a8
acd9
b136
4206
f466
6ebc
7e3d
d2c3
82ed
a8d1
b290
427c
f43a
6eb5
7e3c
07bc
806b
a4f2
b3ee
42f2
f40f
6eae
7e3b
3b5a
802d
a13c
b54f
4368
f3e3
6ea7
7e3b
6492
8234
9db1
b6b3
43dd
f3b8
6ea0
7e3a
7c2c
8676
9a52
b81b
4452
f38c
6e99
7e39
7e03
8ce1
9722
b986
44c7
f361
6e92
7e38
69c7
9558
9422
baf5
453b
f335
6e8b
7e38
4302
9fb3
9153
bc66
45af
f30a
6e84
7e37
107f
abc4
8eb6
bddb
4623
f2de
6e7d
7e36
db19
b954
8c4d
bf52
4696
f2b3
6e76
7e35
ac2a
c825
8a18
c0cd
470a
f287
6e6f
7e35
8beb
d7f4
881a
c24a
477c
f25c
6e68
7e34
8003
e879
8651
c3ca
47ef
f230
6e61
7e33
8a87
f969
84c0
c54d
4861
f205
6e5a
7e33
a9a1
0a77
8367
c6d3
48d3
f1da
6e53
7e32
d7dc
1b55
8247
c85b
4944
f1ae
6e4c
7e31
0d20
2bb7
8160
c9e6
49b5
f183
6e45
7e30
4017
3b53
80b3
cb73
4a26
f157
6e3e
7e30
67d4
49e1
8040
cd03
4a97
f12c
6e37
7e2f
7d5f
571f
8007
ce95
4b07
f101
6e30
7e2e
7cf3
62d0
8008
d029
4b76
f0d5
6e29
7e2d
66a3
6cc1
8043
d1c0
4be6
f0aa
6e22
7e2d
3e57
74c4
80b9
d358
4c55
f07e
6e1b
7e2c
0b1f
7ab3
8168
d4f3
4cc4
f053
6e14
7e2b
d5f4
7e75
8251
d68f
4d32
f028
6e0d
7e2a
a827
7ff8
8373
d82d
4da0
effc
6e06
7e2a
89be
7f35
84ce
d9ce
4e0e
efd1
6dff
7e29
800e
7c30
8661
db6f
4e7b
efa6
6df8
7e28
8cc8
76f7
882c
dd13
4ee8
ef7a
6df1
7e28
adb2
6fa1
8a2d
deb8
4f55
ef4f
6dea
7e27
dd08
664f
8c63
e05f
4fc1
ef24
6de3
7e26
127e
5b2c
8ece
e207
502d
eef8
6ddb
7e25
44b7
4e6b
916d
e3b0
5099
eecd
6dd4
7e25
6ae6
4046
943e
e55b
5104
eea2
6dcd
7e24
7e5a
30fc
9740
e707
516f
ee76
6dc6
7e23
7baa
20d3
9a72
e8b4
51d9
ee4b
6dbf
7e22
6350
1016
9dd2
ea63
5243
ee20
6db8
7e22
3990
ff0f
a15e
ec12
52ad
edf5
6db1
7e21
05b9
ee0d
a516
edc2
5316
edc9
6daa
7e20
d0e2
dd5c
a8f7
ef73
537f
ed9e
6da3
7e1f
a44c
cd48
ad00
f124
53e7
ed73
6d9b
7e1f
87c7
be1b
b12e
f2d7
5450
ed48
6d94
7e1e
8053
b01a
b581
f48a
54b7
ed1c
6d8d
7e1d
8f3d
a384
b9f5
f63d
551f
ecf1
6d86
7e1c
b1e9
9892
be89
f7f1
5586
ecc6
6d7f
7e1c
e244
8f77
c33b
f9a5
55ec
ec9b
6d78
7e1b
17d4
885a
c809
fb5a
5653
ec70
6d71
7e1a
4938
835e
ccf0
fd0f
56b8
ec44
6d69
7e19
6dc7
8099
d1ee
fec4
571e
ec19
6d62
7e19
7f1a
8016
d702
0079
5783
ebee
6d5b
7e18
7a29
81d9
dc28
022d
57e8
ebc3
6d54
7e17
5fd0
85d9
e15e
03e2
584c
eb98
6d4d
7e16
34ae
8c05
e6a2
0597
58b0
eb6d
6d45
7e16
0051
9440
ebf2
074b
5913
eb42
6d3e
7e15
cbe5
9e65
f14b
08ff
5976
eb16
6d37
7e14
a09b
aa45
f6aa
0ab3
59d9
eaeb
6d30
7e13
8608
b7ab
fc0e
0c66
5a3b
eac0
6d29
7e13
80d3
c65a
0174
0e19
5a9d
ea95
6d21
7e12
91e6
d60f
06d9
0fcb
5afe
ea6a
6d1a
7e11
b644
e682
0c3b
117c
5b5f
ea3f
6d13
7e10
e78d
f76a
1197
132d
5bc0
ea14
6d0c
7e10
1d1f
0878
16eb
14dc
5c20
e9e9
6d04
7e0f
4d96
1960
1c35
168b
5c80
e9be
6cfd
7e0e
7076
29d5
2172
1838
5cdf
e993
6cf6
7e0d
7fa1
398b
26a0
19e5
5d3e
e968
6cef
7e0d
7870
483c
2bbc
1b90
5d9c
e93d
6ce7
7e0c
5c24
55a4
30c5
1d3a
5dfa
e912
6ce0
7e0b
2fb4
6188
35b7
1ee3
5e58
e8e7
6cd9
7e0a
fae8
6bb0
3a90
208a
5eb5
e8bc
6cd2
7e09
c701
73ee
3f4f
2230
5f12
e891
6cca
7e09
9d16
7a1d
43f2
23d5
5f6e
e866
6cc3
7e08
8480
7e22
4875
2577
5fca
e83b
6cbc
7e07
818d
7fe9
4cd7
2718
6025
e810
6cb4
7e06
94c2
7f6a
5116
28b7
6080
e7e5
6cad
7e06
bac1
7ca9
5531
2a55
60db
e7ba
6ca6
7e05
ece2
77b0
5925
2bf0
6135
e78f
6c9f
7e04
225c
7098
5cf0
2d8a
618f
e764
6c97
7e03
51d2
6780
6090
2f21
61e8
e73a
6c90
7e03
72f1
5c91
6405
30b6
6241
e70f
6c89
7e02
7fed
4ffe
674c
3249
6299
e6e4
6c81
7e01
767f
41ff
6a65
33da
62f1
e6b9
6c7a
7e00
584e
32d4
6d4c
3568
6348
e68e
6c73
7e00
2aa4
22c2
7003
36f4
639f
e663
6c6b
7dff
f582
1212
7286
387d
63f6
e639
6c64
7dfe
c236
010f
74d5
3a04
644c
e60e
6c5d
7dfd
99be
f008
76ee
3b88
64a2
e5e3
6c55
7dfc
8330
df4a
78d2
3d0a
64f7
e5b8
6c4e
7dfc
8281
cf20
7a7f
3e88
654c
e58d
6c47
7dfb
97ce
bfd5
7bf4
4004
65a0
e563
6c3f
7dfa
bf5d
b1ad
7d30
417d
65f4
e538
6c38
7df9
f23f
a4e9
7e34
42f3
6647
e50d
6c30
7df9
278a
99c3
7efe
4466
669a
e4e2
6c29
7df8
55e8
906e
7f8e
45d6
66ec
e4b8
6c22
7df7
7538
8914
7fe4
4742
673e
e48d
6c1a
7df6
7fff
83d7
7fff
48ac
678f
e462
6c13
7df5
7459
80ce
7fe2
4a12
67e0
e438
6c0b
7df5
5450
8007
7f89
4b75
6831
e40d
6c04
7df4
2581
8186
7ef7
4cd4
6881
e3e2
6bfd
7df3
f021
8544
7e2a
4e30
68d1
e3b8
6bf5
7df2
bd88
8b30
7d25
4f88
6920
e38d
6bee
7df2
9695
932f
7be6
50dc
696e
e363
6be6
7df1
821a
9d1c
7a6f
522d
69bc
e338
6bdf
7df0
83ae
a8cb
78c0
537a
6a0a
e30d
6bd7
7def
9b0a
b607
76da
54c4
6a57
e2e3
6bd0
7dee
c417
c492
74be
5609
6aa4
e2b8
6bc9
7dee
f7a3
d42c
726d
574b
6af0
e28e
6bc1
7ded
2ca6
e48d
6fe8
5888
6b3c
e263
6bba
7dec
59d6
f56b
6d30
59c2
6b87
e239
6bb2
7deb
7749
0679
6a46
5af7
6bd2
e20e
6bab
7deb
7fd6
1769
672c
5c29
6c1c
e1e4
6ba3
7dea
71fd
27ef
63e3
5d56
6c66
e1b9
6b9c
7de9
502b
37c0
606c
5e7f
6caf
e18f
6b94
7de8
204d
4693
5cca
5fa3
6cf8
e165
6b8d
7de7
eac7
5425
58fd
60c4
6d40
e13a
6b85
7de7
b8f8
6039
5508
61df
6d88
e110
6b7e
7de6
939b
6a97
50ec
62f7
6dcf
e0e5
6b76
7de5
813d
7311
4cab
640a
6e16
e0bb
6b6f
7de4
8514
7980
4848
6518
6e5c
e091
6b67
7de3
9e74
7dc7
43c3
6622
6ea2
e066
6b60
7de3
c8ec
7fd1
3f20
6727
6ee7
e03c
6b58
7de2
fd0a
7f97
3a60
6827
6f2c
e012
6b51
7de1
31ad
7d19
3585
6923
6f70
dfe7
6b49
7de0
5d9c
7862
3092
6a1a
6fb4
dfbd
6b42
7ddf
7924
7188
2b89
6b0c
6ff7
df93
6b3a
7ddf
7f73
68aa
266c
6bf9
7039
df68
6b32
7dde
6f6d
5df0
213e
6ce1
707c
df3e
6b2b
7ddd
4be1
518b
1c00
6dc4
70bd
df14
6b23
7ddc
1b0a
43b4
16b6
6ea3
70ff
deea
6b1c
7ddb
e576
34a8
1161
6f7c
713f
debf
6b14
7ddb
b489
24ae
0c04
7050
717f
de95
6b0d
7dda
90d4
140c
06a2
711f
71bf
de6b
6b05
7dd9
809a
0310
013d
71e9
71fe
de41
6afd
7dd8
86b2
f205
fbd8
72ae
723d
de17
6af6
7dd8
a20b
e13a
f674
736d
727b
dded
6aee
7dd7
cdda
d0fb
f115
7427
72b8
ddc3
6ae7
7dd6
0273
c192
ebbc
74dc
72f5
dd98
6adf
7dd5
369e
b344
e66d
758c
7332
dd6e
6ad7
7dd4
6137
a654
e129
7636
736e
dd44
6ad0
7dd4
7ac8
9afb
dbf3
76db
73a9
dd1a
6ac8
7dd3
7ed5
916d
d6ce
777b
73e4
dcf0
6ac1
7dd2
6caa
89d6
d1bb
7815
741f
dcc6
6ab9
7dd1
4775
8457
ccbe
78a9
7458
dc9c
6ab1
7dd0
15bb
810b
c7d8
7938
7492
dc72
6aaa
7dcf
e032
8000
c30b
79c2
74cb
dc48
6aa2
7dcf
b03c
813b
be5a
7a46
7503
dc1e
6a9a
7dce
8e3f
84b7
b9c7
7ac4
753b
dbf4
6a93
7dcd
8031
8a62
b554
7b3d
7572
dbca
6a8b
7dcc
8887
9224
b103
7bb0
75a9
dba1
6a83
7dcb
a5cc
9bda
acd6
7c1e
75df
db77
6a7c
7dcb
d2df
a757
a8cf
7c86
7614
db4d
6a74
7dca
07da
b467
a4f0
7ce8
7649
db23
6a6c
7dc9
3b75
c2ce
a13a
7d45
767e
daf9
6a65
7dc8
64a5
d24c
9daf
7d9c
76b2
dacf
6a5d
7dc7
7c33
e299
9a51
7ded
76e5
daa5
6a55
7dc7
7dfe
f36c
9721
7e39
7718
da7c
6a4e
7dc6
69b6
0479
9421
7e7e
774b
da52
6a46
7dc5
42e8
1571
9151
7ebe
777c
da28
6a3e
7dc4
1061
2607
8eb5
7ef8
77ae
d9fe
6a37
7dc3
dafc
35f1
8c4c
7f2d
77de
d9d5
6a2f
7dc3
ac13
44e5
8a17
7f5b
780f
d9ab
6a27
7dc2
8bde
52a0
8818
7f84
783e
d981
6a1f
7dc1
8002
5ee4
8650
7fa7
786d
d958
6a18
7dc0
8a93
6978
84bf
7fc5
789c
d92e
6a10
7dbf
a9b7
722d
8367
7fdc
78ca
d904
6a08
7dbe
d7f9
78db
8247
7fee
78f7
d8db
6a01
7dbe
0d3e
7d64
8160
7ff9
7924
d8b1
69f9
7dbd
4032
7fb2
80b3
7fff
7951
d888
69f1
7dbc
67e6
7fbc
8040
7fff
797c
d85e
69e9
7dbb
7d65
7d82
8007
7ffa
79a8
d835
69e1
7dba
7ced
790c
8008
7fee
79d2
d80b
69da
7dba
6691
7271
8043
7fdd
79fd
d7e2
69d2
7db9
3e3c
69ce
80b9
7fc5
7a26
d7b8
69ca
7db8
0b01
5f49
8169
7fa8
7a4f
d78f
69c2
7db7
d5d7
5314
8252
7f86
7a78
d765
69bb
7db6
a811
4564
8374
7f5d
7a9f
d73c
69b3
7db5
89b3
367a
84cf
7f2f
7ac7
d712
69ab
7db5
800f
2697
8662
7efa
7aee
d6e9
69a3
7db4
8cd5
1606
882d
7ec0
7b14
d6bf
699b
7db3
adca
0510
8a2e
7e81
7b3a
d696
6994
7db2
dd25
f403
8c64
7e3b
7b5f
d66d
698c
7db1
129c
e32d
8ed0
7df0
7b83
d643
6984
7db0
44d1
d2d9
916e
7d9f
7ba7
d61a
697c
7db0
6af6
c353
9440
7d48
7bcb
d5f1
6974
7daf
7e5f
b4e1
9742
7cec
7bed
d5c8
696c
7dae
7ba3
a7c4
9a74
7c8a
7c10
d59e
6965
7dad
633d
9c38
9dd4
7c22
7c31
d575
695d
7dac
3974
9272
a160
7bb4
7c53
d54c
6955
7dac
059b
8a9e
a518
7b41
7c73
d523
694d
7dab
d0c6
84e0
a8f9
7ac9
7c93
d4fa
6945
7daa
a437
8151
ad02
7a4a
7cb3
d4d0
693d
7da9
87bd
8002
b131
79c6
7cd2
d4a7
6936
7da8
8055
80f8
b583
793d
7cf0
d47e
692e
7da7
8f4c
8431
b9f8
78ae
7d0e
d455
6926
7da7
b202
899c
be8c
781a
7d2b
d42c
691e
7da6
e261
9121
c33e
7780
7d48
d403
6916
7da5
17f2
9a9e
c80c
76e1
7d64
d3da
690e
7da4
4950
a5e8
ccf3
763c
7d7f
d3b1
6906
7da3
6dd6
b2cc
d1f1
7592
7d9a
d388
68fe
7da2
7f1e
c10e
d705
74e2
7db4
d35f
68f6
7da2
7a20
d06f
dc2b
742e
7dce
d336
68ee
7da1
5fbc
e0a8
e161
7374
7de7
d30d
68e7
7da0
3492
f16f
e6a5
72b4
7e00
d2e4
68df
7d9f
0032
0279
ebf5
71f0
7e18
d2bb
68d7
7d9e
cbca
1377
f14e
7126
7e2f
d293
68cf
7d9d
a087
241d
f6ae
7057
7e46
d26a
68c7
7d9c
85ff
341e
fc11
6f83
7e5d
d241
68bf
7d9c
80d6
4333
0177
6eaa
7e72
d218
68b7
7d9b
91f6
5117
06dc
6dcc
7e88
d1ef
68af
7d9a
b65d
5d89
0c3e
6ce9
7e9c
d1c7
68a7
7d99
e7ab
6853
119a
6c01
7eb0
d19e
689f
7d98
1d3c
7142
16ee
6b14
7ec4
d175
6897
7d97
4dae
782f
1c38
6a22
7ed7
d14c
688f
7d97
7084
7cf9
2175
692b
7ee9
d124
6887
7d96
7fa3
7f8b
26a3
6830
7efb
d0fb
687f
7d95
7865
7fd9
2bbf
6730
7f0c
d0d2
6877
7d94
5c0f
7de2
30c7
662b
7f1c
d0aa
686f
7d93
2f98
79af
35ba
6521
7f2c
d081
6867
7d92
faca
7353
3a93
6413
7f3c
d059
685f
7d92
c6e6
6aeb
3f52
6300
7f4a
d030
6857
7d91
9d03
609c
43f4
61e9
7f59
d008
684f
7d90
8478
5497
4877
60cd
7f66
cfdf
6847
7d8f
8192
4711
4cda
5fad
7f73
cfb7
683f
7d8e
94d2
3847
5119
5e89
7f80
cf8e
6837
7d8d
bada
287e
5533
5d60
7f8c
cf66
682f
7d8c
ed00
17fd
5927
5c33
7f97
cf3d
6827
7d8c
227a
070f
5cf2
5b02
7fa2
cf15
681f
7d8b
51e9
f601
6092
59cd
7fac
ceed
6817
7d8a
72ff
e521
6407
5893
7fb6
cec4
680f
7d89
7fee
d4ba
674e
5756
7fbf
ce9c
6807
7d88
7674
c518
6a66
5614
7fc7
ce74
67ff
7d87
5838
b682
6d4e
54cf
7fcf
ce4b
67f7
7d86
2a88
a93a
7004
5386
7fd6
ce23
67ef
7d86
f564
9d7c
7287
5239
7fdd
cdfb
67e7
7d85
c21c
937f
74d6
50e8
7fe3
cdd3
67df
7d84
99ac
8b6e
76ef
4f94
7fe9
cdaa
67d7
7d83
8329
856f
78d3
4e3c
7fed
cd82
67cf
7d82
8287
819e
7a80
4ce0
7ff2
cd5a
67c6
7d81
97e0
800b
7bf4
4b81
7ff6
cd32
67be
7d80
bf77
80bd
7d31
4a1e
7ff9
cd0a
67b6
7d80
f25d
83b3
7e34
48b8
7ffb
cce2
67ae
7d7f
27a7
88dd
7efe
474f
7ffd
ccba
67a6
7d7e
55fe
9024
7f8e
45e3
7fff
cc92
679e
7d7d
7544
9969
7fe4
4473
7fff
cc6a
6796
7d7c
7fff
a47f
7fff
4300
7fff
cc42
678e
7d7b
744c
b136
7fe2
418a
7fff
cc1a
6786
7d7a
5439
bf52
7f89
4011
7fff
cbf2
677d
7d7a
2564
ce95
7ef6
3e96
7ffd
cbca
6775
7d79
f003
deb8
7e2a
3d17
7ffb
cba2
676d
7d78
bd6e
ef73
7d24
3b96
7ff9
cb7a
6765
7d77
9683
0078
7be5
3a12
7ff5
cb52
675d
7d76
8214
117c
7a6e
388b
7ff2
cb2b
6755
7d75
83b5
2230
78bf
3702
7fed
cb03
674d
7d74
9b1d
3249
76d9
3576
7fe8
cadb
6744
7d74
c432
417d
74bd
33e8
7fe3
cab3
673c
7d73
f7c1
4f88
726c
3257
7fdd
ca8c
6734
7d72
2cc2
5c29
6fe7
30c4
7fd6
ca64
672c
7d71
59ec
6727
6d2e
2f2f
7fcf
ca3c
6724
7d70
7754
7050
6a45
2d98
7fc7
ca15
671c
7d6f
7fd5
777a
672a
2bfe
7fbe
c9ed
6713
7d6e
71ef
7c86
63e1
2a63
7fb5
c9c5
670b
7d6d
5013
7f5b
606a
28c6
7fac
c99e
6703
7d6d
2030
7fee
5cc8
2727
7fa1
c976
66fb
7d6c
eaa9
7e3b
58fb
2586
7f97
c94f
66f3
7d6b
b8df
7a4a
5506
23e3
7f8b
c927
66ea
7d6a
938b
742e
50ea
223f
7f7f
c900
66e2
7d69
8138
6c01
4ca9
2099
7f73
c8d8
66da
7d68
851c
61e9
4845
1ef2
7f66
c8b1
66d2
7d67
9e88
5614
43c1
1d49
7f58
c88a
66c9
7d66
c907
48b8
3f1d
1b9f
7f4a
c862
66c1
7d66
fd28
3a12
3a5d
19f4
7f3b
c83b
66b9
7d65
31c9
2a63
3582
1847
7f2b
c813
66b1
7d64
5db1
19f4
308f
169a
7f1b
c7ec
66a8
7d63
792e
090f
2b86
14eb
7f0b
c7c5
66a0
7d62
7f70
f800
2669
133c
7efa
c79e
6698
7d61
6f5e
e716
213b
118b
7ee8
c776
6690
7d60
4bc9
d69d
1bfd
0fda
7ed6
c74f
6687
7d5f
1aec
c6e1
16b3
0e28
7ec3
c728
667f
7d5f
e558
b828
115e
0c75
7eaf
c701
6677
7d5e
b470
aab5
0c01
0ac2
7e9b
c6da
666f
7d5d
90c5
9ec7
069f
090f
7e87
c6b3
6666
7d5c
8097
9492
013a
075a
7e71
c68c
665e
7d5b
86bb
8c45
fbd5
05a6
7e5c
c665
6656
7d5a
a21f
8607
f671
03f1
7e45
c63e
664d
7d59
cdf6
81f3
f112
023d
7e2e
c617
6645
7d58
0291
801c
ebb9
0088
7e17
c5f0
663d
7d57
36b9
808a
e66a
fed3
7dff
c5c9
6634
7d57
614b
833c
e126
fd1e
7de6
c5a2
662c
7d56
7ad0
8825
dbf0
fb69
7dcd
c57b
6624
7d55
7ed1
8f2f
d6cb
f9b4
7db3
c554
661b
7d54
6c9a
9839
d1b9
f800
7d99
c52d
6613
7d53
475c
a31c
ccbb
f64c
7d7e
c507
660b
7d52
159d
afa4
c7d5
f499
7d62
c4e0
6602
7d51
e014
bd9a
c309
f2e6
7d46
c4b9
65fa
7d50
b024
ccbe
be58
f133
7d2a
c492
65f2
7d4f
8e31
dcca
b9c5
ef82
7d0c
c46c
65e9
7d4f
802f
ed77
b552
edd1
7cef
c445
65e1
7d4e
8892
fe78
b101
ec21
7cd0
c41e
65d9
7d4d
a5e2
0f80
acd4
ea71
7cb1
c3f8
65d0
7d4c
d2fc
2041
a8cd
e8c3
7c92
c3d1
65c8
7d4b
07f9
3070
a4ee
e716
7c72
c3ab
65bf
7d4a
3b90
3fc3
a138
e56a
7c51
c384
65b7
7d49
64b8
4df4
9dad
e3bf
7c30
c35e
65af
7d48
7c3a
5ac2
9a4f
e216
7c0e
c337
65a6
7d47
7df8
65f4
971f
e06e
7bec
c311
659e
7d47
69a5
6f57
941f
dec7
7bc9
c2ea
6596
7d46
42ce
76bf
9150
dd22
7ba6
c2c4
658d
7d45
1043
7c0c
8eb3
db7e
7b82
c29e
6585
7d44
dadf
7f24
8c4a
d9dc
7b5d
c277
657c
7d43
abfc
7ffb
8a16
d83c
7b38
c251
6574
7d42
8bd2
7e8c
8817
d69d
7b12
c22b
656b
7d41
8002
7ade
864f
d501
7aec
c204
6563
7d40
8aa0
7501
84bf
d366
7ac5
c1de
655b
7d3f
a9ce
6d11
8366
d1ce
7a9e
c1b8
6552
7d3e
d816
6330
8246
d037
7a76
c192
654a
7d3e
0d5d
578d
8160
cea3
7a4d
c16c
6541
7d3d
404c
4a5c
80b3
cd11
7a24
c146
6539
7d3c
67f7
3bd9
8040
cb81
79fb
c11f
6530
7d3b
7d6b
2c45
8007
c9f4
79d1
c0f9
6528
7d3a
7ce6
1be9
8008
c869
79a6
c0d3
651f
7d39
667f
0b0d
8044
c6e1
797b
c0ad
6517
7d38
3e22
fa00
80b9
c55b
794f
c087
650e
7d37
0ae2
e90e
8169
c3d8
7922
c062
6506
7d36
d5bb
d884
8252
c257
78f5
c03c
64fd
7d35
a7fb
c8ad
8375
c0da
78c8
c016
64f5
7d34
89a7
b9d2
84d0
bf5f
789a
bff0
64ec
7d34
8010
ac36
8663
bde8
786b
bfca
64e4
7d33
8ce3
a017
882e
bc73
783c
bfa4
64db
7d32
ade1
95ac
8a2f
bb01
780d
bf7f
64d3
7d31
dd43
8d24
8c66
b993
77dc
bf59
64ca
7d30
12ba
86a6
8ed1
b828
77ac
bf33
64c2
7d2f
44ea
8250
9170
b6c0
777a
bf0d
64b9
7d2e
6b07
8035
9441
b55b
7748
bee8
64b1
7d2d
7e63
805f
9744
b3fa
7716
bec2
64a8
7d2c
7b9b
82ce
9a75
b29c
76e3
be9d
64a0
7d2b
632a
8775
9dd6
b142
76b0
be77
6497
7d2a
3959
8e40
a162
afeb
767c
be52
648f
7d2a
057c
9711
a51a
ae98
7647
be2c
6486
7d29
d0aa
a1be
a8fc
ad49
7612
be07
647e
7d28
a422
ae18
ad05
abfd
75dc
bde1
6475
7d27
87b3
bbe6
b133
aab5
75a6
bdbc
646c
7d26
8058
caea
b586
a971
756f
bd96
6464
7d25
8f5a
dadf
b9fa
a831
7538
bd71
645b
7d24
b21a
eb7d
be8f
a6f5
7500
bd4c
6453
7d23
e27f
fc78
c341
a5be
74c8
bd26
644a
7d22
1810
0d83
c80e
a48a
748f
bd01
6442
7d21
4969
1e51
ccf6
a35a
7456
bcdc
6439
7d20
6de6
2e95
d1f4
a22f
741c
bcb7
6430
7d1f
7f21
3e05
d707
a108
73e2
bc92
6428
7d1f
7a17
4c5b
dc2e
9fe5
73a7
bc6d
641f
7d1e
5fa8
5956
e164
9ec6
736b
bc47
6417
7d1d
3477
64bb
e6a8
9dac
732f
bc22
640e
7d1c
0014
6e56
ebf8
9c97
72f3
bbfd
6405
7d1b
cbae
75fc
f151
9b86
72b6
bbd8
63fd
7d1a
a073
7b89
f6b1
9a7a
7278
bbb3
63f4
7d19
85f5
7ee5
fc14
9972
723a
bb8e
63eb
7d18
80da
7fff
017a
986f
71fb
bb6a
63e3
7d17
9205
7ed5
06df
9770
71bc
bb45
63da
7d16
b676
7b6a
0c41
9677
717d
bb20
63d1
7d15
e7c9
75cd
119d
9582
713c
bafb
63c9
7d14
1d5a
6e19
16f1
9492
70fc
bad6
63c0
7d13
4dc7
6471
1c3b
93a7
70ba
bab1
63b8
7d12
7093
5900
2178
92c0
7079
ba8d
63af
7d12
7fa5
4bfa
26a6
91df
7037
ba68
63a6
7d11
785b
3d9b
2bc2
9103
6ff4
ba43
639e
7d10
5bfa
2e25
30ca
902c
6fb1
ba1f
6395
7d0f
2f7c
1ddc
35bc
8f5a
6f6d
b9fa
638c
7d0e
faac
0d0b
3a96
8e8d
6f29
b9d6
6383
7d0d
c6cb
fc00
3f55
8dc5
6ee4
b9b1
637b
7d0c
9cef
eb06
43f7
8d03
6e9f
b98d
6372
7d0b
8470
da6c
487a
8c45
6e59
b968
6369
7d0a
8196
ca7d
4cdc
8b8d
6e12
b944
6361
7d09
94e3
bb81
511b
8ada
6dcc
b91f
6358
7d08
baf4
adbc
5535
8a2d
6d84
b8fb
634f
7d07
ed1e
a16d
5929
8985
6d3d
b8d7
6347
7d06
2297
96cc
5cf4
88e2
6cf4
b8b2
633e
7d05
5200
8e0a
6094
8845
6cac
b88e
6335
7d04
730c
874d
6409
87ad
6c62
b86a
632c
7d04
7fef
82b5
6750
871b
6c19
b846
6324
7d03
7668
8056
6a68
868e
6bce
b821
631b
7d02
5822
803c
6d50
8607
6b84
b7fd
6312
7d01
2a6b
8267
7005
8585
6b38
b7d9
6309
7d00
f546
86cd
7288
8509
6aed
b7b5
6301
7cff
c201
8d59
74d7
8492
6aa0
b791
62f8
7cfe
9999
95ef
76f1
8422
6a54
b76d
62ef
7cfd
8323
a067
78d4
83b6
6a07
b749
62e6
7cfc
828d
ac91
7a80
8351
69b9
b725
62de
7cfb
97f1
ba37
7bf5
82f1
696b
b701
62d5
7cfa
bf91
c919
7d31
8296
691c
b6dd
62cc
7cf9
f27b
d8f6
7e35
8242
68cd
b6b9
62c3
7cf8
27c4
e984
7efe
81f3
687d
b696
62ba
7cf7
5615
fa78
7f8e
81aa
682d
b672
62b2
7cf6
7550
0b85
7fe4
8167
67dd
b64e
62a9
7cf5
7ffe
1c5e
7fff
8129
678c
b62a
62a0
7cf4
743f
2cb6
7fe1
80f1
673a
b607
6297
7cf3
5422
3c43
7f89
80bf
66e9
b5e3
628e
7cf3
2547
4abd
7ef6
8093
6696
b5bf
6286
7cf2
efe4
57e4
7e29
806c
6643
b59c
627d
7cf1
bd54
637c
7d23
804c
65f0
b578
6274
7cf0
9672
6d4f
7be4
8031
659c
b555
626b
7cef
820f
7532
7a6d
801c
6548
b531
6262
7cee
83bc
7aff
78be
800d
64f3
b50e
6259
7ced
9b2f
7e9e
76d8
8004
649e
b4ea
6251
7cec
c44c
7ffd
74bc
8000
6448
b4c7
6248
7ceb
f7df
7f16
726a
8002
63f2
b4a4
623f
7cea
2cdf
7bee
6fe5
800a
639c
b480
6236
7ce9
5a02
7692
6d2d
8018
6345
b45d
622d
7ce8
775f
6f1b
6a43
802c
62ed
b43a
6224
7ce7
7fd3
65ab
6728
8046
6295
b417
621b
7ce6
71e1
5a6d
63df
8065
623d
b3f4
6212
7ce5
4ffc
4d94
6068
808a
61e4
b3d0
620a
7ce4
2012
3f5b
5cc6
80b6
618b
b3ad
6201
7ce3
ea8b
3001
58f9
80e6
6131
b38a
61f8
7ce2
b8c6
1fcd
5504
811d
60d7
b367
61ef
7ce1
937b
0f09
50e8
8159
607c
b344
61e6
7ce0
8134
fe00
4ca7
819b
6021
b321
61dd
7cdf
8525
ed00
4843
81e3
5fc6
b2fe
61d4
7cdf
9e9b
dc57
43be
8231
5f6a
b2dc
61cb
7cde
c923
cc50
3f1b
8284
5f0e
b2b9
61c2
7cdd
fd47
bd34
3a5a
82dd
5eb1
b296
61b9
7cdc
31e5
af47
3580
833c
5e54
b273
61b1
7cdb
5dc5
a2c9
308d
83a1
5df6
b250
61a8
7cda
7938
97f3
2b83
840b
5d98
b22e
619f
7cd9
7f6d
8ef6
2666
847b
5d3a
b20b
6196
7cd8
6f4f
87fb
2138
84f0
5cdb
b1e8
618d
7cd7
4bb0
8322
1bfa
856b
5c7b
b1c6
6184
7cd6
1acf
8080
16b0
85ec
5c1c
b1a3
617b
7cd5
e53b
8021
115b
8672
5bbb
b181
6172
7cd4
b458
8208
0bfe
86fd
5b5b
b15e
6169
7cd3
90b6
862c
069c
878f
5afa
b13c
6160
7cd2
8094
8c79
0137
8825
5a98
b119
6157
7cd1
86c5
94d3
fbd2
88c1
5a37
b0f7
614e
7cd0
a234
9f15
f66e
8963
59d4
b0d4
6145
7ccf
ce12
ab0f
f10f
8a0a
5972
b0b2
613c
7cce
02b0
b88b
ebb6
8ab6
590f
b090
6133
7ccd
36d5
c74c
e667
8b68
58ab
b06e
612a
7ccc
615e
d70f
e123
8c1f
5847
b04b
6121
7ccb
7ad9
e78c
dbed
8cdb
57e3
b029
6118
7cca
7ecd
f878
d6c8
8d9c
577f
b007
610f
7cc9
6c8a
0987
d1b6
8e63
5719
afe5
6106
7cc8
4743
1a6a
ccb8
8f2f
56b4
afc3
60fd
7cc7
157f
2ad4
c7d2
9000
564e
afa1
60f4
7cc6
dff7
3a7d
c306
90d6
55e8
af7f
60eb
7cc5
b00c
491b
be55
91b1
5581
af5d
60e2
7cc4
8e23
566d
b9c2
9291
551a
af3b
60d9
7cc3
802e
6236
b550
9377
54b3
af19
60d0
7cc2
889d
6c41
b0ff
9461
544b
aef7
60c7
7cc1
a5f7
7460
acd2
9550
53e3
aed6
60be
7cc0
d318
7a6e
a8cb
9643
537a
aeb4
60b5
7cbf
0817
7e4f
a4eb
973c
5311
ae92
60ac
7cbe
3bab
7ff2
a136
983a
52a8
ae70
60a3
7cbe
64cb
7f4f
9dab
993c
523e
ae4f
609a
7cbd
7c42
7c6a
9a4d
9a43
51d4
ae2d
6091
7cbc
7df3
774f
971d
9b4e
516a
ae0b
6087
7cbb
6993
7016
941d
9c5e
50ff
adea
607e
7cba
42b4
66df
914e
9d73
5094
adc8
6075
7cb9
1025
5bd5
8eb2
9e8c
5028
ada7
606c
7cb8
dac2
4f29
8c49
9fa9
4fbc
ad85
6063
7cb7
abe5
4116
8a15
a0cb
4f50
ad64
605a
7cb6
8bc5
31da
8816
a1f1
4ee3
ad43
6051
7cb5
8002
21bc
864e
a31c
4e76
ad21
6048
7cb4
8aac
1105
84be
a44b
4e09
ad00
603f
7cb3
a9e4
0000
8365
a57e
4d9b
acdf
6036
7cb2
d833
eefb
8246
a6b5
4d2d
acbe
602c
7cb1
0d7b
de44
815f
a7f0
4cbf
ac9d
6023
7cb0
4066
ce26
80b2
a92f
4c50
ac7b
601a
7caf
6809
beeb
803f
aa72
4be1
ac5a
6011
7cae
7d72
b0d7
8007
abb9
4b72
ac39
6008
7cad
7cdf
a42b
8008
ad04
4b02
ac18
5fff
7cac
666c
9921
8044
ae52
4a92
abf7
5ff6
7cab
3e07
8fea
80ba
afa4
4a21
abd6
5fed
7caa
0ac4
88b1
8169
b0fa
49b0
abb5
5fe3
7ca9
d59e
8396
8253
b254
493f
ab95
5fda
7ca8
a7e5
80b1
8375
b3b1
48ce
ab74
5fd1
7ca7
899c
800e
84d1
b512
485c
ab53
5fc8
7ca6
8011
81b1
8664
b675
47ea
ab32
5fbf
7ca5
8cf0
8592
882f
b7dd
4777
ab11
5fb6
7ca4
adf8
8ba0
8a30
b947
4704
aaf1
5fac
7ca3
dd60
93bf
8c67
bab5
4691
aad0
5fa3
7ca2
12d8
9dc9
8ed3
bc26
461e
aab0
5f9a
7ca1
4504
a992
9172
bd9a
45aa
aa8f
5f91
7ca0
6b18
b6e4
9443
bf11
4536
aa6e
5f88
7c9f
7e68
c583
9745
c08b
44c2
aa4e
5f7e
7c9e
7b93
d52b
9a77
c208
444d
aa2e
5f75
7c9d
6317
e596
9dd8
c388
43d8
aa0d
5f6c
7c9c
393e
f679
a165
c50b
4363
a9ed
5f63
7c9b
055e
0787
a51d
c690
42ed
a9cc
5f5a
7c9a
d08d
1873
a8fe
c818
4277
a9ac
5f50
7c99
a40d
28f0
ad07
c9a2
4201
a98c
5f47
7c98
87a8
38b3
b136
cb2f
418a
a96c
5f3e
7c97
805a
4774
b588
ccbe
4113
a94c
5f35
7c96
8f69
54f1
b9fd
ce4f
409c
a92b
5f2b
7c95
b232
60eb
be91
cfe3
4025
a90b
5f22
7c94
e29d
6b2c
c343
d179
3fad
a8eb
5f19
7c93
182e
7387
c811
d311
3f35
a8cb
5f10
7c92
4982
79d4
ccf8
d4ac
3ebd
a8ab
5f06
7c91
6df6
7df8
d1f7
d648
3e44
a88b
5efd
7c90
7f25
7fdf
d70a
d7e6
3dcb
a86c
5ef4
7c8f
7a0e
7f80
dc30
d986
3d52
a84c
5eeb
7c8e
5f94
7cde
e167
db27
3cd9
a82c
5ee1
7c8d
345b
7805
e6ab
dccb
3c5f
a80c
5ed8
7c8c
fff6
710a
ebfb
de6f
3be5
a7ec
5ecf
7c8b
cb92
680d
f154
e016
3b6b
a7cd
5ec6
7c8a
a05f
5d37
f6b4
e1be
3af0
a7ad
5ebc
7c89
85ec
50b9
fc17
e367
3a75
a78d
5eb3
7c88
80dd
42cd
017d
e512
39fa
a76e
5eaa
7c87
9215
33b1
06e2
e6bd
397f
a74e
5ea0
7c86
b68f
23a9
0c44
e86a
3903
a72f
5e97
7c85
e7e7
1300
11a0
ea18
3888
a70f
5e8e
7c84
1d78
0201
16f4
ebc7
380c
a6f0
5e84
7c83
4ddf
f0f8
1c3e
ed77
378f
a6d1
5e7b
7c82
70a1
e033
217b
ef28
3713
a6b1
5e72
7c81
7fa8
cfff
26a9
f0da
3696
a692
5e68
7c80
7851
c0a6
2bc5
f28c
3619
a673
5e5f
7c7f
5be5
b26c
30cd
f43f
359b
a654
5e56
7c7e
2f60
a593
35bf
f5f2
351e
a634
5e4c
7c7d
fa8d
9a55
3a99
f7a6
34a0
a615
5e43
7c7c
c6af
90e5
3f57
f95a
3422
a5f6
5e3a
7c7b
9cdc
896e
43f9
fb0f
33a3
a5d7
5e30
7c7a
8468
8412
487c
fcc3
3325
a5b8
5e27
7c79
819b
80ea
4cde
fe78
32a6
a599
5e1e
7c78
94f4
8003
511e
002d
3227
a57a
5e14
7c77
bb0d
8162
5538
01e2
31a8
a55b
5e0b
7c75
ed3c
8501
592b
0397
3128
a53d
5e02
7c74
22b4
8ace
5cf6
054c
30a9
a51e
5df8
7c73
5218
92b1
6096
0700
3029
a4ff
5def
7c72
7319
9c84
640b
08b4
2fa9
a4e0
5de5
7c71
7ff0
a81b
6752
0a68
2f28
a4c2
5ddc
7c70
765d
b542
6a6a
0c1b
2ea8
a4a3
5dd3
7c6f
580c
c3bd
6d51
0dce
2e27
a485
5dc9
7c6e
2a4f
d34a
7007
0f80
2da6
a466
5dc0
7c6d
f527
e3a2
728a
1132
2d25
a447
5db6
7c6c
c1e7
f47a
74d8
12e2
2ca3
a429
5dad
7c6b
9987
0588
76f2
1492
2c22
a40b
5da4
7c6a
831c
167c
78d5
1641
2ba0
a3ec
5d9a
7c69
8293
270a
7a81
17ee
2b1e
a3ce
5d91
7c68
9803
36e6
7bf6
199b
2a9c
a3b0
5d87
7c67
bfac
45c9
7d32
1b47
2a19
a391
5d7e
7c66
f29a
536f
7e35
1cf1
2997
a373
5d74
7c65
27e1
5f99
7eff
1e9a
2914
a355
5d6b
7c64
562b
6a11
7f8f
2042
2891
a337
5d62
7c63
755d
72a7
7fe4
21e8
280e
a319
5d58
7c62
7ffe
7933
7fff
238c
278a
a2fb
5d4f
7c61
7433
7d99
7fe1
252f
2707
a2dd
5d45
7c60
540b
7fc4
7f88
26d1
2683
a2bf
5d3c
7c5f
252a
7faa
7ef6
2870
25ff
a2a1
5d32
7c5e
efc6
7d4b
7e29
2a0e
257b
a283
5d29
7c5d
bd3a
78b3
7d23
2ba9
24f7
a265
5d1f
7c5c
9661
71f7
7be4
2d43
2473
a247
5d16
7c5b
8209
6934
7a6c
2edb
23ee
a22a
5d0c
7c5a
83c3
5e93
78bd
3070
2369
a20c
5d03
7c59
9b42
5244
76d7
3204
22e5
a1ee
5cf9
7c58
c467
4480
74ba
3395
2260
a1d1
5cf0
7c57
f7fe
3584
7269
3524
21da
a1b3
5ce6
7c56
2cfb
2594
6fe4
36b0
2155
a196
5cdd
7c55
5a17
14fa
6d2b
383a
20d0
a178
5cd3
7c53
776a
0401
6a41
39c1
204a
a15b
5cca
7c52
7fd1
f2f5
6727
3b46
1fc4
a13d
5cc0
7c51
71d3
e225
63dd
3cc8
1f3e
a120
5cb7
7c50
4fe4
d1dc
6066
3e47
1eb8
a103
5cad
7c4f
1ff5
c265
5cc4
3fc3
1e32
a0e5
5ca4
7c4e
ea6d
b406
58f7
413c
1dac
a0c8
5c9a
7c4d
b8ac
a700
5501
42b3
1d25
a0ab
5c91
7c4c
936b
9b8f
50e5
4426
1c9e
a08e
5c87
7c4b
8130
91e7
4ca4
4597
1c18
a071
5c7d
7c4a
852d
8a33
4840
4704
1b91
a054
5c74
7c49
9eaf
8497
43bc
486e
1b0a
a037
5c6a
7c48
c93e
812b
3f18
49d4
1a83
a01a
5c61
7c47
fd65
8000
3a58
4b38
19fb
9ffd
5c57
7c46
3201
811b
357d
4c97
1974
9fe0
5c4e
7c45
5dda
8477
308a
4df4
18ed
9fc3
5c44
7c44
7942
8a04
2b80
4f4d
1865
9fa6
5c3a
7c43
7f6a
91a9
2663
50a2
17dd
9f8a
5c31
7c42
6f40
9b45
2135
51f3
1756
9f6d
5c27
7c41
4b98
a6aa
1bf7
5341
16ce
9f50
5c1e
7c40
1ab1
b3a5
16ad
548b
1646
9f34
5c14
7c3f
e51d
c1fb
1158
55d1
15bd
9f17
5c0b
7c3e
b43f
d16b
0bfb
5714
1535
9efa
5c01
7c3c
90a7
e1af
0699
5852
14ad
9ede
5bf7
7c3b
8091
f27d
0134
598c
1424
9ec2
5bee
7c3a
86cf
0388
fbcf
5ac2
139c
9ea5
5be4
7c39
a249
1483
f66b
5bf4
1313
9e89
5bda
7c38
ce2e
2521
f10c
5d22
128b
9e6c
5bd1
7c37
02ce
3516
ebb3
5e4c
1202
9e50
5bc7
7c36
36f0
4419
e664
5f71
1179
9e34
5bbe
7c35
6172
51e8
e120
6092
10f0
9e18
5bb4
7c34
7ae1
5e42
dbeb
61af
1067
9dfc
5baa
7c33
7ec9
68ef
d6c5
62c7
0fde
9de0
5ba1
7c32
6c7a
71bf
d1b3
63db
0f55
9dc4
5b97
7c31
4729
788b
ccb6
64ea
0ecc
9da8
5b8d
7c30
1561
7d32
c7d0
65f4
0e42
9d8c
5b84
7c2f
dfda
7fa1
c303
66fa
0db9
9d70
5b7a
7c2e
aff4
7fcb
be53
67fb
0d30
9d54
5b70
7c2d
8e15
7db0
b9c0
68f8
0ca6
9d38
5b67
7c2c
802c
795a
b54d
69ef
0c1d
9d1c
5b5d
7c2b
88a8
72dc
b0fc
6ae2
0b93
9d01
5b53
7c29
a60d
6a55
acd0
6bd0
0b09
9ce5
5b4a
7c28
d335
5fe9
a8c9
6cb9
0a80
9cc9
5b40
7c27
0835
53ca
a4e9
6d9d
09f6
9cae
5b36
7c26
3bc6
462e
a134
6e7d
096c
9c92
5b2d
7c25
64dd
3753
9da9
6f57
08e2
9c77
5b23
7c24
7c49
277d
9a4b
702c
0859
9c5b
5b19
7c23
7dee
16f3
971b
70fc
07cf
9c40
5b0f
7c22
6982
0601
941c
71c6
0745
9c24
5b06
7c21
429a
f4f3
914d
728c
06bb
9c09
5afc
7c20
1007
e418
8eb1
734c
0631
9bee
5af2
7c1f
daa5
d3bb
8c48
7408
05a7
9bd3
5ae9
7c1e
abce
c428
8a14
74bd
051d
9bb7
5adf
7c1d
8bb8
b5a5
8815
756e
0493
9b9c
5ad5
7c1c
8001
a873
864d
7619
0408
9b81
5acb
7c1b
8ab8
9cd0
84bd
76bf
037e
9b66
5ac2
7c19
a9fb
92f0
8365
775f
02f4
9b4b
5ab8
7c18
d850
8aff
8245
77fa
026a
9b30
5aae
7c17
0d99
8522
815f
7890
01e0
9b15
5aa4
7c16
4080
8174
80b2
7920
0156
9afb
5a9b
7c15
681b
8005
803f
79aa
00cb
9ae0
5a91
7c14
7d78
80dc
8007
7a2f
0041
9ac5
5a87
7c13
7cd9
83f4
8008
7aaf
ffb7
9aaa
5a7d
7c12
665a
8941
8044
7b29
ff2d
9a90
5a74
7c11
3ded
90a9
80ba
7b9d
fea3
9a75
5a6a
7c10
0aa6
9a0c
816a
7c0c
fe19
9a5a
5a60
7c0f
d581
a53e
8253
7c75
fd8e
9a40
5a56
7c0e
a7cf
b20c
8376
7cd8
fd04
9a25
5a4c
7c0d
8990
c03d
84d2
7d35
fc7a
9a0b
5a43
7c0c
8012
cf8f
8665
7d8d
fbf0
99f0
5a39
7c0a
8cfd
dfbe
8830
7ddf
fb66
99d6
5a2f
7c09
ae0f
f080
8a31
7e2c
fadc
99bc
5a25
7c08
dd7d
0188
8c68
7e73
fa52
99a2
5a1b
7c07
12f7
1288
8ed4
7eb4
f9c8
9987
5a12
7c06
451d
2335
9173
7eef
f93e
996d
5a08
7c05
6b28
3342
9445
7f24
f8b4
9953
59fe
7c04
7e6d
4266
9747
7f54
f82a
9939
59f4
7c03
7b8b
505b
9a79
7f7e
f7a0
991f
59ea
7c02
6304
5ce4
9dda
7fa2
f716
9905
59e0
7c01
3923
67c6
a167
7fc0
f68c
98eb
59d7
7c00
0540
70d1
a51f
7fd8
f602
98d1
59cd
7bff
d071
77db
a900
7feb
f579
98b7
59c3
7bfd
a3f8
7cc4
ad09
7ff8
f4ef
989e
59b9
7bfc
879e
7f76
b138
7fff
f465
9884
59af
7bfb
805c
7fe4
b58b
7fff
f3dc
986a
59a5
7bfa
8f77
7e0d
b9ff
7ffb
f352
9851
599b
7bf9
b24a
79f9
be94
7ff0
f2c9
9837
5992
7bf8
e2ba
73bb
c346
7fe0
f23f
981d
5988
7bf7
184b
6b6e
c814
7fca
f1b6
9804
597e
7bf6
499b
613a
ccfb
7fae
f12d
97ea
5974
7bf5
6e05
554b
d1fa
7f8c
f0a4
97d1
596a
7bf4
7f29
47d9
d70d
7f64
f01a
97b8
5960
7bf3
7a04
3920
dc33
7f37
ef91
979e
5956
7bf1
5f7f
2963
e16a
7f04
ef08
9785
594c
7bf0
343f
18ea
e6ae
7ecb
ee7f
976c
5942
7bef
ffd7
0800
ebfe
7e8c
edf7
9753
5939
7bee
cb77
f6f2
f157
7e47
ed6e
973a
592f
7bed
a04a
e60c
f6b7
7dfd
ece5
9720
5925
7bec
85e3
d59d
fc1a
7dad
ec5d
9707
591b
7beb
80e1
c5ef
0180
7d57
ebd4
96ee
5911
7bea
9225
b748
06e5
7cfc
eb4c
96d6
5907
7be9
b6a8
a9ec
0c47
7c9b
eac3
96bd
58fd
7be8
e804
9e17
11a3
7c34
ea3b
96a4
58f3
7be7
1d95
93ff
16f7
7bc8
e9b3
968b
58e9
7be5
4df7
8bd2
1c41
7b55
e92b
9672
58df
7be4
70b0
85b6
217e
7ade
e8a3
965a
58d5
7be3
7faa
81c5
26ac
7a60
e81b
9641
58cb
7be2
7846
8012
2bc8
79de
e794
9628
58c1
7be1
5bd0
80a4
30d0
7955
e70c
9610
58b7
7be0
2f43
837a
35c2
78c7
e684
95f7
58ad
7bdf
fa6f
8885
3a9b
7834
e5fd
95df
58a3
7bde
c694
8fb0
3f5a
779b
e576
95c6
589a
7bdd
9cc9
98d9
43fc
76fc
e4ef
95ae
5890
7bdc
8460
a3d7
487f
7659
e468
9596
5886
7bda
81a0
b078
4ce1
75b0
e3e1
957d
587c
7bd9
9504
be83
5120
7501
e35a
9565
5872
7bd8
bb27
cdb7
553a
744d
e2d4
954d
5868
7bd7
ed5a
ddcf
592d
7394
e24d
9535
585e
7bd6
22d1
ee84
5cf8
72d6
e1c7
951d
5854
7bd5
522f
ff87
6098
7212
e141
9505
584a
7bd4
7326
108d
640d
7149
e0ba
94ed
5840
7bd3
7ff1
2148
6754
707b
e035
94d5
5836
7bd2
7651
316b
6a6b
6fa8
dfaf
94bd
582c
7bd0
57f6
40ad
6d53
6ed0
df29
94a5
5822
7bcf
2a32
4eca
7008
6df3
dea4
948e
5818
7bce
f509
5b81
728b
6d10
de1e
9476
580e
7bcd
c1cc
6697
74da
6c29
dd99
945e
5803
7bcc
9975
6fdb
76f3
6b3d
dd14
9447
57f9
7bcb
8315
7723
78d6
6a4c
dc8f
942f
57ef
7bca
8299
7c4d
7a82
6956
dc0b
9417
57e5
7bc9
9815
7f42
7bf7
685c
db86
9400
57db
7bc8
bfc6
7ff5
7d33
675c
db02
93e9
57d1
7bc6
f2b8
7e62
7e36
6658
da7d
93d1
57c7
7bc5
27fe
7a91
7eff
654f
d9f9
93ba
57bd
7bc4
5642
7492
7f8f
6442
d976
93a3
57b3
7bc3
7569
6c82
7fe5
6330
d8f2
938b
57a9
7bc2
7ffe
6284
7fff
621a
d86e
9374
579f
7bc1
7426
56c6
7fe1
60ff
d7eb
935d
5795
7bc0
53f4
497e
7f88
5fdf
d768
9346
578b
7bbf
250d
3ae8
7ef5
5ebc
d6e5
932f
5781
7bbe
efa8
2b46
7e28
5d94
d662
9318
5777
7bbc
bd20
1ae0
7d22
5c67
d5e0
9301
576d
7bbb
9650
09ff
7be3
5b37
d55d
92ea
5762
7bba
8204
f8f1
7a6b
5a02
d4db
92d3
5758
7bb9
83cb
e803
78bc
58ca
d459
92bc
574e
7bb8
9b55
d782
76d6
578d
d3d7
92a6
5744
7bb7
c482
c7b9
74b9
564c
d356
928f
573a
7bb6
f81c
b8f0
7268
5507
d2d4
9278
5730
7bb5
2d18
ab6a
6fe2
53bf
d253
9262
5726
7bb3
5a2d
9f64
6d2a
5272
d1d2
924b
571c
7bb2
7775
9516
6a3f
5122
d151
9235
5712
7bb1
7fd0
8cad
6725
4fcf
d0d1
921e
5707
7bb0
71c5
8651
63db
4e77
d050
9208
56fd
7baf
4fcc
821e
6064
4d1c
cfd0
91f2
56f3
7bae
1fd8
8027
5cc2
4bbe
cf50
91db
56e9
7bad
ea4f
8075
58f5
4a5c
ced1
91c5
56df
7bac
b893
8307
54ff
48f6
ce51
91af
56d5
7baa
935b
87d1
50e3
478e
cdd2
9199
56cb
7ba9
812c
8ebe
4ca2
4622
cd53
9183
56c0
7ba8
8536
97ad
483e
44b2
ccd4
916d
56b6
7ba7
9ec3
a276
43b9
4340
cc56
9157
56ac
7ba6
c959
aee9
3f15
41cb
cbd7
9141
56a2
7ba5
fd83
bccc
3a55
4053
cb59
912b
5698
7ba4
321d
cbe1
357a
3ed7
cadb
9115
568e
7ba3
5def
dbe3
3087
3d59
ca5e
90ff
5683
7ba1
794b
ec89
2b7e
3bd8
c9e1
90ea
5679
7ba0
7f67
fd87
2660
3a55
c963
90d4
566f
7b9f
6f31
0e90
2132
38ce
c8e7
90be
5665
7b9e
4b7f
1f58
1bf4
3746
c86a
90a9
565b
7b9d
1a93
2f91
16aa
35ba
c7ee
9093
5650
7b9c
e4ff
3ef1
1155
342c
c772
907e
5646
7b9b
b427
4d34
0bf8
329c
c6f6
9068
563c
7b9a
9098
5a18
0696
310a
c67a
9053
5632
7b98
808e
6562
0131
2f75
c5ff
903d
5628
7b97
86d9
6edf
fbcc
2dde
c584
9028
561d
7b96
a25d
7664
f668
2c45
c509
9013
5613
7b95
ce4a
7bcf
f109
2aaa
c48f
8ffe
5609
7b94
02ec
7f07
ebb0
290d
c414
8fe9
55ff
7b93
370b
7ffe
e661
276e
c39a
8fd4
55f4
7b92
6186
7eaf
e11d
25ce
c321
8fbf
55ea
7b90
7aea
7b21
dbe8
242b
c2a7
8faa
55e0
7b8f
7ec5
7562
d6c2
2287
c22e
8f95
55d6
7b8e
6c6a
6d8e
d1b0
20e2
c1b5
8f80
55cb
7b8d
4710
63c8
ccb3
1f3b
c13d
8f6b
55c1
7b8c
1543
583c
c7cd
1d92
c0c4
8f56
55b7
7b8b
dfbc
4b1f
c301
1be9
c04c
8f42
55ad
7b8a
afdd
3cad
be50
1a3e
bfd5
8f2d
55a2
7b88
8e08
2d27
b9bd
1891
bf5d
8f18
5598
7b87
802a
1cd4
b54b
16e4
bee6
8f04
558e
7b86
88b3
0bfe
b0fa
1535
be6f
8eef
5584
7b85
a623
faf1
accd
1386
bdf9
8edb
5579
7b84
d351
e9fb
a8c6
11d6
bd83
8ec6
556f
7b83
0854
d969
a4e7
1025
bd0d
8eb2
5565
7b82
3be1
c987
a131
0e73
bc97
8e9e
555a
7b80
64f0
ba9c
9da7
0cc0
bc22
8e89
5550
7b7f
7c50
aced
9a49
0b0d
bbad
8e75
5546
7b7e
7de8
a0b7
971a
095a
bb38
8e61
553b
7b7d
6971
9633
941a
07a6
bac4
8e4d
5531
7b7c
4280
8d8f
914b
05f1
ba50
8e39
5527
7b7b
0fe9
86f4
8eaf
043d
b9dc
8e25
551d
7b79
da88
827f
8c47
0288
b968
8e11
5512
7b78
abb8
8044
8a13
00d3
b8f5
8dfd
5508
7b77
8bab
804e
8814
ff1e
b882
8de9
54fe
7b76
8001
829c
864d
fd69
b810
8dd5
54f3
7b75
8ac4
8725
84bc
fbb4
b79e
8dc2
54e9
7b74
aa11
8dd3
8364
fa00
b72c
8dae
54df
7b73
d86d
9687
8245
f84b
b6bb
8d9a
54d4
7b71
0db7
a11c
815e
f697
b649
8d87
54ca
7b70
409b
ad5f
80b2
f4e4
b5d9
8d73
54bf
7b6f
682c
bb1a
803f
f331
b568
8d60
54b5
7b6e
7d7e
ca0f
8006
f17e
b4f8
8d4c
54ab
7b6d
7cd2
d9f8
8008
efcc
b488
8d39
54a0
7b6c
6648
ea8f
8044
ee1b
b419
8d26
5496
7b6a
3dd2
fb87
80ba
ec6b
b3aa
8d12
548c
7b69
0a88
0c93
816a
eabc
b33b
8cff
5481
7b68
d565
1d66
8254
e90d
b2cd
8cec
5477
7b67
a7b9
2db4
8377
e760
b25f
8cd9
546c
7b66
8985
3d31
84d2
e5b4
b1f1
8cc6
5462
7b65
8013
4b99
8666
e409
b184
8cb3
5458
7b63
8d0b
58a9
8831
e25f
b117
8ca0
544d
7b62
ae27
6426
8a32
e0b7
b0aa
8c8d
5443
7b61
dd9a
6ddb
8c6a
df10
b03e
8c7a
5439
7b60
1315
759e
8ed5
dd6a
afd2
8c67
542e
7b5f
4537
7b49
9175
dbc6
af66
8c55
5424
7b5e
6b39
7ec5
9446
da24
aefb
8c42
5419
7b5d
7e72
7fff
9749
d883
ae90
8c2f
540f
7b5b
7b83
7ef5
9a7b
d6e5
ae26
8c1d
5404
7b5a
62f0
7ba9
9ddb
d548
adbc
8c0a
53fa
7b59
3908
762b
a169
d3ad
ad52
8bf8
53f0
7b58
0522
6e93
a521
d214
ace9
8be5
53e5
7b57
d055
6506
a902
d07d
ac80
8bd3
53db
7b56
a3e3
59ad
ad0c
cee8
ac17
8bc1
53d0
7b54
8794
4cbc
b13a
cd56
abaf
8bae
53c6
7b53
805e
3e6e
b58d
cbc6
ab47
8b9c
53bb
7b52
8f86
2f05
ba02
ca38
aae0
8b8a
53b1
7b51
b262
1ec6
be96
c8ad
aa79
8b78
53a6
7b50
e2d8
0dfb
c349
c724
aa12
8b66
539c
7b4e
1869
fcf1
c817
c59e
a9ac
8b54
5392
7b4d
49b4
ebf4
ccfe
c41a
a946
8b42
5387
7b4c
6e15
db53
d1fd
c29a
a8e1
8b30
537d
7b4b
7f2c
cb58
d710
c11c
a87c
8b1e
5372
7b4a
79fb
bc4d
dc36
bfa0
a817
8b0c
5368
7b49
5f6b
ae75
e16d
be28
a7b3
8afb
535d
7b47
3423
a210
e6b1
bcb3
a74f
8ae9
5353
7b46
ffb9
9756
ec01
bb41
a6ec
8ad7
5348
7b45
cb5b
8e78
f15a
b9d2
a689
8ac6
533e
7b44
a036
879e
f6ba
b866
a626
8ab4
5333
7b43
85da
82e7
fc1e
b6fd
a5c4
8aa3
5329
7b42
80e4
8069
0183
b598
a562
8a91
531e
7b40
9234
802f
06e8
b436
a501
8a80
5314
7b3f
b6c0
8239
0c4a
b2d8
a4a0
8a6f
5309
7b3e
e822
8680
11a6
b17d
a43f
8a5e
52ff
7b3d
1db3
8cef
16fa
b026
a3df
8a4c
52f4
7b3c
4e0f
9568
1c44
aed2
a37f
8a3b
52ea
7b3a
70be
9fc7
2181
ad82
a320
8a2a
52df
7b39
7fac
abdb
26af
ac36
a2c1
8a19
52d5
7b38
783c
b96d
2bcb
aaed
a263
8a08
52ca
7b37
5bbb
c840
30d3
a9a9
a205
89f7
52bf
7b36
2f27
d810
35c5
a868
a1a7
89e6
52b5
7b35
fa51
e897
3a9e
a72c
a14a
89d5
52aa
7b33
c679
f987
3f5d
a5f3
a0ed
89c5
52a0
7b32
9cb6
0a95
43fe
a4bf
a091
89b4
5295
7b31
8458
1b73
4881
a38e
a035
89a3
528b
7b30
81a5
2bd4
4ce3
a262
9fda
8993
5280
7b2f
9515
3b6d
5122
a13a
9f7f
8982
5276
7b2d
bb41
49f9
553c
a017
9f24
8972
526b
7b2c
ed78
5734
592f
9ef8
9eca
8961
5260
7b2b
22ee
62e3
5cfa
9ddd
9e70
8951
5256
7b2a
5246
6cd1
609a
9cc6
9e17
8940
524b
7b29
7334
74d0
640f
9bb5
9dbe
8930
5241
7b27
7ff2
7abc
6755
9aa7
9d66
8920
5236
7b26
7645
7e7a
6a6d
999f
9d0e
8910
522b
7b25
57e0
7ff9
6d54
989b
9cb7
8900
5221
7b24
2a15
7f32
700a
979c
9c60
88f0
5216
7b23
f4eb
7c29
728c
96a1
9c09
88e0
520c
7b22
c1b2
76ec
74db
95ac
9bb3
88d0
5201
7b20
9963
6f92
76f4
94bb
9b5d
88c0
51f6
7b1f
830f
663d
78d7
93cf
9b08
88b0
51ec
7b1e
829f
5b17
7a83
92e8
9ab4
88a0
51e1
7b1d
9826
4e54
7bf7
9206
9a5f
8890
51d7
7b1c
bfe0
402c
7d33
9129
9a0c
8881
51cc
7b1a
f2d6
30e0
7e36
9051
99b8
8871
51c1
7b19
281a
20b6
7eff
8f7e
9965
8861
51b7
7b18
5658
0ff8
7f8f
8eb0
9913
8852
51ac
7b17
7575
fef1
7fe5
8de7
98c1
8842
51a1
7b16
7ffd
edef
7fff
8d24
9870
8833
5197
7b14
7419
dd3f
7fe1
8c66
981f
8824
518c
7b13
53dd
cd2d
7f88
8bad
97ce
8814
5181
7b12
24f0
be02
7ef5
8af9
977e
8805
5177
7b11
ef8a
b003
7e28
8a4b
972f
87f6
516c
7b10
bd06
a36f
7d21
89a2
96e0
87e7
5161
7b0e
963f
9880
7be2
88fe
9691
87d8
5157
7b0d
81ff
8f68
7a6a
8860
9643
87c9
514c
7b0c
83d2
8850
78bb
87c7
95f5
87ba
5141
7b0b
9b67
8357
76d4
8734
95a8
87ab
5137
7b0a
c49d
8096
74b8
86a6
955b
879c
512c
7b08
f83a
8017
7266
861e
950f
878d
5121
7b07
2d34
81de
6fe1
859b
94c4
877e
5117
7b06
5a42
85e2
6d28
851e
9478
8770
510c
7b05
7780
8c12
6a3e
84a7
942e
8761
5101
7b04
7fce
9450
6723
8435
93e3
8752
50f7
7b02
71b7
9e78
63d9
83c8
939a
8744
50ec
7b01
4fb4
aa5b
6062
8362
9350
8735
50e1
7b00
1fba
b7c4
5cc0
8301
9308
8727
50d7
7aff
ea31
c675
58f2
82a6
92bf
8719
50cc
7afd
b87a
d62b
54fd
8250
9278
870a
50c1
7afc
934b
e6a0
50e0
8200
9230
86fc
50b6
7afb
8128
f788
4c9f
81b6
91ea
86ee
50ac
7afa
853e
0896
483b
8172
91a3
86e0
50a1
7af9
9ed7
197d
43b6
8133
915e
86d1
5096
7af7
c975
29f1
3f13
80fa
9118
86c3
508b
7af6
fda2
39a6
3a52
80c7
90d4
86b5
5081
7af5
3239
4855
3577
809a
908f
86a7
5076
7af4
5e03
55bb
3084
8073
904c
869a
506b
7af3
7955
619b
2b7b
8051
9009
868c
5060
7af1
7f64
6bc0
265e
8035
8fc6
867e
5056
7af0
6f22
73fb
212f
801f
8f84
8670
504b
7aef
4b67
7a26
1bf1
800f
8f42
8663
5040
7aee
1a76
7e27
16a7
8005
8f01
8655
5035
7aec
e4e2
7fea
1152
8000
8ec0
8648
502b
7aeb
b40e
7f67
0bf5
8002
8e80
863a
5020
7aea
9089
7ca2
0693
8009
8e40
862d
5015
7ae9
808b
77a6
012e
8016
8e01
861f
500a
7ae8
86e2
708a
fbc9
8028
8dc3
8612
5000
7ae6
a272
676e
f665
8041
8d85
8605
4ff5
7ae5
ce66
5c7c
f106
805f
8d47
85f7
4fea
7ae4
030b
4fe6
ebad
8084
8d0a
85ea
4fdf
7ae3
3727
41e5
e65e
80ae
8cce
85dd
4fd4
7ae1
6199
32b8
e11a
80dd
8c92
85d0
4fca
7ae0
7af2
22a5
dbe5
8113
8c56
85c3
4fbf
7adf
7ec1
11f4
d6c0
814f
8c1b
85b6
4fb4
7ade
6c5a
00f1
d1ad
8190
8be1
85a9
4fa9
7add
46f7
efeb
ccb0
81d7
8ba7
859c
4f9e
7adb
1525
df2d
c7ca
8223
8b6e
8590
4f93
7ada
df9f
cf04
c2fe
8276
8b35
8583
4f89
7ad9
afc5
bfbb
be4d
82ce
8afc
8576
4f7e
7ad8
8dfa
b195
b9bb
832c
8ac5
856a
4f73
7ad6
8029
a4d4
b548
838f
8a8e
855d
4f68
7ad5
88be
99b1
b0f8
83f8
8a57
8551
4f5d
7ad4
a638
905f
accb
8467
8a21
8544
4f52
7ad3
d36d
8909
a8c4
84db
89eb
8538
4f48
7ad2
0872
83d0
a4e5
8555
89b6
852c
4f3d
7ad0
3bfb
80cb
a12f
85d5
8982
851f
4f32
7acf
6503
8008
9da5
865a
894e
8513
4f27
7ace
7c57
818b
9a47
86e5
891a
8507
4f1c
7acd
7de3
854d
9718
8775
88e7
84fb
4f11
7acb
6960
8b3c
9418
880b
88b5
84ef
4f06
7aca
4266
933f
914a
88a6
8883
84e3
4efc
7ac9
0fcb
9d2f
8eae
8947
8852
84d7
4ef1
7ac8
da6b
a8e1
8c45
89ed
8821
84cb
4ee6
7ac6
aba1
b61f
8a11
8a98
87f1
84bf
4edb
7ac5
8b9f
c4ad
8813
8b49
87c1
84b3
4ed0
7ac4
8001
d448
864c
8bff
8792
84a8
4ec5
7ac3
8ad0
e4aa
84bb
8cba
8764
849c
4eba
7ac1
aa28
f589
8363
8d7b
8736
8490
4eaf
7ac0
d889
0697
8244
8e40
8708
8485
4ea4
7abf
0dd5
1787
815e
8f0b
86db
8479
4e9a
7abe
40b5
280c
80b1
8fdc
86af
846e
4e8f
7abd
683e
37db
803f
90b1
8683
8463
4e84
7abb
7d83
46ac
8006
918b
8658
8457
4e79
7aba
7ccb
543c
8008
926a
862d
844c
4e6e
7ab9
6636
604d
8044
934f
8603
8441
4e63
7ab8
3db8
6aa8
80bb
9438
85d9
8436
4e58
7ab6
0a69
731e
816b
9526
85b0
842b
4e4d
7ab5
d548
7989
8255
9619
8588
8420
4e42
7ab4
a7a3
7dcc
8378
9711
8560
8415
4e37
7ab3
8979
7fd3
84d3
980e
8539
840a
4e2c
7ab1
8014
7f95
8667
990f
8512
83ff
4e21
7ab0
8d18
7d13
8832
9a15
84ec
83f4
4e16
7aaf
ae3e
7858
8a34
9b20
84c6
83e9
4e0c
7aae
ddb7
717a
8c6b
9c2f
84a1
83df
4e01
7aac
1333
6899
8ed7
9d43
847c
83d4
4df6
7aab
4551
5ddc
9176
9e5b
8458
83c9
4deb
7aaa
6b4a
5174
9448
9f78
8435
83bf
4de0
7aa9
7e76
439a
974a
a099
8412
83b4
4dd5
7aa7
7b7b
348d
9a7d
a1be
83f0
83aa
4dca
7aa6
62dd
2491
9ddd
a2e8
83ce
83a0
4dbf
7aa5
38ed
13ef
a16b
a416
83ad
8395
4db4
7aa4
0503
02f2
a523
a548
838c
838b
4da9
7aa2
d039
f1e7
a905
a67f
836c
8381
4d9e
7aa1
a3cd
e11d
ad0e
a7b9
834d
8377
4d93
7aa0
8789
d0df
b13d
a8f7
832e
836d
4d88
7a9f
8061
c178
b590
aa3a
8310
8363
4d7d
7a9d
8f94
b32c
ba04
ab80
82f2
8359
4d72
7a9c
b27a
a63e
be99
acca
82d5
834f
4d67
7a9b
e2f5
9ae8
c34b
ae18
82b8
8345
4d5c
7a9a
1887
915e
c819
af6a
829c
833b
4d51
7a98
49cd
89ca
cd01
b0bf
8281
8332
4d46
7a97
6e24
8450
d1ff
b218
8266
8328
4d3b
7a96
7f2f
8108
d713
b375
824b
831e
4d30
7a95
79f2
8001
dc39
b4d5
8232
8315
4d25
7a93
5f57
8140
e170
b638
8218
830b
4d1a
7a92
3408
84bf
e6b4
b79f
8200
8302
4d0f
7a91
ff9b
8a6e
ec04
b909
81e8
82f8
4d04
7a90
cb3f
9234
f15d
ba76
81d0
82ef
4cf9
7a8e
a022
9bed
f6bd
bbe6
81b9
82e6
4cee
7a8d
85d1
a76d
fc21
bd5a
81a3
82dd
4ce2
7a8c
80e8
b47f
0186
bed0
818d
82d3
4cd7
7a8a
9244
c2e9
06eb
c04a
8178
82ca
4ccc
7a89
b6d9
d268
0c4d
c1c6
8164
82c1
4cc1
7a88
e840
e2b7
11a9
c346
8150
82b8
4cb6
7a87
1dd0
f38a
16fd
c4c8
813c
82af
4cab
7a85
4e27
0497
1c47
c64c
8129
82a6
4ca0
7a84
70cc
158e
2184
c7d4
8117
829e
4c95
7a83
7fae
2624
26b1
c95e
8105
8295
4c8a
7a82
7831
360c
2bcd
caea
80f4
828c
4c7f
7a80
5ba6
44fe
30d5
cc79
80e4
8284
4c74
7a7f
2f0b
52b7
35c7
ce0a
80d4
827b
4c69
7a7e
fa32
5ef8
3aa1
cf9d
80c4
8272
4c5e
7a7d
c65e
6989
3f5f
d133
80b5
826a
4c53
7a7b
9ca3
723b
4401
d2cb
80a7
8262
4c47
7a7a
8450
78e5
4884
d465
809a
8259
4c3c
7a79
81aa
7d6a
4ce6
d601
808c
8251
4c31
7a77
9526
7fb4
5125
d79e
8080
8249
4c26
7a76
bb5a
7fba
553e
d93e
8074
8240
4c1b
7a75
ed96
7d7c
5932
dadf
8069
8238
4c10
7a74
230c
7903
5cfc
dc82
805e
8230
4c05
7a72
525d
7264
609c
de27
8054
8228
4bfa
7a71
7341
69bd
6410
dfcd
804a
8220
4bef
7a70
7ff3
5f35
6757
e175
8041
8218
4be3
7a6f
763a
52fd
6a6f
e31e
8039
8210
4bd8
7a6d
57ca
454b
6d56
e4c8
8031
8209
4bcd
7a6c
29f9
365e
700b
e674
802a
8201
4bc2
7a6b
f4cd
267b
728e
e820
8023
81f9
4bb7
7a69
c197
15e8
74dc
e9ce
801d
81f2
4bac
7a68
9951
04f2
76f5
eb7d
8017
81ea
4ba1
7a67
8308
f3e5
78d8
ed2d
8012
81e3
4b96
7a66
82a5
e30f
7a84
eedd
800e
81db
4b8a
7a64
9838
d2bd
7bf8
f08f
800a
81d4
4b7f
7a63
bffa
c339
7d34
f241
8007
81cc
4b74
7a62
f2f4
b4c9
7e37
f3f4
8005
81c5
4b69
7a60
2837
a7ae
7f00
f5a7
8003
81be
4b5e
7a5f
566e
9c26
7f8f
f75b
8001
81b7
4b53
7a5e
7581
9263
7fe5
f90f
8000
81b0
4b47
7a5d
7ffd
8a92
7fff
fac3
8000
81a9
4b3c
7a5b
740c
84d7
7fe1
fc78
8000
81a2
4b31
7a5a
53c6
814c
7f88
fe2d
8001
819b
4b26
7a59
24d3
8001
7ef4
ffe2
8003
8194
4b1b
7a58
ef6c
80fc
7e27
0197
8005
818d
4b0f
7a56
bced
8438
7d21
034c
8007
8186
4b04
7a55
962e
89a7
7be1
0500
800b
8180
4af9
7a54
81f9
9130
7a69
06b5
800e
8179
4aee
7a52
83d9
9ab0
78ba
0869
8013
8172
4ae3
7a51
9b7a
a5fe
76d3
0a1d
8018
816c
4ad7
7a50
c4b8
b2e4
74b7
0bd0
801d
8165
4acc
7a4f
f858
c128
7265
0d83
8023
815f
4ac1
7a4d
2d50
d08b
6fdf
0f35
802a
8159
4ab6
7a4c
5a58
e0c5
6d26
10e7
8031
8152
4aab
7a4b
778b
f18d
6a3c
1298
8039
814c
4a9f
7a49
7fcc
0297
6721
1447
8042
8146
4a94
7a48
71aa
1395
63d8
15f6
804b
8140
4a89
7a47
4f9d
243a
6060
17a4
8054
813a
4a7e
7a45
1f9d
343a
5cbd
1951
805f
8134
4a72
7a44
ea13
434d
58f0
1afd
8069
812e
4a67
7a43
b861
512e
54fa
1ca8
8075
8128
4a5c
7a42
933b
5d9e
50de
1e51
8081
8122
4a51
7a40
8124
6864
4c9d
1ff9
808d
811c
4a45
7a3f
8547
7150
4839
219f
809a
8117
4a3a
7a3e
9eea
7839
43b4
2344
80a8
8111
4a2f
7a3c
c990
7cff
3f10
24e7
80b6
810b
4a24
7a3b
fdc0
7f8d
3a50
2689
80c5
8106
4a18
7a3a
3255
7fd8
3575
2828
80d5
8100
4a0d
7a39
5e18
7ddd
3081
29c6
80e5
80fb
4a02
7a37
795f
79a6
2b78
2b63
80f5
80f6
49f7
7a36
7f61
7346
265b
2cfd
8106
80f0
49eb
7a35
6f13
6ada
212c
2e95
8118
80eb
49e0
7a33
4b4e
6088
1bee
302b
812b
80e6
49d5
7a32
1a58
5480
16a4
31be
813d
80e1
49c9
7a31
e4c4
46f8
114f
3350
8151
80dc
49be
7a2f
b3f6
382c
0bf2
34df
8165
80d7
49b3
7a2e
907a
2862
0690
366c
817a
80d2
49a8
7a2d
8088
17e0
012b
37f6
818f
80cd
499c
7a2c
86ec
06f1
fbc6
397e
81a5
80c8
4991
7a2a
a287
f5e3
f662
3b03
81bb
80c3
4986
7a29
ce82
e503
f103
3c85
81d2
80be
497a
7a28
0329
d49e
ebaa
3e05
81e9
80ba
496f
7a26
3742
c4fd
e65b
3f82
8201
80b5
4964
7a25
61ad
b669
e117
40fc
821a
80b0
4958
7a24
7afb
a924
dbe2
4273
8233
80ac
494d
7a22
7ebc
9d69
d6bd
43e7
824d
80a8
4942
7a21
6c49
936f
d1aa
4557
8267
80a3
4936
7a20
46de
8b62
ccad
46c5
8282
809f
492b
7a1e
1507
8567
c7c7
4830
829e
809b
4920
7a1d
df82
8199
c2fb
4997
82ba
8096
4914
7a1c
afad
800a
be4b
4afb
82d7
8092
4909
7a1b
8dec
80c1
b9b8
4c5b
82f4
808e
48fe
7a19
8027
83ba
b546
4db8
8312
808a
48f2
7a18
88c9
88e8
b0f5
4f11
8330
8086
48e7
7a17
a64e
9033
acc9
5067
834f
8082
48dc
7a15
d38a
997b
a8c2
51b9
836e
807e
48d0
7a14
0890
a494
a4e3
5308
838f
807a
48c5
7a13
3c16
b14d
a12d
5453
83af
8077
48b9
7a11
6515
bf6c
9da3
5599
83d0
8073
48ae
7a10
7c5e
ceb0
9a46
56dc
83f2
806f
48a3
7a0f
7ddd
ded5
9716
581b
8414
806c
4897
7a0d
694f
ef90
9417
5956
8437
8068
488c
7a0c
424d
0096
9148
5a8d
845b
8065
4881
7a0b
0fad
119a
8eac
5bc0
847f
8061
4875
7a09
da4e
224d
8c44
5cee
84a3
805e
486a
7a08
ab8a
3265
8a10
5e19
84c9
805b
485e
7a07
8b92
4197
8812
5f3f
84ee
8058
4853
7a05
8001
4f9f
864b
6061
8514
8054
4848
7a04
8adc
5c3d
84bb
617e
853b
8051
483c
7a03
aa3e
6738
8363
6297
8563
804e
4831
7a02
d8a6
705e
8243
63ab
858b
804b
4825
7a00
0df4
7785
815d
64bb
85b3
8048
481a
79ff
40cf
7c8d
80b1
65c7
85dc
8046
480f
79fe
6850
7f5e
803f
66cd
8606
8043
4803
79fc
7d89
7fed
8006
67cf
8630
8040
47f8
79fb
7cc5
7e36
8008
68cd
865b
803d
47ec
79fa
6623
7a41
8045
69c5
8686
803b
47e1
79f8
3d9d
7421
80bb
6ab9
86b2
8038
47d5
79f7
0a4b
6bf1
816b
6ba8
86de
8036
47ca
79f6
d52c
61d6
8255
6c91
870b
8033
47be
79f4
a78d
55fe
8378
6d76
8739
8031
47b3
79f3
896e
48a0
84d4
6e56
8767
802e
47a8
79f2
8015
39f7
8668
6f31
8795
802c
479c
79f0
8d25
2a47
8833
7007
87c4
802a
4791
79ef
ae55
19d7
8a35
70d8
87f4
8028
4785
79ee
ddd5
08f1
8c6c
71a4
8824
8025
477a
79ec
1351
f7e2
8ed8
726a
8855
8023
476e
79eb
456a
e6f9
9178
732c
8886
8021
4763
79ea
6b5a
d681
9449
73e8
88b8
801f
4757
79e8
7e7b
c6c6
974c
749e
88eb
801e
474c
79e7
7b73
b80f
9a7f
7550
891d
801c
4740
79e6
62ca
aa9f
9ddf
75fc
8951
801a
4735
79e4
38d2
9eb3
a16d
76a3
8985
8018
4729
79e3
04e5
9481
a525
7744
89ba
8017
471e
79e2
d01d
8c39
a907
77e0
89ef
8015
4712
79e0
a3b8
85fe
ad10
7877
8a24
8013
4707
79df
877f
81ee
b13f
7908
8a5a
8012
46fb
79de
8063
801b
b592
7993
8a91
8011
46f0
79dc
8fa3
808d
ba07
7a19
8ac8
800f
46e4
79db
b292
8343
be9c
7a99
8b00
800e
46d9
79da
e313
8830
c34e
7b14
8b38
800d
46cd
79d8
18a5
8f3d
c81c
7b89
8b71
800b
46c2
79d7
49e5
984b
cd04
7bf9
8bab
800a
46b6
79d6
6e34
a330
d202
7c63
8be5
8009
46ab
79d4
7f33
afbc
d716
7cc7
8c1f
8008
469f
79d3
79e9
bdb4
dc3c
7d26
8c5a
8007
4694
79d2
5f43
ccd9
e173
7d7f
8c95
8006
4688
79d0
33ec
dce7
e6b7
7dd2
8cd1
8006
467d
79cf
ff7c
ed95
ec07
7e1f
8d0e
8005
4671
79ce
cb24
fe96
f160
7e67
8d4b
8004
4666
79cc
a00e
0f9e
f6c0
7ea9
8d89
8003
465a
79cb
85c8
205e
fc24
7ee5
8dc7
8003
464f
79ca
80ec
308c
0189
7f1b
8e05
8002
4643
79c8
9253
3fdd
06ee
7f4c
8e45
8002
4638
79c7
b6f2
4e0c
0c50
7f77
8e84
8001
462c
79c5
e85e
5ad7
11ac
7f9c
8ec4
8001
4620
79c4
1dee
6606
1700
7fbb
8f05
8001
4615
79c3
4e3f
6f65
1c4a
7fd5
8f46
8000
4609
79c1
70db
76ca
2187
7fe8
8f88
8000
45fe
79c0
7fb0
7c13
26b4
7ff6
8fca
8000
45f2
79bf
7827
7f28
2bd0
7ffe
900d
8000
45e7
79bd
5b90
7ffa
30d8
7fff
9050
8000
45db
79bc
2eef
7e88
35ca
7ffc
9094
8000
45cf
79bb
fa14
7ad5
3aa3
7ff3
90d8
8000
45c4
79b9
c643
74f5
3f62
7fe3
911d
8000
45b8
79b8
9c90
6d01
4404
7fce
9162
8000
45ad
79b7
8449
631d
4886
7fb3
91a8
8001
45a1
79b5
81ae
5777
4ce8
7f92
91ee
8001
4595
79b4
9536
4a43
5127
7f6c
9235
8001
458a
79b3
bb74
3bbe
5541
7f3f
927c
8002
457e
79b1
edb4
2c29
5934
7f0d
92c4
8002
4573
79b0
2329
1bcb
5cfe
7ed5
930c
8003
4567
79af
5275
0af0
609e
7e97
9355
8004
455b
79ad
734e
f9e2
6412
7e54
939e
8004
4550
79ac
7ff4
e8f0
6759
7e0a
93e8
8005
4544
79aa
762e
d867
6a70
7dbb
9432
8006
4539
79a9
57b4
c892
6d57
7d67
947d
8007
452d
79a8
29dc
b9b9
700d
7d0c
94c8
8008
4521
79a6
f4ae
ac1f
728f
7cac
9514
8009
4516
79a5
c17d
a003
74dd
7c46
9560
800a
450a
79a4
993f
959b
76f6
7bdb
95ad
800b
44fe
79a2
8302
8d17
78d9
7b6a
95fa
800c
44f3
79a1
82ab
869d
7a85
7af3
9648
800d
44e7
79a0
984a
824a
7bf9
7a76
9696
800e
44dc
799e
c015
8034
7d34
79f5
96e5
8010
44d0
799d
f312
8062
7e37
796d
9734
8011
44c4
799b
2854
82d4
7f00
78e0
9783
8012
44b9
799a
5685
877f
7f90
784e
97d3
8014
44ad
7999
758d
8e4e
7fe5
77b6
9824
8015
44a1
7997
7ffc
9722
7fff
7718
9875
8017
4496
7996
73ff
a1d3
7fe1
7675
98c6
8019
448a
7995
53b0
ae2f
7f87
75cd
9918
801a
447e
7993
24b6
bc00
7ef4
751f
996b
801c
4473
7992
ef4e
cb05
7e27
746d
99be
801e
4467
7991
bcd3
dafc
7d20
73b4
9a11
8020
445b
798f
961d
eb9a
7be1
72f7
9a65
8022
4450
798e
81f4
fc96
7a69
7234
9ab9
8024
4444
798c
83e1
0da1
78b9
716c
9b0e
8026
4438
798b
9b8d
1e6e
76d2
709f
9b63
8028
442c
798a
c4d3
2eb1
74b5
6fcd
9bb9
802a
4421
7988
f877
3e1f
7264
6ef6
9c0f
802d
4415
7987
2d6d
4c73
6fde
6e19
9c65
802f
4409
7986
5a6d
596c
6d25
6d38
9cbc
8031
43fe
7984
7796
64ce
6a3a
6c51
9d14
8034
43f2
7983
7fcb
6e66
6720
6b66
9d6c
8036
43e6
7981
719c
7608
63d6
6a76
9dc4
8039
43da
7980
4f85
7b91
605e
6981
9e1d
803b
43cf
797f
1f7f
7ee9
5cbb
6887
9e76
803e
43c3
797d
e9f5
7fff
58ee
6789
9ed0
8041
43b7
797c
b848
7ed1
54f8
6685
9f2a
8043
43ac
797b
932b
7b62
50dc
657d
9f85
8046
43a0
7979
8120
75c1
4c9a
6471
9fe0
8049
4394
7978
854f
6e0a
4836
6360
a03b
804c
4388
7976
9efe
645e
43b1
624a
a097
804f
437d
7975
c9ac
58ea
3f0d
6130
a0f3
8052
4371
7974
fdde
4be2
3a4d
6011
a150
8055
4365
7972
3271
3d81
3572
5eee
a1ad
8059
4359
7971
5e2c
2e09
307e
5dc7
a20b
805c
434e
7970
7968
1dbf
2b75
5c9b
a269
805f
4342
796e
7f5e
0cee
2658
5b6c
a2c7
8062
4336
796d
6f04
fbe2
2129
5a38
a326
8066
432a
796b
4b36
eae9
1beb
5900
a386
8069
431f
796a
1a3a
da4f
16a1
57c4
a3e5
806d
4313
7969
e4a6
ca61
114c
5684
a446
8070
4307
7967
b3dd
bb67
0bef
5540
a4a6
8074
42fb
7966
906b
ada5
068d
53f8
a507
8078
42f0
7964
8086
a159
0128
52ac
a569
807c
42e4
7963
86f6
96bb
fbc3
515d
a5ca
807f
42d8
7962
a29b
8dfc
f65f
5009
a62d
8083
42cc
7960
ce9e
8743
f100
4eb3
a68f
8087
42c0
795f
0347
82af
eba7
4d58
a6f2
808b
42b5
795e
375d
8054
e658
4bfa
a756
808f
42a9
795c
61c0
803e
e114
4a99
a7ba
8093
429d
795b
7b03
826d
dbdf
4934
a81e
8097
4291
7959
7eb8
86d6
d6ba
47cc
a883
809c
4285
7958
6c39
8d66
d1a8
4661
a8e8
80a0
427a
7957
46c4
9600
ccab
44f2
a94d
80a4
426e
7955
14e9
a07b
c7c5
4380
a9b3
80a9
4262
7954
df64
aca8
c2f9
420b
aa19
80ad
4256
7952
af96
ba50
be48
4094
aa80
80b2
424a
7951
8dde
c935
b9b6
3f19
aae7
80b6
423f
7950
8026
d912
b543
3d9b
ab4e
80bb
4233
794e
88d4
e9a1
b0f3
3c1b
abb6
80c0
4227
794d
a664
fa96
acc6
3a98
ac1e
80c4
421b
794b
d3a6
0ba3
a8c0
3912
ac87
80c9
420f
794a
08ae
1c7b
a4e1
378a
acf0
80ce
4203
7949
3c31
2cd2
a12b
35ff
ad59
80d3
41f8
7947
6528
3c5d
9da1
3471
adc3
80d8
41ec
7946
7c66
4ad6
9a44
32e1
ae2d
80dd
41e0
7944
7dd8
57fa
9714
314f
ae97
80e2
41d4
7943
693d
638f
9415
2fbb
af02
80e7
41c8
7942
4233
6d5f
9147
2e24
af6d
80ec
41bc
7940
0f8f
753e
8eab
2c8c
afd9
80f2
41b0
793f
da31
7b08
8c43
2af1
b045
80f7
41a5
793d
ab73
7ea2
8a0f
2955
b0b1
80fc
4199
793c
8b86
7ffd
8811
27b6
b11e
8102
418d
793b
8001
7f13
864a
2616
b18b
8107
4181
7939
8ae9
7be6
84ba
2474
b1f8
810d
4175
7938
aa55
7687
8362
22d0
b266
8113
4169
7936
d8c3
6f0c
8243
212b
b2d4
8118
415d
7935
0e12
6599
815d
1f84
b342
811e
4151
7934
40e9
5a58
80b1
1ddc
b3b1
8124
4146
7932
6861
4d7c
803e
1c32
b420
812a
413a
7931
7d8f
3f41
8006
1a87
b490
812f
412e
792f
7cbe
2fe5
8008
18db
b4ff
8135
4122
792e
6611
1fb0
8045
172e
b570
813b
4116
792d
3d83
0eeb
80bb
1580
b5e0
8142
410a
792b
0a2d
fde2
816c
13d0
b651
8148
40fe
792a
d50f
ece3
8256
1220
b6c2
814e
40f2
7928
a777
dc3a
8379
106f
b734
8154
40e6
7927
8962
cc34
84d5
0ebe
b7a5
815a
40da
7926
8016
bd1a
8669
0d0b
b818
8161
40cf
7924
8d33
af30
8834
0b58
b88a
8167
40c3
7923
ae6d
a2b5
8a36
09a5
b8fd
816e
40b7
7921
ddf2
97e2
8c6e
07f1
b970
8174
40ab
7920
136e
8ee8
8eda
063d
b9e3
817b
409f
791e
4583
87f1
9179
0488
ba57
8181
4093
791d
6b6b
831b
944b
02d3
bacb
8188
4087
791c
7e80
807d
974e
011e
bb40
818f
407b
791a
7b6b
8023
9a81
ff69
bbb4
8196
406f
7919
62b6
820d
9de1
fdb4
bc29
819d
4063
7917
38b6
8635
a16f
fc00
bc9f
81a4
4057
7916
04c7
8c86
a527
fa4b
bd14
81ab
404b
7915
d001
94e4
a909
f897
bd8a
81b2
403f
7913
a3a3
9f28
ad12
f6e2
be01
81b9
4033
7912
8775
ab25
b142
f52f
be77
81c0
4027
7910
8065
b8a4
b595
f37c
beee
81c7
401b
790f
8fb1
c767
ba09
f1c9
bf65
81ce
4010
790d
b2aa
d72c
be9e
f017
bfdd
81d6
4004
790c
e330
e7aa
c351
ee66
c054
81dd
3ff8
790b
18c2
f896
c81f
ecb6
c0cc
81e5
3fec
7909
49fe
09a4
cd06
eb06
c145
81ec
3fe0
7908
6e43
1a87
d205
e957
c1bd
81f4
3fd4
7906
7f36
2af1
d719
e7aa
c236
81fb
3fc8
7905
79e0
3a97
dc3f
e5fe
c2af
8203
3fbc
7904
5f2f
4934
e176
e452
c329
820b
3fb0
7902
33d0
5683
e6ba
e2a8
c3a2
8213
3fa4
7901
ff5e
624a
ec0a
e100
c41c
821a
3f98
78ff
cb08
6c51
f163
df58
c497
8222
3f8c
78fe
9ffa
746c
f6c3
ddb3
c511
822a
3f80
78fc
85bf
7a76
fc27
dc0e
c58c
8232
3f74
78fb
80ef
7e54
018c
da6c
c607
823b
3f68
78fa
9263
7ff3
06f1
d8cb
c682
8243
3f5c
78f8
b70b
7f4c
0c53
d72c
c6fe
824b
3f50
78f7
e87c
7c63
11af
d58f
c77a
8253
3f44
78f5
1e0b
7744
1703
d3f4
c7f6
825b
3f38
78f4
4e57
7007
1c4d
d25a
c872
8264
3f2c
78f2
70e9
66cd
218a
d0c3
c8ef
826c
3f20
78f1
7fb3
5bc0
26b7
cf2e
c96c
8275
3f14
78f0
781d
4f12
2bd3
cd9b
c9e9
827d
3f08
78ee
5b7b
40fc
30db
cc0b
ca66
8286
3efc
78ed
2ed2
31bf
35cd
ca7d
cae4
828f
3ef0
78eb
f9f6
219f
3aa6
c8f1
cb62
8297
3ee4
78ea
c628
10e7
3f65
c768
cbe0
82a0
3ed7
78e8
9c7d
ffe2
4406
c5e1
cc5e
82a9
3ecb
78e7
8441
eede
4889
c45d
ccdd
82b2
3ebf
78e6
81b3
de27
4ceb
c2dc
cd5b
82bb
3eb3
78e4
9547
ce0a
5129
c15d
cdda
82c4
3ea7
78e3
bb8d
bed1
5543
bfe2
ce5a
82cd
3e9b
78e1
edd2
b0bf
5936
be69
ced9
82d6
3e8f
78e0
2346
a416
5d00
bcf3
cf59
82df
3e83
78de
528c
990f
60a0
bb80
cfd9
82e8
3e77
78dd
735b
8fdc
6414
ba11
d059
82f2
3e6b
78db
7ff4
88a6
675b
b8a5
d0d9
82fb
3e5f
78da
7623
838f
6a72
b73b
d15a
8304
3e53
78d9
579e
80ae
6d59
b5d6
d1db
830e
3e47
78d7
29bf
800f
700e
b473
d25c
8317
3e3b
78d6
f490
81b6
7290
b314
d2dd
8321
3e2f
78d4
c162
859b
74de
b1b9
d35e
832b
3e23
78d3
992d
8bac
76f7
b061
d3e0
8334
3e17
78d1
82fb
93cf
78da
af0c
d462
833e
3e0a
78d0
82b1
9ddd
7a86
adbc
d4e4
8348
3dfe
78ce
985c
a9a9
7bfa
ac6f
d566
8352
3df2
78cd
c02f
b6fd
7d35
ab26
d5e8
835c
3de6
78cc
f331
c59e
7e38
a9e1
d66b
8366
3dda
78ca
2871
d547
7f01
a89f
d6ee
8370
3dce
78c9
569b
e5b3
7f90
a762
d771
837a
3dc2
78c7
7599
f697
7fe5
a629
d7f4
8384
3db6
78c6
7ffc
07a5
7fff
a4f3
d877
838e
3daa
78c4
73f3
1891
7fe1
a3c2
d8fb
8398
3d9e
78c3
5399
290d
7f87
a296
d97e
83a3
3d91
78c1
2499
38ce
7ef4
a16d
da02
83ad
3d85
78c0
ef30
478d
7e26
a049
da86
83b7
3d79
78bf
bcb9
5507
7d1f
9f29
db0a
83c2
3d6d
78bd
960c
60fe
7be0
9e0d
db8f
83cc
3d61
78bc
81ef
6b3d
7a68
9cf6
dc13
83d7
3d55
78ba
83e8
7394
78b8
9be4
dc98
83e2
3d49
78b9
9ba0
79dd
76d1
9ad6
dd1d
83ec
3d3d
78b7
c4ee
7dfd
74b4
99cc
dda2
83f7
3d30
78b6
f895
7fe0
7262
98c7
de27
8402
3d24
78b4
2d89
7f7e
6fdc
97c7
deac
840d
3d18
78b3
5a83
7cd8
6d23
96cc
df32
8418
3d0c
78b1
77a1
77fb
6a39
95d6
dfb8
8423
3d00
78b0
7fc9
70fc
671e
94e4
e03d
842e
3cf4
78af
718e
67fb
63d4
93f7
e0c3
8439
3ce8
78ad
4f6d
5d22
605c
930f
e149
8444
3cdb
78ac
1f62
50a2
5cb9
922c
e1d0
844f
3ccf
78aa
e9d7
42b3
58ec
914e
e256
845a
3cc3
78a9
b82f
3395
54f6
9075
e2dc
8466
3cb7
78a7
931b
238d
50d9
8fa2
e363
8471
3cab
78a6
811c
12e2
4c98
8ed3
e3ea
847d
3c9f
78a4
8558
01e2
4834
8e09
e471
8488
3c92
78a3
9f12
f0da
43af
8d45
e4f8
8494
3c86
78a1
c9c7
e016
3f0b
8c86
e57f
849f
3c7a
78a0
fdfd
cfe4
3a4a
8bcc
e606
84ab
3c6e
789f
328c
c08c
356f
8b17
e68d
84b7
3c62
789d
5e41
b254
307c
8a68
e715
84c2
3c56
789c
7972
a57e
2b72
89be
e79c
84ce
3c49
789a
7f5b
9a43
2655
891a
e824
84da
3c3d
7899
6ef5
90d6
2126
887b
e8ac
84e6
3c31
7897
4b1d
8963
1be8
87e1
e934
84f2
3c25
7896
1a1d
840b
169e
874d
e9bc
84fe
3c19
7894
e489
80e6
1149
86be
ea44
850a
3c0c
7893
b3c5
8004
0bec
8635
eacc
8516
3c00
7891
905c
8166
068a
85b1
eb55
8523
3bf4
7890
8083
8509
0125
8533
ebdd
852f
3be8
788e
8700
8ada
fbc0
84bb
ec66
853b
3bdc
788d
a2b0
92c0
f65c
8448
ecee
8548
3bcf
788b
ceba
9c97
f0fd
83db
ed77
8554
3bc3
788a
0365
a831
eba4
8373
ee00
8561
3bb7
7889
3779
b55b
e655
8311
ee88
856d
3bab
7887
61d4
c3d8
e111
82b5
ef11
857a
3b9e
7886
7b0b
d366
dbdc
825e
ef9a
8586
3b92
7884
7eb4
e3bf
d6b7
820e
f023
8593
3b86
7883
6c29
f498
d1a5
81c2
f0ad
85a0
3b7a
7881
46ab
05a6
cca8
817d
f136
85ad
3b6d
7880
14cb
1699
c7c2
813e
f1bf
85ba
3b61
787e
df47
2726
c2f6
8104
f248
85c7
3b55
787d
af7e
3701
be46
80d0
f2d2
85d4
3b49
787b
8dd1
45e2
b9b3
80a2
f35b
85e1
3b3c
787a
8024
5386
b541
8079
f3e5
85ee
3b30
7878
88df
5fad
b0f0
8056
f46e
85fb
3b24
7877
a679
6a22
acc4
803a
f4f8
8608
3b18
7875
d3c3
72b4
a8bd
8023
f582
8616
3b0b
7874
08cd
793d
a4df
8011
f60c
8623
3aff
7872
3c4c
7d9f
a129
8006
f695
8630
3af3
7871
653b
7fc5
9d9f
8001
f71f
863e
3ae7
786f
7c6d
7fa7
9a42
8001
f7a9
864b
3ada
786e
7dd2
7d45
9713
8007
f833
8659
3ace
786c
692c
78a9
9413
8013
f8bd
8666
3ac2
786b
4219
71e9
9145
8025
f947
8674
3ab6
786a
0f71
6923
8eaa
803c
f9d1
8682
3aa9
7868
da14
5e7f
8c41
805a
fa5b
8690
3a9d
7867
ab5c
522d
8a0e
807d
fae5
869d
3a91
7865
8b79
4466
8810
80a6
fb6f
86ab
3a84
7864
8000
3568
8649
80d5
fbf9
86b9
3a78
7862
8af5
2578
84b9
8109
fc83
86c7
3a6c
7861
aa6b
14dd
8361
8144
fd0d
86d5
3a60
785f
d8e0
03e3
8242
8184
fd98
86e3
3a53
785e
0e30
f2d7
815c
81ca
fe22
86f2
3a47
785c
4103
e207
80b0
8216
feac
8700
3a3b
785b
6873
d1c0
803e
8267
ff36
870e
3a2e
7859
7d95
c24b
8006
82be
ffc0
871c
3a22
7858
7cb7
b3ee
8008
831b
004a
872b
3a16
7856
65ff
a6eb
8045
837d
00d5
8739
3a09
7855
3d68
9b7d
80bc
83e6
015f
8748
39fd
7853
0a0f
91d8
816c
8453
01e9
8756
39f1
7852
d4f2
8a27
8256
84c7
0273
8765
39e4
7850
a761
848f
837a
8540
02fd
8774
39d8
784f
8957
8127
84d6
85bf
0387
8782
39cc
784d
8017
8000
866a
8643
0411
8791
39bf
784c
8d40
811f
8835
86cd
049c
87a0
39b3
784a
ae84
847f
8a37
875c
0526
87af
39a7
7849
de0f
8a10
8c6f
87f1
05b0
87be
399a
7847
138c
91b9
8edb
888b
063a
87cd
398e
7846
459d
9b57
917b
892b
06c4
87dc
3982
7844
6b7b
a6bf
944d
89d0
074e
87eb
3975
7843
7e84
b3bd
9750
8a7a
07d8
87fa
3969
7841
7b63
c215
9a82
8b2a
0862
8809
395d
7840
62a3
d187
9de3
8bdf
08eb
8819
3950
783e
389b
e1cc
a171
8c99
0975
8828
3944
783d
04a8
f29a
a529
8d59
09ff
8837
3938
783b
cfe4
03a6
a90b
8e1e
0a89
8847
392b
783a
a38e
14a0
ad15
8ee8
0b12
8856
391f
7838
876b
253d
b144
8fb7
0b9c
8866
3913
7837
8068
3531
b597
908c
0c26
8875
3906
7835
8fc0
4433
ba0c
9165
0caf
8885
38fa
7834
b2c3
51ff
bea1
9243
0d39
8895
38ed
7832
e34e
5e56
c353
9327
0dc2
88a4
38e1
7831
18e0
6900
c821
940f
0e4b
88b4
38d5
782f
4a17
71cd
cd09
94fd
0ed5
88c4
38c8
782e
6e52
7895
d208
95ef
0f5e
88d4
38bc
782c
7f3a
7d38
d71c
96e6
0fe7
88e4
38b0
782b
79d6
7fa3
dc42
97e2
1070
88f4
38a3
7829
5f1a
7fc9
e178
98e2
10f9
8904
3897
7828
33b5
7daa
e6bd
99e7
1182
8914
388a
7826
ff40
7950
ec0d
9af1
120b
8924
387e
7825
caed
72cf
f166
9c00
1294
8935
3872
7823
9fe6
6a44
f6c6
9d13
131c
8945
3865
7822
85b6
5fd6
fc2a
9e2a
13a5
8955
3859
7820
80f3
53b4
018f
9f46
142d
8966
384c
781f
9273
4615
06f4
a067
14b6
8976
3840
781d
b724
3738
0c56
a18b
153e
8987
3834
781c
e89a
2760
11b2
a2b4
15c6
8997
3827
781a
1e29
16d5
1706
a3e2
164f
89a8
381b
7819
4e6f
05e3
1c50
a513
16d7
89b9
380e
7817
70f7
f4d5
218d
a649
175e
89c9
3802
7816
7fb5
e3fa
26ba
a783
17e6
89da
37f5
7814
7812
d39f
2bd6
a8c0
186e
89eb
37e9
7813
5b66
c40d
30de
aa02
18f6
89fc
37dd
7811
2eb6
b58c
35d0
ab48
197d
8a0d
37d0
7810
f9d7
a85d
3aa9
ac91
1a04
8a1e
37c4
780e
c60d
9cbd
3f67
adde
1a8c
8a2f
37b7
780d
9c69
92e0
4409
af2f
1b13
8a40
37ab
780b
8439
8af3
488b
b084
1b9a
8a51
379e
780a
81b8
851a
4ced
b1dc
1c21
8a62
3792
7808
9558
8170
512c
b338
1ca7
8a74
3785
7807
bba7
8004
5545
b498
1d2e
8a85
3779
7805
edf0
80df
5938
b5fa
1db4
8a96
376d
7803
2363
83fc
5d02
b761
1e3b
8aa8
3760
7802
52a3
894c
60a2
b8ca
1ec1
8ab9
3754
7800
7368
90b8
6416
ba37
1f47
8acb
3747
77ff
7ff5
9a1e
675c
bba7
1fcd
8adc
373b
77fd
7617
a553
6a74
bd1a
2053
8aee
372e
77fc
5788
b224
6d5b
be90
20d8
8b00
3722
77fa
29a3
c057
7010
c009
215e
8b11
3715
77f9
f472
cfab
7292
c185
21e3
8b23
3709
77f7
c148
dfdb
74e0
c303
2268
8b35
36fc
77f6
991b
f09d
76f8
c485
22ed
8b47
36f0
77f4
82f5
01a6
78db
c609
2372
8b59
36e3
77f3
82b7
12a6
7a87
c790
23f7
8b6b
36d7
77f1
986e
2352
7bfa
c91a
247b
8b7d
36ca
77f0
c049
335d
7d36
caa6
2500
8b8f
36be
77ee
f34f
427f
7e38
cc34
2584
8ba1
36b1
77ed
288e
5073
7f01
cdc5
2608
8bb3
36a5
77eb
56b1
5cf9
7f90
cf58
268c
8bc6
3698
77ea
75a5
67d8
7fe5
d0ed
2710
8bd8
368c
77e8
7ffb
70df
7fff
d284
2793
8bea
367f
77e7
73e6
77e5
7fe1
d41e
2816
8bfd
3673
77e5
5382
7cca
7f87
d5b9
289a
8c0f
3666
77e3
247c
7f78
7ef3
d757
291c
8c22
365a
77e2
ef12
7fe3
7e26
d8f6
299f
8c35
364d
77e0
bc9f
7e08
7d1f
da97
2a22
8c47
3641
77df
95fb
79f0
7bdf
dc3a
2aa4
8c5a
3634
77dd
81e9
73ae
7a67
ddde
2b26
8c6d
3628
77dc
83f0
6b5e
78b7
df84
2ba8
8c7f
361b
77da
9bb3
6126
76d0
e12b
2c2a
8c92
360f
77d9
c509
5535
74b3
e2d4
2cac
8ca5
3602
77d7
f8b3
47c0
7261
e47e
2d2d
8cb8
35f6
77d6
2da5
3905
6fdb
e62a
2dae
8ccb
35e9
77d4
5a98
2947
6d22
e7d6
2e2f
8cde
35dd
77d3
77ab
18cd
6a37
e984
2eb0
8cf1
35d0
77d1
7fc7
07e2
671c
eb33
2f31
8d05
35c4
77cf
7180
f6d4
63d2
ece2
2fb1
8d18
35b7
77ce
4f55
e5ef
605a
ee93
3031
8d2b
35ab
77cc
1f45
d581
5cb7
f044
30b1
8d3e
359e
77cb
e9b9
c5d4
58ea
f1f6
3131
8d52
3591
77c9
b815
b72f
54f4
f3a9
31b0
8d65
3585
77c8
930b
a9d6
50d7
f55c
322f
8d79
3578
77c6
8118
9e04
4c96
f710
32ae
8d8c
356c
77c5
8561
93ef
4831
f8c4
332d
8da0
355f
77c3
9f26
8bc6
43ac
fa78
33ac
8db3
3553
77c2
c9e3
85ad
3f08
fc2d
342a
8dc7
3546
77c0
fe1b
81c0
3a48
fde2
34a8
8ddb
353a
77bf
32a8
8011
356c
ff96
3526
8def
352d
77bd
5e55
80a7
3079
014b
35a3
8e03
3520
77bb
797b
8381
2b6f
0300
3621
8e16
3514
77ba
7f58
8890
2652
04b5
369e
8e2a
3507
77b8
6ee6
8fbe
2123
066a
371b
8e3e
34fb
77b7
4b05
98eb
1be5
081e
3797
8e52
34ee
77b5
19ff
a3ec
169b
09d2
3814
8e67
34e2
77b4
e46b
b090
1146
0b85
3890
8e7b
34d5
77b2
b3ad
be9c
0be9
0d38
390c
8e8f
34c8
77b1
904d
cdd2
0687
0eeb
3987
8ea3
34bc
77af
8080
ddec
0122
109c
3a03
8eb8
34af
77ae
870a
eea1
fbbc
124d
3a7e
8ecc
34a3
77ac
a2c5
ffa5
f659
13fd
3af8
8ee0
3496
77aa
ced6
10ab
f0fa
15ac
3b73
8ef5
3489
77a9
0384
2165
eba1
175a
3bed
8f09
347d
77a7
3794
3187
e652
1907
3c67
8f1e
3470
77a6
61e8
40c7
e10e
1ab3
3ce1
8f33
3464
77a4
7b14
4ee2
dbd9
1c5e
3d5a
8f47
3457
77a3
7eaf
5b96
d6b4
1e08
3dd3
8f5c
344a
77a1
6c19
66a9
d1a2
1fb0
3e4c
8f71
343e
77a0
4692
6fea
cca5
2156
3ec5
8f86
3431
779e
14ad
772e
c7bf
22fb
3f3d
8f9a
3424
779c
df2a
7c54
c2f3
249f
3fb5
8faf
3418
779b
af67
7f46
be43
2641
402d
8fc4
340b
7799
8dc3
7ff4
b9b1
27e1
40a4
8fd9
33ff
7798
8023
7e5d
b53e
297f
411b
8fee
33f2
7796
88ea
7a88
b0ee
2b1c
4192
9004
33e5
7795
a68f
7486
acc2
2cb6
4209
9019
33d9
7793
d3df
6c72
a8bb
2e4e
427f
902e
33cc
7792
08eb
6271
a4dd
2fe5
42f5
9043
33bf
7790
3c67
56b0
a127
3179
436a
9059
33b3
778e
654d
4966
9d9d
330b
43e0
906e
33a6
778d
7c74
3ace
9a40
349a
4455
9084
339a
778b
7dcd
2b2a
9711
3627
44c9
9099
338d
778a
691b
1ac3
9412
37b2
453e
90af
3380
7788
41ff
09e1
9144
393a
45b2
90c4
3374
7787
0f52
f8d3
8ea8
3ac0
4626
90da
3367
7785
d9f7
e7e5
8c40
3c43
4699
90ef
335a
7783
ab46
d765
8a0d
3dc3
470c
9105
334e
7782
8b6d
c79e
880f
3f40
477f
911b
3341
7780
8000
b8d7
8648
40bb
47f1
9131
3334
777f
8b01
ab53
84b8
4232
4863
9147
3328
777d
aa82
9f50
8361
43a7
48d5
915d
331b
777c
d8fd
9505
8242
4518
4947
9173
330e
777a
0e4e
8ca0
815c
4686
49b8
9189
3302
7779
411d
8648
80b0
47f1
4a29
919f
32f5
7777
6884
8218
803e
4959
4a99
91b5
32e8
7775
7d9b
8025
8006
4abe
4b09
91cb
32dc
7774
7cb0
8078
8009
4c1f
4b79
91e1
32cf
7772
65ed
830e
8045
4d7c
4be8
91f8
32c2
7771
3d4d
87dc
80bc
4ed6
4c57
920e
32b6
776f
09f0
8ecc
816d
502d
4cc6
9225
32a9
776e
d4d6
97be
8257
517f
4d35
923b
329c
776c
a74b
a28b
837a
52ce
4da3
9251
328f
776a
894b
af00
84d7
541a
4e10
9268
3283
7769
8018
bce6
866b
5561
4e7e
927f
3276
7767
8d4e
cbfd
8836
56a5
4eeb
9295
3269
7766
ae9c
dc00
8a38
57e5
4f57
92ac
325d
7764
de2c
eca6
8c70
5920
4fc3
92c3
3250
7763
13aa
fda5
8edc
5a58
502f
92da
3243
7761
45b6
0eae
917c
5b8b
509b
92f0
3237
775f
6b8c
1f75
944e
5cbb
5106
9307
322a
775e
7e89
2fad
9751
5de6
5171
931e
321d
775c
7b5b
3f0c
9a84
5f0d
51db
9335
3210
775b
6290
4d4c
9de5
602f
5245
934c
3204
7759
3880
5a2d
a173
614d
52af
9363
31f7
7757
048a
6574
a52b
6267
5318
937b
31ea
7756
cfc8
6eee
a90d
637c
5381
9392
31dd
7754
a379
766f
ad17
648d
53ea
93a9
31d1
7753
8761
7bd7
b146
6599
5452
93c0
31c4
7751
806a
7f0b
b59a
66a0
54ba
93d8
31b7
7750
8fce
7ffe
ba0f
67a3
5521
93ef
31ab
774e
b2db
7eab
bea3
68a1
5588
9406
319e
774c
e36b
7b18
c356
699a
55ef
941e
3191
774b
18fe
7556
c824
6a8f
5655
9435
3184
7749
4a30
6d7e
cd0c
6b7f
56bb
944d
3178
7748
6e62
63b5
d20b
6c69
5720
9465
316b
7746
7f3d
5826
d71e
6d4f
5785
947c
315e
7744
79cd
4b07
dc45
6e30
57ea
9494
3151
7743
5f06
3c93
e17b
6f0c
584e
94ac
3145
7741
3399
2d0b
e6c0
6fe3
58b2
94c4
3138
7740
ff21
1cb7
ec10
70b4
5915
94dc
312b
773e
cad1
0be0
f169
7181
5978
94f4
311e
773d
9fd2
fad3
f6c9
7248
59db
950c
3112
773b
85ad
e9dd
fc2d
730b
5a3d
9524
3105
7739
80f7
d94d
0192
73c8
5a9f
953c
30f8
7738
9282
c96c
06f7
747f
5b00
9554
30eb
7736
b73d
ba83
0c59
7532
5b61
956c
30df
7735
e8b7
acd6
11b5
75df
5bc2
9584
30d2
7733
1e46
a0a3
1709
7686
5c22
959c
30c5
7731
4e87
9622
1c53
7729
5c82
95b5
30b8
7730
7105
8d82
2190
77c6
5ce1
95cd
30ab
772e
7fb7
86ea
26bd
785d
5d40
95e6
309f
772d
7807
8279
2bd9
78ef
5d9e
95fe
3092
772b
5b51
8042
30e1
797b
5dfc
9617
3085
7729
2e9a
8050
35d2
7a02
5e5a
962f
3078
7728
f9b9
82a2
3aab
7a84
5eb7
9648
306b
7726
c5f2
872f
3f6a
7aff
5f14
9660
305f
7725
9c56
8de0
440b
7b75
5f70
9679
3052
7723
8431
9698
488e
7be6
5fcc
9692
3045
7721
81bd
a130
4cef
7c51
6027
96ab
3038
7720
9569
ad76
512e
7cb6
6082
96c3
302b
771e
bbc1
bb34
5548
7d16
60dd
96dc
301f
771d
ee0e
ca2a
593a
7d70
6137
96f5
3012
771b
2380
da15
5d04
7dc4
6191
970e
3005
7719
52ba
eaad
60a4
7e12
61ea
9727
2ff8
7718
7375
fba5
6418
7e5b
6243
9740
2feb
7716
7ff6
0cb1
675e
7e9e
629b
975a
2fdf
7715
760b
1d83
6a75
7edb
62f3
9773
2fd2
7713
5772
2dd0
6d5c
7f12
634a
978c
2fc5
7711
2986
3d4c
7011
7f44
63a1
97a5
2fb8
7710
f454
4bb1
7293
7f70
63f8
97bf
2fab
770e
c12d
58be
74e1
7f96
644e
97d8
2f9f
770d
9908
6438
76fa
7fb6
64a4
97f1
2f92
770b
82ee
6deb
78dc
7fd1
64f9
980b
2f85
7709
82be
75a9
7a87
7fe5
654d
9824
2f78
7708
987f
7b51
7bfb
7ff4
65a2
983e
2f6b
7706
c064
7ec9
7d36
7ffd
65f5
9858
2f5e
7705
f36d
7fff
7e39
7fff
6649
9871
2f52
7703
28aa
7ef1
7f01
7ffd
669c
988b
2f45
7701
56c8
7ba1
7f90
7ff5
66ee
98a5
2f38
7700
75b1
761f
7fe5
7fe6
6740
98bf
2f2b
76fe
7ffb
6e84
7fff
7fd2
6791
98d8
2f1e
76fd
73d9
64f3
7fe0
7fb8
67e2
98f2
2f11
76fb
536b
5997
7f87
7f98
6833
990c
2f04
76f9
245f
4ca4
7ef3
7f73
6883
9926
2ef8
76f8
eef4
3e54
7e25
7f47
68d2
9940
2eeb
76f6
bc85
2ee9
7d1e
7f16
6921
995a
2ede
76f4
95ea
1ea9
7bde
7edf
6970
9974
2ed1
76f3
81e4
0ddd
7a66
7ea2
69be
998f
2ec4
76f1
83f7
fcd3
78b6
7e60
6a0c
99a9
2eb7
76f0
9bc6
ebd7
76cf
7e17
6a59
99c3
2eaa
76ee
c523
db36
74b2
7dc9
6aa5
99dd
2e9e
76ec
f8d2
cb3d
7260
7d76
6af2
99f8
2e91
76eb
2dc2
bc33
6fd9
7d1c
6b3d
9a12
2e84
76e9
5aae
ae5e
6d20
7cbd
6b89
9a2d
2e77
76e8
77b6
a1fc
6a35
7c58
6bd3
9a47
2e6a
76e6
7fc5
9745
671a
7bee
6c1d
9a62
2e5d
76e4
7172
8e6a
63d0
7b7d
6c67
9a7c
2e50
76e3
4f3d
8794
6058
7b08
6cb0
9a97
2e43
76e1
1f27
82e1
5cb5
7a8c
6cf9
9ab2
2e37
76df
e99c
8066
58e7
7a0b
6d41
9acc
2e2a
76de
b7fc
8030
54f1
7985
6d89
9ae7
2e1d
76dc
92fb
823f
50d5
78f9
6dd0
9b02
2e10
76db
8114
8689
4c93
7867
6e17
9b1d
2e03
76d9
856a
8cfc
482f
77d0
6e5d
9b38
2df6
76d7
9f3a
9579
43aa
7734
6ea3
9b53
2de9
76d6
c9fe
9fdb
3f06
7692
6ee8
9b6e
2ddc
76d4
fe39
abf1
3a45
75ea
6f2d
9b89
2dcf
76d2
32c4
b986
356a
753e
6f71
9ba4
2dc3
76d1
5e6a
c85b
3076
748c
6fb5
9bbf
2db6
76cf
7985
d82d
2b6c
73d4
6ff8
9bda
2da9
76ce
7f55
e8b4
264f
7318
703b
9bf5
2d9c
76cc
6ed6
f9a5
2120
7256
707d
9c11
2d8f
76ca
4aec
0ab3
1be2
718f
70bf
9c2c
2d82
76c9
19e1
1b90
1698
70c3
7100
9c47
2d75
76c7
e44e
2bf0
1143
6ff1
7141
9c63
2d68
76c5
b394
3b88
0be6
6f1b
7181
9c7e
2d5b
76c4
903f
4a12
0684
6e40
71c0
9c9a
2d4e
76c2
807e
574a
011f
6d5f
71ff
9cb5
2d41
76c1
8714
62f7
fbb9
6c7a
723e
9cd1
2d34
76bf
a2da
6ce1
f656
6b8f
727c
9ced
2d27
76bd
cef2
74dc
f0f7
6aa0
72ba
9d08
2d1b
76bc
03a2
7ac4
eb9e
69ac
72f7
9d24
2d0e
76ba
37af
7e7e
e64f
68b3
7333
9d40
2d01
76b8
61fb
7ff9
e10c
67b5
736f
9d5c
2cf4
76b7
7b1c
7f2f
dbd6
66b2
73ab
9d77
2ce7
76b5
7eab
7c22
d6b1
65ab
73e5
9d93
2cda
76b4
6c09
76e1
d19f
649f
7420
9daf
2ccd
76b2
4678
6f83
cca2
638f
745a
9dcb
2cc0
76b0
148f
662b
c7bd
627a
7493
9de7
2cb3
76af
df0c
5b02
c2f1
6161
74cc
9e03
2ca6
76ad
af4f
4e3c
be40
6043
7504
9e20
2c99
76ab
8db5
4012
b9ae
5f21
753c
9e3c
2c8c
76aa
8022
30c4
b53c
5dfa
7573
9e58
2c7f
76a8
88f5
2099
b0ec
5ccf
75aa
9e74
2c72
76a6
a6a5
0fda
acbf
5ba0
75e0
9e91
2c65
76a5
d3fc
fed3
a8b9
5a6d
7615
9ead
2c58
76a3
0909
edd1
a4da
5936
764b
9ec9
2c4b
76a1
3c81
dd22
a125
57fa
767f
9ee6
2c3e
76a0
6560
cd11
9d9b
56bb
76b3
9f02
2c31
769e
7c7b
bde8
9a3e
5578
76e6
9f1f
2c24
769d
7dc7
afeb
970f
5431
7719
9f3b
2c18
769b
6909
a35a
9410
52e6
774c
9f58
2c0b
7699
41e5
986f
9142
5197
777e
9f75
2bfe
7698
0f34
8f5a
8ea7
5044
77af
9f91
2bf1
7696
d9da
8845
8c3f
4eee
77e0
9fae
2be4
7694
ab2f
8351
8a0b
4d94
7810
9fcb
2bd7
7693
8b60
8093
880e
4c37
783f
9fe8
2bca
7691
8000
8018
8647
4ad6
786e
a005
2bbd
768f
8b0e
81e3
84b7
4972
789d
a022
2bb0
768e
aa98
85eb
8360
480a
78cb
a03f
2ba3
768c
d91a
8c1f
8241
469f
78f8
a05c
2b96
768a
0e6c
9460
815c
4531
7925
a079
2b89
7689
4138
9e8b
80b0
43c0
7952
a096
2b7c
7687
6896
aa72
803e
424c
797d
a0b3
2b6f
7686
7da1
b7dd
8006
40d5
79a9
a0d0
2b62
7684
7ca9
c68f
8009
3f5a
79d3
a0ed
2b55
7682
65da
d647
8045
3ddd
79fd
a10b
2b48
7681
3d33
e6bd
80bc
3c5d
7a27
a128
2b3b
767f
09d2
f7a6
816d
3adb
7a50
a145
2b2e
767d
d4b9
08b4
8257
3955
7a78
a163
2b21
767c
a735
199b
837b
37cd
7aa0
a180
2b14
767a
8940
2a0d
84d7
3643
7ac8
a19e
2b07
7678
8019
39c1
866c
34b6
7aee
a1bb
2afa
7677
8d5b
486d
8837
3326
7b15
a1d9
2aed
7675
aeb3
55d1
8a3a
3195
7b3a
a1f6
2ae0
7673
de4a
61af
8c71
3001
7b5f
a214
2ad3
7672
13c8
6bd0
8ede
2e6b
7b84
a232
2ac6
7670
45d0
7407
917e
2cd2
7ba8
a250
2ab9
766e
6b9c
7a2f
9450
2b38
7bcb
a26d
2aac
766d
7e8d
7e2c
9753
299c
7bee
a28b
2a9e
766b
7b53
7feb
9a86
27fe
7c11
a2a9
2a91
7669
627c
7f64
9de7
265e
7c32
a2c7
2a84
7668
3865
7c9b
a175
24bc
7c53
a2e5
2a77
7666
046c
779b
a52e
2318
7c74
a303
2a6a
7664
cfac
707b
a910
2173
7c94
a321
2a5d
7663
a364
675c
ad19
1fcd
7cb3
a33f
2a50
7661
8757
5c68
b149
1e25
7cd2
a35d
2a43
765f
806d
4fcf
b59c
1c7c
7cf1
a37b
2a36
765e
8fdd
41cb
ba11
1ad1
7d0e
a39a
2a29
765c
b2f3
329d
bea6
1925
7d2c
a3b8
2a1c
765a
e389
2288
c359
1778
7d48
a3d6
2a0f
7659
191c
11d6
c827
15ca
7d64
a3f5
2a02
7657
4a48
00d3
cd0f
141b
7d80
a413
29f5
7655
6e71
efcd
d20e
126b
7d9b
a431
29e8
7654
7f40
df10
d721
10ba
7db5
a450
29db
7652
79c4
cee9
dc48
0f09
7dcf
a46e
29ce
7650
5ef2
bfa1
e17e
0d56
7de8
a48d
29c1
764f
337d
b17d
e6c3
0ba3
7e00
a4ac
29b4
764d
ff03
a4bf
ec13
09f0
7e18
a4ca
29a7
764b
cab5
999f
f16c
083c
7e30
a4e9
299a
764a
9fbe
9051
f6cc
0688
7e47
a508
298c
7648
85a4
88fe
fc30
04d3
7e5d
a526
297f
7646
80fa
83c8
0195
031f
7e73
a545
2972
7645
9292
80c7
06fa
016a
7e88
a564
2965
7643
b756
8009
0c5c
ffb5
7e9d
a583
2958
7641
e8d5
8190
11b8
fe00
7eb1
a5a2
294b
7640
1e64
8555
170c
fc4b
7ec4
a5c1
293e
763e
4e9f
8b49
1c56
fa96
7ed7
a5e0
2931
763c
7114
934e
2193
f8e2
7ee9
a5ff
2924
763b
7fb9
9d42
26c0
f72e
7efb
a61e
2917
7639
77fd
a8f7
2bdc
f57a
7f0c
a63d
290a
7637
5b3b
b638
30e4
f3c7
7f1d
a65c
28fd
7636
2e7e
c4c7
35d5
f214
7f2d
a67b
28ef
7634
f99b
d464
3aae
f062
7f3c
a69b
28e2
7632
c5d7
e4c8
3f6c
eeb1
7f4b
a6ba
28d5
7631
9c43
f5a7
440e
ed00
7f59
a6d9
28c8
762f
842a
06b5
4890
eb50
7f67
a6f9
28bb
762d
81c2
17a4
4cf2
e9a2
7f74
a718
28ae
762c
9579
2828
5130
e7f4
7f80
a738
28a1
762a
bbda
37f6
554a
e647
7f8c
a757
2894
7628
ee2c
46c5
593c
e49c
7f97
a777
2887
7627
239d
5452
5d07
e2f2
7fa2
a796
287a
7625
52d1
6060
60a6
e149
7fac
a7b6
286c
7623
7383
6ab8
641a
dfa1
7fb6
a7d5
285f
7622
7ff7
732b
6760
ddfb
7fbf
a7f5
2852
7620
75ff
7993
6a77
dc57
7fc7
a815
2845
761e
575b
7dd2
6d5e
dab4
7fcf
a835
2838
761c
2969
7fd5
7013
d913
7fd6
a854
282b
761b
f436
7f92
7294
d773
7fdd
a874
281e
7619
c113
7d0c
74e2
d5d6
7fe3
a894
2811
7617
98f6
784e
76fb
d43a
7fe9
a8b4
2803
7616
82e8
716c
78dd
d2a1
7fee
a8d4
27f6
7614
82c4
6887
7a88
d109
7ff2
a8f4
27e9
7612
9891
5dc7
7bfc
cf74
7ff6
a914
27dc
7611
c07e
515d
7d37
cde1
7ff9
a934
27cf
760f
f38b
4381
7e39
cc50
7ffb
a954
27c2
760d
28c7
3472
7f02
cac1
7ffd
a975
27b5
760c
56de
2474
7f91
c935
7fff
a995
27a8
760a
75bd
13d1
7fe5
c7ab
7fff
a9b5
279a
7608
7ffa
02d4
7fff
c624
7fff
a9d5
278d
7607
73cc
f1c9
7fe0
c4a0
7fff
a9f6
2780
7605
5354
e100
7f86
c31e
7fff
aa16
2773
7603
2442
d0c3
7ef2
c19f
7ffd
aa36
2766
7601
eed6
c15e
7e25
c023
7ffb
aa57
2759
7600
bc6c
b314
7d1e
beaa
7ff9
aa77
274c
75fe
95d9
a629
7bdd
bd33
7ff5
aa98
273e
75fc
81df
9ad6
7a65
bbc0
7ff2
aab9
2731
75fb
83ff
914f
78b5
ba50
7fed
aad9
2724
75f9
9bd8
89be
76ce
b8e3
7fe8
aafa
2717
75f7
c53e
8448
74b0
b779
7fe3
ab1a
270a
75f6
f8f0
8104
725e
b613
7fdc
ab3b
26fd
75f4
2dde
8001
6fd8
b4b0
7fd6
ab5c
26ef
75f2
5ac3
8144
6d1f
b350
7fce
ab7d
26e2
75f1
77c1
84c7
6a34
b1f4
7fc7
ab9e
26d5
75ef
7fc3
8a7a
6718
b09c
7fbe
abbe
26c8
75ed
7163
9243
63ce
af47
7fb5
abdf
26bb
75eb
4f26
9c00
6056
adf6
7fab
ac00
26ae
75ea
1f0a
a782
5cb3
aca8
7fa1
ac21
26a0
75e8
e97e
b497
58e5
ab5e
7f96
ac42
2693
75e6
b7e3
c303
54ef
aa18
7f8b
ac63
2686
75e5
92eb
d284
50d2
a8d6
7f7f
ac85
2679
75e3
8110
e2d4
4c91
a798
7f73
aca6
266c
75e1
8572
f3a8
482c
a65e
7f65
acc7
265f
75df
9f4d
04b5
43a7
a528
7f58
ace8
2651
75de
ca1a
15ac
3f03
a3f7
7f49
ad09
2644
75dc
fe58
2640
3a42
a2c9
7f3b
ad2b
2637
75da
32e0
3627
3567
a1a0
7f2b
ad4c
262a
75d9
5e7e
4518
3073
a07b
7f1b
ad6d
261d
75d7
798e
52ce
2b6a
9f5a
7f0b
ad8f
260f
75d5
7f52
5f0c
264c
9e3e
7ef9
adb0
2602
75d4
6ec7
699a
211d
9d26
7ee8
add2
25f5
75d2
4ad3
7248
1bdf
9c13
7ed5
adf3
25e8
75d0
19c4
78ef
1695
9b04
7ec2
ae15
25db
75ce
e430
7d70
1140
99fa
7eaf
ae36
25cd
75cd
b37c
7fb6
0be3
98f4
7e9b
ae58
25c0
75cb
9030
7fb8
0681
97f3
7e86
ae7a
25b3
75c9
807b
7d76
011c
96f7
7e71
ae9b
25a6
75c8
871e
78f9
fbb6
9600
7e5b
aebd
2599
75c6
a2ef
7256
f653
950d
7e45
aedf
258b
75c4
cf0e
69ac
f0f3
9420
7e2e
af01
257e
75c2
03c0
5f21
eb9b
9337
7e16
af23
2571
75c1
37cb
52e6
e64c
9253
7dfe
af44
2564
75bf
620f
4532
e109
9174
7de6
af66
2557
75bd
7b24
3643
dbd3
909b
7dcc
af88
2549
75bc
7ea7
265e
d6ae
8fc6
7db3
afaa
253c
75ba
6bf8
15ca
d19c
8ef6
7d98
afcc
252f
75b8
465f
04d4
cc9f
8e2c
7d7d
afee
2522
75b6
1472
f3c7
c7ba
8d67
7d62
b011
2514
75b5
deef
e2f2
c2ee
8ca7
7d46
b033
2507
75b3
af38
d2a1
be3e
8bec
7d29
b055
24fa
75b1
8da8
c31e
b9ac
8b36
7d0c
b077
24ed
75b0
8020
b4b0
b539
8a86
7cee
b099
24e0
75ae
8901
a799
b0e9
89db
7cd0
b0bc
24d2
75ac
a6ba
9c13
acbd
8936
7cb1
b0de
24c5
75aa
d418
9253
a8b7
8896
7c91
b100
24b8
75a9
0927
8a86
a4d8
87fb
7c71
b123
24ab
75a7
3c9c
84cf
a123
8766
7c50
b145
249d
75a5
6572
8148
9d99
86d6
7c2f
b168
2490
75a4
7c82
8001
9a3c
864c
7c0e
b18a
2483
75a2
7dc1
8100
970e
85c8
7beb
b1ad
2476
75a0
68f8
8440
940f
8549
7bc8
b1cf
2468
759e
41cb
89b3
9141
84cf
7ba5
b1f2
245b
759d
0f16
913f
8ea5
845b
7b81
b215
244e
759b
d9bd
9ac3
8c3d
83ed
7b5c
b237
2441
7599
ab18
a613
8a0a
8384
7b37
b25a
2433
7597
8b54
b2fc
880d
8322
7b11
b27d
2426
7596
8000
c143
8646
82c4
7aeb
b29f
2419
7594
8b1a
d0a7
84b7
826d
7ac4
b2c2
240c
7592
aaaf
e0e2
835f
821b
7a9d
b2e5
23fe
7591
d937
f1ab
8241
81cf
7a75
b308
23f1
758f
0e8a
02b5
815b
8189
7a4c
b32b
23e4
758d
4152
13b2
80af
8148
7a23
b34e
23d7
758b
68a7
2456
803e
810d
79fa
b371
23c9
758a
7da7
3455
8006
80d8
79d0
b394
23bc
7588
7ca2
4366
8009
80a9
79a5
b3b7
23af
7586
65c8
5145
8046
8080
797a
b3da
23a1
7584
3d18
5db2
80bd
805c
794e
b3fd
2394
7583
09b4
6875
816d
803e
7921
b420
2387
7581
d49d
715e
8258
8026
78f4
b444
237a
757f
a720
7843
837c
8014
78c7
b467
236c
757e
8935
7d06
84d8
8008
7899
b48a
235f
757c
801a
7f90
866d
8001
786a
b4ae
2352
757a
8d69
7fd6
8838
8000
783b
b4d1
2345
7578
aecb
7dd7
8a3b
8006
780c
b4f4
2337
7577
de67
799d
8c73
8010
77db
b518
232a
7575
13e6
7339
8edf
8021
77ab
b53b
231d
7573
45e9
6aca
917f
8038
7779
b55f
230f
7571
6bac
6075
9452
8054
7747
b582
2302
7570
7e92
546a
9755
8076
7715
b5a6
22f5
756e
7b4a
46df
9a88
809f
76e2
b5c9
22e8
756c
6269
3811
9de9
80cc
76ae
b5ed
22da
756a
3849
2846
a177
8100
767a
b611
22cd
7569
044d
17c2
a530
8139
7646
b634
22c0
7567
cf90
06d3
a912
8179
7611
b658
22b2
7565
a350
f5c5
ad1c
81bd
75db
b67c
22a5
7563
874c
e4e6
b14b
8208
75a5
b69f
2298
7562
806f
d481
b59e
8259
756e
b6c3
228a
7560
8fec
c4e3
ba14
82af
7537
b6e7
227d
755e
b30b
b651
bea9
830b
74ff
b70b
2270
755c
e3a7
a90e
c35b
836c
74c7
b72f
2262
755b
1939
9d56
c82a
83d3
748e
b753
2255
7559
4a61
935f
cd11
8440
7455
b777
2248
7557
6e80
8b55
d210
84b3
741b
b79b
223b
7556
7f43
855e
d724
852b
73e0
b7bf
222d
7554
79ba
8194
dc4b
85a8
73a5
b7e3
2220
7552
5edd
8009
e181
862c
736a
b807
2213
7550
3361
80c4
e6c6
86b4
732e
b82b
2205
754f
fee5
83c1
ec16
8743
72f1
b850
21f8
754d
ca9a
88f3
f16f
87d7
72b4
b874
21eb
754b
9faa
9042
f6cf
8870
7277
b898
21dd
7549
859b
998d
fc33
890f
7239
b8bc
21d0
7548
80fe
a4a9
0198
89b3
71fa
b8e1
21c3
7546
92a2
b165
06fd
8a5c
71bb
b905
21b5
7544
b76f
bf86
0c5f
8b0b
717b
b929
21a8
7542
e8f3
cecc
11bb
8bbf
713b
b94e
219b
7541
1e81
def2
170f
8c79
70fa
b972
218d
753f
4eb7
efae
1c59
8d38
70b9
b997
2180
753d
7122
00b4
2195
8dfc
7077
b9bb
2173
753b
7fbb
11b7
26c3
8ec5
7035
b9e0
2165
7539
77f2
226a
2bdf
8f93
6ff2
ba04
2158
7538
5b26
3280
30e6
9067
6faf
ba29
214b
7536
2e61
41b1
35d8
913f
6f6b
ba4d
213d
7534
f97d
4fb7
3ab1
921d
6f27
ba72
2130
7532
c5bc
5c52
3f6f
92ff
6ee2
ba97
2123
7531
9c30
674a
4410
93e7
6e9d
babc
2115
752f
8422
706d
4893
94d3
6e57
bae0
2108
752d
81c7
7790
4cf4
95c5
6e11
bb05
20fb
752b
958a
7c94
5133
96bb
6dca
bb2a
20ed
752a
bbf4
7f61
554c
97b6
6d83
bb4f
20e0
7528
ee4a
7fec
593f
98b6
6d3b
bb74
20d2
7526
23bb
7e31
5d09
99ba
6cf3
bb99
20c5
7524
52e8
7a39
60a8
9ac3
6caa
bbbe
20b8
7523
7390
7414
641c
9bd1
6c61
bbe3
20aa
7521
7ff7
6be1
6762
9ce3
6c17
bc08
209d
751f
75f4
61c3
6a79
9dfa
6bcd
bc2d
2090
751d
5745
55e8
6d5f
9f15
6b82
bc52
2082
751c
294c
4887
7014
a035
6b37
bc77
2075
751a
f417
39dc
7296
a159
6aeb
bc9c
2068
7518
c0f8
2a2b
74e3
a281
6a9f
bcc1
205a
7516
98e4
19b9
76fc
a3ad
6a52
bce6
204d
7515
82e1
08d3
78de
a4de
6a05
bd0b
203f
7513
82ca
f7c4
7a89
a613
69b7
bd31
2032
7511
98a3
e6db
7bfd
a74c
6969
bd56
2025
750f
c098
d665
7d38
a889
691a
bd7b
2017
750d
f3a9
c6ab
7e3a
a9ca
68cb
bda1
200a
750c
28e4
b7f6
7f02
ab0f
687c
bdc6
1ffd
750a
56f4
aa89
7f91
ac58
682c
bdeb
1fef
7508
75c9
9ea0
7fe5
ada5
67db
be11
1fe2
7506
7ffa
9471
7fff
aef5
678a
be36
1fd4
7505
73bf
8c2c
7fe0
b049
6739
be5c
1fc7
7503
533d
85f5
7f86
b1a1
66e7
be81
1fba
7501
2425
81e9
7ef2
b2fc
6694
bea7
1fac
74ff
eeb8
801a
7e24
b45b
6641
becd
1f9f
74fe
bc52
8090
7d1d
b5bd
65ee
bef2
1f92
74fc
95c8
834a
7bdd
b723
659a
bf18
1f84
74fa
81da
883a
7a64
b88b
6546
bf3e
1f77
74f8
8406
8f4b
78b4
b9f8
64f1
bf63
1f69
74f6
9beb
985d
76cd
bb67
649c
bf89
1f5c
74f5
c559
a345
74af
bcd9
6446
bfaf
1f4f
74f3
f90e
afd3
725d
be4f
63f0
bfd5
1f41
74f1
2dfa
bdcd
6fd6
bfc7
639a
bffa
1f34
74ef
5ad8
ccf5
6d1d
c143
6343
c020
1f26
74ee
77cc
dd04
6a32
c2c1
62eb
c046
1f19
74ec
7fc2
edb3
6717
c442
6293
c06c
1f0c
74ea
7155
feb4
63cc
c5c6
623b
c092
1efe
74e8
4f0e
0fbc
6054
c74d
61e2
c0b8
1ef1
74e6
1eec
207c
5cb1
c8d6
6189
c0de
1ee3
74e5
e960
30a8
58e3
ca61
612f
c104
1ed6
74e3
b7ca
3ff7
54ed
cbef
60d5
c12a
1ec8
74e1
92db
4e23
50d0
cd7f
607a
c150
1ebb
74df
810c
5aec
4c8e
cf12
601f
c176
1eae
74de
857b
6618
482a
d0a7
5fc4
c19c
1ea0
74dc
9f61
6f74
43a4
d23e
5f68
c1c2
1e93
74da
ca35
76d5
3f00
d3d7
5f0c
c1e9
1e85
74d8
fe76
7c1a
3a3f
d572
5eaf
c20f
1e78
74d6
32fc
7f2b
3564
d70f
5e52
c235
1e6b
74d5
5e93
7ffa
3070
d8ae
5df4
c25b
1e5d
74d3
7998
7e83
2b67
da4f
5d96
c282
1e50
74d1
7f4f
7acd
2649
dbf1
5d38
c2a8
1e42
74cf
6eb8
74e9
211a
dd96
5cd9
c2ce
1e35
74cd
4abb
6cf1
1bdc
df3b
5c79
c2f5
1e27
74cc
19a6
630a
1692
e0e2
5c1a
c31b
1e1a
74ca
e412
5761
113d
e28b
5bb9
c342
1e0d
74c8
b364
4a2b
0be0
e435
5b59
c368
1dff
74c6
9021
3ba3
067e
e5e0
5af8
c38f
1df2
74c5
8078
2c0d
0119
e78c
5a96
c3b5
1de4
74c3
8728
1bae
fbb3
e93a
5a35
c3dc
1dd7
74c1
a303
0ad2
f650
eae8
59d2
c402
1dc9
74bf
cf2a
f9c4
f0f0
ec98
5970
c429
1dbc
74bd
03df
e8d2
eb98
ee48
590d
c450
1daf
74bc
37e6
d84a
e649
eff9
58a9
c476
1da1
74ba
6222
c877
e106
f1ab
5845
c49d
1d94
74b8
7b2d
b9a0
dbd0
f35e
57e1
c4c4
1d86
74b6
7ea2
ac09
d6ac
f511
577c
c4ea
1d79
74b4
6be8
9fef
d19a
f6c4
5717
c511
1d6b
74b3
4646
958a
cc9d
f878
56b2
c538
1d5e
74b1
1454
8d09
c7b7
fa2d
564c
c55f
1d50
74af
ded2
8693
c2eb
fbe1
55e6
c586
1d43
74ad
af20
8245
be3b
fd96
557f
c5ad
1d35
74ab
8d9a
8032
b9a9
ff4b
5518
c5d4
1d28
74aa
801f
8064
b537
0100
54b1
c5fa
1d1b
74a8
890c
82da
b0e7
02b5
5449
c621
1d0d
74a6
a6d0
8789
acbb
046a
53e1
c648
1d00
74a4
d435
8e5c
a8b5
061e
5378
c66f
1cf2
74a2
0946
9733
a4d6
07d3
530f
c696
1ce5
74a1
3cb7
a1e7
a121
0987
52a6
c6be
1cd7
749f
6585
ae46
9d97
0b3a
523c
c6e5
1cca
749d
7c89
bc19
9a3a
0ced
51d2
c70c
1cbc
749b
7dbc
cb21
970c
0ea0
5167
c733
1caf
7499
68e7
db18
940d
1051
50fd
c75a
1ca1
7498
41b1
ebb8
913f
1202
5091
c781
1c94
7496
0ef8
fcb4
8ea4
13b3
5026
c7a8
1c86
7494
d9a0
0dbf
8c3c
1562
4fba
c7d0
1c79
7492
ab01
1e8b
8a09
1710
4f4e
c7f7
1c6c
7490
8b47
2ecc
880c
18be
4ee1
c81e
1c5e
748f
8000
3e39
8645
1a6a
4e74
c846
1c51
748d
8b26
4c8b
84b6
1c15
4e07
c86d
1c43
748b
aac6
5981
835e
1dbe
4d99
c894
1c36
7489
d954
64e0
8240
1f67
4d2b
c8bc
1c28
7487
0ea8
6e75
815b
210e
4cbc
c8e3
1c1b
7486
416c
7613
80af
22b3
4c4e
c90b
1c0d
7484
68b9
7b99
803d
2457
4bdf
c932
1c00
7482
7dac
7eed
8006
25f9
4b6f
c95a
1bf2
7480
7c9b
7fff
8009
2799
4aff
c981
1be5
747e
65b5
7ecd
8046
2938
4a8f
c9a9
1bd7
747c
3cfd
7b5a
80bd
2ad5
4a1f
c9d0
1bca
747b
0996
75b6
816e
2c6f
49ae
c9f8
1bbc
7479
d480
6dfb
8259
2e08
493d
ca20
1baf
7477
a70a
644c
837c
2f9f
48cb
ca47
1ba1
7475
892a
58d5
84d9
3133
4859
ca6f
1b94
7473
801c
4bca
866e
32c6
47e7
ca97
1b86
7472
8d76
3d67
883a
3456
4775
cabe
1b79
7470
aee2
2ded
8a3c
35e3
4702
cae6
1b6b
746e
de84
1da1
8c74
376e
468f
cb0e
1b5e
746c
1404
0cd0
8ee1
38f7
461b
cb36
1b50
746a
4603
fbc4
9181
3a7d
45a8
cb5d
1b43
7469
6bbd
eacb
9453
3c00
4533
cb85
1b35
7467
7e96
da33
9757
3d81
44bf
cbad
1b28
7465
7b42
ca46
9a8a
3eff
444a
cbd5
1b1a
7463
6256
bb4e
9deb
407a
43d5
cbfd
1b0d
7461
382e
ad8e
a179
41f2
4360
cc25
1aff
745f
042f
a145
a532
4367
42ea
cc4d
1af2
745e
cf74
96aa
a914
44d9
4274
cc75
1ae4
745c
a33b
8dee
ad1e
4647
41fe
cc9d
1ad7
745a
8742
8739
b14e
47b3
4188
ccc5
1ac9
7458
8072
82a9
b5a1
491b
4111
cced
1abc
7456
8ffa
8052
ba16
4a80
409a
cd15
1aae
7455
b323
8040
beab
4be2
4022
cd3d
1aa1
7453
e3c4
8273
c35e
4d40
3faa
cd65
1a93
7451
1957
86e0
c82c
4e9b
3f32
cd8d
1a86
744f
4a7a
8d74
cd14
4ff2
3eba
cdb6
1a78
744d
6e90
9610
d213
5145
3e42
cdde
1a6b
744b
7f47
a08f
d727
5295
3dc9
ce06
1a5d
744a
79b1
acbf
dc4e
53e1
3d4f
ce2e
1a50
7448
5ec9
ba69
e184
5529
3cd6
ce56
1a42
7446
3345
c950
e6c9
566d
3c5c
ce7f
1a35
7444
fec6
d92f
ec19
57ae
3be2
cea7
1a27
7442
ca7e
e9bf
f172
58ea
3b68
cecf
1a19
7440
9f96
fab4
f6d2
5a22
3aee
cef8
1a0c
743f
8592
0bc1
fc36
5b57
3a73
cf20
19fe
743d
8102
1c99
019b
5c87
39f8
cf48
19f1
743b
92b2
2cee
0700
5db2
397c
cf71
19e3
7439
b788
3c78
0c62
5eda
3901
cf99
19d6
7437
e911
4aee
11be
5ffd
3885
cfc2
19c8
7435
1e9e
5810
1712
611c
3809
cfea
19bb
7434
4ecf
63a2
1c5c
6237
378c
d013
19ad
7432
7130
6d6e
2198
634d
3710
d03b
19a0
7430
7fbd
754a
26c6
645e
3693
d064
1992
742e
77e8
7b10
2be1
656b
3616
d08c
1985
742c
5b11
7ea7
30e9
6673
3598
d0b5
1977
742a
2e45
7ffe
35db
6777
351b
d0de
196a
7429
f95e
7f0f
3ab4
6876
349d
d106
195c
7427
c5a1
7bdf
3f72
6970
341f
d12f
194e
7425
9c1d
767b
4413
6a65
33a1
d158
1941
7423
841a
6efd
4895
6b56
3322
d180
1933
7421
81cc
6587
4cf7
6c41
32a3
d1a9
1926
741f
959b
5a43
5135
6d28
3224
d1d2
1918
741e
bc0e
4d64
554e
6e0a
31a5
d1fb
190b
741c
ee68
3f26
5941
6ee6
3126
d223
18fd
741a
23d8
2fc9
5d0b
6fbe
30a6
d24c
18f0
7418
5300
1f93
60aa
7091
3026
d275
18e2
7416
739d
0ecd
641e
715e
2fa6
d29e
18d4
7414
7ff8
fdc4
6764
7226
2f25
d2c7
18c7
7413
75e8
ecc5
6a7b
72ea
2ea5
d2f0
18b9
7411
572f
dc1d
6d61
73a7
2e24
d318
18ac
740f
2930
cc19
7016
7460
2da3
d341
189e
740d
f3f9
bd00
7297
7513
2d22
d36a
1891
740b
c0de
af18
74e5
75c1
2ca0
d393
1883
7409
98d3
a2a0
76fd
766a
2c1f
d3bc
1876
7407
82db
97d0
78df
770d
2b9d
d3e5
1868
7406
82d0
8eda
7a8a
77ab
2b1b
d40e
185a
7404
98b5
87e6
7bfd
7843
2a99
d437
184d
7402
c0b3
8314
7d38
78d6
2a16
d460
183f
7400
f3c8
807a
7e3a
7964
2994
d48a
1832
73fe
2901
8024
7f02
79eb
2911
d4b3
1824
73fc
570b
8213
7f91
7a6e
288e
d4dc
1817
73fb
75d4
863e
7fe6
7aea
280b
d505
1809
73f9
7ff9
8c93
7fff
7b62
2788
d52e
17fb
73f7
73b2
94f4
7fe0
7bd3
2704
d557
17ee
73f5
5325
9f3c
7f86
7c3f
2680
d581
17e0
73f3
2408
ab3c
7ef2
7ca5
25fc
d5aa
17d3
73f1
ee9a
b8bd
7e24
7d06
2578
d5d3
17c5
73ef
bc38
c782
7d1c
7d61
24f4
d5fc
17b8
73ee
95b7
d748
7bdc
7db6
2470
d626
17aa
73ec
81d5
e7c7
7a63
7e05
23eb
d64f
179c
73ea
840e
f8b4
78b3
7e4f
2367
d678
178f
73e8
9bfe
09c2
76cb
7e93
22e2
d6a2
1781
73e6
c574
1aa4
74ae
7ed1
225d
d6cb
1774
73e4
f92c
2b0d
725b
7f09
21d7
d6f4
1766
73e2
2e17
3ab2
6fd5
7f3c
2152
d71e
1758
73e1
5aee
494c
6d1b
7f69
20cd
d747
174b
73df
77d6
5699
6a30
7f90
2047
d771
173d
73dd
7fc0
625d
6715
7fb1
1fc1
d79a
1730
73db
7147
6c61
63ca
7fcc
1f3b
d7c3
1722
73d9
4ef6
7479
6052
7fe2
1eb5
d7ed
1715
73d7
1ecf
7a7f
5caf
7ff2
1e2f
d816
1707
73d5
e942
7e58
58e1
7ffc
1da9
d840
16f9
73d4
b7b1
7ff4
54eb
7fff
1d22
d86a
16ec
73d2
92cc
7f49
50ce
7ffe
1c9c
d893
16de
73d0
8108
7c5c
4c8c
7ff7
1c15
d8bd
16d1
73ce
8584
7739
4827
7fe9
1b8e
d8e6
16c3
73cc
9f75
6ff9
43a2
7fd6
1b07
d910
16b5
73ca
ca51
66bc
3efe
7fbd
1a80
d93a
16a8
73c8
fe94
5bab
3a3d
7f9e
19f8
d963
169a
73c7
3318
4efa
3561
7f7a
1971
d98d
168d
73c5
5ea7
40e2
306e
7f4f
18ea
d9b7
167f
73c3
79a1
31a3
2b64
7f1f
1862
d9e0
1671
73c1
7f4c
2182
2646
7ee9
17da
da0a
1664
73bf
6ea9
10c9
2118
7ead
1753
da34
1656
73bd
4aa2
ffc4
1bda
7e6c
16cb
da5d
1649
73bb
1988
eec0
168f
7e24
1643
da87
163b
73ba
e3f5
de0a
113a
7dd7
15ba
dab1
162d
73b8
b34b
cdef
0bdd
7d84
1532
dadb
1620
73b6
9012
beb7
067b
7d2c
14aa
db05
1612
73b4
8076
b0a8
0116
7cce
1421
db2e
1605
73b2
8732
a401
fbb0
7c6a
1399
db58
15f7
73b0
a318
98fd
f64d
7c00
1310
db82
15e9
73ae
cf46
8fcd
f0ed
7b91
1288
dbac
15dc
73ac
03fd
889b
eb95
7b1c
11ff
dbd6
15ce
73ab
3801
8388
e646
7aa2
1176
dc00
15c0
73a9
6236
80ab
e103
7a22
10ed
dc2a
15b3
73a7
7b35
8010
dbcd
799c
1064
dc54
15a5
73a5
7e9e
81bb
d6a9
7911
0fdb
dc7e
1598
73a3
6bd8
85a4
d197
7881
0f52
dca8
158a
73a1
462c
8bb9
cc9a
77eb
0ec9
dcd2
157c
739f
1436
93df
c7b4
774f
0e3f
dcfc
156f
739d
deb4
9df0
c2e9
76ae
0db6
dd26
1561
739c
af09
a9bf
be39
7608
0d2d
dd50
1553
739a
8d8c
b716
b9a7
755c
0ca3
dd7a
1546
7398
801e
c5b8
b534
74ab
0c1a
dda4
1538
7396
8917
d564
b0e4
73f4
0b90
ddce
152b
7394
a6e6
e5d1
acb8
7339
0b06
ddf8
151d
7392
d451
f6b5
a8b2
7278
0a7d
de22
150f
7390
0964
07c3
a4d4
71b2
09f3
de4d
1502
738e
3cd1
18ae
a11f
70e6
0969
de77
14f4
738d
6597
2929
9d95
7016
08df
dea1
14e6
738b
7c90
38e9
9a39
6f40
0855
decb
14d9
7389
7db6
47a6
970a
6e66
07cc
def5
14cb
7387
68d5
551e
940b
6d86
0742
df20
14be
7385
4197
6112
913e
6ca1
06b8
df4a
14b0
7383
0eda
6b4d
8ea2
6bb8
062e
df74
14a2
7381
d983
73a1
8c3b
6ac9
05a4
df9e
1495
737f
aaeb
79e7
8a08
69d6
051a
dfc9
1487
737e
8b3b
7e02
880b
68de
048f
dff3
1479
737c
8000
7fe1
8644
67e1
0405
e01d
146c
737a
8b33
7f7b
84b5
66df
037b
e048
145e
7378
aadc
7cd1
835e
65d9
02f1
e072
1450
7376
d971
77f0
823f
64ce
0267
e09c
1443
7374
0ec7
70ee
815a
63be
01dd
e0c7
1435
7372
4186
67ea
80af
62aa
0153
e0f1
1427
7370
68ca
5d0e
803d
6192
00c8
e11b
141a
736e
7db2
508b
8006
6075
003e
e146
140c
736d
7c94
429a
8009
5f53
ffb4
e170
13ff
736b
65a3
337a
8046
5e2d
ff2a
e19b
13f1
7369
3ce3
2370
80bd
5d03
fea0
e1c5
13e3
7367
0977
12c5
816e
5bd5
fe16
e1f0
13d6
7365
d464
01c4
8259
5aa2
fd8b
e21a
13c8
7363
a6f4
f0bc
837d
596c
fd01
e245
13ba
7361
891e
dff9
84da
5831
fc77
e26f
13ad
735f
801d
cfc8
866f
56f2
fbed
e29a
139f
735d
8d84
c072
883b
55b0
fb63
e2c4
1391
735c
aef9
b23c
8a3d
5469
fad9
e2ef
1384
735a
dea2
a569
8c75
531f
fa4f
e319
1376
7358
1422
9a31
8ee2
51d1
f9c5
e344
1368
7356
461c
90c7
9182
507f
f93b
e36e
135b
7354
6bcd
8958
9455
4f29
f8b1
e399
134d
7352
7e9b
8403
9758
4dd0
f827
e3c4
133f
7350
7b3a
80e3
9a8c
4c73
f79d
e3ee
1332
734e
6242
8004
9ded
4b13
f713
e419
1324
734c
3813
816b
a17b
49af
f689
e444
1316
734a
0411
8511
a534
4849
f5ff
e46e
1309
7349
cf58
8ae6
a916
46de
f576
e499
12fb
7347
a326
92d0
ad20
4571
f4ec
e4c4
12ed
7345
8738
9caa
b150
4400
f462
e4ee
12e0
7343
8074
a847
b5a3
428c
f3d9
e519
12d2
7341
9009
b573
ba19
4116
f34f
e544
12c4
733f
b33c
c3f2
beae
3f9c
f2c6
e56e
12b7
733d
e3e2
d382
c361
3e1f
f23c
e599
12a9
733b
1975
e3dc
c82f
3ca0
f1b3
e5c4
129b
7339
4a92
f4b6
cd17
3b1e
f12a
e5ef
128e
7337
6e9f
05c4
d216
3999
f0a1
e61a
1280
7336
7f4a
16b7
d72a
3811
f017
e644
1272
7334
79a7
2743
dc50
3687
ef8e
e66f
1265
7332
5eb4
371c
e187
34fa
ef05
e69a
1257
7330
332a
45fb
e6cc
336c
ee7c
e6c5
1249
732e
fea8
539c
ec1c
31da
edf4
e6f0
123c
732c
ca63
5fc1
f175
3047
ed6b
e71a
122e
732a
9f82
6a33
f6d5
2eb1
ece2
e745
1220
7328
8589
72c1
fc39
2d19
ec5a
e770
1213
7326
8106
7947
019e
2b7f
ebd1
e79b
1205
7324
92c1
7da4
0703
29e3
eb49
e7c6
11f7
7322
b7a1
7fc7
0c65
2845
eac0
e7f1
11ea
7321
e92f
7fa5
11c1
26a5
ea38
e81c
11dc
731f
1ebc
7d3f
1715
2504
e9b0
e847
11ce
731d
4ee7
789f
1c5f
2361
e928
e872
11c1
731b
713e
71db
219b
21bc
e8a0
e89d
11b3
7319
7fbf
6912
26c9
2016
e818
e8c8
11a5
7317
77dd
5e6b
2be4
1e6e
e791
e8f3
1197
7315
5afb
5216
30ec
1cc5
e709
e91e
118a
7313
2e29
444d
35dd
1b1b
e681
e949
117c
7311
f940
354d
3ab6
196f
e5fa
e974
116e
730f
c586
255b
3f74
17c2
e573
e99f
1161
730d
9c0a
14bf
4416
1614
e4ec
e9ca
1153
730c
8413
03c5
4898
1465
e465
e9f5
1145
730a
81d1
f2b9
4cf9
12b5
e3de
ea20
1138
7308
95ac
e1ea
5137
1105
e357
ea4b
112a
7306
bc28
d1a4
5551
0f53
e2d1
ea76
111c
7304
ee86
c230
5943
0da1
e24a
eaa1
110f
7302
23f5
b3d6
5d0d
0bee
e1c4
eacc
1101
7300
5317
a6d5
60ac
0a3b
e13e
eaf7
10f3
72fe
73aa
9b6a
6420
0887
e0b8
eb22
10e5
72fc
7ff9
91c8
6765
06d3
e032
eb4d
10d8
72fa
75dc
8a1c
6a7c
051f
dfac
eb79
10ca
72f8
5719
8487
6d63
036a
df26
eba4
10bc
72f6
2913
8123
7017
01b5
dea1
ebcf
10af
72f4
f3db
8000
7299
0000
de1b
ebfa
10a1
72f3
c0c4
8123
74e6
fe4b
dd96
ec25
1093
72f1
98c1
8486
76fe
fc96
dd11
ec50
1086
72ef
82d5
8a1b
78e0
fae1
dc8c
ec7b
1078
72ed
82d7
91c8
7a8b
f92d
dc08
eca7
106a
72eb
98c7
9b6a
7bfe
f779
db83
ecd2
105c
72e9
c0cd
a6d5
7d39
f5c5
daff
ecfd
104f
72e7
f3e6
b3d5
7e3b
f412
da7b
ed28
1041
72e5
291d
c22f
7f03
f25f
d9f7
ed54
1033
72e3
5721
d1a3
7f91
f0ad
d973
ed7f
1026
72e1
75e0
e1e9
7fe6
eefb
d8ef
edaa
1018
72df
7ff9
f2b8
7fff
ed4b
d86b
edd5
100a
72dd
73a5
03c4
7fe0
eb9b
d7e8
ee00
0ffd
72db
530e
14be
7f86
e9ec
d765
ee2c
0fef
72da
23ea
255a
7ef1
e83e
d6e2
ee57
0fe1
72d8
ee7c
354c
7e23
e691
d65f
ee82
0fd3
72d6
bc1e
444c
7d1c
e4e5
d5dd
eeae
0fc6
72d4
95a6
5216
7bdb
e33b
d55a
eed9
0fb8
72d2
81d0
5e6a
7a62
e192
d4d8
ef04
0faa
72d0
8415
6911
78b2
dfea
d456
ef30
0f9d
72ce
9c11
71db
76ca
de44
d3d4
ef5b
0f8f
72cc
c58f
789f
74ad
dc9f
d353
ef86
0f81
72ca
f94b
7d3f
725a
dafc
d2d1
efb2
0f73
72c8
2e33
7fa5
6fd3
d95b
d250
efdd
0f66
72c6
5b03
7fc7
6d1a
d7bb
d1cf
f008
0f58
72c4
77e1
7da5
6a2f
d61d
d14e
f034
0f4a
72c2
7fbe
7947
6713
d481
d0ce
f05f
0f3d
72c0
7139
72c2
63c8
d2e7
d04e
f08a
0f2f
72be
4ede
6a33
6050
d14f
cfcd
f0b6
0f21
72bd
1eb1
5fc2
5cad
cfb9
cf4e
f0e1
0f13
72bb
e924
539d
58df
ce26
cece
f10c
0f06
72b9
b798
45fc
54e8
cc95
ce4e
f138
0ef8
72b7
92bc
371d
50cb
cb06
cdcf
f163
0eea
72b5
8104
2744
4c89
c979
cd50
f18f
0edc
72b3
858d
16b8
4825
c7ef
ccd1
f1ba
0ecf
72b1
9f89
05c5
439f
c667
cc53
f1e6
0ec1
72af
ca6c
f4b7
3efb
c4e2
cbd5
f211
0eb3
72ad
feb3
e3dd
3a3a
c360
cb57
f23c
0ea6
72ab
3334
d383
355f
c1e1
cad9
f268
0e98
72a9
5ebc
c3f3
306b
c064
ca5b
f293
0e8a
72a7
79ab
b574
2b61
beea
c9de
f2bf
0e7c
72a5
7f49
a848
2644
bd74
c961
f2ea
0e6f
72a3
6e99
9caa
2115
bc00
c8e4
f316
0e61
72a1
4a8a
92d0
1bd7
ba8f
c867
f341
0e53
729f
196a
8ae7
168c
b922
c7eb
f36d
0e45
729d
e3d7
8512
1137
b7b8
c76f
f398
0e38
729c
b333
816b
0bda
b651
c6f3
f3c4
0e2a
729a
9004
8004
0678
b4ed
c677
f3ef
0e1c
7298
8073
80e3
0113
b38d
c5fc
f41b
0e0f
7296
873c
8403
fbad
b230
c581
f446
0e01
7294
a32d
8957
f64a
b0d7
c506
f472
0df3
7292
cf62
90c7
f0ea
af81
c48c
f49d
0de5
7290
041b
9a30
eb92
ae2f
c412
f4c9
0dd8
728e
381d
a568
e643
ace1
c398
f4f4
0dca
728c
6249
b23c
e100
ab97
c31e
f520
0dbc
728a
7b3d
c071
dbcb
aa50
c2a5
f54b
0dae
7288
7e99
cfc7
d6a6
a90e
c22b
f577
0da1
7286
6bc7
dff8
d194
a7cf
c1b3
f5a2
0d93
7284
4613
f0bb
cc97
a694
c13a
f5ce
0d85
7282
1418
01c4
c7b2
a55e
c0c2
f5fa
0d77
7280
de97
12c4
c2e6
a42b
c04a
f625
0d6a
727e
aef1
236f
be36
a2fd
bfd2
f651
0d5c
727c
8d7f
3379
b9a4
a1d3
bf5b
f67c
0d4e
727a
801c
4299
b532
a0ad
bee3
f6a8
0d40
7278
8922
508a
b0e2
9f8c
be6d
f6d3
0d33
7276
a6fc
5d0d
acb6
9e6e
bdf6
f6ff
0d25
7275
d46e
67e9
a8b0
9d56
bd80
f72b
0d17
7273
0982
70ed
a4d2
9c42
bd0a
f756
0d09
7271
3cec
77f0
a11d
9b32
bc94
f782
0cfc
726f
65aa
7cd1
9d94
9a27
bc1f
f7ad
0cee
726d
7c97
7f7b
9a37
9921
bbaa
f7d9
0ce0
726b
7db0
7fe1
9708
981f
bb35
f805
0cd2
7269
68c4
7e03
940a
9722
bac1
f830
0cc5
7267
417c
79e7
913c
962a
ba4d
f85c
0cb7
7265
0ebc
73a1
8ea1
9537
b9d9
f887
0ca9
7263
d966
6b4e
8c3a
9448
b966
f8b3
0c9b
7261
aad4
6113
8a07
935f
b8f3
f8df
0c8e
725f
8b2e
551e
880a
927a
b880
f90a
0c80
725d
8000
47a7
8643
919a
b80d
f936
0c72
725b
8b3f
38ea
84b4
90c0
b79b
f962
0c64
7259
aaf3
292a
835d
8fea
b72a
f98d
0c57
7257
d98e
18af
823f
8f1a
b6b8
f9b9
0c49
7255
0ee5
07c4
815a
8e4e
b647
f9e5
0c3b
7253
41a0
f6b6
80af
8d88
b5d6
fa10
0c2d
7251
68db
e5d2
803d
8cc7
b566
fa3c
0c20
724f
7db8
d565
8006
8c0c
b4f6
fa67
0c12
724d
7c8e
c5b9
8009
8b55
b486
fa93
0c04
724b
6590
b717
8046
8aa4
b416
fabf
0bf6
7249
3cc8
a9bf
80be
89f8
b3a7
faea
0be9
7247
0959
9df0
816f
8952
b339
fb16
0bdb
7245
d447
93df
825a
88b1
b2ca
fb42
0bcd
7243
a6de
8bb9
837e
8815
b25c
fb6d
0bbf
7241
8913
85a4
84db
877f
b1ee
fb99
0bb2
723f
801e
81bb
866f
86ef
b181
fbc5
0ba4
723e
8d91
8010
883c
8664
b114
fbf0
0b96
723c
af11
80ab
8a3e
85de
b0a8
fc1c
0b88
723a
debf
8388
8c77
855e
b03b
fc48
0b7b
7238
1440
889b
8ee4
84e4
afcf
fc74
0b6d
7236
4635
8fcd
9184
846f
af64
fc9f
0b5f
7234
6bdd
98fd
9457
8400
aef9
fccb
0b51
7232
7e9f
a401
975a
8396
ae8e
fcf7
0b44
7230
7b32
b0a7
9a8d
8332
ae24
fd22
0b36
722e
622f
beb6
9def
82d4
adba
fd4e
0b28
722c
37f8
cdee
a17d
827c
ad50
fd7a
0b1a
722a
03f2
de09
a536
8229
ace7
fda5
0b0c
7228
cf3c
eebf
a919
81dc
ac7e
fdd1
0aff
7226
a311
ffc3
ad23
8194
ac15
fdfd
0af1
7224
872e
10c9
b152
8153
abad
fe28
0ae3
7222
8077
2182
b5a6
8117
ab45
fe54
0ad5
7220
9018
31a2
ba1b
80e1
aade
fe80
0ac8
721e
b354
40e1
beb0
80b1
aa77
feab
0aba
721c
e3ff
4ef9
c363
8086
aa10
fed7
0aac
721a
1993
5bab
c832
8062
a9aa
ff03
0a9e
7218
4aab
66bb
cd1a
8043
a944
ff2f
0a91
7216
6eae
6ff9
d219
802a
a8df
ff5a
0a83
7214
7f4d
7739
d72d
8017
a87a
ff86
0a75
7212
799e
7c5c
dc53
8009
a815
ffb2
0a67
7210
5ea0
7f49
e18a
8002
a7b1
ffdd
0a59
720e
330e
7ff4
e6cf
8000
a74d
0009
0a4c
720c
fe8a
7e59
ec1f
8004
a6ea
0035
0a3e
720a
ca47
7a7f
f178
800e
a687
0060
0a30
7208
9f6e
7479
f6d8
801e
a624
008c
0a22
7206
8581
6c62
fc3c
8034
a5c2
00b8
0a15
7204
810a
625d
01a2
804f
a560
00e4
0a07
7202
92d1
569a
0706
8070
a4ff
010f
09f9
7200
b7ba
494d
0c68
8097
a49e
013b
09eb
71fe
e94d
3ab3
11c4
80c4
a43d
0167
09dd
71fc
1ed9
2b0e
1718
80f7
a3dd
0192
09d0
71fa
4efe
1aa5
1c62
812f
a37d
01be
09c2
71f8
714c
09c3
219e
816d
a31e
01ea
09b4
71f6
7fc0
f8b5
26cc
81b1
a2bf
0215
09a6
71f4
77d2
e7c8
2be7
81fb
a261
0241
0999
71f2
5ae6
d749
30ef
824a
a203
026d
098b
71f0
2e0d
c783
35e0
829f
a1a5
0298
097d
71ee
f922
b8be
3ab9
82fa
a148
02c4
096f
71ec
c56b
ab3d
3f77
835b
a0eb
02f0
0961
71ea
9bf8
9f3d
4418
83c1
a08f
031c
0954
71e8
840b
94f5
489a
842d
a033
0347
0946
71e6
81d7
8c93
4cfc
849e
9fd8
0373
0938
71e4
95bd
863e
513a
8516
9f7d
039f
092a
71e2
bc41
8213
5553
8592
9f22
03ca
091d
71e0
eea4
8024
5945
8615
9ec8
03f6
090f
71de
2412
807a
5d0f
869c
9e6e
0422
0901
71dc
532e
8314
60ae
872a
9e15
044d
08f3
71da
73b7
87e6
6421
87bd
9dbc
0479
08e5
71d8
7ff9
8eda
6767
8855
9d64
04a5
08d8
71d6
75d0
97d0
6a7e
88f3
9d0c
04d0
08ca
71d4
5703
a2a0
6d64
8996
9cb5
04fc
08bc
71d2
28f6
af18
7019
8a3f
9c5e
0528
08ae
71d0
f3bd
bd00
729a
8aed
9c07
0553
08a0
71ce
c0a9
cc18
74e7
8ba0
9bb1
057f
0893
71cc
98af
dc1c
76ff
8c59
9b5c
05ab
0885
71ca
82ce
ecc4
78e1
8d16
9b06
05d6
0877
71c8
82dd
fdc3
7a8c
8dda
9ab2
0602
0869
71c6
98d9
0ecc
7bff
8ea2
9a5d
062e
085c
71c4
c0e7
1f92
7d39
8f6f
9a0a
0659
084e
71c2
f404
2fc8
7e3b
9042
99b6
0685
0840
71c0
293a
3f26
7f03
911a
9964
06b0
0832
71be
5737
4d64
7f92
91f6
9911
06dc
0824
71bc
75ec
5a42
7fe6
92d8
98bf
0708
0817
71ba
7ff8
6586
7fff
93bf
986e
0733
0809
71b8
7398
6efd
7fe0
94aa
981d
075f
07fb
71b6
52f7
767b
7f85
959b
97cc
078b
07ed
71b4
23cd
7bde
7ef1
9690
977c
07b6
07df
71b2
ee5d
7f0f
7e23
978a
972d
07e2
07d2
71b0
bc05
7ffe
7d1b
9889
96de
080d
07c4
71ae
9595
7ea7
7bda
998d
968f
0839
07b6
71ac
81cb
7b10
7a61
9a95
9641
0865
07a8
71aa
841d
754a
78b1
9ba2
95f3
0890
079a
71a8
9c24
6d6f
76c9
9cb3
95a6
08bc
078d
71a6
c5aa
63a2
74ac
9dc9
955a
08e7
077f
71a4
f969
5811
7259
9ee4
950e
0913
0771
71a2
2e4f
4aef
6fd2
a003
94c2
093f
0763
71a0
5b18
3c78
6d18
a126
9477
096a
0755
719e
77ec
2cef
6a2d
a24e
942c
0996
0748
719c
7fbc
1c99
6711
a379
93e2
09c1
073a
719a
712b
0bc2
63c7
a4a9
9398
09ed
072c
7198
4ec6
fab5
604e
a5de
934f
0a18
071e
7196
1e94
e9c0
5cab
a716
9306
0a44
0710
7194
e906
d930
58dd
a852
92be
0a70
0703
7192
b77f
c951
54e6
a993
9276
0a9b
06f5
7190
92ac
ba6a
50c9
aad7
922f
0ac7
06e7
718e
8101
acbf
4c87
ac1f
91e8
0af2
06d9
718c
8595
a08f
4822
ad6b
91a2
0b1e
06cc
718a
9f9d
9611
439d
aebb
915c
0b49
06be
7188
ca88
8d74
3ef8
b00e
9117
0b75
06b0
7186
fed1
86e0
3a37
b165
90d2
0ba0
06a2
7184
334f
8273
355c
b2c0
908e
0bcc
0694
7182
5ed0
8040
3068
b41e
904a
0bf7
0687
7180
79b4
8052
2b5e
b580
9007
0c23
0679
717e
7f45
82a8
2641
b6e5
8fc4
0c4e
066b
717c
6e8a
8739
2112
b84d
8f82
0c7a
065d
717a
4a71
8dee
1bd4
b9b9
8f40
0ca5
064f
7178
194d
96aa
1689
bb27
8eff
0cd1
0642
7176
e3ba
a144
1134
bc99
8ebf
0cfc
0634
7174
b31b
ad8d
0bd7
be0e
8e7f
0d28
0626
7172
8ff5
bb4d
0675
bf86
8e3f
0d53
0618
7170
8071
ca45
0110
c101
8e00
0d7f
060a
716e
8746
da32
fbaa
c27f
8dc1
0daa
05fc
716c
a342
eaca
f647
c400
8d83
0dd6
05ef
716a
cf7e
fbc3
f0e7
c583
8d46
0e01
05e1
7168
043a
0ccf
eb8f
c709
8d09
0e2c
05d3
7166
3838
1da1
e640
c892
8ccc
0e58
05c5
7164
625d
2dec
e0fd
ca1d
8c90
0e83
05b7
7162
7b45
3d66
dbc8
cbaa
8c55
0eaf
05aa
7160
7e95
4bc9
d6a3
cd3a
8c1a
0eda
059c
715e
6bb7
58d4
d191
cecd
8bdf
0f05
058e
715c
45fa
644b
cc94
d061
8ba6
0f31
0580
7159
13fa
6dfa
c7af
d1f8
8b6c
0f5c
0572
7157
de7a
75b5
c2e3
d390
8b34
0f88
0565
7155
aeda
7b59
be33
d52b
8afb
0fb3
0557
7153
8d71
7ecd
b9a1
d6c8
8ac4
0fde
0549
7151
801b
7fff
b530
d867
8a8c
100a
053b
714f
892e
7eed
b0e0
da07
8a56
1035
052d
714d
a712
7b99
acb4
dba9
8a20
1060
0520
714b
d48a
7614
a8ae
dd4d
89ea
108c
0512
7149
09a1
6e75
a4d0
def2
89b5
10b7
0504
7147
3d07
64e1
a11b
e099
8980
10e2
04f6
7145
65bc
5982
9d92
e242
894c
110e
04e8
7143
7c9e
4c8c
9a35
e3eb
8919
1139
04db
7141
7daa
3e3a
9707
e596
88e6
1164
04cd
713f
68b2
2ecd
9408
e742
88b4
1190
04bf
713d
4162
1e8c
913b
e8f0
8882
11bb
04b1
713b
0e9e
0dc0
8ea0
ea9e
8851
11e6
04a3
7139
d949
fcb5
8c38
ec4d
8820
1211
0496
7137
aabd
ebb9
8a06
edfd
87f0
123d
0488
7135
8b22
db19
8809
efae
87c0
1268
047a
7133
8000
cb21
8642
f160
8791
1293
046c
7131
8b4b
bc1a
84b3
f313
8763
12be
045e
712f
ab0a
ae47
835c
f4c6
8735
12ea
0450
712d
d9aa
a1e7
823e
f679
8707
1315
0443
712b
0f03
9734
8159
f82d
86da
1340
0435
7129
41ba
8e5c
80ae
f9e1
86ae
136b
0427
7127
68ed
878a
803d
fb96
8682
1396
0419
7125
7dbe
82da
8006
fd4b
8657
13c2
040b
7122
7c87
8064
8009
ff00
862c
13ed
03fe
7120
657e
8032
8046
00b5
8602
1418
03f0
711e
3cad
8245
80be
026a
85d9
1443
03e2
711c
093b
8693
816f
041f
85b0
146e
03d4
711a
d42b
8d09
825a
05d3
8587
1499
03c6
7118
a6c8
958a
837f
0788
855f
14c4
03b9
7116
8908
9fee
84db
093c
8538
14f0
03ab
7114
801f
ac08
8670
0aef
8511
151b
039d
7112
8d9f
b99f
883d
0ca2
84eb
1546
038f
7110
af28
c876
8a40
0e55
84c5
1571
0381
710e
dedc
d84a
8c78
1007
84a0
159c
0373
710c
145e
e8d2
8ee5
11b8
847c
15c7
0366
710a
464f
f9c3
9185
1368
8458
15f2
0358
7108
6bee
0ad1
9458
1518
8434
161d
034a
7106
7ea4
1bad
975c
16c6
8411
1648
033c
7104
7b2a
2c0c
9a8f
1874
83ef
1673
032e
7102
621b
3ba3
9df1
1a20
83cd
169e
0321
7100
37dc
4a2a
a17f
1bcb
83ac
16c9
0313
70fe
03d4
5760
a538
1d75
838c
16f4
0305
70fc
cf20
630a
a91b
1f1e
836c
171f
02f7
70f9
a2fc
6cf1
ad25
20c5
834c
174a
02e9
70f7
8724
74e8
b155
226a
832d
1775
02dc
70f5
8079
7acd
b5a8
240e
830f
17a0
02ce
70f3
9026
7e83
ba1e
25b1
82f1
17cb
02c0
70f1
b36c
7ffa
beb3
2752
82d4
17f6
02b2
70ef
e41d
7f2b
c366
28f1
82b7
1821
02a4
70ed
19b0
7c1a
c835
2a8e
829b
184c
0296
70eb
4ac4
76d6
cd1d
2c29
8280
1877
0289
70e9
6ebd
6f75
d21c
2dc2
8265
18a1
027b
70e7
7f50
6619
d730
2f59
824b
18cc
026d
70e5
7995
5aed
dc56
30ee
8231
18f7
025f
70e3
5e8c
4e24
e18d
3280
8218
1922
0251
70e1
32f2
3ff8
e6d2
3411
81ff
194d
0244
70df
fe6b
30a9
ec22
359f
81e7
1978
0236
70dd
ca2c
207c
f17b
372a
81d0
19a3
0228
70db
9f5a
0fbc
f6db
38b3
81b9
19cd
021a
70d9
8578
feb5
fc3f
3a3a
81a3
19f8
020c
70d6
810d
edb3
01a5
3bbe
818d
1a23
01fe
70d4
92e1
dd05
0709
3d3f
8178
1a4e
01f1
70d2
b7d3
ccf6
0c6b
3ebd
8163
1a78
01e3
70d0
e96b
bdce
11c7
4038
814f
1aa3
01d5
70ce
1ef7
afd4
171b
41b1
813c
1ace
01c7
70cc
4f16
a346
1c65
4327
8129
1af9
01b9
70ca
715a
985d
21a1
4499
8117
1b23
01ac
70c8
7fc2
8f4c
26ce
4608
8105
1b4e
019e
70c6
77c8
883b
2bea
4774
80f4
1b79
0190
70c4
5ad1
834a
30f2
48dd
80e3
1ba3
0182
70c2
2df0
8090
35e3
4a43
80d3
1bce
0174
70c0
f903
801a
3abc
4ba5
80c4
1bf9
0167
70be
c550
81e8
3f7a
4d04
80b5
1c23
0159
70bc
9be5
85f5
441b
4e5f
80a7
1c4e
014b
70ba
8404
8c2b
489d
4fb7
8099
1c79
013d
70b7
81dc
9471
4cfe
510b
808c
1ca3
012f
70b5
95ce
9e9f
513c
525b
8080
1cce
0121
70b3
bc5b
aa88
5555
53a8
8074
1cf8
0114
70b1
eec2
b7f5
5947
54f1
8069
1d23
0106
70af
242f
c6aa
5d11
5636
805e
1d4d
00f8
70ad
5345
d664
60b0
5777
8054
1d78
00ea
70ab
73c4
e6da
6423
58b4
804a
1da3
00dc
70a9
7ffa
f7c3
6769
59ed
8041
1dcd
00cf
70a7
75c4
08d2
6a80
5b22
8039
1df8
00c1
70a5
56ec
19b8
6d66
5c52
8031
1e22
00b3
70a3
28da
2a2a
701a
5d7f
802a
1e4c
00a5
70a1
f39f
39db
729b
5ea7
8023
1e77
0097
709f
c08f
4886
74e8
5fcb
801d
1ea1
0089
709d
989d
55e7
7700
60eb
8017
1ecc
007c
709a
82c8
61c2
78e2
6206
8012
1ef6
006e
7098
82e4
6be0
7a8d
631d
800e
1f21
0060
7096
98eb
7414
7c00
642f
800a
1f4b
0052
7094
c102
7a38
7d3a
653d
8007
1f75
0044
7092
f422
7e31
7e3c
6646
8005
1fa0
0037
7090
2957
7fec
7f04
674a
8003
1fca
0029
708e
574d
7f62
7f92
684a
8001
1ff4
001b
708c
75f8
7c94
7fe6
6945
8000
201f
000d
708a
7ff7
7790
7fff
6a3b
8000
2049
ffff
7088
738b
706d
7fe0
6b2d
8000
2073
fff1
7086
52e0
674b
7f85
6c19
8001
209d
ffe4
7084
23b0
5c53
7ef0
6d01
8003
20c8
ffd6
7081
ee3f
4fb7
7e22
6de3
8005
20f2
ffc8
707f
bbeb
41b1
7d1a
6ec1
8007
211c
ffba
707d
9584
3281
7bda
6f99
800b
2146
ffac
707b
81c6
226b
7a61
706d
800f
2171
ff9f
7079
8425
11b8
78b0
713b
8013
219b
ff91
7077
9c37
00b5
76c8
7204
8018
21c5
ff83
7075
c5c5
efaf
74aa
72c8
801d
21ef
ff75
7073
f987
def3
7257
7387
8024
2219
ff67
7071
2e6c
cecd
6fd0
7441
802a
2243
ff59
706f
5b2e
bf87
6d17
74f5
8032
226d
ff4c
706d
77f6
b166
6a2b
75a4
803a
2297
ff3e
706b
7fba
a4aa
670f
764d
8042
22c1
ff30
7068
711d
998d
63c5
76f1
804b
22ec
ff22
7066
4eae
9042
604c
7790
8055
2316
ff14
7064
1e76
88f3
5ca9
7829
805f
2340
ff07
7062
e8e8
83c1
58da
78bd
806a
236a
fef9
7060
b766
80c4
54e4
794c
8075
2394
feeb
705e
929c
8009
50c7
79d4
8081
23bd
fedd
705c
80fd
8194
4c85
7a58
808e
23e7
fecf
705a
859e
855e
4820
7ad5
809b
2411
fec1
7058
9fb1
8b55
439a
7b4d
80a8
243b
feb4
7056
caa4
935e
3ef6
7bc0
80b7
2465
fea6
7054
feef
9d56
3a35
7c2d
80c6
248f
fe98
7051
336b
a90d
3559
7c94
80d5
24b9
fe8a
704f
5ee4
b650
3065
7cf5
80e5
24e3
fe7c
704d
79be
c4e2
2b5b
7d51
80f6
250d
fe6f
704b
7f42
d481
263e
7da7
8107
2536
fe61
7049
6e7b
e4e5
210f
7df8
8119
2560
fe53
7047
4a58
f5c5
1bd1
7e43
812b
258a
fe45
7045
192f
06d3
1686
7e87
813e
25b4
fe37
7043
e39c
17c2
1131
7ec7
8151
25de
fe29
7041
b303
2845
0bd4
7f00
8165
2607
fe1c
703f
8fe6
3811
0672
7f34
817a
2631
fe0e
703c
806e
46de
010d
7f61
818f
265b
fe00
703a
8750
5469
fba7
7f89
81a5
2684
fdf2
7038
a357
6074
f644
7fac
81bb
26ae
fde4
7036
cf9a
6ac9
f0e4
7fc8
81d2
26d8
fdd7
7034
0458
7339
eb8c
7fdf
81ea
2701
fdc9
7032
3853
799c
e63d
7ff0
8202
272b
fdbb
7030
6270
7dd7
e0fa
7ffa
821b
2755
fdad
702e
7b4d
7fd6
dbc5
7fff
8234
277e
fd9f
702c
7e90
7f90
d6a0
7fff
824e
27a8
fd91
702a
6ba7
7d06
d18e
7ff8
8268
27d1
fd84
7027
45e0
7843
cc92
7fec
8283
27fb
fd76
7025
13dc
715e
c7ac
7fda
829f
2824
fd68
7023
de5d
6876
c2e1
7fc2
82bb
284e
fd5a
7021
aec2
5db3
be31
7fa4
82d7
2877
fd4c
701f
8d64
5146
b99f
7f80
82f5
28a1
fd3f
701d
801a
4367
b52d
7f57
8312
28ca
fd31
701b
8939
3456
b0dd
7f28
8331
28f3
fd23
7019
a727
2457
acb2
7ef3
8350
291d
fd15
7017
d4a7
13b3
a8ac
7eb8
836f
2946
fd07
7014
09bf
02b6
a4ce
7e77
838f
2970
fcf9
7012
3d22
f1ac
a119
7e31
83b0
2999
fcec
7010
65ce
e0e3
9d90
7de5
83d1
29c2
fcde
700e
7ca5
d0a7
9a33
7d93
83f3
29ec
fcd0
700c
7da5
c143
9705
7d3c
8415
2a15
fcc2
700a
68a1
b2fc
9406
7cde
8438
2a3e
fcb4
7008
4148
a614
9139
7c7c
845c
2a67
fca7
7006
0e7f
9ac3
8e9e
7c13
8480
2a91
fc99
7004
d92c
913f
8c37
7ba5
84a4
2aba
fc8b
7001
aaa7
89b3
8a04
7b31
84c9
2ae3
fc7d
6fff
8b15
8440
8808
7ab7
84ef
2b0c
fc6f
6ffd
8000
8100
8641
7a38
8515
2b35
fc62
6ffb
8b58
8001
84b2
79b4
853c
2b5e
fc54
6ff9
ab20
8148
835c
792a
8564
2b87
fc46
6ff7
d9c7
84cf
823e
789a
858c
2bb0
fc38
6ff5
0f21
8a86
8159
7805
85b4
2bda
fc2a
6ff3
41d4
9253
80ae
776a
85dd
2c03
fc1c
6ff0
68fe
9c12
803d
76ca
8607
2c2c
fc0f
6fee
7dc3
a798
8006
7625
8631
2c55
fc01
6fec
7c7f
b4b0
8009
757a
865c
2c7e
fbf3
6fea
656b
c31d
8047
74ca
8687
2ca7
fbe5
6fe8
3c93
d2a0
80be
7414
86b3
2cd0
fbd7
6fe6
091d
e2f1
8170
735a
86df
2cf8
fbca
6fe4
d40e
f3c6
825b
7299
870c
2d21
fbbc
6fe2
a6b3
04d3
837f
71d4
873a
2d4a
fbae
6fe0
88fd
15c9
84dc
710a
8768
2d73
fba0
6fdd
8021
265d
8671
703a
8796
2d9c
fb92
6fdb
8dac
3642
883e
6f66
87c5
2dc5
fb85
6fd9
af40
4531
8a41
6e8c
87f5
2dee
fb77
6fd7
def9
52e5
8c79
6dad
8825
2e16
fb69
6fd5
147c
5f20
8ee6
6cc9
8856
2e3f
fb5b
6fd3
4668
69ab
9187
6be0
8887
2e68
fb4d
6fd1
6bfe
7256
945a
6af3
88b9
2e91
fb40
6fcf
7ea8
78f9
975e
6a00
88ec
2eb9
fb32
6fcc
7b21
7d76
9a91
6909
891f
2ee2
fb24
6fca
6208
7fb8
9df3
680d
8952
2f0b
fb16
6fc8
37c1
7fb6
a181
670c
8986
2f33
fb08
6fc6
03b6
7d70
a53a
6606
89bb
2f5c
fafa
6fc4
cf04
78ef
a91d
64fc
89f0
2f84
faed
6fc2
a2e7
7249
ad27
63ed
8a25
2fad
fadf
6fc0
871a
699b
b157
62da
8a5c
2fd5
fad1
6fbd
807c
5f0d
b5ab
61c2
8a92
2ffe
fac3
6fbb
9035
52cf
ba20
60a6
8aca
3026
fab5
6fb9
b385
4518
beb6
5f85
8b01
304f
faa8
6fb7
e43b
3628
c369
5e60
8b3a
3077
fa9a
6fb5
19ce
2641
c837
5d37
8b73
30a0
fa8c
6fb3
4adc
15ad
cd1f
5c09
8bac
30c8
fa7e
6fb1
6ecd
04b6
d21f
5ad8
8be6
30f1
fa70
6faf
7f53
f3a9
d733
59a2
8c20
3119
fa63
6fac
798b
e2d5
dc59
5868
8c5b
3141
fa55
6faa
5e77
d285
e190
572a
8c97
316a
fa47
6fa8
32d6
c304
e6d5
55e8
8cd3
3192
fa39
6fa6
fe4d
b498
ec25
54a2
8d0f
31ba
fa2b
6fa4
ca10
a783
f17e
5358
8d4c
31e2
fa1e
6fa2
9f46
9c00
f6de
520b
8d8a
320b
fa10
6fa0
856f
9244
fc42
50b9
8dc8
3233
fa02
6f9d
8111
8a7a
01a8
4f64
8e07
325b
f9f4
6f9b
92f1
84c7
070c
4e0c
8e46
3283
f9e6
6f99
b7ec
8144
0c6e
4cb0
8e86
32ab
f9d9
6f97
e988
8001
11ca
4b50
8ec6
32d4
f9cb
6f95
1f14
8104
171e
49ed
8f06
32fc
f9bd
6f93
4f2e
8448
1c68
4887
8f48
3324
f9af
6f91
7169
89be
21a4
471d
8f89
334c
f9a1
6f8e
7fc4
914e
26d1
45b0
8fcc
3374
f994
6f8c
77bd
9ad5
2bed
4440
900e
339c
f986
6f8a
5abb
a628
30f4
42cd
9052
33c4
f978
6f88
2dd4
b314
35e6
4156
9095
33ec
f96a
6f86
f8e5
c15d
3abe
3fdd
90da
3414
f95c
6f84
c535
d0c3
3f7c
3e61
911e
343c
f94f
6f82
9bd2
e0ff
441d
3ce2
9164
3463
f941
6f7f
83fc
f1c9
489f
3b60
91aa
348b
f933
6f7d
81e1
02d3
4d00
39dc
91f0
34b3
f925
6f7b
95df
13d0
513e
3855
9237
34db
f917
6f79
bc75
2473
5557
36cb
927e
3503
f90a
6f77
eee0
3471
594a
353f
92c6
352a
f8fc
6f75
244c
4380
5d13
33b0
930e
3552
f8ee
6f73
535c
515c
60b2
3220
9357
357a
f8e0
6f70
73d1
5dc7
6425
308c
93a0
35a2
f8d2
6f6e
7ffb
6887
676b
2ef7
93ea
35c9
f8c5
6f6c
75b8
716c
6a81
2d5f
9434
35f1
f8b7
6f6a
56d6
784d
6d67
2bc6
947f
3619
f8a9
6f68
28bd
7d0c
701b
2a2a
94ca
3640
f89b
6f66
f380
7f92
729d
288d
9516
3668
f88d
6f64
c074
7fd5
74ea
26ed
9562
368f
f880
6f61
988b
7dd2
7701
254c
95af
36b7
f872
6f5f
82c2
7993
78e3
23a9
95fc
36de
f864
6f5d
82ea
732c
7a8e
2205
964a
3706
f856
6f5b
98fd
6ab9
7c00
205f
9698
372d
f848
6f59
c11c
6061
7d3b
1eb7
96e6
3755
f83b
6f57
f440
5453
7e3c
1d0e
9736
377c
f82d
6f54
2973
46c6
7f04
1b64
9785
37a3
f81f
6f52
5763
37f6
7f92
19b9
97d5
37cb
f811
6f50
7604
2829
7fe6
180c
9826
37f2
f803
6f4e
7ff7
17a5
7fff
165e
9877
3819
f7f6
6f4c
737e
06b5
7fdf
14b0
98c8
3840
f7e8
6f4a
52c9
f5a7
7f85
1300
991a
3868
f7da
6f47
2393
e4c8
7ef0
114f
996d
388f
f7cc
6f45
ee21
d465
7e22
0f9e
99c0
38b6
f7bf
6f43
bbd1
c4c8
7d1a
0dec
9a13
38dd
f7b1
6f41
9573
b638
7bd9
0c39
9a67
3904
f7a3
6f3f
81c1
a8f8
7a60
0a86
9abb
392c
f795
6f3d
842c
9d43
78af
08d2
9b10
3953
f787
6f3b
9c4a
934f
76c7
071e
9b65
397a
f77a
6f38
c5e0
8b49
74a9
056a
9bbb
39a1
f76c
6f36
f9a6
8556
7256
03b5
9c11
39c8
f75e
6f34
2e88
8190
6fcf
0200
9c67
39ef
f750
6f32
5b43
8009
6d15
004b
9cbe
3a16
f742
6f30
7801
80c7
6a29
fe96
9d16
3a3d
f735
6f2e
7fb8
83c8
670e
fce2
9d6e
3a63
f727
6f2b
710f
88fe
63c3
fb2d
9dc6
3a8a
f719
6f29
4e96
9050
604a
f978
9e1f
3ab1
f70b
6f27
1e59
999f
5ca6
f7c4
9e78
3ad8
f6fe
6f25
e8cb
a4be
58d8
f610
9ed2
3aff
f6f0
6f23
b74d
b17d
54e2
f45d
9f2c
3b26
f6e2
6f21
928c
bfa0
50c4
f2aa
9f87
3b4c
f6d4
6f1e
80f9
cee8
4c82
f0f8
9fe2
3b73
f6c6
6f1c
85a7
df0f
481d
ef46
a03d
3b9a
f6b9
6f1a
9fc5
efcc
4398
ed95
a099
3bc0
f6ab
6f18
cabf
00d2
3ef3
ebe5
a0f5
3be7
f69d
6f16
ff0e
11d5
3a32
ea36
a152
3c0e
f68f
6f14
3387
2287
3556
e888
a1af
3c34
f681
6f11
5ef9
329c
3062
e6db
a20d
3c5b
f674
6f0f
79c7
41ca
2b58
e52f
a26b
3c81
f666
6f0d
7f3f
4fce
263b
e384
a2ca
3ca8
f658
6f0b
6e6c
5c67
210c
e1db
a328
3cce
f64a
6f09
4a3f
675c
1bce
e033
a388
3cf5
f63d
6f06
1911
707b
1683
de8d
a3e8
3d1b
f62f
6f04
e37e
779b
112e
dce8
a448
3d41
f621
6f02
b2ea
7c9b
0bd1
db44
a4a8
3d68
f613
6f00
8fd8
7f64
066f
d9a2
a509
3d8e
f605
6efe
806c
7feb
010a
d802
a56b
3db4
f5f8
6efc
875a
7e2c
fba4
d664
a5cd
3ddb
f5ea
6ef9
a36c
7a30
f641
d4c8
a62f
3e01
f5dc
6ef7
cfb6
7408
f0e1
d32e
a691
3e27
f5ce
6ef5
0476
6bd0
eb89
d195
a6f5
3e4d
f5c1
6ef3
386e
61af
e63a
cfff
a758
3e73
f5b3
6ef1
6283
55d2
e0f7
ce6b
a7bc
3e9a
f5a5
6eef
7b56
486e
dbc2
ccda
a820
3ec0
f597
6eec
7e8c
39c1
d69d
cb4a
a885
3ee6
f58a
6eea
6b96
2a0e
d18b
c9bd
a8ea
3f0c
f57c
6ee8
45c7
199c
cc8f
c833
a94f
3f32
f56e
6ee6
13be
08b5
c7a9
c6ab
a9b5
3f58
f560
6ee4
de3f
f7a6
c2de
c525
aa1b
3f7e
f552
6ee1
aeab
e6be
be2e
c3a3
aa82
3fa4
f545
6edf
8d56
d648
b99c
c223
aae9
3fca
f537
6edd
8019
c690
b52b
c0a6
ab51
3fef
f529
6edb
8944
b7dd
b0db
bf2b
abb8
4015
f51b
6ed9
a73d
aa72
acaf
bdb4
ac21
403b
f50e
6ed7
d4c3
9e8c
a8a9
bc40
ac89
4061
f500
6ed4
09dd
9461
a4cb
bacf
acf2
4087
f4f2
6ed2
3d3c
8c1f
a117
b961
ad5b
40ac
f4e4
6ed0
65e1
85ec
9d8e
b7f6
adc5
40d2
f4d7
6ece
7cac
81e3
9a31
b68e
ae2f
40f8
f4c9
6ecc
7d9f
8018
9703
b52a
ae9a
411d
f4bb
6ec9
688f
8093
9405
b3c9
af05
4143
f4ad
6ec7
412e
8350
9138
b26c
af70
4169
f49f
6ec5
0e61
8845
8e9d
b112
afdb
418e
f492
6ec3
d910
8f5a
8c36
afbc
b047
41b4
f484
6ec1
aa90
986e
8a03
ae69
b0b3
41d9
f476
6ebe
8b09
a35a
8806
ad1b
b120
41ff
f468
6ebc
8000
afea
8640
abd0
b18d
4224
f45b
6eba
8b64
bde7
84b2
aa88
b1fb
4249
f44d
6eb8
ab37
cd10
835b
a945
b268
426f
f43f
6eb6
d9e4
dd21
823d
a806
b2d6
4294
f431
6eb3
0f3f
edd0
8159
a6ca
b345
42b9
f424
6eb1
41ee
fed2
80ae
a593
b3b4
42df
f416
6eaf
6910
0fd9
803d
a460
b423
4304
f408
6ead
7dc9
2099
8006
a331
b492
4329
f3fa
6eab
7c78
30c4
8009
a206
b502
434e
f3ed
6ea8
6559
4011
8047
a0df
b572
4373
f3df
6ea6
3c78
4e3b
80be
9fbd
b5e3
4399
f3d1
6ea4
08fe
5b02
8170
9e9f
b653
43be
f3c3
6ea2
d3f2
662a
825b
9d86
b6c5
43e3
f3b6
6ea0
a69d
6f83
8380
9c71
b736
4408
f3a8
6e9e
88f1
76e0
84dd
9b61
b7a8
442d
f39a
6e9b
8022
7c22
8672
9a55
b81a
4452
f38c
6e99
8dba
7f2f
883f
994e
b88d
4477
f37f
6e97
af58
7ff9
8a42
984b
b8ff
449c
f371
6e95
df17
7e7e
8c7b
974d
b972
44c0
f363
6e93
149a
7ac4
8ee8
9654
b9e6
44e5
f355
6e90
4681
74dc
9188
9560
ba5a
450a
f348
6e8e
6c0e
6ce1
945b
9471
bace
452f
f33a
6e8c
7ead
62f7
975f
9387
bb42
4554
f32c
6e8a
7b19
574b
9a93
92a1
bbb7
4578
f31e
6e87
61f4
4a12
9df5
91c1
bc2c
459d
f311
6e85
37a6
3b89
a183
90e5
bca1
45c2
f303
6e83
0397
2bf1
a53d
900f
bd17
45e6
f2f5
6e81
cee8
1b91
a91f
8f3d
bd8d
460b
f2e7
6e7f
a2d2
0ab4
ad2a
8e71
be03
462f
f2da
6e7c
8710
f9a6
b15a
8daa
be7a
4654
f2cc
6e7a
807f
e8b5
b5ad
8ce8
bef1
4678
f2be
6e78
9044
d82e
ba23
8c2c
bf68
469d
f2b0
6e76
b39d
c85c
beb8
8b74
bfdf
46c1
f2a3
6e74
e458
b987
c36b
8ac2
c057
46e6
f295
6e71
19ec
abf2
c83a
8a16
c0cf
470a
f287
6e6f
4af5
9fdb
cd22
896e
c147
472e
f279
6e6d
6edc
957a
d221
88cc
c1c0
4753
f26c
6e6b
7f56
8cfc
d735
8830
c239
4777
f25e
6e69
7981
868a
dc5c
8799
c2b2
479b
f250
6e66
5e63
823f
e193
8707
c32b
47bf
f242
6e64
32ba
8030
e6d8
867b
c3a5
47e4
f235
6e62
fe2f
8066
ec28
85f5
c41f
4808
f227
6e60
c9f4
82e1
f181
8574
c499
482c
f219
6e5e
9f32
8793
f6e1
84f8
c514
4850
f20b
6e5b
8566
8e6a
fc45
8483
c58f
4874
f1fe
6e59
8115
9744
01ab
8412
c60a
4898
f1f0
6e57
9301
a1fb
0710
83a8
c685
48bc
f1e2
6e55
b805
ae5d
0c71
8343
c701
48e0
f1d5
6e52
e9a6
bc33
11cd
82e4
c77c
4904
f1c7
6e50
1f32
cb3c
1721
828a
c7f9
4928
f1b9
6e4e
4f46
db35
1c6b
8237
c875
494c
f1ab
6e4c
7177
ebd6
21a7
81e9
c8f2
496f
f19e
6e4a
7fc6
fcd2
26d4
81a0
c96e
4993
f190
6e47
77b2
0ddd
2bf0
815e
c9ec
49b7
f182
6e45
5aa6
1ea8
30f7
8121
ca69
49db
f174
6e43
2db8
2ee8
35e8
80ea
cae7
49fe
f167
6e41
f8c7
3e53
3ac1
80b9
cb64
4a22
f159
6e3e
c51a
4ca3
3f7f
808d
cbe2
4a45
f14b
6e3c
9bbf
5997
4420
8068
cc61
4a69
f13d
6e3a
83f5
64f3
48a2
8048
ccdf
4a8d
f130
6e38
81e6
6e84
4d03
802e
cd5e
4ab0
f122
6e36
95f0
761f
5141
801a
cddd
4ad4
f114
6e33
bc8f
7ba1
555a
800b
ce5c
4af7
f107
6e31
eeff
7ef1
594c
8003
cedc
4b1a
f0f9
6e2f
2469
7fff
5d15
8000
cf5c
4b3e
f0eb
6e2d
5373
7ec9
60b4
8003
cfdc
4b61
f0dd
6e2a
73dd
7b52
6427
800c
d05c
4b84
f0d0
6e28
7ffb
75aa
676d
801b
d0dc
4ba8
f0c2
6e26
75ac
6deb
6a83
802f
d15d
4bcb
f0b4
6e24
56c0
6439
6d69
804a
d1dd
4bee
f0a7
6e22
28a0
58bf
701d
806a
d25e
4c11
f099
6e1f
f362
4bb2
729e
8090
d2e0
4c34
f08b
6e1d
c05a
3d4c
74eb
80bc
d361
4c57
f07d
6e1b
9879
2dd0
7702
80ee
d3e3
4c7b
f070
6e19
82bb
1d84
78e4
8125
d464
4c9e
f062
6e16
82f0
0cb2
7a8e
8162
d4e6
4cc1
f054
6e14
990f
fba6
7c01
81a5
d569
4ce3
f047
6e12
c137
eaad
7d3b
81ee
d5eb
4d06
f039
6e10
f45f
da16
7e3d
823c
d66e
4d29
f02b
6e0e
2990
ca2b
7f04
8290
d6f0
4d4c
f01d
6e0b
577a
bb35
7f92
82ea
d773
4d6f
f010
6e09
760f
ad77
7fe6
834a
d7f7
4d92
f002
6e07
7ff6
a130
7fff
83af
d87a
4db4
eff4
6e05
7371
9699
7fdf
841a
d8fd
4dd7
efe7
6e02
52b2
8de1
7f85
848a
d981
4dfa
efd9
6e00
2376
872f
7ef0
8501
da05
4e1c
efcb
6dfe
ee03
82a3
7e21
857c
da89
4e3f
efbd
6dfc
bbb8
8050
7d19
85fe
db0d
4e62
efb0
6df9
9563
8042
7bd8
8685
db92
4e84
efa2
6df7
81bc
8278
7a5f
8711
dc16
4ea7
ef94
6df5
8434
86ea
78ae
87a3
dc9b
4ec9
ef87
6df3
9c5d
8d81
76c6
883a
dd20
4eec
ef79
6df0
c5fb
9621
74a8
88d7
dda5
4f0e
ef6b
6dee
f9c4
a0a3
7255
897a
de2a
4f30
ef5e
6dec
2ea4
acd5
6fcd
8a21
deaf
4f53
ef50
6dea
5b58
ba82
6d13
8ace
df35
4f75
ef42
6de8
780b
c96b
6a28
8b81
dfba
4f97
ef34
6de5
7fb6
d94c
670c
8c38
e040
4fb9
ef27
6de3
7100
e9dc
63c1
8cf5
e0c6
4fdb
ef19
6de1
4e7e
fad2
6048
8db8
e14c
4ffe
ef0b
6ddf
1e3c
0bdf
5ca4
8e7f
e1d3
5020
eefe
6ddc
e8ad
1cb6
58d6
8f4b
e259
5042
eef0
6dda
b734
2d0a
54df
901d
e2df
5064
eee2
6dd8
927d
3c92
50c2
90f4
e366
5086
eed5
6dd6
80f5
4b06
4c80
91d0
e3ed
50a8
eec7
6dd3
85b0
5826
481b
92b1
e474
50ca
eeb9
6dd1
9fd9
63b5
4395
9396
e4fb
50eb
eeab
6dcf
cadb
6d7e
3ef0
9481
e582
510d
ee9e
6dcd
ff2c
7556
3a2f
9571
e609
512f
ee90
6dca
33a3
7b18
3554
9665
e690
5151
ee82
6dc8
5f0d
7eab
3060
975f
e718
5173
ee75
6dc6
79d0
7ffe
2b56
985d
e79f
5194
ee67
6dc4
7f3c
7f0b
2638
9960
e827
51b6
ee59
6dc1
6e5c
7bd7
2109
9a67
e8af
51d8
ee4c
6dbf
4a27
7670
1bcb
9b73
e937
51f9
ee3e
6dbd
18f3
6eee
1680
9c84
e9bf
521b
ee30
6dbb
e361
6574
112b
9d99
ea47
523c
ee23
6db8
b2d2
5a2d
0bce
9eb3
eacf
525e
ee15
6db6
8fc9
4d4d
066c
9fd1
eb58
527f
ee07
6db4
8069
3f0c
0107
a0f3
ebe0
52a1
edfa
6db2
8764
2fad
fba1
a21a
ec69
52c2
edec
6daf
a381
1f76
f63e
a345
ecf1
52e3
edde
6dad
cfd2
0eaf
f0de
a475
ed7a
5304
edd1
6dab
0495
fda6
eb86
a5a8
ee03
5326
edc3
6da9
388a
eca7
e637
a6e0
ee8b
5347
edb5
6da6
6297
dc00
e0f4
a81b
ef14
5368
eda7
6da4
7b5e
cbfd
dbbf
a95b
ef9d
5389
ed9a
6da2
7e87
bce7
d69a
aa9f
f026
53aa
ed8c
6da0
6b86
af01
d189
abe6
f0b0
53cb
ed7e
6d9d
45ad
a28c
cc8c
ad31
f139
53ec
ed71
6d9b
13a0
97bf
c7a7
ae81
f1c2
540d
ed63
6d99
de22
8ecc
c2db
afd3
f24b
542e
ed55
6d97
ae93
87dc
be2c
b12a
f2d5
544f
ed48
6d94
8d49
830e
b99a
b284
f35e
5470
ed3a
6d92
8018
8078
b528
b3e1
f3e8
5491
ed2c
6d90
8950
8025
b0d9
b542
f471
54b2
ed1f
6d8e
a753
8218
acad
b6a7
f4fb
54d2
ed11
6d8b
d4e0
8647
a8a7
b80f
f585
54f3
ed03
6d89
09fb
8ca0
a4c9
b97a
f60f
5514
ecf6
6d87
3d57
9505
a115
bae8
f698
5534
ece8
6d84
65f3
9f50
9d8c
bc59
f722
5555
ecda
6d82
7cb3
ab53
9a2f
bdce
f7ac
5576
eccd
6d80
7d99
b8d6
9701
bf45
f836
5596
ecbf
6d7e
687e
c79d
9403
c0c0
f8c0
55b6
ecb1
6d7b
4114
d765
9136
c23d
f94a
55d7
eca4
6d79
0e43
e7e5
8e9b
c3bd
f9d4
55f7
ec96
6d77
d8f3
f8d2
8c34
c540
fa5e
5618
ec88
6d75
aa7a
09e0
8a02
c6c6
fae8
5638
ec7b
6d72
8afd
1ac2
8805
c84e
fb72
5658
ec6d
6d70
8000
2b29
863f
c9d8
fbfc
5679
ec60
6d6e
8b71
3acd
84b1
cb66
fc86
5699
ec52
6d6c
ab4e
4965
835a
ccf5
fd10
56b9
ec44
6d69
da01
56b0
823d
ce87
fd9b
56d9
ec37
6d67
0f5d
6270
8158
d01b
fe25
56f9
ec29
6d65
4208
6c71
80ad
d1b1
feaf
5719
ec1b
6d62
