0000
0000
0000
0000
0000
0000
0000
0000
573d
1e12
0997
0309
00f6
004e
0019
0008
7fad
3a75
1320
0612
01eb
009b
0031
0010
639e
5392
1c8e
0919
02e1
00e9
004a
0017
121e
6802
25d2
0c20
03d7
0137
0062
001f
b6e5
76a0
2ee0
0f24
04cc
0185
007b
0027
82e5
7e9a
37ab
1227
05c2
01d2
0093
002f
9202
7f7e
4026
1526
06b7
0220
00ac
0036
dc21
793f
4844
1823
07ad
026e
00c5
003e
397f
6c37
4ffa
1b1c
08a2
02bb
00dd
0046
7804
5920
573d
1e12
0997
0309
00f6
004e
7627
410c
5e03
2103
0a8c
0357
010e
0055
34e6
2555
6441
23ef
0b81
03a4
0127
005d
d745
0786
69f0
26d6
0c75
03f2
013f
0065
8f7d
e94b
6f05
29b8
0d6a
0440
0158
006d
8412
cc56
737b
2c94
0e5e
048d
0171
0075
bb23
b245
774b
2f69
0f52
04db
0189
007c
1725
9c8e
7a6f
3237
1046
0529
01a2
0084
66bd
8c68
7ce3
34fe
113a
0576
01ba
008c
7f37
82ba
7ea3
37be
122d
05c4
01d3
0094
5371
800f
7fad
3a75
1320
0612
01eb
009b
fae8
848d
7fff
3d24
1413
065f
0204
00a3
a51a
8ff4
7f9a
3fca
1505
06ad
021d
00ab
8010
a1a1
7e7c
4267
15f8
06fa
0235
00b3
9fa9
b896
7ca9
44fb
16ea
0748
024e
00ba
f2f1
d38a
7a22
4784
17db
0795
0266
00c2
4d3b
f0fb
76eb
4a03
18cc
07e3
027f
00ca
7e16
0f43
730a
4c78
19bd
0831
0297
00d2
6b4d
2cb1
6e83
4ee2
1aae
087e
02b0
00da
1ef3
479e
695c
5140
1b9e
08cc
02c9
00e1
c1ff
5e89
639e
5392
1c8e
0919
02e1
00e9
864f
702a
5d51
55d9
1d7d
0967
02fa
00f1
8be7
7b83
567e
5813
1e6c
09b4
0312
00f9
cfc8
7ff3
4f2e
5a40
1f5a
0a02
032b
0100
2d88
7d39
476c
5c61
2048
0a4f
0343
0108
72da
737d
3f43
5e74
2136
0a9d
035c
0110
7a8f
634a
36c0
607a
2223
0aea
0375
0118
4084
4d89
2ded
6271
2310
0b37
038d
0120
e3dc
3370
24d9
645b
23fc
0b85
03a6
0127
964e
1677
1b8f
6636
24e7
0bd2
03be
012f
8173
f83c
121e
6802
25d2
0c20
03d7
0137
b07d
da70
0893
69c0
26bd
0c6d
03ef
013f
0a2f
bebe
fefb
6b6e
27a7
0cba
0408
0146
5e6a
a6b3
f565
6d0d
2890
0d08
0420
014e
7fff
93a8
ebde
6e9c
2979
0d55
0439
0156
5ce9
86ad
e274
701b
2a61
0da2
0452
015e
07fb
807d
d935
718a
2b49
0def
046a
0165
aec5
816f
d02d
72e8
2c2f
0e3d
0483
016d
8123
8978
c76a
7436
2d16
0e8a
049b
0175
9790
9822
bef9
7574
2dfb
0ed7
04b4
017d
e605
ac9d
b6e5
76a0
2ee0
0f24
04cc
0185
4269
c5c3
af3b
77bb
2fc5
0f71
04e5
018c
7b2d
e22b
a804
78c5
30a8
0fbe
04fd
0194
71dc
003f
a14d
79be
318b
100c
0516
019c
2b76
1e4f
9b1d
7aa5
326d
1059
052f
01a4
cdbf
3aad
957f
7b7b
334f
10a6
0547
01ab
8afe
53c2
907a
7c3f
3430
10f3
0560
01b3
8702
6827
8c15
7cf1
3510
1140
0578
01bb
c3f0
76b7
8857
7d90
35ef
118d
0591
01c3
2116
7ea3
8546
7e1e
36cd
11da
05a9
01ca
6c7d
7f78
82e5
7e9a
37ab
1227
05c2
01d2
7db0
792b
8138
7f03
3888
1274
05da
01da
4b75
6c15
8041
7f5b
3964
12c0
05f3
01e2
f0bf
58f3
8002
7f9f
3a3f
130d
060b
01ea
9e38
40d6
807c
7fd2
3b1a
135a
0624
01f1
8026
2519
81ad
7ff2
3bf3
13a7
063d
01f9
a6ab
0747
8393
7fff
3ccc
13f4
0655
0201
fd1c
e90e
862d
7ffb
3da4
1440
066e
0209
551b
cc1d
8976
7fe3
3e7b
148d
0686
0210
7f71
b214
8d6a
7fba
3f51
14da
069f
0218
6568
9c67
9202
7f7e
4026
1526
06b7
0220
14f9
8c4d
9739
7f2f
40fa
1573
06d0
0228
b949
82ad
9d06
7ecf
41cd
15c0
06e8
022f
8389
8011
a362
7e5c
429f
160c
0701
0237
908f
849e
aa43
7dd7
4371
1659
0719
023f
d95e
9013
b1a0
7d40
4441
16a5
0732
0247
36e7
a1cb
b96d
7c96
4510
16f2
074b
024f
76fb
b8ca
c1a0
7bdb
45df
173e
0763
0256
773b
d3c5
ca2d
7b0e
46ac
178b
077c
025e
3784
f139
d307
7a2f
4779
17d7
0794
0266
da04
0f81
dc21
793f
4844
1823
07ad
026e
90e5
2ceb
e570
783d
490e
186f
07c5
0275
8361
47d2
eee5
772a
49d7
18bc
07de
027d
b8b8
5eb3
f872
7606
4aa0
1908
07f6
0285
144d
7048
020a
74d1
4b67
1954
080f
028d
64fd
7b93
0b9f
738b
4c2d
19a0
0827
0294
7f80
7ff4
1523
7234
4cf2
19ec
0840
029c
559d
7d2c
1e8a
70cd
4db6
1a38
0858
02a4
fdcb
7362
27c4
6f55
4e78
1a85
0871
02ac
a728
6323
30c4
6dce
4f3a
1ad1
0889
02b4
802f
4d57
397f
6c37
4ffa
1b1c
08a2
02bb
9dc8
3337
41e7
6a90
50b9
1b68
08ba
02c3
f012
1639
49f0
68da
5178
1bb4
08d3
02cb
4ae8
f7fd
518f
6715
5235
1c00
08eb
02d3
7d8e
da34
58b8
6541
52f0
1c4c
0904
02da
6cd9
be88
5f62
635e
53ab
1c98
091c
02e2
21bf
a686
6583
616d
5464
1ce3
0935
02ea
c48a
9387
6b11
5f6e
551c
1d2f
094d
02f2
873c
8699
7005
5d62
55d3
1d7b
0966
02f9
8ab7
8077
7459
5b47
5689
1dc6
097e
0301
cd1e
8179
7804
5920
573d
1e12
0997
0309
2ad1
898f
7b03
56ec
57f1
1e5d
09af
0311
718c
9847
7d51
54ab
58a3
1ea9
09c8
0319
7b5c
accd
7eeb
525f
5953
1ef4
09e0
0320
42fe
c5fb
7fce
5006
5a02
1f40
09f9
0328
e6b0
e268
7ffa
4da2
5ab1
1f8b
0a11
0330
97f6
007d
7f6d
4b32
5b5d
1fd6
0a2a
0338
810c
1e8c
7e28
48b8
5c09
2022
0a42
033f
ae3e
3ae4
7c2e
4634
5cb3
206d
0a5b
0347
074d
53f1
7982
43a5
5d5c
20b8
0a73
034f
5c71
684b
7627
410c
5e03
2103
0a8c
0357
7ffd
76cf
7221
3e6b
5ea9
214e
0aa4
035e
5ee0
7eac
6d78
3bc0
5f4e
2199
0abd
0366
0adc
7f72
6831
390c
5ff1
21e4
0ad5
036e
b106
7917
6254
3651
6093
222f
0aee
0376
818e
6bf4
5be9
338d
6134
227a
0b06
037d
95ec
58c6
54fa
30c2
61d3
22c5
0b1f
0385
e332
40a0
4d91
2df0
6271
230f
0b37
038d
3fed
24dd
45b9
2b18
630d
235a
0b50
0395
7a5c
0709
3d7c
2839
63a8
23a5
0b68
039d
7327
e8d0
34e6
2555
6441
23ef
0b81
03a4
2e2a
cbe4
2c05
226b
64da
243a
0b99
03ac
d06a
b1e2
22e4
1f7c
6570
2484
0bb2
03b4
8c31
9c40
1991
1c88
6605
24cf
0bca
03bc
8619
8c32
1019
1991
6699
2519
0be3
03c3
c167
82a1
068a
1696
672b
2564
0bfb
03cb
1e4a
8013
fcf1
1397
67bc
25ae
0c14
03d3
6aed
84af
f35d
1096
684b
25f8
0c2c
03db
7e33
9031
e9db
0d93
68d9
2642
0c44
03e2
4dc5
a1f6
e079
0a8d
6965
268c
0c5d
03ea
f39f
b8fe
d745
0786
69f0
26d6
0c75
03f2
a01c
d3ff
ce4b
047e
6a79
2720
0c8e
03fa
800b
f177
c598
0175
6b00
276a
0ca6
0402
a49f
0fbf
bd3a
fe6c
6b86
27b4
0cbf
0409
fa39
2d26
b53b
fb63
6c0b
27fe
0cd7
0411
52ed
4806
ada9
f85b
6c8e
2848
0cf0
0419
7f23
5edd
a68c
f554
6d0f
2892
0d08
0421
6725
7066
9ff1
f24e
6d8f
28db
0d21
0428
17d1
7ba4
99df
ef4b
6e0e
2925
0d39
0430
bbb6
7ff6
9461
ec4a
6e8a
296e
0d51
0438
843e
7d1f
8f7d
e94b
6f05
29b8
0d6a
0440
8f2a
7347
8b3c
e650
6f7f
2a01
0d82
0447
d69f
62fb
87a2
e359
6ff7
2a4b
0d9b
044f
3447
4d25
84b5
e066
706d
2a94
0db3
0457
75e3
32fe
827a
dd77
70e2
2add
0dcc
045f
7841
15fc
80f4
da8e
7155
2b27
0de4
0467
3a1b
f7bf
8024
d7a9
71c6
2b70
0dfc
046e
dcc9
d9f8
800d
d4cb
7236
2bb9
0e15
0476
925c
be52
80ad
d1f2
72a4
2c02
0e2d
047e
82c0
a659
8205
cf21
7310
2c4b
0e46
0486
b656
9365
8412
cc56
737b
2c94
0e5e
048d
1171
8685
86d1
c993
73e4
2cdc
0e77
0495
6330
8072
8a3f
c6d8
744c
2d25
0e8f
049d
7fb9
8182
8e56
c425
74b2
2d6e
0ea7
04a5
57bd
89a7
9310
c17a
7516
2db6
0ec0
04ac
00af
986c
9868
bed9
7578
2dff
0ed8
04b4
a943
acfc
9e54
bc41
75d9
2e47
0ef1
04bc
805f
c632
a4cd
b9b2
7638
2e90
0f09
04c4
9bf4
e2a5
abca
b72e
7695
2ed8
0f21
04cb
ed35
00bc
b33f
b4b4
76f1
2f20
0f3a
04d3
488b
1ec8
bb23
b245
774b
2f69
0f52
04db
7cf6
3b1c
c36a
afe2
77a3
2fb1
0f6b
04e3
6e57
5420
cc08
ad89
77fa
2ff9
0f83
04eb
2486
686f
d4f1
ab3d
784f
3041
0f9b
04f2
c71d
76e6
de18
a8fd
78a2
3089
0fb4
04fa
8839
7eb5
e76f
a6c9
78f3
30d1
0fcc
0502
8997
7f6d
f0ea
a4a3
7942
3118
0fe5
050a
ca7b
7902
fa7b
a289
7990
3160
0ffd
0511
2816
6bd2
0414
a07d
79dc
31a8
1015
0519
702f
5899
0da6
9e7f
7a27
31ef
102e
0521
7c19
406a
1725
9c8e
7a6f
3237
1046
0529
4570
24a1
2083
9aac
7ab6
327e
105e
0530
e986
06ca
29b2
98d9
7afb
32c6
1077
0538
99ab
e893
32a5
9714
7b3e
330d
108f
0540
80b6
cbab
3b50
955f
7b80
3354
10a7
0548
ac0b
b1b1
43a4
93b8
7bbf
339b
10c0
054f
046a
9c18
4b98
9222
7bfd
33e3
10d8
0557
5a6b
8c18
531f
909b
7c39
342a
10f1
055f
7fea
8294
5a2e
8f24
7c74
3470
1109
0567
60ca
8015
60bb
8dbe
7cac
34b7
1121
056f
0dbd
84c0
66bd
8c68
7ce3
34fe
113a
0576
b351
9050
6c2c
8b23
7d18
3545
1152
057e
8209
a220
70fe
89ee
7d4b
358b
116a
0586
9455
b932
752e
88ca
7d7d
35d2
1183
058e
e064
d43a
78b6
87b8
7dac
3618
119b
0595
3d68
f1b5
7b90
86b7
7dda
365f
11b3
059d
797b
0ffe
7db8
85c7
7e06
36a5
11cc
05a5
7462
2d61
7f2b
84e9
7e30
36eb
11e4
05ad
30d9
4839
7fe7
841d
7e58
3731
11fc
05b4
d31c
5f07
7feb
8363
7e7f
3778
1215
05bc
8d74
7084
7f37
82ba
7ea3
37be
122d
05c4
853f
7bb4
7dcc
8224
7ec6
3803
1245
05cc
bee6
7ff8
7bac
819f
7ee7
3849
125e
05d3
1b79
7d12
78da
812d
7f06
388f
1276
05db
6950
732c
755a
80cd
7f24
38d5
128e
05e3
7ea7
62d3
7131
807f
7f3f
391a
12a7
05eb
500c
4cf3
6c66
8044
7f59
3960
12bf
05f2
f67f
32c4
66fe
801b
7f71
39a5
12d7
05fa
a20c
15be
6102
8005
7f87
39eb
12f0
0602
8000
f780
5a7b
8001
7f9b
3a30
1308
060a
a29f
d9bc
5371
800f
7fad
3a75
1320
0612
f757
be1d
4bf0
8030
7fbe
3aba
1338
0619
50b4
a62d
4401
8063
7fcd
3aff
1351
0621
7ec5
9344
3bb0
80a9
7fd9
3b44
1369
0629
68d4
8672
3309
8101
7fe4
3b89
1381
0631
1aa6
806d
2a19
816b
7fee
3bce
139a
0638
be2c
818c
20ed
81e7
7ff5
3c12
13b2
0640
8503
89bf
1790
8276
7ffa
3c57
13ca
0648
8dd5
9890
0e13
8316
7ffe
3c9b
13e2
0650
d3e6
ad2c
0480
83c9
7fff
3ce0
13fb
0657
31a1
c66a
fae8
848d
7fff
3d24
1413
065f
74bb
e2e2
f156
8564
7ffe
3d68
142b
0667
7936
00fa
e7da
864c
7ffa
3dac
1443
066f
3caa
1f05
de81
8745
7ff5
3df0
145c
0676
df92
3b53
d557
8850
7fed
3e34
1474
067e
93e0
544f
cc6b
896c
7fe4
3e78
148c
0686
8230
6893
c3ca
8a99
7fd9
3ebc
14a4
068e
b3fe
76fd
bb7f
8bd7
7fcc
3f00
14bd
0695
0e93
7ebe
b396
8d26
7fbd
3f43
14d5
069d
6157
7f67
ac1c
8e85
7fac
3f87
14ed
06a5
7fe2
78ee
a51a
8ff4
7f9a
3fca
1505
06ad
59d2
6bb0
9e9b
9174
7f86
400d
151e
06b4
0392
586c
98a8
9304
7f6f
4051
1536
06bc
ab68
4034
934a
94a3
7f57
4094
154e
06c4
80a0
2465
8e88
9652
7f3e
40d7
1566
06cc
9a2e
068c
8a6a
9810
7f22
411a
157f
06d4
ea5b
e855
86f4
99dd
7f05
415d
1597
06db
4625
cb72
842d
9bb9
7ee5
419f
15af
06e3
7c4e
b17f
8218
9da3
7ec4
41e2
15c7
06eb
6fc6
9bf1
80b9
9f9b
7ea1
4225
15df
06f3
2748
8bfd
8010
a1a1
7e7c
4267
15f8
06fa
c9b7
8288
801f
a3b5
7e56
42aa
1610
0702
8945
8018
80e7
a5d6
7e2d
42ec
1628
070a
8886
84d0
8265
a804
7e03
432e
1640
0712
c7df
906e
8498
aa3e
7dd7
4370
1659
0719
2555
a24b
877d
ac85
7da9
43b2
1671
0721
6ec4
b966
8b0f
aed8
7d7a
43f4
1689
0729
7cc6
d475
8f49
b137
7d48
4436
16a1
0731
47d9
f1f4
9426
b3a1
7d15
4478
16b9
0738
ec60
103c
999e
b616
7ce0
44b9
16d1
0740
9b6e
2d9b
9fa9
b896
7ca9
44fb
16ea
0748
8071
486d
a63e
bb20
7c70
453c
1702
0750
a9e2
5f31
ad55
bdb4
7c36
457d
171a
0757
0187
70a2
b4e3
c051
7bfa
45bf
1732
075f
585a
7bc4
bcdd
c2f8
7bbc
4600
174a
0767
7fc7
7ff9
c537
c5a7
7b7c
4641
1762
076f
62a7
7d04
cde6
c85f
7b3a
4682
177b
0776
109b
7310
d6de
cb1e
7af7
46c2
1793
077e
b5a6
62ac
e010
cde6
7ab2
4703
17ab
0786
8294
4cc1
e970
d0b4
7a6b
4744
17c3
078e
92cc
328b
f2f1
d38a
7a22
4784
17db
0795
dd99
1580
fc84
d666
79d8
47c5
17f3
079d
3adb
f742
061d
d947
798b
4805
180b
07a5
788a
d981
0fad
dc2f
793e
4845
1824
07ad
758e
bde7
1926
df1b
78ee
4885
183c
07b5
3382
a600
227b
e20d
789c
48c5
1854
07bc
d5d3
9323
2b9e
e502
7849
4905
186c
07c4
8ec5
865e
3483
e7fc
77f4
4945
1884
07cc
8476
8068
3d1c
eaf8
779e
4984
189c
07d4
bc6d
8196
455d
edf8
7746
49c4
18b4
07db
18a5
89d7
4d3b
f0fb
76eb
4a03
18cc
07e3
67a4
98b5
54a9
f400
7690
4a43
18e5
07eb
7f09
ad5c
5b9d
f706
7632
4a82
18fd
07f3
5248
c6a2
620e
fa0e
75d3
4ac1
1915
07fa
f962
e31f
67f1
fd16
7572
4b00
192d
0802
a409
0139
6d3f
001f
7510
4b3f
1945
080a
8006
1f42
71f0
0328
74ab
4b7e
195d
0812
a0ac
3b8b
75fd
0631
7446
4bbd
1975
0819
f476
547e
7960
0938
73de
4bfb
198d
0821
4e71
68b8
7c14
0c3f
7375
4c3a
19a5
0829
7e57
7714
7e16
0f43
730a
4c78
19bd
0831
6a76
7ec7
7f62
1246
729d
4cb6
19d5
0838
1d78
7f60
7ff7
1545
722f
4cf4
19ed
0840
c0ab
78d9
7fd4
1842
71bf
4d32
1a06
0848
85d8
6b8e
7ef9
1b3b
714e
4d70
1a1e
0850
8c8e
583e
7d67
1e30
70da
4dae
1a36
0857
d133
3ffe
7b21
2121
7066
4dec
1a4e
085f
2ef4
2429
782a
240d
6fef
4e2a
1a66
0867
7384
064d
7486
26f4
6f77
4e67
1a7e
086f
7a1c
e818
703a
29d6
6efe
4ea4
1a96
0876
3f31
cb39
6b4d
2cb1
6e83
4ee2
1aae
087e
e260
b14e
65c5
2f86
6e06
4f1f
1ac6
0886
9573
9bca
5fab
3254
6d87
4f5c
1ade
088e
81b0
8be3
5907
351b
6d07
4f99
1af6
0895
b1b0
827b
51e3
37da
6c86
4fd5
1b0e
089d
0bb4
801a
4a49
3a91
6c03
5012
1b26
08a5
5f70
84e2
4244
3d3f
6b7e
504f
1b3e
08ad
7ff9
908d
39e0
3fe5
6af8
508b
1b56
08b4
5bdb
a276
3129
4282
6a70
50c8
1b6e
08bc
0675
b99a
282b
4515
69e7
5104
1b86
08c4
ad99
d4b0
1ef3
479e
695c
5140
1b9e
08cc
80f1
f232
158f
4a1d
68d0
517c
1bb6
08d3
9874
107a
0c0b
4c91
6842
51b8
1bce
08db
e784
2dd6
0277
4efa
67b3
51f3
1be6
08e3
43b6
48a1
f8de
5158
6722
522f
1bfe
08eb
7b95
5f5b
ef50
53aa
6690
526b
1c16
08f2
7128
70bf
e5da
55f0
65fc
52a6
1c2e
08fa
2a06
7bd4
dc8a
582a
6567
52e1
1c46
0902
cc58
7ffa
d36d
5a57
64d0
531c
1c5e
090a
8a61
7cf7
ca8f
5c77
6438
5357
1c76
0911
8784
72f5
c1ff
5e89
639e
5392
1c8e
0919
c54a
6284
b9c8
608e
6303
53cd
1ca6
0921
228f
4c8f
b1f6
6285
6267
5408
1cbe
0929
6d4a
3251
aa94
646e
61c9
5442
1cd6
0930
7d63
1543
a3ad
6649
612a
547d
1cee
0938
4a38
f703
9d4b
6815
6089
54b7
1d05
0940
ef3c
d945
9777
69d1
5fe7
54f1
1d1d
0948
9d3e
bdb1
923a
6b7f
5f44
552b
1d35
094f
803c
a5d4
8d9a
6d1d
5e9f
5565
1d4d
0957
a7c4
9302
899f
6eab
5df9
559f
1d65
095f
fea3
864b
864f
702a
5d51
55d9
1d7d
0967
563d
8063
83ad
7198
5ca8
5612
1d95
096e
7f93
81a0
81be
72f6
5bfe
564c
1dad
0976
6478
89ef
8085
7443
5b53
5685
1dc5
097e
1377
98da
8004
7580
5aa6
56be
1ddd
0986
b805
ad8b
803a
76ac
59f8
56f7
1df5
098d
8330
c6da
8129
77c6
5948
5730
1e0c
0995
9151
e35c
82ce
78d0
5898
5769
1e24
099d
dad3
0178
8527
79c8
57e6
57a2
1e3c
09a5
3847
1f7e
8831
7aae
5732
57db
1e54
09ac
7789
3bc2
8be7
7b83
567e
5813
1e6c
09b4
76ab
54ad
9044
7c46
55c8
584b
1e84
09bc
3623
68db
9543
7cf7
5511
5884
1e9c
09c4
d890
772b
9ada
7d96
5459
58bc
1eb4
09cb
9025
7ecf
a104
7e24
539f
58f4
1ecb
09d3
83bc
7f5a
a7b5
7e9f
52e5
592b
1ee3
09db
b9fe
78c5
aee6
7f07
5229
5963
1efb
09e3
15ce
6b6c
b68c
7f5e
516c
599b
1f13
09ea
65ec
5811
be9b
7fa2
50ae
59d2
1f2b
09f2
7f5c
3fc8
c709
7fd3
4fee
5a09
1f43
09fa
5479
23ed
cfc8
7ff3
4f2e
5a40
1f5a
0a02
fc45
060f
d8cd
7fff
4e6c
5a78
1f72
0a09
a611
e7da
e20a
7ffa
4da9
5aae
1f8a
0a11
801d
cb00
eb73
7fe2
4ce6
5ae5
1fa2
0a19
9ec4
b11c
f4f8
7fb8
4c21
5b1c
1fba
0a21
f196
9ba3
fe8e
7f7b
4b5a
5b52
1fd1
0a28
4c23
8bc9
0826
7f2c
4a93
5b89
1fe9
0a30
7dd8
826f
11b2
7ecb
49cb
5bbf
2001
0a38
6c09
801d
1b25
7e57
4902
5bf5
2019
0a40
2045
84f3
2470
7dd1
4837
5c2b
2031
0a47
c331
90ac
2d88
7d39
476c
5c61
2048
0a4f
86bd
a2a0
365d
7c8f
46a0
5c97
2060
0a57
8b56
b9cf
3ee5
7bd3
45d2
5ccc
2078
0a5f
ce86
d4eb
4712
7b05
4504
5d02
2090
0a66
2c41
f270
4ed8
7a26
4434
5d37
20a8
0a6e
723e
10b8
562d
7935
4364
5d6c
20bf
0a76
7af2
2e10
5d07
7832
4292
5da1
20d7
0a7e
41b0
48d4
635a
771f
41c0
5dd6
20ef
0a85
e531
5f85
691e
75fa
40ed
5e0b
2107
0a8d
9714
70dd
6e4b
74c4
4018
5e40
211e
0a95
8141
7be4
72da
737d
3f43
5e74
2136
0a9d
af6c
7ffb
76c3
7226
3e6d
5ea8
214e
0aa4
08d3
7ce9
7a01
70be
3d96
5edd
2165
0aac
5d7d
72d9
7c90
6f46
3cbe
5f11
217d
0ab4
7fff
625c
7e6c
6dbe
3be6
5f45
2195
0abc
5dd8
4c5d
7f91
6c26
3b0c
5f79
21ad
0ac3
0957
3218
7fff
6a7f
3a32
5fac
21c4
0acb
afd4
1505
7fb5
68c8
3956
5fe0
21dc
0ad3
8153
f6c5
7eb3
6702
387a
6013
21f4
0adb
96c8
d909
7cfb
652e
379d
6047
220b
0ae2
e4af
bd7c
7a8f
634a
36c0
607a
2223
0aea
413e
a5a7
7772
6159
35e1
60ad
223b
0af2
7acc
92e2
73aa
5f59
3502
60e0
2252
0af9
727a
8637
6f3b
5d4c
3422
6112
226a
0b01
2cbd
805e
6a2d
5b31
3341
6145
2282
0b09
cf00
81aa
6485
590a
3260
6177
2299
0b11
8b8d
8a07
5e4d
56d5
317d
61aa
22b1
0b18
8692
98ff
578d
5494
309a
61dc
22c9
0b20
c2bd
adbb
504f
5247
2fb7
620e
22e0
0b28
1fc5
c712
489e
4fee
2ed2
6240
22f8
0b30
6bc2
e399
4084
4d89
2ded
6271
2310
0b37
7df0
01b6
380d
4b19
2d08
62a3
2327
0b3f
4c8e
1fbb
2f46
489e
2c21
62d4
233f
0b47
f21a
3bf9
263a
4619
2b3a
6306
2357
0b4f
9f1b
54dc
1cf8
438a
2a53
6337
236e
0b56
8017
68ff
138c
40f1
296a
6368
2386
0b5e
a5b2
7742
0a03
3e4f
2882
6399
239d
0b66
fbc0
7ed8
006d
3ba4
2798
63ca
23b5
0b6e
5415
7f54
f6d6
38f0
26ae
63fa
23cd
0b75
7f4e
78b0
ed4c
3634
25c4
642b
23e4
0b7d
663c
6b4a
e3dc
3370
24d9
645b
23fc
0b85
1651
57e4
da96
30a5
23ed
648b
2413
0b8d
ba6d
3f92
d185
2dd3
2301
64bb
242b
0b94
83dc
23b1
c8b7
2afa
2214
64eb
2442
0b9c
8fe5
05d0
c039
281b
2127
651b
245a
0ba4
d812
e79d
b816
2537
203a
654a
2472
0bab
35ab
cac7
b05b
224d
1f4c
657a
2489
0bb3
7679
b0eb
a912
1f5d
1e5d
65a9
24a1
0bbb
77b9
9b7d
a247
1c6a
1d6e
65d8
24b8
0bc3
38be
8bae
9c02
1972
1c7f
6607
24d0
0bca
db52
8263
964e
1677
1b8f
6636
24e7
0bd2
9194
801f
9131
1378
1a9f
6665
24ff
0bda
8313
8504
8cb4
1077
19ae
6693
2516
0be2
b797
90cb
88dd
0d73
18be
66c2
252e
0be9
12f4
a2cb
85b1
0a6e
17cc
66f0
2545
0bf1
6426
ba03
8335
0767
16db
671e
255d
0bf9
7f9d
d526
816d
045e
15e9
674c
2574
0c01
569f
f2ae
805a
0156
14f6
677a
258c
0c08
ff28
10f6
8000
fe4d
1404
67a7
25a3
0c10
a825
2e4a
805e
fb44
1311
67d5
25bb
0c18
8044
4908
8173
f83c
121e
6802
25d2
0c20
9cea
5fae
833f
f535
112b
6830
25ea
0c27
eeb8
70fa
85be
f22f
1037
685d
2601
0c2f
49cc
7bf3
88ec
ef2c
0f43
688a
2619
0c37
7d48
7ffc
8cc7
ec2b
0e4f
68b6
2630
0c3e
6d8f
7cdb
9147
e92d
0d5b
68e3
2648
0c46
230f
72be
9666
e632
0c66
690f
265f
0c4e
c5c0
6234
9c1d
e33b
0b72
693c
2676
0c56
87b1
4c2b
a264
e048
0a7d
6968
268e
0c5d
8a2d
31de
a932
dd59
0988
6994
26a5
0c65
cbdf
14c7
b07d
da70
0893
69c0
26bd
0c6d
2988
f687
b83a
d78c
079d
69eb
26d4
0c75
70e9
d8ce
c05e
d4ad
06a8
6a17
26ec
0c7c
7bb7
bd46
c8de
d1d5
05b3
6a42
2703
0c84
4427
a57b
d1ad
cf04
04bd
6a6e
271a
0c8c
e806
92c1
dabf
cc3a
03c8
6a99
2732
0c94
98c2
8624
e407
c977
02d2
6ac4
2749
0c9b
80e2
8059
ed76
c6bc
01dc
6aee
2761
0ca3
ad33
81b4
f701
c409
00e7
6b19
2778
0cab
05f0
8a20
0098
c15f
fff1
6b44
278f
0cb2
5b7e
9925
0a2f
bebe
fefb
6b6e
27a7
0cba
7ff6
adeb
13b6
bc26
fe05
6b98
27be
0cc2
5fc8
c74a
1d22
b998
fd10
6bc2
27d5
0cca
0c38
e3d6
2663
b714
fc1a
6bec
27ed
0cd1
b21a
01f5
2f6e
b49b
fb24
6c16
2804
0cd9
81c6
1ff8
3834
b22d
fa2f
6c3f
281b
0ce1
952a
3c31
40a9
afc9
f93a
6c69
2833
0ce9
e1df
550b
48c1
ad72
f844
6c92
284a
0cf0
3ebd
6923
5071
ab26
f74f
6cbb
2861
0cf8
79f4
7759
57ac
a8e6
f65a
6ce4
2879
0d00
73bd
7ee0
5e6a
a6b3
f565
6d0d
2890
0d08
2f6f
7f4d
64a0
a48d
f470
6d35
28a7
0d0f
d1af
789b
6a45
a274
f37b
6d5e
28bf
0d17
8cc7
6b28
6f51
a068
f287
6d86
28d6
0d1f
85b0
57b6
73bd
9e6a
f193
6dae
28ed
0d26
c037
3f5b
7782
9c7b
f09f
6dd6
2904
0d2e
1cf6
2375
7a9b
9a99
efab
6dfe
291c
0d36
6a2c
0592
7d04
98c6
eeb7
6e26
2933
0d3e
7e6c
e75f
7eb9
9702
edc4
6e4d
294a
0d45
4ed9
ca8e
7fb8
954d
ecd1
6e74
2962
0d4d
f4fa
b0ba
7fff
93a8
ebde
6e9c
2979
0d55
a105
9b56
7f8e
9212
eaec
6ec3
2990
0d5d
8004
8b94
7e65
908c
e9f9
6ee9
29a7
0d64
a3ac
8257
7c86
8f16
e907
6f10
29bf
0d6c
f8dd
8022
79f4
8db0
e816
6f37
29d6
0d74
51e2
8515
76b3
8c5b
e725
6f5d
29ed
0d7b
7ef9
90ea
72c7
8b16
e634
6f83
2a04
0d83
67f2
a2f6
6e36
89e2
e543
6fa9
2a1b
0d8b
1928
ba37
6906
88bf
e453
6fcf
2a33
0d93
bcde
d561
633f
87ad
e363
6ff5
2a4a
0d9a
8499
f2ed
5ce9
86ad
e274
701b
2a61
0da2
8e87
1134
560d
85be
e185
7040
2a78
0daa
d556
2e85
4eb6
84e1
e097
7065
2a8f
0db2
3308
493b
46ee
8415
dfa9
708a
2aa7
0db9
7559
5fd8
3ebf
835b
debb
70af
2abe
0dc1
78b6
7118
3636
82b4
ddce
70d4
2ad5
0dc9
3b51
7c03
2d5f
821e
dce2
70f9
2aec
0dd0
de19
7ffd
2447
819a
dbf6
711d
2b03
0dd8
9311
7cce
1afb
8129
db0a
7142
2b1a
0de0
827a
72a2
1187
80ca
da1f
7166
2b31
0de8
b53a
620b
07fb
807d
d935
718a
2b49
0def
1017
4bf8
fe63
8042
d84b
71ad
2b60
0df7
6252
31a4
f4cd
801a
d762
71d1
2b77
0dff
7fce
1489
eb48
8004
d679
71f4
2b8e
0e07
58ba
f648
e1e0
8001
d591
7218
2ba5
0e0e
020c
d892
d8a4
8010
d4a9
723b
2bbc
0e16
aa45
bd11
cfa0
8032
d3c2
725e
2bd3
0e1e
807c
a54f
c6e2
8066
d2dc
7281
2bea
0e25
9b1c
92a0
be76
80ac
d1f6
72a3
2c01
0e2d
ebdc
8611
b669
8104
d111
72c6
2c18
0e35
476b
8055
aec5
816f
d02d
72e8
2c2f
0e3d
7ca9
81be
a796
81ed
cf4a
730a
2c47
0e44
6f06
8a38
a0e7
827c
ce67
732c
2c5e
0e4c
25d4
994a
9ac0
831d
cd85
734e
2c75
0e54
c856
ae1b
952b
83d0
cca3
7370
2c8c
0e5b
88b6
c782
902f
8496
cbc2
7391
2ca3
0e63
8914
e413
8bd5
856d
cae2
73b3
2cba
0e6b
c93f
0233
8822
8655
ca03
73d4
2cd1
0e73
26ca
2034
851b
874f
c925
73f5
2ce8
0e7a
6f85
3c68
82c5
885b
c847
7416
2cff
0e82
7c6d
553a
8123
8978
c76a
7436
2d16
0e8a
4694
6947
8038
8aa5
c68e
7457
2d2d
0e92
eade
776f
8005
8be4
c5b3
7477
2d44
0e99
9a7e
7ee8
8089
8d33
c4d9
7497
2d5b
0ea1
8093
7f47
81c6
8e93
c3ff
74b7
2d72
0ea9
ab04
7886
83b7
9004
c327
74d7
2d89
0eb0
030d
6b06
865c
9184
c24f
74f7
2da0
0eb8
5973
5788
89b0
9314
c178
7516
2db7
0ec0
7fdc
3f25
8dae
94b4
c0a2
7535
2dce
0ec8
61ad
2338
9250
9664
bfcd
7555
2de4
0ecf
0f17
0553
9790
9822
bef9
7574
2dfb
0ed7
b469
e722
9d67
99f0
be26
7592
2e12
0edf
8249
ca55
a3cb
9bcc
bd54
75b1
2e29
0ee6
9399
b089
aab4
9db7
bc82
75cf
2e40
0eee
df12
9b2f
b218
9faf
bbb2
75ee
2e57
0ef6
3c35
8b7a
b9ec
a1b6
bae3
760c
2e6e
0efe
790b
824b
c225
a3ca
ba14
762a
2e85
0f05
74f2
8025
cab7
a5ec
b947
7648
2e9c
0f0d
321b
8527
d395
a81a
b87b
7665
2eb3
0f15
d463
9109
dcb4
aa56
b7b0
7683
2eca
0f1c
8e11
a321
e605
ac9d
b6e5
76a0
2ee0
0f24
84de
ba6c
ef7b
aef1
b61c
76bd
2ef7
0f2c
bdba
d59c
f90a
b150
b554
76da
2f0e
0f34
1a24
f32b
02a2
b3ba
b48d
76f7
2f25
0f3b
6888
1172
0c36
b630
b3c7
7713
2f3c
0f43
7ed7
2ebf
15b9
b8b0
b302
7730
2f53
0f4b
511b
496e
1f1d
bb3a
b23e
774c
2f69
0f52
f7dc
6001
2854
bdce
b17c
7768
2f80
0f5a
a2fb
7135
3151
c06c
b0ba
7784
2f97
0f62
8001
7c12
3a07
c313
affa
77a0
2fae
0f6a
a1b2
7ffe
4269
c5c3
af3b
77bb
2fc5
0f71
f5fb
7cc0
4a6c
c87b
ae7d
77d7
2fdc
0f79
4fa4
7286
5204
cb3b
adc0
77f2
2ff2
0f81
7e93
61e3
5926
ce03
ad04
780d
3009
0f88
699b
4bc6
5fc7
d0d1
ac4a
7828
3020
0f90
1bfb
316b
65df
d3a7
ab90
7843
3037
0f98
bf58
144c
6b64
d683
aad8
785d
304d
0fa0
8565
f60a
704f
d965
aa21
7877
3064
0fa7
8d38
d857
7498
dc4d
a96c
7892
307b
0faf
d29f
bcdc
7839
df3a
a8b7
78ac
3092
0fb7
305e
a523
7b2d
e22b
a804
78c5
30a8
0fbe
742a
9280
7d70
e521
a753
78df
30bf
0fc6
79a5
85fe
7eff
e81a
a6a2
78f9
30d6
0fce
3ddc
8050
7fd6
eb17
a5f3
7912
30ec
0fd6
e0e5
81c8
7ff6
ee17
a545
792b
3103
0fdd
949d
8a51
7f5e
f11a
a498
7944
311a
0fe5
81f1
996f
7e0e
f41f
a3ed
795d
3131
0fed
b2e7
ae4c
7c09
f725
a343
7975
3147
0ff4
0d38
c7bb
7952
fa2d
a29a
798e
315e
0ffc
6073
e450
75ec
fd36
a1f3
79a6
3175
1004
7fef
0272
71dc
003f
a14d
79be
318b
100c
5ac9
2071
6d29
0348
a0a8
79d6
31a2
1013
04ef
3c9f
67d8
0650
a005
79ee
31b9
101b
ac6f
5568
61f2
0958
9f63
7a05
31cf
1023
80c4
696a
5b7f
0c5e
9ec2
7a1d
31e6
102a
995c
7786
5488
0f62
9e23
7a34
31fc
1032
e903
7ef0
4d18
1265
9d86
7a4b
3213
103a
4500
7f40
4539
1564
9ce9
7a62
322a
1041
7bf9
7871
3cf6
1861
9c4e
7a79
3240
1049
706f
6ae4
345c
1b5a
9bb5
7a8f
3257
1051
2894
575b
2b76
1e4f
9b1d
7aa5
326d
1059
caf4
3eee
2251
213f
9a87
7abb
3284
1060
89c9
22fc
18fc
242b
99f2
7ad1
329b
1068
880a
0515
0f82
2712
995e
7ae7
32b1
1070
c6a6
e6e5
05f2
29f3
98cc
7afd
32c8
1077
2406
ca1c
fc59
2cce
983b
7b12
32de
107f
6e13
b058
f2c6
2fa3
97ac
7b28
32f5
1087
7d13
9b09
e946
3271
971f
7b3d
330b
108f
48f9
8b61
dfe6
3537
9692
7b52
3322
1096
edb9
823f
d6b5
37f6
9608
7b66
3338
109e
9c48
8028
cdbf
3aad
957f
7b7b
334f
10a6
8056
8539
c511
3d5b
94f7
7b8f
3365
10ad
a8e1
9128
bcb8
4000
9471
7ba3
337c
10b5
002a
a34c
b4c0
429d
93ed
7bb7
3392
10bd
575c
baa0
ad34
452f
936a
7bcb
33a9
10c4
7fb0
d5d7
a620
47b8
92e9
7bdf
33bf
10cc
6384
f369
9f8c
4a36
9269
7bf2
33d6
10d4
11f5
11b0
9984
4caa
91eb
7c06
33ec
10dc
b6c3
2ef9
940f
4f13
916e
7c19
3403
10e3
82dc
49a1
8f35
5170
90f3
7c2c
3419
10eb
9217
602b
8afe
53c2
907a
7c3f
3430
10f3
dc49
7152
876f
5607
9002
7c51
3446
10fa
39a4
7c22
848d
5840
8f8c
7c64
345d
1102
7813
7fff
825d
5a6d
8f17
7c76
3473
110a
7617
7cb2
80e2
5c8c
8ea4
7c88
3489
1112
34c0
726a
801e
5e9e
8e33
7c9a
34a0
1119
d71d
61bb
8011
60a3
8dc3
7cac
34b6
1121
8f69
4b93
80bd
6299
8d55
7cbd
34cd
1129
841c
3131
8220
6482
8ce9
7cce
34e3
1130
bb46
140e
8438
665c
8c7e
7ce0
34f9
1138
174e
f5cb
8702
6827
8c15
7cf1
3510
1140
66d6
d81b
8a7b
69e3
8bae
7d01
3526
1147
7f32
bca6
8e9c
6b90
8b48
7d12
353c
114f
5352
a4f7
9361
6d2d
8ae4
7d22
3553
1157
fabe
9260
98c1
6ebb
8a82
7d33
3569
115f
a4fd
85eb
9eb7
7039
8a21
7d43
357f
1166
800f
804c
a538
71a6
89c2
7d53
3596
116e
9fc4
81d3
ac3c
7304
8965
7d62
35ac
1176
f31a
8a69
b3b9
7450
8909
7d72
35c2
117d
4d5c
9995
bba3
758c
88af
7d81
35d9
1185
7e1d
ae7c
c3f0
76b7
8857
7d90
35ef
118d
6b36
c7f3
cc93
77d1
8801
7d9f
3605
1194
1ecb
e48d
d580
78da
87ac
7dae
361c
119c
c1db
02b0
deaa
79d1
8759
7dbd
3632
11a4
8642
20ad
e805
7ab7
8708
7dcb
3648
11ab
8bf9
3cd6
f181
7b8b
86b9
7dda
365e
11b3
cfef
5597
fb13
7c4e
866b
7de8
3675
11bb
2dae
698e
04ac
7cfe
861f
7df6
368b
11c3
72ec
779c
0e3d
7d9d
85d5
7e03
36a1
11ca
7a83
7ef8
17bb
7e29
858c
7e11
36b7
11d2
4060
7f39
2116
7ea3
8546
7e1e
36cd
11da
e3b4
785b
2a42
7f0b
8501
7e2b
36e4
11e1
9636
6ac1
3331
7f61
84be
7e38
36fa
11e9
8179
572d
3bd6
7fa4
847c
7e45
3710
11f1
b09d
3eb8
4425
7fd5
843d
7e52
3726
11f8
0a58
22c0
4c12
7ff4
83ff
7e5e
373c
1200
5e86
04d6
5392
7fff
83c3
7e6b
3753
1208
7ffe
e6a7
5a99
7ff9
8389
7e77
3769
1210
5ccc
c9e3
611e
7fe1
8350
7e83
377f
1217
07d1
b027
6718
7fb6
831a
7e8e
3795
121f
aea5
9ae2
6c7d
7f78
82e5
7e9a
37ab
1227
811e
8b47
7145
7f28
82b2
7ea5
37c1
122e
97a8
8234
756b
7ec6
8280
7eb0
37d7
1236
e62d
802b
78e8
7e52
8251
7ebb
37ed
123e
428d
854a
7bb7
7dcb
8223
7ec6
3804
1245
7b38
9148
7dd4
7d33
81f8
7ed1
381a
124d
71c9
a377
7f3c
7c88
81ce
7edb
3830
1255
2b4f
bad5
7fec
7bcb
81a5
7ee6
3846
125c
cd98
d612
7fe5
7afd
817f
7ef0
385c
1264
8aed
f3a7
7f26
7a1d
815a
7efa
3872
126c
8710
11ee
7db0
792b
8138
7f03
3888
1274
c415
2f33
7b84
7828
8117
7f0d
389e
127b
213e
49d5
78a7
7713
80f8
7f16
38b4
1283
6c93
6054
751d
75ee
80da
7f1f
38ca
128b
7da8
716f
70ea
74b7
80bf
7f28
38e0
1292
4b53
7c31
6c14
7370
80a5
7f31
38f6
129a
f096
7fff
66a3
7218
808e
7f3a
390c
12a2
9e1e
7ca3
609f
70af
8078
7f42
3922
12a9
8028
724e
5a0f
6f36
8064
7f4b
3938
12b1
a6c9
6192
52fe
6dae
8052
7f53
394e
12b9
fd46
4b61
4b75
6c15
8041
7f5b
3964
12c0
553a
30f7
4380
6a6d
8033
7f62
397a
12c8
7f74
13d0
3b29
68b6
8026
7f6a
3990
12d0
654f
f58d
327e
66f0
801b
7f71
39a6
12d7
14d0
d7e0
2989
651a
8012
7f78
39bc
12df
b927
bc71
2059
6337
800b
7f7f
39d2
12e7
8380
a4cb
16fb
6145
8005
7f86
39e8
12ee
90a3
923f
0d7b
5f44
8002
7f8d
39fe
12f6
d986
85d8
03e8
5d37
8000
7f93
3a13
12fe
370c
8048
fa50
5b1b
8000
7f99
3a29
1306
770b
81dd
f0bf
58f3
8002
7f9f
3a3f
130d
772c
8a82
e745
56be
8006
7fa5
3a55
1315
375f
99ba
ddee
547c
800c
7fab
3a6b
131d
d9dd
aeac
d4c8
522f
8013
7fb0
3a81
1324
90d1
c82b
cbe0
4fd5
801d
7fb6
3a97
132c
836a
e4ca
c344
4d70
8028
7fbb
3aad
1334
b8da
02ef
bafe
4b00
8035
7fc0
3ac2
133b
1476
20ea
b31c
4885
8044
7fc5
3ad8
1343
6517
3d0d
aba9
45ff
8055
7fc9
3aee
134b
7f7d
55c6
a4af
4370
8067
7fce
3b04
1352
557e
69b1
9e38
40d6
807c
7fd2
3b1a
135a
fda1
77b2
984f
3e34
8092
7fd6
3b2f
1362
a70b
7f00
92fa
3b88
80aa
7fda
3b45
1369
802d
7f32
8e42
38d4
80c4
7fdd
3b5b
1371
9de3
7846
8a2e
3618
80e0
7fe1
3b71
1379
f03b
6a9e
86c3
3354
80fd
7fe4
3b86
1380
4b09
56ff
8407
3088
811d
7fe7
3b9c
1388
7d96
3e81
81fd
2db6
813e
7fea
3bb2
1390
6cc3
2284
80a9
2add
8161
7fed
3bc8
1398
2197
0498
800c
27fe
8186
7fef
3bdd
139f
c465
e66a
8026
2519
81ad
7ff2
3bf3
13a7
872e
c9ab
80f9
222e
81d5
7ff4
3c09
13af
8ac8
aff6
8283
1f3f
8200
7ff6
3c1f
13b6
cd44
9abc
84c1
1c4b
822c
7ff8
3c34
13be
2af9
8b2d
87b1
1954
825a
7ffa
3c4a
13c6
719f
8228
8b4d
1658
8289
7ffb
3c60
13cd
7b51
802e
8f92
135a
82bb
7ffc
3c75
13d5
42db
855c
9478
1058
82ee
7ffd
3c8b
13dd
e687
9167
99f9
0d54
8324
7ffe
3ca1
13e4
97dd
a3a3
a00d
0a4f
835b
7fff
3cb6
13ec
8112
bb0a
a6ab
0747
8393
7fff
3ccc
13f4
ae5e
d64d
adca
043f
83ce
7fff
3ce1
13fb
0776
f3e6
b55e
0136
840a
7fff
3cf7
1403
5c8d
122c
bd5f
fe2d
8448
7fff
3d0d
140b
7ffd
2f6e
c5bf
fb24
8488
7fff
3d22
1412
5ec4
4a08
ce73
f81c
84ca
7fff
3d38
141a
0ab3
607d
d76e
f515
850d
7fff
3d4d
1422
b0e5
718c
e0a3
f210
8553
7ffe
3d63
1429
8187
7c40
ea06
ef0d
859a
7ffd
3d79
1431
9603
7fff
f388
ec0c
85e2
7ffc
3d8e
1439
e35b
7c95
fd1c
e90e
862d
7ffb
3da4
1440
4011
7231
06b5
e613
8679
7ff9
3db9
1448
7a68
616a
1044
e31c
86c7
7ff8
3dcf
1450
7314
4b2e
19bb
e029
8717
7ff6
3de4
1457
2e04
30bd
230d
dd3b
8769
7ff4
3dfa
145f
d044
1392
2c2d
da52
87bc
7ff1
3e0f
1467
8c1f
f54f
350e
d76e
8811
7fef
3e25
146e
8626
d7a4
3da2
d490
8868
7fec
3e3a
1476
c18b
bc3c
45dd
d1b8
88c0
7fea
3e50
147e
1e72
a49f
4db4
cee7
891a
7fe7
3e65
1485
6b04
921f
551b
cc1d
8976
7fe3
3e7b
148d
7e2c
85c6
5c07
c95a
89d4
7fe0
3e90
1495
4da4
8044
626f
c6a0
8a33
7fdd
3ea5
149c
f375
81e8
684a
c3ed
8a94
7fd9
3ebb
14a4
a001
8a9b
6d8e
c144
8af6
7fd5
3ed0
14ac
800c
99e0
7235
bea3
8b5b
7fd1
3ee6
14b3
a4bc
aedc
7637
bc0c
8bc1
7fcd
3efb
14bb
fa63
c863
798f
b97e
8c29
7fc8
3f10
14c3
530c
e507
7c39
b6fb
8c92
7fc4
3f26
14ca
7f28
032e
7e30
b482
8cfd
7fbf
3f3b
14d2
670c
2126
7f71
b214
8d6a
7fba
3f51
14da
17a8
3d44
7ffa
afb1
8dd8
7fb5
3f66
14e1
bb93
55f4
7fcc
ad5a
8e48
7faf
3f7b
14e9
8433
69d4
7ee6
ab0e
8eb9
7faa
3f91
14f1
8f3e
77c8
7d49
a8cf
8f2d
7fa4
3fa6
14f8
d6c7
7f08
7af7
a69d
8fa2
7f9e
3fbb
1500
346d
7f2b
77f5
a477
9018
7f98
3fd1
1508
75f3
7831
7447
a25e
9090
7f92
3fe6
150f
7832
6a7c
6ff0
a053
910a
7f8b
3ffb
1517
39f6
56d1
6af9
9e56
9185
7f85
4010
151f
dca1
3e4b
6568
9c67
9202
7f7e
4026
1526
9246
2247
5f45
9a86
9280
7f77
403b
152e
82c9
0459
5899
98b4
9301
7f70
4050
1536
b678
e62d
516e
96f0
9382
7f68
4065
153d
119a
c972
49cd
953c
9405
7f61
407b
1545
634b
afc5
41c2
9397
948a
7f59
4090
154d
7fb7
9a96
3959
9202
9510
7f51
40a5
1554
579f
8b14
309d
907c
9598
7f49
40ba
155c
0085
821d
279b
8f07
9621
7f41
40cf
1564
a924
8032
1e60
8da2
96ac
7f38
40e5
156b
805c
856e
14f9
8c4d
9739
7f2f
40fa
1573
9c0e
9187
0b74
8b09
97c7
7f27
410f
157b
ed5e
a3ce
01df
89d6
9856
7f1e
4124
1582
48ad
bb3f
f847
88b4
98e7
7f14
4139
158a
7cff
d688
eeba
87a3
9979
7f0b
414e
1592
6e42
f424
e546
86a3
9a0d
7f01
4164
1599
245e
126a
dbf8
85b5
9aa2
7ef8
4179
15a1
c6f8
2fa8
d2de
84d8
9b39
7eee
418e
15a9
882a
4a3b
ca05
840d
9bd1
7ee4
41a3
15b0
89a7
60a6
c17a
8354
9c6b
7ed9
41b8
15b8
caa1
71a9
b949
82ad
9d06
7ecf
41cd
15c0
283d
7c4f
b17e
8218
9da3
7ec4
41e2
15c7
7043
7fff
aa23
8195
9e41
7eb9
41f7
15cf
7c0f
7c87
a344
8125
9ee0
7eae
420c
15d7
454d
7215
9ceb
80c6
9f81
7ea3
4221
15de
e95d
6141
9720
807a
a023
7e98
4236
15e6
9992
4afb
91ec
8040
a0c6
7e8c
424b
15ee
80bb
3083
8d56
8019
a16b
7e80
4260
15f5
ac2a
1354
8966
8004
a212
7e74
4275
15fd
0493
f510
8620
8001
a2b9
7e68
428a
1605
5a88
d769
8389
8011
a362
7e5c
429f
160c
7fec
bc07
81a6
8033
a40c
7e4f
42b4
1614
60af
a473
8078
8068
a4b8
7e43
42c9
161b
0d93
91ff
8002
80af
a565
7e36
42de
1623
b330
85b3
8044
8108
a613
7e29
42f3
162b
8201
8040
813e
8174
a6c3
7e1c
4308
1632
946b
81f3
82ee
81f2
a773
7e0e
431d
163a
e08c
8ab4
8552
8282
a826
7e01
4332
1642
3d8c
9a06
8867
8324
a8d9
7df3
4347
1649
7988
af0d
8c27
83d8
a98d
7de5
435c
1651
7451
c89c
908f
849e
aa43
7dd7
4371
1659
30b3
e544
9597
8576
aafa
7dc8
4386
1660
d2f5
036c
9b38
865f
abb3
7dba
439a
1668
8d61
2163
a16a
875a
ac6c
7dab
43af
1670
854b
3d7b
a824
8866
ad27
7d9c
43c4
1677
bf0a
5622
af5c
8983
ade3
7d8d
43d9
167f
1ba2
69f7
b709
8ab2
aea0
7d7e
43ee
1687
6967
77de
bf1e
8bf1
af5e
7d6f
4403
168e
7ea1
7f0f
c791
8d41
b01e
7d5f
4417
1696
4feb
7f24
d055
8ea2
b0de
7d4f
442c
169e
f656
781b
d95e
9013
b1a0
7d40
4441
16a5
a1f0
6a59
e29e
9194
b263
7d2f
4456
16ad
8000
56a3
ec09
9325
b327
7d1f
446b
16b5
a2bc
3e14
f590
94c5
b3ec
7d0f
447f
16bc
f780
220b
ff26
9675
b4b2
7cfe
4494
16c4
50d4
041b
08be
9835
b579
7ced
44a9
16cb
7ecb
e5ef
1249
9a03
b641
7cdc
44be
16d3
68bc
c939
1bb9
9bdf
b70b
7ccb
44d2
16db
1a7d
af94
2502
9dcb
b7d5
7cba
44e7
16e2
be08
9a70
2e16
9fc4
b8a1
7ca8
44fc
16ea
84f7
8afa
36e7
a1cb
b96d
7c96
4510
16f2
8de7
8212
3f69
a3e0
ba3b
7c84
4525
16f9
d40d
8035
4790
a602
bb09
7c72
453a
1701
31c7
8580
4f50
a831
bbd9
7c60
454e
1709
74cc
91a6
569e
aa6d
bca9
7c4e
4563
1710
7929
a3fa
5d6f
acb5
bd7b
7c3b
4578
1718
3c85
bb73
63ba
af09
be4d
7c28
458c
1720
df6a
d6c3
6975
b168
bf20
7c15
45a1
1727
93ca
f462
6e98
b3d3
bff5
7c02
45b6
172f
8238
12a8
731d
b649
c0ca
7bef
45ca
1736
b420
2fe2
76fb
b8ca
c1a0
7bdb
45df
173e
0ebd
4a6e
7a2f
bb55
c277
7bc7
45f3
1746
6172
60cf
7cb3
bde9
c34f
7bb3
4608
174d
7fe0
71c6
7e83
c087
c428
7b9f
461d
1755
59b4
7c5e
7f9d
c32f
c501
7b8b
4631
175d
0368
7fff
7fff
c5df
c5dc
7b77
4646
1764
ab49
7c78
7faa
c897
c6b7
7b62
465a
176c
809c
71f9
7e9d
cb57
c793
7b4d
466f
1774
9a47
6118
7cda
ce1f
c870
7b38
4683
177b
ea84
4ac9
7a63
d0ef
c94e
7b23
4698
1783
4648
3049
773b
d3c5
ca2d
7b0e
46ac
178b
7c58
1316
7369
d6a1
cb0c
7af9
46c1
1792
6fb2
f4d2
6ef0
d983
cbec
7ae3
46d5
179a
2721
d72d
69d7
dc6b
cccd
7acd
46ea
17a1
c992
bbd2
6427
df58
cdae
7ab7
46fe
17a9
8936
a448
5de6
e249
ce91
7aa1
4713
17b1
8895
91df
571e
e53f
cf74
7a8b
4727
17b8
c804
85a1
4fd8
e839
d058
7a74
473b
17c0
257c
803c
4820
eb36
d13c
7a5d
4750
17c8
6ed9
81fe
4000
ee36
d221
7a46
4764
17cf
7cbd
8acd
3784
f139
d307
7a2f
4779
17d7
47b6
9a2c
2eb8
f43e
d3ed
7a18
478d
17de
ec37
af3d
25a9
f744
d4d4
7a01
47a1
17e6
9b54
c8d4
1c64
fa4c
d5bc
79e9
47b6
17ee
8074
e582
12f5
fd55
d6a4
79d1
47ca
17f5
aa01
03ab
096c
005e
d78d
79b9
47de
17fd
01b0
219f
ffd5
0367
d876
79a1
47f3
1805
5878
3db2
f63e
066f
d960
7989
4807
180c
7fc9
5651
ecb5
0977
da4b
7970
481b
1814
628d
6a1b
e348
0c7d
db36
7958
4830
181c
1072
77f4
da04
0f81
dc21
793f
4844
1823
b584
7f17
d0f7
1284
dd0e
7926
4858
182b
828c
7f1d
c82e
1583
ddfa
790d
486c
1832
92e1
7805
bfb5
187f
dee7
78f3
4881
183a
ddc1
6a36
b798
1b78
dfd5
78da
4895
1842
3b00
5675
afe4
1e6d
e0c3
78c0
48a9
1849
7898
3ddd
a8a3
215e
e1b2
78a6
48bd
1851
757e
21cf
a1e0
2449
e2a1
788c
48d2
1859
335c
03dc
9ba4
2730
e390
7872
48e6
1860
d5ac
e5b2
95f8
2a11
e480
7858
48fa
1868
8eb2
c901
90e5
2ceb
e570
783d
490e
186f
8481
af64
8c72
2fc0
e660
7822
4922
1877
bc91
9a4a
88a5
328d
e751
7808
4937
187f
18ce
8ae1
8584
3553
e843
77ec
494b
1886
67bd
8206
8313
3812
e934
77d1
495f
188e
7f04
8039
8156
3ac8
ea26
77b6
4973
1896
5228
8592
8050
3d76
eb19
779a
4987
189d
f938
91c6
8000
401b
ec0b
777e
499b
18a5
a3ec
a425
806a
42b7
ecfe
7762
49af
18ac
8005
bba8
818a
454a
edf1
7746
49c3
18b4
a0c7
d6ff
8361
47d2
eee5
772a
49d7
18bc
f49f
f4a1
85eb
4a50
efd8
770e
49ec
18c3
4e91
12e6
8925
4cc3
f0cc
76f1
4a00
18cb
7e5d
301c
8d09
4f2b
f1c0
76d4
4a14
18d3
6a5f
4aa1
9193
5188
f2b4
76b7
4a28
18da
1d4f
60f8
96bc
53d9
f3a9
769a
4a3c
18e2
c087
71e2
9c7d
561e
f49e
767d
4a50
18e9
85cb
7c6d
a2cc
5857
f592
765f
4a64
18f1
8ca0
7fff
a9a2
5a83
f687
7642
4a78
18f9
d15a
7c69
b0f4
5ca2
f77c
7624
4a8c
1900
2f1a
71dc
b8b8
5eb3
f872
7606
4aa0
1908
7396
60ef
c0e2
60b7
f967
75e8
4ab4
1910
7a0f
4a96
c967
62ad
fa5d
75c9
4ac8
1917
3f0d
3010
d23b
6495
fb52
75ab
4adb
191f
e238
12d9
db51
666e
fc48
758c
4aef
1926
955c
f494
e49b
6839
fd3d
756d
4b03
192e
81b7
d6f2
ee0d
69f4
fe33
754e
4b17
1936
b1d1
bb9d
f798
6ba1
ff29
752f
4b2b
193d
0bdd
a41c
0130
6d3e
001e
7510
4b3f
1945
5f8c
91bf
0ac6
6ecb
0114
74f0
4b53
194d
7ff8
858f
144d
7048
020a
74d1
4b67
1954
5bbe
8038
1db6
71b5
0300
74b1
4b7b
195c
064c
8209
26f4
7311
03f5
7491
4b8e
1963
ad79
8ae6
2ffb
745d
04eb
7471
4ba2
196b
80ec
9a52
38bc
7599
05e0
7450
4bb6
1973
988d
af6e
412c
76c3
06d6
7430
4bca
197a
e7ac
c90d
493e
77dc
07cb
740f
4bde
1982
43d9
e5bf
50e7
78e4
08c0
73ee
4bf1
1989
7ba0
03e9
581b
79db
09b5
73cd
4c05
1991
7114
21dc
5ed0
7ac0
0aaa
73ac
4c19
1999
29de
3de9
64fd
7b93
0b9f
738b
4c2d
19a0
cc32
567f
6a99
7c55
0c94
7369
4c41
19a8
8a51
6a3d
6f9b
7d05
0d88
7347
4c54
19b0
8792
780a
73fd
7da3
0e7c
7325
4c68
19b7
c56f
7f1e
77b8
7e2e
0f70
7303
4c7c
19bf
22b7
7f15
7ac7
7ea8
1064
72e1
4c8f
19c6
6d5f
77f0
7d24
7f0f
1158
72bf
4ca3
19ce
7d5b
6a13
7ece
7f64
124b
729c
4cb7
19d6
4a16
5647
7fc2
7fa6
133e
727a
4cca
19dd
ef13
3da6
7ffd
7fd7
1431
7257
4cde
19e5
9d24
2192
7f80
7ff4
1523
7234
4cf2
19ec
803e
039d
7e4c
7fff
1616
7211
4d05
19f4
a7e3
e575
7c63
7ff9
1708
71ed
4d19
19fc
fecd
c8c8
79c6
7fdf
17f9
71ca
4d2d
1a03
565b
af33
767a
7fb4
18ea
71a6
4d40
1a0b
7f96
9a24
7283
7f75
19db
7182
4d54
1a12
645e
8ac8
6de8
7f25
1acc
715e
4d67
1a1a
134e
81fb
68ae
7ec2
1bbc
713a
4d7b
1a22
b7e3
803d
62de
7e4d
1cab
7116
4d8e
1a29
8327
85a5
5c80
7dc5
1d9b
70f1
4da2
1a31
9166
91e6
559d
7d2c
1e8a
70cd
4db6
1a38
dafb
a451
4e3e
7c81
1f78
70a8
4dc9
1a40
386c
bbdd
466f
7bc3
2066
7083
4ddd
1a48
7798
d73a
3e3a
7af4
2153
705e
4df0
1a4f
769c
f4df
35ac
7a13
2240
7039
4e04
1a57
35fe
1324
2cd1
7921
232d
7013
4e17
1a5f
d869
3056
23b5
781d
2419
6fed
4e2a
1a66
9011
4ad3
1a66
7708
2504
6fc8
4e3e
1a6e
83c6
6121
10f1
75e1
25ef
6fa2
4e51
1a75
ba20
71ff
0763
74aa
26da
6f7c
4e65
1a7d
15f7
7c7b
fdcb
7362
27c4
6f55
4e78
1a85
6605
7fff
f436
7209
28ad
6f2f
4e8c
1a8c
7f58
7c5b
eab2
70a0
2996
6f08
4e9f
1a94
5459
71c0
e14d
6f27
2a7e
6ee2
4eb2
1a9b
fc1b
60c7
d813
6d9e
2b65
6ebb
4ec6
1aa3
a5f3
4a63
cf14
6c05
2c4c
6e94
4ed9
1aab
801b
2fd5
c65a
6a5c
2d32
6e6c
4eec
1ab2
9edf
129b
bdf4
68a4
2e18
6e45
4f00
1aba
f1bf
f455
b5ec
66dd
2efd
6e1e
4f13
1ac1
4c44
d6b7
ae50
6507
2fe1
6df6
4f26
1ac9
7ddf
bb68
a728
6323
30c4
6dce
4f3a
1ad1
6bf3
a3f0
a081
6130
31a7
6da6
4f4d
1ad8
201d
91a0
9a63
5f30
3289
6d7e
4f60
1ae0
c30d
857c
94d7
5d21
336b
6d55
4f74
1ae7
86af
8035
8fe6
5b05
344b
6d2d
4f87
1aef
8b67
8214
8b95
58dd
352b
6d04
4f9a
1af7
ceac
8b00
87ed
56a7
360b
6cdc
4fad
1afe
2c68
9a78
84f1
5465
36e9
6cb3
4fc1
1b06
7251
af9f
82a6
5217
37c6
6c8a
4fd4
1b0d
7ae6
c945
810f
4fbd
38a3
6c60
4fe7
1b15
418d
e5fc
802f
4d57
397f
6c37
4ffa
1b1c
e509
0428
8007
4ae6
3a5a
6c0d
500d
1b24
96fc
2218
8098
486b
3b35
6be3
5021
1b2c
8146
3e1f
81df
45e5
3c0e
6bba
5034
1b33
af8d
56ad
83dc
4355
3ce7
6b90
5047
1b3b
08fc
6a60
868c
40bb
3dbe
6b65
505a
1b42
5d99
7820
89ea
3e18
3e95
6b3b
506d
1b4a
7fff
7f26
8df2
3b6d
3f6b
6b10
5080
1b52
5dbb
7f0e
929f
38b8
4040
6ae6
5093
1b59
092e
77da
97e9
35fc
4114
6abb
50a6
1b61
afb4
69f0
9dc8
3337
41e7
6a90
50b9
1b68
814d
5619
a435
306b
42b9
6a65
50cd
1b70
96e0
3d6f
ab26
2d99
438b
6a3a
50e0
1b78
e4d8
2156
b291
2abf
445b
6a0e
50f3
1b7f
4162
035f
ba6c
27e0
452a
69e3
5106
1b87
7ad8
e538
c2aa
24fb
45f8
69b7
5119
1b8e
7267
c890
cb41
2210
46c6
698b
512c
1b96
2c96
af03
d424
1f21
4792
695f
513f
1b9e
ceda
99fe
dd46
1c2d
485d
6933
5152
1ba5
8b7c
8aaf
e69a
1935
4927
6906
5165
1bad
869f
81f1
f012
1639
49f0
68da
5178
1bb4
c2e1
8041
f9a1
133b
4ab8
68ad
518b
1bbc
1fed
85b7
033a
1039
4b7f
6880
519d
1bc3
6bd8
9206
0cce
0d35
4c45
6854
51b0
1bcb
7de8
a47c
164f
0a2f
4d0a
6826
51c3
1bd3
4c6d
bc12
1fb1
0728
4dce
67f9
51d6
1bda
f1f1
d775
28e4
0420
4e90
67cc
51e9
1be2
9f00
f51d
31dd
0117
4f52
679e
51fc
1be9
8019
1361
3a8e
fe0e
5012
6771
520f
1bf1
a5d0
3090
42eb
fb05
50d1
6743
5222
1bf9
fbe9
4b06
4ae8
f7fd
518f
6715
5235
1c00
5434
614a
5279
f4f6
524c
66e7
5247
1c08
7f52
721b
5993
f1f1
5307
66b8
525a
1c0f
6623
7c8a
602c
eeee
53c2
668a
526d
1c17
1628
7fff
663b
ebed
547b
665b
5280
1c1e
ba4a
7c4c
6bb7
e8ef
5533
662d
5293
1c26
83d2
71a3
7097
e5f4
55ea
65fe
52a5
1c2e
8ff9
609e
74d6
e2fe
569f
65cf
52b8
1c35
d839
4a30
786d
e00b
5754
659f
52cb
1c3d
35d0
2f9b
7b56
dd1d
5807
6570
52de
1c44
7689
125d
7d8e
da34
58b8
6541
52f0
1c4c
77aa
f417
7f11
d750
5969
6511
5303
1c54
3899
d67c
7fde
d472
5a18
64e1
5316
1c5b
db2b
bb33
7ff2
d19b
5ac6
64b1
5328
1c63
917f
a3c5
7f4e
ceca
5b73
6481
533b
1c6a
831c
9180
7df3
cc00
5c1e
6451
534e
1c72
b7b9
856a
7be3
c93e
5cc8
6421
5360
1c79
131d
8031
7921
c684
5d70
63f0
5373
1c81
643f
821f
75b0
c3d2
5e18
63c0
5386
1c89
7f9a
8b19
7196
c128
5ebe
638f
5398
1c90
5680
9a9e
6cd9
be88
5f62
635e
53ab
1c98
fefe
afcf
677f
bbf1
6005
632d
53bd
1c9f
a807
c97e
6190
b964
60a7
62fc
53d0
1ca7
8041
e639
5b14
b6e1
6148
62ca
53e3
1cae
9d04
0466
5416
b468
61e7
6299
53f5
1cb6
eee1
2254
4c9e
b1fb
6284
6267
5408
1cbe
49ee
3e56
44b9
af99
6320
6236
541a
1cc5
7d51
56db
3c70
ad42
63bb
6204
542d
1ccd
6d79
6a83
33d1
aaf7
6454
61d2
543f
1cd4
22e7
7835
2ae7
a8b8
64ec
619f
5452
1cdc
c59b
7f2d
21bf
a686
6583
616d
5464
1ce3
87a3
7f06
1866
a461
6618
613b
5477
1ceb
8a3d
77c4
0eeb
a249
66ab
6108
5489
1cf3
cc05
69cd
055a
a03f
673d
60d5
549c
1cfa
29af
55ea
fbc1
9e42
67ce
60a2
54ae
1d02
70fd
3d38
f22f
9c53
685d
606f
54c0
1d09
7bad
211a
e8b0
9a73
68ea
603c
54d3
1d11
4404
0320
df53
98a1
6976
6009
54e5
1d18
e7dd
e4fa
d625
96de
6a01
5fd5
54f8
1d20
98aa
c858
cd33
952b
6a8a
5fa2
550a
1d28
80e7
aed2
c48a
9387
6b11
5f6e
551c
1d2f
ad53
99d8
bc37
91f2
6b97
5f3a
552f
1d37
061a
8a96
b445
906d
6c1b
5f06
5541
1d3e
5b9b
81e6
acc1
8ef8
6c9e
5ed2
5553
1d46
7ff7
8045
a5b4
8d94
6d1f
5e9e
5566
1d4d
5fad
85ca
9f29
8c40
6d9f
5e6a
5578
1d55
0c0f
9226
9929
8afc
6e1d
5e35
558a
1d5c
b1f9
a4a8
93bd
89ca
6e9a
5e00
559d
1d64
81bf
bc47
8eed
88a8
6f14
5dcc
55af
1d6c
9541
d7b1
8ac0
8798
6f8e
5d97
55c1
1d73
e207
f55c
873c
8699
7005
5d62
55d3
1d7b
3ee2
139f
8465
85ac
707c
5d2c
55e6
1d82
7a00
30ca
8240
84d0
70f0
5cf7
55f8
1d8a
73ab
4b39
80d0
8406
7163
5cc1
560a
1d91
2f49
6172
8017
834d
71d4
5c8c
561c
1d99
d188
7237
8017
82a7
7244
5c56
562e
1da1
8cb5
7c98
80ce
8213
72b1
5c20
5640
1da8
85bd
7fff
823c
8190
731e
5bea
5653
1db0
c05b
7c3d
845f
8120
7388
5bb4
5665
1db7
1d1f
7186
8734
80c3
73f1
5b7e
5677
1dbf
6a43
6074
8ab7
8077
7459
5b47
5689
1dc6
7e65
49fd
8ee3
803e
74be
5b11
569b
1dce
4eb9
2f61
93b1
8018
7522
5ada
56ad
1dd5
f4d1
121f
991c
8003
7584
5aa3
56bf
1ddd
a0e9
f3d9
9f1a
8001
75e5
5a6c
56d1
1de5
8004
d641
a5a4
8012
7644
5a35
56e3
1dec
a3c9
baff
acb0
8035
76a1
59fe
56f5
1df4
f906
a39a
b433
806b
76fc
59c7
5707
1dfb
5201
9160
bc24
80b2
7756
598f
5719
1e03
7efe
8558
c476
810c
77ae
5958
572b
1e0a
67da
802e
cd1e
8179
7804
5920
573d
1e12
18ff
822b
d610
81f7
7859
58e8
574f
1e19
bcbb
8b33
df3d
8288
78ac
58b0
5761
1e21
848e
9ac4
e89a
832b
78fd
5878
5773
1e29
8e9b
b000
f218
83e0
794c
5840
5785
1e30
d57d
c9b7
fbab
84a6
799a
5808
5797
1e38
332e
e677
0543
857f
79e6
57cf
57a9
1e3f
756a
04a5
0ed5
8669
7a30
5797
57bb
1e47
78a9
2290
1850
8764
7a78
575e
57cd
1e4e
3b2c
3e8d
21a9
8871
7abf
5725
57df
1e56
ddf1
5709
2ad1
898f
7b03
56ec
57f1
1e5d
92fc
6aa6
33bc
8abe
7b46
56b3
5802
1e65
8282
784b
3c5c
8bfe
7b88
567a
5814
1e6c
b55c
7f34
44a6
8d4f
7bc7
5640
5826
1e74
1040
7efe
4c8c
8eb0
7c05
5607
5838
1e7c
626d
77ad
5405
9022
7c41
55cd
584a
1e83
7fcc
69aa
5b05
91a4
7c7b
5594
585b
1e8b
589c
55bc
6181
9335
7cb3
555a
586d
1e92
01e2
3d01
6772
94d6
7cea
5520
587f
1e9a
aa26
20dd
6ccd
9687
7d1f
54e6
5891
1ea1
8078
02e2
718c
9847
7d51
54ab
58a3
1ea9
9b36
e4bd
75a7
9a16
7d83
5471
58b4
1eb0
ec05
c81f
791a
9bf3
7db2
5437
58c6
1eb8
478d
aea2
7bde
9ddf
7ddf
53fc
58d8
1ebf
7cb2
99b2
7def
9fd9
7e0b
53c1
58e9
1ec7
6ef1
8a7d
7f4c
a1e1
7e35
5387
58fb
1ecf
25ac
81db
7ff1
a3f6
7e5d
534c
590d
1ed6
c831
8049
7fdf
a618
7e83
5311
591e
1ede
88a7
85dc
7f14
a848
7ea8
52d5
5930
1ee5
8923
9246
7d92
aa84
7eca
529a
5942
1eed
c964
a4d4
7b5c
accd
7eeb
525f
5953
1ef4
26f1
bc7c
7874
af21
7f0a
5223
5965
1efc
6f9a
d7ec
74df
b181
7f27
51e7
5976
1f03
7c63
f59a
70a2
b3ed
7f43
51ac
5988
1f0b
4672
13dd
6bc3
b663
7f5c
5170
5999
1f12
eab5
3103
6648
b8e4
7f74
5134
59ab
1f1a
9a65
4b6b
603b
bb6f
7f89
50f8
59bd
1f22
8097
619b
59a3
be04
7f9d
50bb
59ce
1f29
ab24
7254
528a
c0a2
7fb0
507f
59e0
1f31
0337
7ca6
4afa
c34a
7fc0
5043
59f1
1f38
5990
7fff
42fe
c5fb
7fce
5006
5a02
1f40
7fdd
7c2e
3aa2
c8b3
7fdb
4fc9
5a14
1f47
6192
7169
31f2
cb74
7fe6
4f8c
5a25
1f4f
0eee
604b
28fa
ce3c
7fef
4f4f
5a37
1f56
b448
49ca
1fc6
d10c
7ff6
4f12
5a48
1f5e
8241
2f27
1665
d3e2
7ffb
4ed5
5a5a
1f65
93b0
11e1
0ce4
d6be
7ffe
4e98
5a6b
1f6d
df3a
f39a
0350
d9a1
7fff
4e5b
5a7c
1f74
3c59
d605
f9b8
dc89
7fff
4e1d
5a8e
1f7c
7919
baca
f028
df76
7ffd
4ddf
5a9f
1f83
74e1
a36e
e6b0
e268
7ffa
4da2
5ab1
1f8b
31f5
9141
dd5b
e55e
7ff4
4d64
5ac2
1f93
d43c
8547
d439
e858
7fec
4d26
5ad3
1f9a
8dfe
802b
cb56
eb55
7fe3
4ce8
5ae5
1fa2
84ea
8236
c2be
ee55
7fd7
4caa
5af6
1fa9
bdde
8b4c
ba7f
f158
7fca
4c6b
5b07
1fb1
1a4d
9aeb
b2a3
f45d
7fbb
4c2d
5b18
1fb8
68a0
b031
ab37
f764
7faa
4bef
5b2a
1fc0
7ed2
c9ef
a445
fa6c
7f97
4bb0
5b3b
1fc7
50fb
e6b4
9dd7
fd74
7f83
4b71
5b4c
1fcf
f7b2
04e3
97f6
007d
7f6d
4b32
5b5d
1fd6
a2de
22cd
92aa
0386
7f54
4af3
5b6f
1fde
8001
3ec3
8dfd
068f
7f3a
4ab4
5b80
1fe5
a1ce
5737
89f3
0996
7f1e
4a75
5b91
1fed
f624
6ac8
8693
0c9c
7f01
4a36
5ba2
1ff4
4fc4
7860
83e2
0fa0
7ee1
49f7
5bb3
1ffc
7e99
7f3b
81e3
12a2
7ec0
49b7
5bc4
2003
6983
7ef7
809a
15a2
7e9d
4978
5bd5
200b
1bd3
7797
8008
189e
7e78
4938
5be7
2012
bf35
6986
802e
1b97
7e51
48f8
5bf8
201a
8559
558d
810c
1e8c
7e28
48b8
5c09
2022
8d4b
3cca
82a1
217c
7dfe
4878
5c1a
2029
d2c6
20a1
84eb
2467
7dd2
4838
5c2b
2031
3085
02a3
87e5
274e
7da3
47f8
5c3c
2038
743c
e480
8b8c
2a2e
7d74
47b8
5c4d
2040
7998
c7e7
8fdb
2d09
7d42
4777
5c5e
2047
3db8
ae72
94cb
2fdd
7d0e
4737
5c6f
204f
e0bc
998d
9a55
32aa
7cd9
46f6
5c80
2056
9486
8a64
a072
3570
7ca2
46b5
5c91
205e
81f9
81d1
a718
382e
7c69
4675
5ca2
2065
b308
804d
ae3e
3ae4
7c2e
4634
5cb3
206d
0d62
85ef
b5da
3d92
7bf2
45f3
5cc4
2074
608e
9266
bde1
4037
7bb4
45b1
5cd5
207c
7fed
a500
c646
42d2
7b74
4570
5ce6
2083
5aac
bcb2
ceff
4564
7b32
452f
5cf7
208b
04c5
d828
d7fe
47ec
7aee
44ed
5d07
2092
ac50
f5d9
e137
4a69
7aa9
44ac
5d18
209a
80c0
141b
ea9c
4cdc
7a62
446a
5d29
20a1
9974
313d
f420
4f44
7a19
4429
5d3a
20a9
e92c
4b9e
fdb5
51a0
79ce
43e7
5d4b
20b0
4523
61c3
074d
53f1
7982
43a5
5d5c
20b8
7c03
7270
10da
5636
7934
4363
5d6c
20bf
705b
7cb5
1a50
586e
78e4
4321
5d7d
20c7
286d
7ffe
239f
5a99
7892
42df
5d8e
20ce
cace
7c1e
2cbc
5cb7
783f
429c
5d9f
20d6
89ba
714c
3598
5ec8
77ea
425a
5db0
20dd
8819
6022
3e27
60cc
7793
4217
5dc0
20e5
c6cb
4997
465c
62c1
773a
41d5
5dd1
20ec
242e
2eed
4e2c
64a8
76e0
4192
5de2
20f4
6e28
11a3
558c
6681
7684
414f
5df2
20fb
7d0a
f35c
5c71
684b
7627
410c
5e03
2103
48d6
d5ca
62d0
6a06
75c7
40c9
5e14
210a
ed90
ba95
68a2
6bb2
7566
4086
5e24
2112
9c2d
a343
6ddc
6d4e
7503
4043
5e35
2119
8059
9122
7279
6eda
749f
4000
5e46
2121
a8ff
8535
7671
7057
7439
3fbd
5e56
2128
0053
8027
79bf
71c3
73d1
3f79
5e67
2130
577a
8242
7c5d
731f
7368
3f36
5e77
2138
7fb3
8b66
7e49
746a
72fc
3ef2
5e88
213f
636a
9b11
7f7e
75a5
7290
3eae
5e99
2147
11cc
b062
7ffd
76cf
7221
3e6b
5ea9
214e
b6a1
ca28
7fc3
77e7
71b1
3e27
5eba
2156
82d3
e6f2
7ed1
78ef
713f
3de3
5eca
215d
922d
0522
7d29
79e5
70cc
3d9f
5edb
2165
dc71
2309
7acd
7ac9
7057
3d5a
5eeb
216c
39c9
3efa
77c0
7b9c
6fe1
3d16
5efc
2174
7821
5764
7407
7c5d
6f68
3cd2
5f0c
217b
7607
6aeb
6fa6
7d0c
6eef
3c8d
5f1d
2183
349b
7875
6aa6
7da8
6e73
3c49
5f2d
218a
d6f6
7f42
650b
7e33
6df6
3c04
5f3d
2192
8f56
7eef
5ee0
7eac
6d78
3bc0
5f4e
2199
8427
7781
582b
7f13
6cf7
3b7b
5f5e
21a1
bb69
6963
50f8
7f67
6c76
3b36
5f6f
21a8
1777
555f
4951
7fa9
6bf3
3af1
5f7f
21b0
66ef
3c93
413f
7fd8
6b6e
3aac
5f8f
21b7
7f2e
2064
38d0
7ff5
6ae7
3a67
5fa0
21bf
5332
0265
3010
7fff
6a5f
3a22
5fb0
21c6
fa95
e443
270a
7ff8
69d6
39dd
5fc0
21cd
a4df
c7af
1dcc
7fde
694b
3997
5fd1
21d5
800d
ae41
1463
7fb1
68bf
3952
5fe1
21dc
9fe0
9967
0adc
7f72
6831
390c
5ff1
21e4
f344
8a4b
0147
7f21
67a1
38c7
6001
21eb
4d7d
81c6
f7af
7ebe
6710
3881
6012
21f3
7e24
8051
ee23
7e48
667e
383b
6022
21fa
6b1f
8602
e4b1
7dc0
65ea
37f5
6032
2202
1ea3
9287
db66
7d25
6554
37af
6042
2209
c1b7
a52c
d250
7c79
64bd
3769
6053
2211
8635
bce7
c97c
7bbb
6425
3723
6063
2218
8c0a
d863
c0f6
7aeb
638b
36dd
6073
2220
d015
f617
b8cb
7a0a
62f0
3697
6083
2227
2dd5
1459
b106
7917
6254
3651
6093
222f
72fe
3177
a9b3
7812
61b5
360a
60a3
2236
7a77
4bd0
a2dc
76fc
6116
35c4
60b3
223e
403c
61ec
9c8b
75d5
6075
357d
60c4
2245
e38b
728c
96c9
749d
5fd3
3537
60d4
224d
961f
7cc3
919f
7354
5f2f
34f0
60e4
2254
8180
7ffe
8d13
71fb
5e8a
34a9
60f4
225c
b0be
7c0f
892d
7091
5de4
3462
6104
2263
0a81
712f
85f2
6f17
5d3c
341b
6114
226b
5ea2
5ff9
8366
6d8d
5c93
33d4
6124
2272
7ffe
4963
818e
6bf4
5be9
338d
6134
227a
5cb0
2eb3
806b
6a4a
5b3d
3346
6144
2281
07a8
1165
8001
6892
5a90
32ff
6154
2289
ae85
f31e
804e
66ca
59e2
32b7
6164
2290
8118
d58f
8153
64f4
5932
3270
6174
2298
97c0
ba61
830f
630f
5882
3229
6184
229f
e656
a318
857e
611c
57cf
31e1
6193
22a7
42b0
9102
889d
5f1b
571c
3199
61a3
22ae
7b44
8523
8c68
5d0c
5667
3152
61b3
22b6
71b6
8024
90da
5aef
55b1
310a
61c3
22bd
2b28
824e
95ec
58c6
54fa
30c2
61d3
22c5
cd72
8b80
9b96
5690
5442
307a
61e3
22cc
8adc
9b38
a1d0
544d
5388
3032
61f3
22d4
871e
b093
a893
51ff
52ce
2fea
6202
22db
c439
ca61
afd3
4fa4
5212
2fa2
6212
22e2
2166
e72f
b786
4d3e
5154
2f5a
6222
22ea
6ca9
0561
bfa2
4acd
5096
2f12
6232
22f1
7da0
2345
c81a
4851
4fd7
2eca
6242
22f9
4b32
3f30
d0e3
45cb
4f16
2e81
6251
2300
f06d
5792
d9ef
433a
4e54
2e39
6261
2308
9e03
6b0d
e332
40a0
4d91
2df0
6271
230f
802b
788a
ec9f
3dfd
4ccd
2da8
6280
2317
a6e7
7f48
f628
3b51
4c08
2d5f
6290
231e
fd70
7ee6
ffbe
389c
4b42
2d16
62a0
2326
5559
776a
0955
35df
4a7b
2cce
62af
232d
7f78
693f
12df
331a
49b2
2c85
62bf
2335
6536
5530
1c4e
304e
48e9
2c3c
62cf
233c
14a7
3c5c
2594
2d7b
481e
2bf3
62de
2344
b904
2027
2ea3
2aa2
4753
2baa
62ee
234b
8376
0226
3770
27c2
4686
2b61
62fd
2353
90b8
e406
3fed
24dd
45b9
2b18
630d
235a
d9ad
c776
480e
21f2
44ea
2acf
631d
2361
3732
ae11
4fc7
1f02
441a
2a85
632c
2369
771a
9942
570d
1c0e
434a
2a3c
633c
2370
771d
8a33
5dd6
1916
4278
29f3
634b
2378
3739
81bc
6419
161b
41a6
29a9
635b
237f
d9b5
8056
69cb
131c
40d3
2960
636a
2387
90bc
8615
6ee5
101a
3ffe
2916
637a
238e
8374
92a7
735f
0d16
3f29
28cc
6389
2396
b8fd
a558
7733
0a10
3e53
2883
6399
239d
149f
bd1c
7a5c
0709
3d7c
2839
63a8
23a5
6530
d89f
7cd5
0401
3ca4
27ef
63b7
23ac
7f79
f655
7e9a
00f8
3bcb
27a5
63c7
23b4
555f
1496
7fa9
fdef
3af1
275c
63d6
23bb
fd78
31b1
7fff
fae6
3a17
2712
63e6
23c3
a6ed
4c03
7f9f
f7de
393b
26c8
63f5
23ca
802b
6214
7e86
f4d7
385f
267d
6404
23d1
9dfe
72a8
7cb8
f1d2
3782
2633
6414
23d9
f065
7cd1
7a36
eecf
36a4
25e9
6423
23e0
4b2b
7ffd
7704
ebce
35c6
259f
6432
23e8
7d9e
7c00
7327
e8d0
34e6
2555
6441
23ef
6cad
7111
6ea4
e5d6
3406
250a
6451
23f7
216f
5fcf
6982
e2df
3325
24c0
6460
23fe
c441
4930
63c8
dfed
3244
2475
646f
2406
8720
2e78
5d7e
dcff
3161
242b
647e
240d
8ad9
1127
56ae
da16
307e
23e0
648e
2415
cd6b
f2df
4f61
d732
2f9a
2396
649d
241c
2b20
d554
47a2
d455
2eb6
234b
64ac
2423
71b2
ba2c
3f7c
d17e
2dd1
2300
64bb
242b
7b46
a2ed
36fb
cead
2ceb
22b5
64ca
2432
42b7
90e3
2e2a
cbe4
2c05
226b
64da
243a
e65e
8512
2518
c922
2b1e
2220
64e9
2441
97c5
8022
1bcf
c668
2a36
21d5
64f8
2449
8117
825a
125f
c3b6
294e
218a
6507
2450
ae7e
8b9a
08d4
c10d
2865
213f
6516
2458
07a0
9b5e
ff3d
be6d
277b
20f4
6525
245f
5caa
b0c4
f5a6
bbd7
2691
20a9
6534
2467
7ffe
ca9a
ec1f
b94a
25a7
205e
6543
246e
5ea8
e76c
e2b4
b6c7
24bc
2012
6552
2475
0a8a
059f
d973
b44f
23d0
1fc7
6561
247d
b0c4
2381
d06a
b1e2
22e4
1f7c
6570
2484
8181
3f67
c7a5
af80
21f7
1f30
657f
248c
961a
57c0
bf32
ad2a
210a
1ee5
658e
2493
e383
6b2f
b71b
aae0
201c
1e9a
659d
249b
4035
789f
af6e
a8a1
1f2e
1e4e
65ac
24a2
7a74
7f4f
a834
a670
1e40
1e03
65bb
24aa
7302
7ede
a179
a44b
1d51
1db7
65ca
24b1
2ddd
7754
9b46
a234
1c61
1d6c
65d9
24b8
d01d
691b
95a3
a02a
1b71
1d20
65e8
24c0
8c0e
5501
909a
9e2e
1a81
1cd4
65f6
24c7
8632
3c25
8c31
9c40
1991
1c88
6605
24cf
c1af
1feb
886f
9a60
18a0
1c3d
6614
24d6
1e9a
01e7
8558
988f
17ae
1bf1
6623
24de
6b1b
e3c9
82f3
96cd
16bd
1ba5
6632
24e5
7e25
c73e
8141
951a
15cb
1b59
6640
24ed
4d83
ade1
8045
9376
14d8
1b0d
664f
24f4
f34c
991d
8002
91e2
13e6
1ac1
665e
24fb
9fe5
8a1a
8076
905e
12f3
1a75
666d
2503
800d
81b2
81a2
8eea
1200
1a29
667b
250a
a4da
805a
8384
8d86
110c
19dd
668a
2512
fa8c
8628
8619
8c32
1019
1991
6699
2519
532c
92c8
895d
8af0
0f25
1945
66a8
2521
7f2d
a585
8d4c
89be
0e31
18f9
66b6
2528
66f4
bd52
91e0
889d
0d3c
18ac
66c5
252f
177f
d8da
9713
878e
0c48
1860
66d4
2537
bb70
f694
9cdd
868f
0b53
1814
66e2
253e
8429
14d4
a335
85a2
0a5e
17c7
66f1
2546
8f52
31ea
aa13
84c7
0969
177b
66ff
254d
d6ee
4c35
b16c
83fe
0874
172f
670e
2555
3493
623c
b936
8346
077f
16e2
671d
255c
7603
72c3
c167
82a1
068a
1696
672b
2564
7824
7cde
c9f1
820d
0594
1649
673a
256b
39d1
7ffc
d2c9
818c
049f
15fd
6748
2572
dc79
7bf0
dbe2
811c
03a9
15b0
6757
257a
9231
70f4
e530
80bf
02b4
1564
6765
2581
82d1
5fa6
eea3
8075
01be
1517
6774
2589
b69a
48fd
f830
803c
00c8
14ca
6782
2590
11c3
2e3e
01c8
8016
ffd2
147e
6791
2598
6365
10e9
0b5e
8003
fedd
1431
679f
259f
7fb4
f2a1
14e3
8002
fde7
13e4
67ad
25a6
5780
d519
1e4a
8013
fcf1
1397
67bc
25ae
005b
b9f8
2785
8037
fbfc
134b
67ca
25b5
a906
a2c2
3088
806d
fb06
12fe
67d9
25bd
8059
90c4
3944
80b6
fa11
12b1
67e7
25c4
9c28
8500
41af
8110
f91b
1264
67f5
25cc
ed88
801f
49bb
817e
f826
1217
6804
25d3
48d0
8266
515c
81fd
f731
11ca
6812
25da
7d08
8bb4
5889
828e
f63c
117d
6820
25e2
6e2d
9b85
5f36
8332
f547
1130
682e
25e9
2436
b0f5
655b
83e7
f452
10e3
683d
25f1
c6d3
cad3
6aed
84af
f35d
1096
684b
25f8
881c
e7aa
6fe6
8588
f269
1049
6859
25ff
89b6
05de
743d
8673
f175
0ffc
6867
2607
cac7
23bd
77ed
876f
f081
0faf
6876
260e
2865
3f9d
7af1
887c
ef8d
0f62
6884
2616
7057
57ed
7d44
899b
ee99
0f15
6892
261d
7c05
6b52
7ee3
8acb
eda6
0ec7
68a0
2625
452a
78b4
7fcb
8c0c
ecb3
0e7a
68ae
262c
e935
7f55
7ffb
8d5d
ebc0
0e2d
68bd
2633
9979
7ed6
7f73
8ebf
eace
0de0
68cb
263b
80bf
773d
7e33
9031
e9db
0d93
68d9
2642
ac49
68f8
7c3e
91b4
e8e9
0d45
68e7
264a
04bd
54d2
7997
9346
e7f8
0cf8
68f5
2651
5aa6
3bee
7640
94e8
e707
0cab
6903
2658
7fed
1fae
723f
9699
e616
0c5d
6911
2660
6093
01a9
6d9a
9859
e526
0c10
691f
2667
0d6a
e38c
6857
9a29
e435
0bc3
692d
266f
b30e
c706
627e
9c07
e346
0b75
693b
2676
81fa
adb1
5c17
9df3
e257
0b28
6949
267e
9482
98f8
552b
9fed
e168
0ada
6957
2685
e0b4
8a02
4dc5
a1f6
e079
0a8d
6965
268c
3db1
81a7
45f0
a40c
df8b
0a40
6973
2694
7995
805f
3db5
a62f
de9e
09f2
6981
269b
743f
863b
3522
a85f
ddb1
09a5
698f
26a3
308c
92e9
2c42
aa9b
dcc5
0957
699d
26aa
d2ce
a5b1
2323
ace4
dbd9
090a
69aa
26b1
8d4f
bd87
19d1
af39
daed
08bc
69b8
26b9
8557
d916
105a
b19a
da02
086f
69c6
26c0
bf2d
f6d2
06cb
b406
d918
0821
69d4
26c8
1bca
1512
fd33
b67c
d82e
07d3
69e2
26cf
697f
3224
f39f
b8fe
d745
0786
69f0
26d6
7e9b
4c67
ea1c
bb89
d65c
0738
69fd
26de
4fcb
6264
e0b9
be1f
d574
06eb
6a0b
26e5
f62d
72df
d783
c0be
d48d
069d
6a19
26ed
a1d4
7cec
ce87
c366
d3a6
0650
6a27
26f4
8001
7ffb
c5d3
c616
d2c0
0602
6a34
26fb
a2d8
7be0
bd72
c8d0
d1da
05b4
6a42
2703
f7aa
70d7
b571
cb91
d0f5
0567
6a50
270a
50f4
5f7c
addb
ce59
d011
0519
6a5d
2712
7ed1
48c9
a6bb
d129
cf2d
04cb
6a6b
2719
68a4
2e04
a01c
d3ff
ce4b
047e
6a79
2720
1a55
10ab
9a07
d6dc
cd69
0430
6a86
2728
bde5
f263
9484
d9bf
cc87
03e2
6a94
272f
84ec
d4de
8f9d
dca7
cba7
0395
6aa2
2737
8dfa
b9c4
8b57
df94
cac7
0347
6aaf
273e
d434
a297
87b8
e286
c9e8
02f9
6abd
2745
31ed
90a5
84c7
e57d
c909
02ac
6aca
274d
74dd
84ef
8287
e877
c82c
025e
6ad8
2754
791b
801c
80fc
eb74
c74f
0210
6ae5
275c
3c61
8272
8028
ee74
c673
01c3
6af3
2763
df42
8bce
800b
f177
c598
0175
6b00
276a
93b4
9bac
80a7
f47c
c4be
0127
6b0e
2772
823f
b127
81f9
f783
c3e5
00d9
6b1b
2779
b441
cb0c
8401
fa8b
c30c
008c
6b29
2781
0ee6
e7e7
86bc
fd93
c234
003e
6b36
2788
618c
061c
8a25
009c
c15e
fff0
6b44
278f
7fde
23f9
8e38
03a5
c088
ffa3
6b51
2797
5996
3fd3
92ee
06ae
bfb3
ff55
6b5e
279e
033f
581b
9841
09b5
bedf
ff07
6b6c
27a6
ab2a
6b74
9e2a
0cbb
be0c
feba
6b79
27ad
8098
78c9
a49f
0fbf
bd3a
fe6c
6b86
27b4
9a60
7f5c
ab98
12c1
bc69
fe1e
6b94
27bc
eaad
7ecd
b30a
15c1
bb98
fdd0
6ba1
27c3
466b
7726
baeb
18bd
bac9
fd83
6bae
27ca
7c61
68d4
c330
1bb5
b9fb
fd35
6bbc
27d2
6f9e
54a3
cbcc
1eaa
b92e
fce7
6bc9
27d9
26f9
3bb6
d4b3
219a
b862
fc9a
6bd6
27e1
c96c
1f72
ddd8
2485
b796
fc4c
6be3
27e8
8926
016a
e72f
276b
b6cc
fbfe
6bf1
27ef
88a3
e34f
f0a9
2a4c
b603
fbb1
6bfe
27f7
c82a
c6ce
fa39
2d26
b53b
fb63
6c0b
27fe
25a4
ad81
03d2
2ffa
b474
fb15
6c18
2806
6eed
98d2
0d65
32c7
b3af
fac8
6c25
280d
7cb4
89ea
16e5
358c
b2ea
fa7a
6c32
2814
4794
819d
2044
384a
b226
fa2c
6c40
281c
ec0e
8064
2974
3b00
b164
f9df
6c4d
2823
9b3b
864f
3269
3dad
b0a2
f991
6c5a
282a
8078
9309
3b15
4052
afe2
f944
6c67
2832
aa1f
a5dd
436d
42ed
af23
f8f6
6c74
2839
01da
bdbd
4b63
457e
ae65
f8a8
6c81
2841
5896
d951
52ed
4806
ada9
f85b
6c8e
2848
7fcc
f711
59ff
4a83
aced
f80d
6c9b
284f
6272
1550
6090
4cf5
ac33
f7c0
6ca8
2857
1049
325d
6696
4f5d
ab7a
f772
6cb5
285e
b562
4c9a
6c08
51b8
aac2
f725
6cc2
2865
8284
628c
70df
5409
aa0b
f6d7
6ccf
286d
92f7
72fb
7514
564d
a955
f68a
6cdc
2874
dde9
7cfa
78a0
5884
a8a1
f63c
6ce9
287c
3b25
7ffa
7b7e
5aaf
a7ee
f5ef
6cf6
2883
78a6
7bd0
7dab
5ccd
a73d
f5a1
6d03
288a
756d
70b9
7f23
5edd
a68c
f554
6d0f
2892
3336
5f52
7fe4
60e0
a5dd
f506
6d1c
2899
d585
4896
7fed
62d5
a52f
f4b9
6d29
28a0
8e9e
2dc9
7f3e
64bc
a483
f46c
6d36
28a8
848c
106d
7dd8
6694
a3d8
f41e
6d43
28af
bcb4
f225
7bbd
685d
a32e
f3d1
6d50
28b7
18f7
d4a3
78ef
6a18
a285
f384
6d5c
28be
67d5
b98f
7574
6bc3
a1de
f336
6d69
28c5
7eff
a26d
7150
6d5e
a138
f2e9
6d76
28cd
5208
9087
6c88
6eea
a094
f29c
6d83
28d4
f90f
84de
6725
7066
9ff1
f24e
6d8f
28db
a3cf
801a
612d
71d2
9f4f
f201
6d9c
28e3
8005
827e
5aa9
732d
9eaf
f1b4
6da9
28ea
a0e3
8be9
53a3
7477
9e10
f167
6db5
28f1
f4c8
9bd3
4c24
75b1
9d72
f119
6dc2
28f9
4eb2
b158
4438
76da
9cd6
f0cc
6dcf
2900
7e64
cb45
3bea
77f2
9c3b
f07f
6ddb
2908
6a47
e825
3345
78f9
9ba2
f032
6de8
290f
1d27
065b
2a57
79ee
9b0a
efe5
6df4
2916
c062
2435
212c
7ad2
9a74
ef98
6e01
291e
85bf
400a
17d1
7ba4
99df
ef4b
6e0e
2925
8cb2
5848
0e54
7c64
994c
eefe
6e1a
292c
d180
6b96
04c2
7d12
98ba
eeb1
6e27
2934
2f41
78de
fb29
7dae
9829
ee64
6e33
293b
73a8
7f62
f198
7e39
979b
ee17
6e40
2942
7a03
7ec5
e81b
7eb1
970d
edca
6e4c
294a
3ee9
770f
dec0
7f16
9681
ed7d
6e59
2951
e20f
68b0
d595
7f6a
95f7
ed30
6e65
2958
9545
5474
cca8
7fab
956e
ece3
6e71
2960
81be
3b7f
c404
7fda
94e7
ec96
6e7e
2967
b1f2
1f35
bbb6
7ff6
9461
ec4a
6e8a
296e
0c06
012c
b3cb
7fff
93dd
ebfd
6e97
2976
5fa7
e312
ac4d
7ff7
935a
ebb0
6ea3
297d
7ff7
c696
a548
7fdd
92d9
eb63
6eaf
2985
5ba1
ad52
9ec5
7faf
9259
eb17
6ebc
298c
0622
98ad
98cf
7f70
91db
eaca
6ec8
2993
ad59
89d2
936d
7f1d
915f
ea7e
6ed4
299b
80e8
8194
8ea6
7eb9
90e4
ea31
6ee1
29a2
98a5
8069
8a84
7e43
906b
e9e4
6eed
29a9
e7d5
8662
870a
7dba
8ff3
e998
6ef9
29b1
43fc
932a
843e
7d1f
8f7d
e94b
6f05
29b8
7bab
a60a
8224
7c72
8f09
e8ff
6f12
29bf
7101
bdf2
80c0
7bb3
8e96
e8b3
6f1e
29c7
29b7
d98d
8012
7ae3
8e25
e866
6f2a
29ce
cc0c
f74f
801d
7a00
8db6
e81a
6f36
29d5
8a41
158d
80df
790c
8d48
e7cd
6f42
29dd
87a0
3297
8259
7807
8cdc
e781
6f4e
29e4
c594
4ccc
8487
76f1
8c71
e735
6f5b
29eb
22df
62b4
8767
75c9
8c08
e6e9
6f67
29f3
6d75
7316
8af5
7490
8ba1
e69d
6f73
29fa
7d52
7d07
8f2a
7347
8b3c
e650
6f7f
2a01
49f4
7ff9
9403
71ed
8ad8
e604
6f8b
2a09
eee9
7bc1
9976
7082
8a76
e5b8
6f97
2a10
9d09
709b
9f7e
6f08
8a15
e56c
6fa3
2a17
8041
5f28
a610
6d7d
89b6
e520
6faf
2a1f
a801
4862
ad23
6be3
8959
e4d4
6fbb
2a26
fef6
2d8f
b4ae
6a39
88fe
e488
6fc7
2a2d
567a
102f
bca5
6880
88a4
e43c
6fd3
2a35
7f99
f1e6
c4fd
66b8
884d
e3f1
6fdf
2a3c
6445
d468
cdaa
64e1
87f6
e3a5
6feb
2a43
1325
b95b
d69f
62fb
87a2
e359
6ff7
2a4b
b7c0
a242
dfd0
6107
874f
e30d
7003
2a52
831e
9068
e930
5f06
86fe
e2c2
700e
2a59
917b
84cd
f2b0
5cf6
86af
e276
701a
2a61
db22
8017
fc43
5ad9
8661
e22a
7026
2a68
3891
828a
05db
58b0
8616
e1df
7032
2a6f
77a7
8c03
0f6c
5679
85cc
e193
703e
2a77
768c
9bfa
18e6
5436
8584
e148
704a
2a7e
35d8
b189
223c
51e7
853d
e0fd
7055
2a85
d841
cb7e
2b61
4f8c
84f8
e0b1
7061
2a8d
8ffd
e862
3447
4d25
84b5
e066
706d
2a94
83d0
0699
3ce2
4ab4
8474
e01b
7079
2a9b
ba43
2472
4526
4837
8435
dfcf
7084
2aa3
1620
4040
4d06
45b1
83f7
df84
7090
2aaa
661e
5875
5477
4320
83bc
df39
709c
2ab1
7f53
6bb7
5b6f
4085
8382
deee
70a8
2ab9
543a
78f2
61e3
3de2
8349
dea3
70b3
2ac0
fbf1
7f68
67cb
3b35
8313
de58
70bf
2ac7
a5d6
7ebc
6d1d
3880
82de
de0d
70ca
2acf
8019
76f8
71d2
35c3
82ab
ddc2
70d6
2ad6
9efa
688c
75e3
32fe
827a
dd77
70e2
2add
f1e8
5445
794b
3031
824b
dd2c
70ed
2ae5
4c66
3b47
7c04
2d5e
821e
dce2
70f9
2aec
7de7
1ef8
7e0a
2a84
81f2
dc97
7104
2af3
6bdd
00ed
7f5c
27a4
81c8
dc4c
7110
2afb
1ff5
e2d5
7ff6
24bf
81a0
dc02
711b
2b02
c2e8
c65e
7fd7
21d4
817a
dbb7
7127
2b09
86a2
ad22
7f01
1ee4
8156
db6d
7132
2b11
8b78
9889
7d75
1bf0
8134
db22
713e
2b18
ced2
89ba
7b33
18f8
8113
dad8
7149
2b1f
2c8f
818a
7841
15fc
80f4
da8e
7155
2b27
7264
806e
74a1
12fd
80d7
da43
7160
2b2e
7ada
8676
7059
0ffb
80bc
d9f9
716b
2b35
4169
934b
6b70
0cf7
80a2
d9af
7177
2b3c
e4e0
a636
65ed
09f1
808b
d965
7182
2b44
96e5
be28
5fd6
06ea
8075
d91b
718e
2b4b
814c
d9c9
5936
03e1
8061
d8d1
7199
2b52
afad
f78d
5215
00d8
804f
d887
71a4
2b5a
0925
15cb
4a7e
fdcf
803f
d83d
71b0
2b61
5db6
32d0
427d
fac7
8031
d7f3
71bb
2b68
7fff
4cfe
3a1b
f7bf
8024
d7a9
71c6
2b70
5d9f
62dc
3166
f4b8
801a
d760
71d1
2b77
0904
7331
2869
f1b3
8011
d716
71dd
2b7e
af93
7d14
1f33
eeb0
800a
d6cc
71e8
2b86
8148
7ff7
15d0
ebaf
8005
d683
71f3
2b8d
96f7
7bb0
0c4d
e8b1
8002
d639
71fe
2b94
e501
707d
02b8
e5b7
8000
d5f0
7209
2b9c
4185
5eff
f920
e2c1
8000
d5a6
7214
2ba3
7ae4
482f
ef92
dfce
8003
d55d
7220
2baa
7255
2d54
e61b
dce1
8007
d514
722b
2bb1
2c70
0ff0
dcc9
d9f8
800d
d4cb
7236
2bb9
ceb4
f1a8
d3aa
d715
8014
d482
7241
2bc0
8b6a
d42e
cacb
d438
801e
d439
724c
2bc7
86ad
b927
c239
d161
802a
d3f0
7257
2bcf
c306
a217
b9ff
ce90
8037
d3a7
7262
2bd6
2015
9049
b22a
cbc7
8046
d35e
726d
2bdd
6bef
84bc
aac5
c906
8057
d315
7278
2be5
7de1
8015
a3db
c64c
806a
d2cc
7283
2bec
4c4b
8297
9d75
c39b
807e
d284
728e
2bf3
f1c8
8c1d
979d
c0f2
8095
d23b
7299
2bfa
9ee5
9c21
925c
be52
80ad
d1f2
72a4
2c02
801b
b1bb
8db8
bbbc
80c7
d1aa
72af
2c09
a5ed
cbb7
89b8
b930
80e3
d162
72ba
2c10
fc13
e8a0
8663
b6ae
8101
d119
72c5
2c18
5453
06d8
83bd
b436
8121
d0d1
72d0
2c1f
7f57
24ad
81c9
b1c9
8142
d089
72da
2c26
660a
4076
808b
af68
8166
d041
72e5
2c2d
15ff
58a3
8005
ad12
818b
cff9
72f0
2c35
ba27
6bd9
8037
aac8
81b2
cfb1
72fb
2c3c
83c8
7907
8120
a88b
81da
cf69
7306
2c43
900d
7f6e
82c0
a659
8205
cf21
7310
2c4b
d861
7eb3
8515
a435
8231
ced9
731b
2c52
35f6
76e1
881a
a21e
825f
ce91
7326
2c59
7698
6868
8bcc
a015
828f
ce4a
7331
2c61
779b
5416
9024
9e19
82c1
ce02
733b
2c68
3873
3b10
951e
9c2c
82f5
cdbb
7346
2c6f
db03
1ebb
9ab2
9a4d
832a
cd73
7351
2c76
916a
00af
a0d8
987c
8361
cd2c
735b
2c7e
8325
e298
a786
96bb
839a
cce5
7366
2c85
b7dc
c627
aeb4
9508
83d5
cc9d
7371
2c8c
1346
acf2
b656
9365
8412
cc56
737b
2c94
6459
9864
be63
91d2
8450
cc0f
7386
2c9b
7f97
89a2
c6ce
904e
8490
cbc8
7390
2ca2
5662
8180
cf8b
8edb
84d2
cb81
739b
2ca9
fed5
8073
d88f
8d78
8516
cb3a
73a6
2cb1
a7e9
868a
e1ca
8c25
855b
caf4
73b0
2cb8
803f
936c
eb32
8ae3
85a3
caad
73bb
2cbf
9d1e
a663
f4b7
89b2
85ec
ca66
73c5
2cc7
ef0a
be5e
fe4d
8892
8636
ca20
73d0
2cce
4a0f
da05
07e5
8783
8683
c9d9
73da
2cd5
7d59
f7cc
1171
8685
86d1
c993
73e4
2cdc
6d64
1609
1ae5
8599
8721
c94d
73ef
2ce4
22bf
330a
2431
84bf
8773
c907
73f9
2ceb
c576
4d30
2d4a
83f6
87c6
c8c0
7404
2cf2
8795
6304
3622
833f
881b
c87a
740e
2cf9
8a4e
734d
3eab
829a
8872
c834
7418
2d01
cc2b
7d22
46db
8207
88cb
c7ef
7423
2d08
29d6
7ff6
4ea4
8187
8925
c7a9
742d
2d0f
7110
7ba0
55fd
8118
8981
c763
7437
2d17
7ba2
7060
5cd9
80bc
89df
c71d
7442
2d1e
43e0
5ed5
6330
8072
8a3f
c6d8
744c
2d25
e7b5
47fb
68f9
803a
8aa0
c692
7456
2d2c
9891
2d1a
6e2a
8015
8b03
c64d
7460
2d34
80eb
0fb2
72bd
8002
8b67
c608
746b
2d3b
ad72
f16a
76aa
8002
8bce
c5c2
7475
2d42
0643
d3f3
79ed
8014
8c35
c57d
747f
2d49
5bb8
b8f3
7c81
8039
8c9f
c538
7489
2d51
7ff8
a1ed
7e61
8070
8d0a
c4f3
7493
2d58
5f91
902b
7f8c
80b9
8d77
c4ae
749d
2d5f
0be5
84ab
7fff
8114
8de6
c469
74a8
2d66
b1d8
8013
7fb9
8182
8e56
c425
74b2
2d6e
81b8
82a3
7ebc
8202
8ec8
c3e0
74bc
2d75
9558
8c38
7d09
8295
8f3b
c39b
74c6
2d7c
e22f
9c48
7aa2
8339
8fb0
c357
74d0
2d84
3f06
b1ed
778a
83ef
9027
c313
74da
2d8b
7a0d
cbf0
73c6
84b7
909f
c2ce
74e4
2d92
739a
e8dd
6f5c
8591
9119
c28a
74ee
2d99
2f22
0716
6a51
867c
9195
c246
74f8
2da1
d161
24e9
64ae
8779
9212
c202
7502
2da8
8ca3
40ac
5e79
8888
9290
c1be
750c
2daf
85c9
58d0
57bd
89a7
9310
c17a
7516
2db6
c07f
6bfb
5082
8ad8
9392
c136
7520
2dbe
1d47
791b
48d4
8c19
9416
c0f3
752a
2dc5
6a5a
7f74
40bc
8d6b
949b
c0af
7534
2dcc
7e5f
7eaa
3848
8ece
9521
c06c
753d
2dd3
4e98
76ca
2f83
9040
95a9
c028
7547
2ddb
f4a7
6843
2679
91c3
9633
bfe5
7551
2de2
a0cd
53e7
1d38
9356
96be
bfa2
755b
2de9
8005
3ad8
13cd
94f9
974a
bf5f
7565
2df0
a3e6
1e7f
0a45
96ab
97d8
bf1c
756f
2df8
f930
0070
00af
986c
9868
bed9
7578
2dff
5221
e25b
f717
9a3b
98f9
be96
7582
2e06
7f03
c5ef
ed8d
9c1a
998c
be53
758c
2e0d
67c2
acc3
e41c
9e07
9a20
be10
7595
2e15
18d6
983f
dad5
a002
9ab5
bdce
759f
2e1c
bc98
898a
d1c2
a20b
9b4c
bd8b
75a9
2e23
8483
8177
c8f2
a421
9be4
bd49
75b3
2e2a
8eae
8078
c072
a645
9c7e
bd07
75bc
2e32
d5a4
869d
b84c
a876
9d1a
bcc5
75c6
2e39
3354
938e
b08e
aab3
9db6
bc83
75cf
2e40
757a
a690
a943
acfc
9e54
bc41
75d9
2e47
789b
be93
a274
af52
9ef4
bbff
75e3
2e4f
3b07
da40
9c2b
b1b3
9f95
bbbd
75ec
2e56
ddc9
f80a
9673
b41f
a037
bb7b
75f6
2e5d
92e6
1646
9152
b696
a0db
bb3a
75ff
2e64
828a
3343
8cd0
b918
a180
baf8
7609
2e6c
b57d
4d62
88f5
bba4
a226
bab7
7612
2e73
106a
632b
85c4
be3a
a2ce
ba76
761c
2e7a
6288
7368
8344
c0d9
a377
ba34
7625
2e81
7fca
7d2f
8176
c381
a422
b9f3
762f
2e89
587e
7ff4
805f
c632
a4cd
b9b2
7638
2e90
01b8
7b90
8000
c8ec
a57a
b971
7642
2e97
aa07
7041
8059
cbad
a629
b931
764b
2e9e
8075
5eaa
8169
ce76
a6d8
b8f0
7654
2ea6
9b4f
47c7
8330
d146
a789
b8af
765e
2ead
ec2e
2cdf
85aa
d41d
a83c
b86f
7667
2eb4
47af
0f74
88d4
d6fa
a8ef
b82e
7670
2ebb
7cbb
f12c
8caa
d9dd
a9a4
b7ee
767a
2ec2
6edd
d3b8
9126
dcc5
aa5a
b7ae
7683
2eca
2584
b8bf
9641
dfb3
ab11
b76e
768c
2ed1
c80c
a1c2
9bf4
e2a5
abca
b72e
7695
2ed8
8898
900c
a238
e59b
ac83
b6ee
769f
2edf
8933
849a
a902
e895
ad3e
b6ae
76a8
2ee7
c98a
8011
b049
eb93
adfa
b66f
76b1
2eee
2719
82b0
b803
ee93
aeb7
b62f
76ba
2ef5
6fae
8c53
c025
f196
af76
b5f0
76c3
2efc
7c59
9c6f
c8a3
f49b
b035
b5b0
76cd
2f04
464f
b21e
d170
f7a2
b0f6
b571
76d6
2f0b
ea8c
cc29
da80
faaa
b1b8
b532
76df
2f12
9a4c
e91b
e3c7
fdb3
b27b
b4f3
76e8
2f19
809b
0755
ed35
00bc
b33f
b4b4
76f1
2f20
ab43
2525
f6bf
03c5
b404
b475
76fa
2f28
0360
40e2
0056
06cd
b4ca
b437
7703
2f2f
59ae
58fd
09ed
09d4
b592
b3f8
770c
2f36
7fdf
6c1c
1376
0cda
b65a
b3ba
7715
2f3d
6177
792f
1ce2
0fdf
b724
b37b
771e
2f45
0ec5
7f79
2625
12e0
b7ee
b33d
7727
2f4c
b427
7ea1
2f31
15e0
b8ba
b2ff
7730
2f53
8239
76b2
37f9
18db
b987
b2c1
7739
2f5a
93c6
681f
4070
1bd4
ba54
b283
7742
2f61
df62
53b8
488b
1ec8
bb23
b245
774b
2f69
3c7e
3aa1
503e
21b8
bbf2
b208
7754
2f70
7926
1e42
577d
24a3
bcc3
b1ca
775d
2f77
74d0
0031
5e3e
2789
bd95
b18d
7766
2f7e
31cf
e21e
6477
2a69
be67
b14f
776f
2f86
d415
c5b7
6a20
2d43
bf3b
b112
7777
2f8d
8deb
ac93
6f30
3017
c00f
b0d5
7780
2f94
84f5
981a
73a0
32e3
c0e4
b098
7789
2f9b
be01
8973
776a
35a9
c1bb
b05b
7792
2fa2
1a75
816d
7a88
3866
c292
b01e
779b
2faa
68b7
807e
7cf6
3b1c
c36a
afe2
77a3
2fb1
7ecc
86b1
7eb0
3dc9
c443
afa5
77ac
2fb8
50db
93af
7fb3
406d
c51c
af69
77b5
2fbf
f789
a6bc
7fff
4307
c5f7
af2c
77bd
2fc6
a2c2
bec9
7f93
4599
c6d2
aef0
77c6
2fce
8000
da7c
7e6f
4820
c7af
aeb4
77cf
2fd5
a1ea
f849
7c95
4a9c
c88c
ae78
77d7
2fdc
f64e
1684
7a08
4d0e
c96a
ae3c
77e0
2fe3
4fe5
337d
76cb
4f75
ca48
ae01
77e9
2fea
7e9f
4d93
72e4
51d1
cb28
adc5
77f1
2ff2
696c
6353
6e57
5420
cc08
ad89
77fa
2ff9
1baa
7383
692b
5664
cce9
ad4e
7802
3000
bf11
7d3c
6368
589b
cdca
ad13
780b
3007
854e
7ff2
5d16
5ac5
cead
acd8
7813
300e
8d5d
7b80
563e
5ce3
cf90
ac9d
781c
3016
d2ed
7023
4eea
5ef2
d074
ac62
7824
301d
30ab
5e80
4724
60f5
d158
ac27
782d
3024
744d
4793
3ef8
62e9
d23d
abec
7835
302b
798b
2ca4
3672
64cf
d323
abb2
783e
3032
3d94
0f36
2d9d
66a7
d40a
ab77
7846
303a
e094
f0ee
2486
686f
d4f1
ab3d
784f
3041
9470
d37d
1b3b
6a29
d5d8
ab03
7857
3048
8200
b88b
11c8
6bd4
d6c1
aac9
785f
304f
b329
a198
083c
6d6e
d7aa
aa8f
7868
3056
0d8b
8fee
fea5
6efa
d893
aa55
7870
305e
60a9
848a
f50f
7075
d97d
aa1c
7878
3065
7fec
800f
eb89
71e0
da68
a9e2
7881
306c
5a8e
82bd
e220
733a
db53
a9a9
7889
3073
049c
8c6e
d8e2
7484
dc3f
a96f
7891
307a
ac30
9c97
cfdd
75be
dd2b
a936
7899
3082
80bb
b250
c71d
76e6
de18
a8fd
78a2
3089
998d
cc62
beaf
77fd
df05
a8c4
78aa
3090
e955
e958
b69e
7903
dff2
a88b
78b2
3097
4546
0793
aef8
79f8
e0e1
a853
78ba
309e
7c0d
2561
a7c6
7adb
e1cf
a81a
78c2
30a6
7047
4118
a113
7bac
e2be
a7e2
78ca
30ad
2845
592a
9ae8
7c6b
e3ae
a7a9
78d3
30b4
caa8
6c3e
954f
7d19
e49d
a771
78db
30bb
89aa
7943
904f
7db4
e58e
a739
78e3
30c2
8827
7f7f
8bf1
7e3e
e67e
a701
78eb
30ca
c6f0
7e98
8839
7eb5
e76f
a6c9
78f3
30d1
2456
769b
852d
7f1a
e861
a692
78fb
30d8
6e3e
67fb
82d3
7f6d
e952
a65a
7903
30df
7d01
5388
812c
7fad
ea44
a623
790b
30e6
48b4
3a69
803c
7fdb
eb37
a5ec
7913
30ed
ed67
1e05
8003
7ff7
ec29
a5b4
791b
30f5
9c14
fff3
8083
7fff
ed1c
a57d
7923
30fc
805c
e1e1
81bb
7ff7
ee0f
a547
792b
3103
a91e
c57f
83a8
7fdb
ef03
a510
7933
310a
007d
ac64
8648
7fad
eff6
a4d9
793b
3111
5798
97f6
8997
7f6d
f0ea
a4a3
7942
3118
7fb6
895b
8d90
7f1a
f1de
a46c
794a
3120
6350
8164
922e
7eb5
f2d3
a436
7952
3127
11a3
8083
976a
7e3d
f3c7
a400
795a
312e
b67f
86c5
9d3d
7db4
f4bc
a3ca
7962
3135
82cb
93d0
a39e
7d18
f5b1
a394
796a
313c
9242
a6e9
aa84
7c6b
f6a6
a35f
7971
3144
dc99
beff
b1e4
7bab
f79b
a329
7979
314b
39ee
dab8
b9b5
7ada
f890
a2f4
7981
3152
782f
f887
c1ec
79f7
f985
a2be
7989
3159
75f6
16c2
ca7b
7902
fa7b
a289
7990
3160
3475
33b6
d358
77fc
fb70
a254
7998
3167
d6cf
4dc5
dc74
76e5
fc66
a21f
79a0
316f
8f42
637a
e5c4
75bd
fd5c
a1ea
79a7
3176
8431
739e
ef3a
7483
fe51
a1b6
79af
317d
bb8c
7d49
f8c8
7339
ff47
a181
79b7
3184
17a0
7ff0
0260
71df
003d
a14d
79be
318b
6707
7b6f
0bf5
7074
0133
a119
79c6
3192
7f29
7005
1579
6ef8
0228
a0e5
79cd
319a
5313
5e56
1edd
6d6d
031e
a0b1
79d5
31a1
fa6b
475f
2816
6bd2
0414
a07d
79dc
31a8
a4c2
2c6a
3114
6a28
0509
a049
79e4
31af
800c
0ef8
39cc
686e
05ff
a016
79eb
31b6
9ffb
f0b0
4231
66a5
06f4
9fe2
79f3
31bd
f36d
d343
4a37
64cd
07e9
9faf
79fa
31c5
4d9e
b857
51d2
62e7
08df
9f7c
7a02
31cc
7e2b
a16e
58f7
60f3
09d4
9f49
7a09
31d3
6b08
8fd0
5f9c
5ef1
0ac9
9f16
7a11
31da
1e7a
8479
65b7
5ce1
0bbd
9ee4
7a18
31e1
c192
800d
6b40
5ac3
0cb2
9eb1
7a1f
31e8
8628
82ca
702f
5899
0da6
9e7f
7a27
31ef
8c1c
8c89
747d
5662
0e9b
9e4c
7a2e
31f7
d03c
9cbe
7822
541e
0f8f
9e1a
7a35
31fe
2dfc
b282
7b1b
51cf
1082
9de8
7a3d
3205
7311
cc9c
7d63
4f73
1176
9db6
7a44
320c
7a6b
e996
7ef6
4d0c
1269
9d85
7a4b
3213
4018
07d2
7fd3
4a9a
135c
9d53
7a52
321a
e363
259d
7ff8
481d
144f
9d22
7a5a
3222
9608
414e
7f64
4596
1541
9cf0
7a61
3229
8186
5956
7e1a
4305
1634
9cbf
7a68
3230
b0df
6c5f
7c19
406a
1725
9c8e
7a6f
3237
0aab
7957
7967
3dc6
1817
9c5d
7a76
323e
5ebe
7f84
7605
3b19
1908
9c2d
7a7d
3245
7ffd
7e8f
71fa
3864
19f9
9bfc
7a85
324c
5c93
7683
6d4b
35a6
1ae9
9bcc
7a8c
3254
077f
67d6
67fe
32e1
1bd9
9b9b
7a93
325b
ae65
5359
621c
3014
1cc9
9b6b
7a9a
3262
8113
3a31
5bad
2d41
1db8
9b3b
7aa1
3269
97d9
1dc8
54ba
2a67
1ea7
9b0b
7aa8
3270
e67f
ffb4
4d4c
2787
1f95
9adc
7aaf
3277
42d4
e1a4
4570
24a1
2083
9aac
7ab6
327e
7b4f
c548
3d30
21b6
2171
9a7d
7abd
3286
71a3
ac34
3497
1ec6
225e
9a4e
7ac4
328d
2b00
97d2
2bb3
1bd1
234a
9a1e
7acb
3294
cd4c
8944
2291
18d9
2436
99ef
7ad2
329b
8acb
815b
193c
15dd
2521
99c1
7ad9
32a2
872b
8089
0fc3
12de
260c
9992
7ae0
32a9
c45e
86d9
0633
0fdc
26f7
9963
7ae6
32b0
218f
93f2
fc9b
0cd8
27e1
9935
7aed
32b8
6cbf
a716
f307
09d2
28ca
9907
7af4
32bf
7d98
bf35
e986
06ca
29b2
98d9
7afb
32c6
4b10
daf4
e026
03c2
2a9a
98ab
7b02
32cd
f044
f8c6
d6f3
00b9
2b82
987d
7b09
32d4
9de8
16ff
cdfb
fdb0
2c69
984f
7b0f
32db
802d
33ef
c54b
faa7
2d4f
9822
7b16
32e2
a705
4df7
bcf0
f79f
2e34
97f5
7b1d
32e9
fd99
63a1
b4f5
f499
2f19
97c7
7b24
32f1
5577
73b9
ad66
f194
2ffd
979a
7b2a
32f8
7f7c
7d55
a64e
ee91
30e1
976d
7b31
32ff
651c
7fef
9fb8
eb90
31c3
9741
7b38
3306
147e
7b5f
99ab
e893
32a5
9714
7b3e
330d
b8e1
6fe7
9432
e599
3387
96e8
7b45
3314
836c
5e2c
8f54
e2a2
3467
96bb
7b4b
331b
90cc
472b
8b18
dfb0
3547
968f
7b52
3322
d9d5
2c2f
8785
dcc3
3626
9663
7b59
332a
3757
0eba
849e
d9da
3704
9637
7b5f
3331
7729
f071
826a
d6f7
37e2
960c
7b66
3338
770e
d308
80ea
d41a
38be
95e0
7b6c
333f
3714
b823
8020
d143
399a
95b5
7b73
3346
d98e
a144
800f
ce74
3a75
958a
7b79
334d
90a8
8fb2
80b6
cbab
3b50
955f
7b80
3354
837e
8469
8214
c8e9
3c29
9534
7b86
335b
b920
800b
8428
c630
3d01
9509
7b8d
3363
14c8
82d7
86ed
c37f
3dd9
94de
7b93
336a
654a
8ca4
8a61
c0d7
3eb0
94b4
7b99
3371
7f75
9ce6
8e7e
be37
3f85
948a
7ba0
3378
5540
b2b4
933e
bba2
405a
945f
7ba6
337f
fd4e
ccd5
989b
b916
412e
9436
7bac
3386
a6cf
e9d4
9e8c
b694
4201
940c
7bb3
338d
8029
0810
a50a
b41d
42d3
93e2
7bb9
3394
9e18
25d9
ac0b
b1b1
43a4
93b8
7bbf
339b
f08e
4183
b384
af50
4474
938f
7bc6
33a3
4b4d
5983
bb6c
acfa
4544
9366
7bcc
33aa
7da6
6c80
c3b6
aab1
4612
933d
7bd2
33b1
6c97
796b
cc57
a874
46df
9314
7bd8
33b8
2146
7f8a
d542
a643
47ab
92eb
7bdf
33bf
c41c
7e85
de6b
a420
4876
92c3
7be5
33c6
8713
766c
e7c4
a209
4940
929a
7beb
33cd
8ae9
67b1
f140
a000
4a09
9272
7bf1
33d4
cd91
5329
fad1
9e05
4ad1
924a
7bf7
33db
2b47
39fa
046a
9c18
4b98
9222
7bfd
33e3
71c5
1d8b
0dfc
9a3a
4c5e
91fa
7c03
33ea
7b3b
ff76
177a
986a
4d22
91d3
7c0a
33f1
4294
e168
20d7
96a9
4de6
91ab
7c10
33f8
e636
c510
2a04
94f7
4ea8
9184
7c16
33ff
97ad
ac05
32f5
9355
4f6a
915d
7c1c
3406
811d
97ad
3b9c
91c2
502a
9136
7c22
340d
ae9e
892c
43ee
903f
50e9
910f
7c28
3414
07c9
8152
4bde
8ecc
51a6
90e8
7c2e
341b
5cc7
808f
5360
8d6a
5263
90c2
7c34
3422
7ffe
86ee
5a6b
8c18
531f
909b
7c39
342a
5e8c
9413
60f4
8ad7
53d9
9075
7c3f
3431
0a60
a743
66f1
89a6
5492
904f
7c45
3438
b0a4
bf6b
6c5a
8887
554a
9029
7c4b
343f
817b
db30
7127
8778
5600
9003
7c51
3446
9632
f904
7551
867c
56b6
8fde
7c57
344d
e3ac
173d
78d3
8590
576a
8fb8
7c5d
3454
4059
3428
7ba6
84b6
581d
8f93
7c63
345b
7a80
4e28
7dc8
83ee
58ce
8f6e
7c68
3462
72f0
63c9
7f34
8338
597f
8f49
7c6e
3469
2db6
73d3
7fea
8294
5a2e
8f24
7c74
3470
cff7
7d62
7fe8
8202
5adb
8f00
7c7a
3478
8bfc
7fec
7f2d
8182
5b88
8edb
7c7f
347f
863f
7b4e
7dbc
8114
5c33
8eb7
7c85
3486
c1d4
6fc8
7b96
80b9
5cdd
8e93
7c8b
348d
1ec3
5e01
78bd
806f
5d85
8e6f
7c90
3494
6b31
46f7
7537
8039
5e2c
8e4b
7c96
349b
7e1e
2bf4
7109
8014
5ed2
8e28
7c9c
34a2
4d62
0e7c
6c38
8002
5f76
8e04
7ca1
34a9
f323
f033
66cb
8003
6019
8de1
7ca7
34b0
9fca
d2ce
60ca
8015
60bb
8dbe
7cac
34b7
800e
b7ef
5a3e
803b
615b
8d9b
7cb2
34be
a4f7
a11a
5330
8072
61fa
8d78
7cb7
34c5
fab6
8f94
4baa
80bc
6298
8d56
7cbd
34cd
534b
8459
43b7
8119
6334
8d33
7cc2
34d4
7f31
800a
3b63
8187
63ce
8d11
7cc8
34db
66db
82e4
32ba
8208
6467
8cef
7ccd
34e2
1757
8cbf
29c8
829b
64ff
8ccd
7cd3
34e9
bb4d
9d0d
2099
8340
6595
8cab
7cd8
34f0
841e
b2e5
173c
83f7
662a
8c89
7cde
34f7
8f65
cd0e
0dbd
84c0
66bd
8c68
7ce3
34fe
d715
ea11
042a
859a
674f
8c47
7ce9
3505
34b9
084e
fa91
8686
67df
8c26
7cee
350c
7613
2615
f101
8784
686e
8c05
7cf3
3513
7816
41b9
e785
8893
68fc
8be4
7cf9
351a
39ac
59b0
de2d
89b3
6987
8bc3
7cfe
3521
dc51
6ca2
d506
8ae4
6a12
8ba3
7d03
3528
921c
797f
cc1c
8c26
6a9a
8b82
7d08
3530
82da
7f8f
c37e
8d79
6b22
8b62
7d0e
3537
b6bc
7e7c
bb36
8edc
6ba7
8b42
7d13
353e
11ed
7654
b351
9050
6c2c
8b23
7d18
3545
637f
678d
abda
91d3
6cae
8b03
7d1d
354c
7fb1
52fa
a4dd
9367
6d2f
8ae4
7d22
3553
5762
39c2
9e63
950a
6daf
8ac4
7d28
355a
0032
1d4e
9875
96bc
6e2d
8aa5
7d2d
3561
a8e7
ff37
931c
987e
6ea9
8a86
7d32
3568
8056
e12b
8e60
9a4e
6f24
8a67
7d37
356f
9c42
c4d9
8a48
9c2e
6f9d
8a49
7d3c
3576
edb1
abd6
86d8
9e1b
7014
8a2a
7d41
357d
48f2
9789
8417
a017
708a
8a0c
7d46
3584
7d11
8915
8209
a220
70fe
89ee
7d4b
358b
6e17
8149
80b0
a437
7171
89d0
7d50
3592
240e
8095
800d
a65b
71e2
89b2
7d55
3599
c6ad
8702
8023
a88c
7251
8995
7d5a
35a1
880d
9435
80f1
aaca
72bf
8977
7d5f
35a8
89c6
a771
8276
ad14
732b
895a
7d64
35af
caec
bfa1
84af
af6a
7395
893d
7d69
35b6
288c
db6c
879a
b1cb
73fe
8920
7d6e
35bd
706b
f943
8b32
b438
7465
8903
7d73
35c4
7bfb
177a
8f73
b6b0
74cb
88e7
7d78
35cb
4507
3461
9455
b932
752e
88ca
7d7d
35d2
e90c
4e5a
99d2
bbbe
7590
88ae
7d81
35d9
9961
63f0
9fe2
be54
75f1
8892
7d86
35e0
80c4
73ee
a67c
c0f4
764f
8876
7d8b
35e7
ac69
7d6f
ad97
c39d
76ac
885b
7d90
35ee
04e6
7fea
b529
c64e
7708
883f
7d95
35f5
5ac3
7b3d
bd27
c908
7761
8824
7d99
35fc
7fee
6faa
c584
cbca
77b9
8809
7d9e
3603
6078
5dd7
ce36
ce93
780f
87ee
7da3
360a
0d41
46c3
d72f
d163
7863
87d3
7da7
3611
b2ed
2bb9
e064
d43a
78b6
87b8
7dac
3618
81f3
0e3d
e9c5
d717
7907
879e
7db1
361f
9498
eff5
f347
d9fb
7956
8783
7db5
3626
e0dc
d293
fcdb
dce3
79a3
8769
7dba
362d
3dd5
b7bc
0673
dfd1
79ef
874f
7dbf
3635
79a2
a0f0
1003
e2c3
7a39
8735
7dc3
363c
742e
8f76
197b
e5ba
7a81
871c
7dc8
3643
3066
8449
22ce
e8b4
7ac7
8702
7dcc
364a
d2a7
8008
2bf0
ebb2
7b0c
86e9
7dd1
3651
8d3c
82f1
34d2
eeb2
7b4f
86d0
7dd5
3658
8563
8cda
3d68
f1b5
7b90
86b7
7dda
365f
bf51
9d35
45a6
f4bb
7bcf
869e
7dde
3666
1bf3
b317
4d7f
f7c1
7c0c
8686
7de3
366d
6996
cd48
54e9
fac9
7c48
866d
7de7
3674
7e94
ea4f
5bd9
fdd2
7c82
8655
7dec
367b
4faa
088d
6245
00db
7cba
863d
7df0
3682
f603
2650
6823
03e4
7cf0
8625
7df4
3689
a1b8
41ef
6d6c
06ec
7d25
860d
7df9
3690
8001
59dd
7217
09f4
7d58
85f6
7dfd
3697
a2f5
6cc3
761e
0cfa
7d89
85df
7e02
369e
f7d3
7992
797b
0ffe
7db8
85c7
7e06
36a5
5114
7f94
7c29
12ff
7de5
85b0
7e0a
36ac
7ed6
7e72
7e24
15fe
7e10
859a
7e0e
36b3
688c
763c
7f6a
18fa
7e3a
8583
7e13
36ba
1a2c
6768
7ff9
1bf2
7e62
856c
7e17
36c1
bdc1
52ca
7fd0
1ee7
7e88
8556
7e1b
36c8
84e1
398a
7eee
21d6
7eac
8540
7e1f
36cf
8e0d
1d11
7d56
24c1
7ecf
852a
7e24
36d6
d45b
fef8
7b0a
27a7
7eef
8514
7e28
36dd
3213
e0ee
780c
2a87
7f0e
84ff
7e2c
36e4
74ee
c4a1
7462
2d61
7f2b
84e9
7e30
36eb
790e
aba7
7010
3034
7f46
84d4
7e34
36f2
3c3c
9765
6b1d
3300
7f5f
84bf
7e38
36f9
df1a
88fe
6590
35c5
7f76
84aa
7e3c
3700
939e
8140
5f71
3882
7f8c
8496
7e40
3707
8247
809b
58c9
3b37
7fa0
8481
7e44
370e
b463
8717
51a0
3de4
7fb2
846d
7e48
3715
0f0f
9457
4a03
4088
7fc2
8458
7e4c
371c
61a7
a79e
41fa
4322
7fd0
8444
7e50
3723
7fdc
bfd7
3993
45b3
7fdc
8431
7e54
372a
5979
dba8
30d9
4839
7fe7
841d
7e58
3731
0315
f981
27d9
4ab6
7ff0
840a
7e5c
3738
ab0b
17b8
1e9f
4d27
7ff6
83f6
7e60
373f
8094
349a
153a
4f8e
7ffb
83e3
7e64
3746
9a79
4e8b
0bb5
51e9
7fff
83d0
7e68
374d
ead6
6417
0220
5438
7fff
83be
7e6c
3754
468d
7408
f888
567b
7fff
83ab
7e70
375b
7c6b
7d7b
eefb
58b1
7ffd
8399
7e73
3762
6f8a
7fe8
e586
5adb
7ff9
8386
7e77
376a
26d2
7b2c
dc37
5cf8
7ff3
8374
7e7b
3771
c946
6f8b
d31c
5f07
7feb
8363
7e7f
3778
8917
5dac
ca41
6109
7fe1
8351
7e82
377f
88b3
468f
c1b4
62fd
7fd6
833f
7e86
3786
c84f
2b7f
b980
64e2
7fc8
832e
7e8a
378d
25cc
0dff
b1b2
66b9
7fb9
831d
7e8e
3794
6f02
efb7
aa54
6881
7fa8
830c
7e91
379b
7caa
d259
a372
6a3b
7f95
82fb
7e95
37a2
4772
b788
9d14
6be4
7f80
82eb
7e99
37a9
ebe5
a0c6
9746
6d7f
7f6a
82da
7e9c
37b0
9b21
8f58
920e
6f09
7f51
82ca
7ea0
37b7
807b
8439
8d74
7084
7f37
82ba
7ea3
37be
aa3e
8007
897e
71ee
7f1b
82aa
7ea7
37c4
0203
82ff
8634
7348
7efd
829b
7eab
37cb
58b4
8cf6
8399
7491
7edd
828b
7eae
37d2
7fce
9d5d
81b0
75ca
7ebc
827c
7eb2
37d9
6258
b349
807e
76f2
7e98
826d
7eb5
37e0
101f
cd81
8003
7808
7e73
825e
7eb9
37e7
b541
ea8d
8040
790d
7e4c
824f
7ebc
37ee
827c
08cb
8135
7a01
7e23
8240
7ebf
37f5
930d
268c
82e0
7ae3
7df8
8232
7ec3
37fc
de11
4224
853f
7bb4
7dcc
8224
7ec6
3803
3b4a
5a09
884f
7c73
7d9e
8215
7eca
380a
78b4
6ce4
8c0c
7d1f
7d6e
8208
7ecd
3811
755d
79a6
906f
7dba
7d3c
81fa
7ed0
3818
330f
7f99
9572
7e43
7d08
81ec
7ed4
381f
d55e
7e68
9b0f
7eb9
7cd2
81df
7ed7
3826
8e8b
7624
a13e
7f1e
7c9b
81d2
7eda
382d
8497
6743
a7f4
7f70
7c62
81c5
7ede
3834
bcd7
529a
af29
7faf
7c27
81b8
7ee1
383b
191f
3952
b6d3
7fdd
7bea
81ac
7ee4
3842
67ed
1cd4
bee6
7ff8
7bac
819f
7ee7
3849
7efa
feba
c756
7fff
7b6c
8193
7eea
3850
51e8
e0b1
d018
7ff6
7b2a
8187
7eee
3857
f8e5
c46a
d91f
7fda
7ae6
817b
7ef1
385e
a3b2
ab78
e25e
7fab
7aa0
816f
7ef4
3865
8004
9741
ebc8
7f6a
7a59
8164
7ef7
386c
a0ff
88e7
f54f
7f16
7a10
8158
7efa
3873
f4f2
8138
fee5
7eb0
79c5
814d
7efd
387a
4ed3
80a1
087c
7e38
7978
8142
7f00
3881
7e6a
872b
1208
7dae
792a
8138
7f03
3888
6a30
9479
1b79
7d12
78da
812d
7f06
388f
1cfe
a7cb
24c3
7c63
7888
8123
7f09
3896
c03e
c00d
2dd8
7ba3
7834
8118
7f0c
389d
85b3
dbe4
36ab
7ad1
77df
810e
7f0f
38a4
8cc4
f9c0
3f30
79ed
7788
8104
7f12
38ab
d1a7
17f5
4759
78f8
772f
80fb
7f15
38b2
2f68
34d4
4f1c
77f1
76d5
80f1
7f18
38b9
73ba
4ebd
566d
76d9
7679
80e8
7f1b
38c0
79f6
643e
5d42
75b0
761b
80df
7f1e
38c7
3ec5
7423
6390
7476
75bb
80d6
7f21
38ce
e1e7
7d87
6950
732c
755a
80cd
7f24
38d5
952e
7fe5
6e77
71d0
74f7
80c4
7f27
38dc
81c4
7b1b
7300
7065
7492
80bc
7f29
38e3
b213
6f6c
76e3
6ee9
742c
80b4
7f2c
38ea
0c30
5d81
7a1b
6d5d
73c4
80ac
7f2f
38f1
5fc3
465b
7ca4
6bc1
735a
80a4
7f32
38f7
7ff6
2b44
7e79
6a16
72ef
809c
7f35
38fe
5b84
0dc1
7f98
685c
7282
8095
7f37
3905
05f9
ef79
7fff
6692
7213
808d
7f3a
390c
ad39
d21e
7faf
64ba
71a3
8086
7f3d
3913
80e3
b754
7ea7
62d3
7131
807f
7f3f
391a
98be
a09c
7ce8
60df
70be
8079
7f42
3921
e7fe
8f3b
7a76
5edc
7049
8072
7f45
3928
4420
8429
7753
5ccb
6fd2
806c
7f47
392f
7bb5
8006
7385
5aad
6f59
8065
7f4a
3936
70ed
830c
6f10
5882
6edf
805f
7f4c
393d
2990
8d11
69fc
564b
6e64
805a
7f4f
3944
cbe6
9d85
644f
5407
6de7
8054
7f51
394b
8a30
b37c
5e12
51b6
6d68
804f
7f54
3952
87ae
cdbb
574e
4f5b
6ce8
8049
7f57
3959
c5b9
eaca
500c
4cf3
6c66
8044
7f59
3960
2307
090a
4856
4a81
6be2
803f
7f5b
3967
6d8b
26c8
4039
4804
6b5d
803a
7f5e
396e
7d4a
425a
37bf
457c
6ad7
8036
7f60
3975
49d2
5a36
2ef5
42ea
6a4e
8032
7f63
397c
eec0
6d04
25e8
404f
69c5
802d
7f65
3982
9cef
79b9
1ca4
3dab
693a
8029
7f68
3989
8043
7f9e
1336
3afe
68ad
8026
7f6a
3990
a81f
7e5e
09ad
3848
681f
8022
7f6c
3997
ff20
760c
0016
358a
678f
801f
7f6f
399e
5699
671e
f67f
32c4
66fe
801b
7f71
39a5
7f9d
526a
ecf6
2ff7
666b
8018
7f73
39ac
642b
391a
e388
2d24
65d7
8015
7f75
39b3
12fc
1c97
da43
2a49
6542
8013
7f78
39ba
b79e
fe7b
d134
2769
64ab
8010
7f7a
39c1
8315
e075
c869
2483
6412
800e
7f7c
39c8
9190
c432
bfee
2197
6378
800c
7f7e
39cf
db4a
ab49
b7cf
1ea7
62dd
800a
7f80
39d6
38b6
971d
b017
1bb3
6240
8008
7f83
39dd
77b6
88d0
a8d3
18ba
61a2
8006
7f85
39e4
767c
812f
a20c
15be
6102
8005
7f87
39eb
35b2
80a7
9bcc
12bf
6061
8004
7f89
39f1
d81a
8740
961d
0fbd
5fbf
8002
7f8b
39f8
8fe9
949b
9106
0cb9
5f1b
8002
7f8d
39ff
83da
a7f9
8c8e
09b3
5e76
8001
7f8f
3a06
ba66
c044
88bd
06ab
5dcf
8000
7f91
3a0d
1649
dc20
8597
03a3
5d28
8000
7f93
3a14
6637
f9fe
8322
009a
5c7e
8000
7f95
3a1b
7f4f
1833
8160
fd91
5bd4
8000
7f97
3a22
541b
350d
8054
fa88
5b28
8000
7f99
3a29
fbc8
4eee
8000
f780
5a7b
8001
7f9b
3a30
a5b8
6465
8064
f47a
59cc
8001
7f9d
3a37
8018
743d
8180
f175
591d
8002
7f9f
3a3e
9f16
7d94
8352
ee72
586c
8003
7fa1
3a45
f212
7fe3
85d7
eb71
57b9
8004
7fa3
3a4b
4c87
7b0a
890c
e874
5706
8006
7fa4
3a52
7dee
6f4e
8cec
e57a
5651
8007
7fa6
3a59
6bc6
5d57
9172
e284
559b
8009
7fa8
3a60
1fcd
4626
9697
df92
54e4
800b
7faa
3a67
c2c4
2b09
9c53
dca4
542b
800d
7fac
3a6e
8695
0d83
a29f
d9bc
5371
800f
7fad
3a75
8b89
ef3b
a972
d6da
52b6
8012
7faf
3a7c
cef9
d1e4
b0c1
d3fd
51fa
8014
7fb1
3a83
2cb6
b721
b881
d126
513d
8017
7fb3
3a8a
7276
a072
c0a9
ce57
507e
801a
7fb4
3a91
7acf
8f1d
c92c
cb8e
4fbf
801d
7fb6
3a97
4145
8419
d1fe
c8cd
4efe
8021
7fb8
3a9e
e4b8
8005
db12
c614
4e3c
8024
7fb9
3aa5
96cd
831a
e45b
c363
4d79
8028
7fbb
3aac
8152
8d2d
edcc
c0bb
4cb5
802c
7fbc
3ab3
afcd
9dad
f757
be1d
4bf0
8030
7fbe
3aba
094f
b3ae
00ee
bb87
4b29
8034
7fbf
3ac1
5dd2
cdf4
0a85
b8fc
4a62
8039
7fc1
3ac8
7fff
eb08
140c
b67a
4999
803d
7fc3
3acf
5d83
0948
1d76
b404
48d0
8042
7fc4
3ad6
08db
2703
26b6
b198
4805
8047
7fc6
3add
af73
428f
2fbe
af37
4739
804c
7fc7
3ae3
8142
5a62
3881
ace2
466d
8052
7fc8
3aea
970f
6d25
40f4
aa99
459f
8057
7fca
3af1
e529
79cd
4908
a85d
44d0
805d
7fcb
3af8
41a9
7fa3
50b4
a62d
4401
8063
7fcd
3aff
7aef
7e54
57eb
a40a
4330
8069
7fce
3b06
7242
75f4
5ea4
a1f4
425e
8070
7fcf
3b0d
2c49
66f9
64d5
9fec
418c
8076
7fd1
3b14
ce8d
523a
6a75
9df1
40b8
807d
7fd2
3b1b
8b59
38e2
6f7b
9c05
3fe4
8084
7fd3
3b21
86ba
1c5a
73e1
9a27
3f0e
808b
7fd5
3b28
c32a
fe3d
77a1
9858
3e38
8092
7fd6
3b2f
203d
e038
7ab4
9697
3d61
8099
7fd7
3b36
6c05
c3fb
7d17
94e6
3c89
80a1
7fd8
3b3d
7dd9
ab1a
7ec5
9344
3bb0
80a9
7fd9
3b44
4c2a
96f9
7fbd
91b2
3ad6
80b1
7fdb
3b4b
f19e
88b9
7ffe
9030
39fb
80b9
7fdc
3b52
9eca
8127
7f86
8ebe
3920
80c1
7fdd
3b59
801c
80ad
7e57
8d5c
3844
80ca
7fde
3b5f
a60b
8755
7c72
8c0b
3767
80d2
7fdf
3b66
fc3c
94bd
79da
8aca
3689
80db
7fe0
3b6d
5472
a826
7692
899a
35aa
80e4
7fe1
3b74
7f5b
c07a
72a0
887b
34ca
80ed
7fe2
3b7b
65f1
dc5c
6e09
876e
33ea
80f7
7fe3
3b82
15d6
fa3d
68d4
8672
3309
8101
7fe4
3b89
ba05
1870
6308
8587
3228
810a
7fe5
3b90
83be
3545
5cad
84ae
3145
8114
7fe6
3b97
9021
4f1f
55cd
83e7
3062
811e
7fe7
3b9d
d888
648c
4e72
8331
2f7e
8129
7fe8
3ba4
361c
7457
46a6
828e
2e9a
8133
7fe9
3bab
76a8
7da0
3e74
81fc
2db4
813e
7fea
3bb2
778c
7fe0
35e8
817d
2ccf
8149
7feb
3bb9
384e
7af8
2d0e
8110
2be8
8154
7fec
3bc0
dadb
6f2f
23f4
80b5
2b01
815f
7fed
3bc7
9155
5d2c
1aa6
806d
2a19
816b
7fee
3bce
832e
45f2
1132
8037
2931
8176
7fee
3bd4
b7fe
2ace
07a5
8013
2848
8182
7fef
3bdb
136f
0d45
fe0d
8002
275e
818e
7ff0
3be2
6473
eefd
f477
8003
2674
819a
7ff1
3be9
7f93
d1a9
eaf3
8016
258a
81a7
7ff1
3bf0
5643
b6ee
e18c
803c
249e
81b3
7ff2
3bf7
feab
a049
d852
8075
23b3
81c0
7ff3
3bfe
a7cb
8f00
cf50
80c0
22c6
81cd
7ff4
3c04
803c
8409
c695
811d
21da
81da
7ff4
3c0b
9d39
8004
be2c
818c
20ed
81e7
7ff5
3c12
ef34
8328
b622
820d
1fff
81f5
7ff6
3c19
4a31
8d48
ae82
82a1
1f11
8202
7ff6
3c20
7d62
9dd5
a758
8347
1e22
8210
7ff7
3c27
6d4e
b3e0
a0ad
83fe
1d33
821e
7ff7
3c2e
2297
ce2e
9a8b
84c8
1c44
822c
7ff8
3c34
c551
eb46
94fb
85a3
1b54
823a
7ff8
3c3b
8787
0987
9005
8690
1a63
8249
7ff9
3c42
8a5e
273f
8bb1
878e
1973
8258
7ff9
3c49
cc51
42c5
8803
889e
1882
8267
7ffa
3c50
29fe
5a8e
8503
89bf
1790
8276
7ffa
3c57
7124
6d46
82b3
8af1
169f
8285
7ffb
3c5e
7b97
79e0
8118
8c34
15ad
8294
7ffb
3c64
43bd
7fa8
8033
8d87
14ba
82a4
7ffc
3c6b
e78c
7e4a
8006
8eeb
13c8
82b4
7ffc
3c72
9879
75db
8091
905f
12d5
82c4
7ffc
3c79
80f0
66d4
81d4
91e3
11e2
82d4
7ffd
3c80
ad92
520a
83cc
9377
10ee
82e4
7ffd
3c87
066d
38aa
8677
951b
0ffb
82f5
7ffd
3c8e
5bd5
1c1d
89d1
96ce
0f07
8305
7ffe
3c94
7ff9
fdfe
8dd5
9890
0e13
8316
7ffe
3c9b
5f76
dffc
927d
9a61
0d1e
8327
7ffe
3ca2
0bbc
c3c4
97c2
9c41
0c2a
8339
7fff
3ca9
b1b7
aaeb
9d9e
9e2f
0b35
834a
7fff
3cb0
81b1
96d5
a407
a02c
0a40
835c
7fff
3cb7
956f
88a3
aaf5
a236
094b
836d
7fff
3cbd
e258
811e
b25d
a44d
0856
837f
7fff
3cc4
3f2a
80b4
ba35
a672
0761
8391
7fff
3ccb
7a19
876a
c271
a8a3
066b
83a4
7fff
3cd2
7388
94df
cb05
aae1
0576
83b6
7fff
3cd9
2efc
a854
d3e6
ad2c
0480
83c9
7fff
3ce0
d13b
c0b0
dd07
af82
038b
83dc
7fff
3ce6
8c91
dc98
e659
b1e4
0295
83ef
7fff
3ced
85d5
fa7b
efd1
b451
019f
8402
7fff
3cf4
c0a3
18ae
f960
b6c9
00aa
8415
7fff
3cfb
1d6f
357e
02f8
b94c
ffb4
8429
7fff
3d02
6a71
4f51
0c8c
bbd9
febe
843d
7fff
3d09
7e58
64b2
160f
be6f
fdc9
8451
7fff
3d0f
4e77
7471
1f71
c10f
fcd3
8465
7fff
3d16
f47e
7dac
28a6
c3b8
fbdd
8479
7fff
3d1d
a0b1
7fdd
31a1
c66a
fae8
848d
7fff
3d24
8006
7ae7
3a54
c924
f9f2
84a2
7fff
3d2b
a403
6f10
42b3
cbe6
f8fd
84b7
7fff
3d32
f959
5d01
4ab2
ceb0
f807
84cc
7fff
3d38
5241
45bd
5246
d180
f712
84e1
7fff
3d3f
7f08
2a93
5964
d457
f61d
84f6
7fff
3d46
67a9
0d06
6001
d735
f528
850c
7fff
3d4d
18ad
eebf
6613
da18
f434
8521
7fff
3d54
bc74
d16f
6b93
dd01
f33f
8537
7ffe
3d5b
8478
b6ba
7078
dfef
f24b
854d
7ffe
3d61
8ec1
a01f
74bb
e2e2
f156
8564
7ffe
3d68
d5cb
8ee2
7856
e5d8
f062
857a
7ffe
3d6f
337a
83fa
7b44
e8d3
ef6f
8591
7ffd
3d76
758b
8003
7d81
ebd1
ee7b
85a7
7ffd
3d7d
788d
8335
7f09
eed1
ed88
85be
7ffd
3d83
3ae3
8d64
7fdb
f1d5
ec95
85d5
7ffc
3d8a
dda1
9dfd
7ff4
f4da
eba2
85ed
7ffc
3d91
92d0
b412
7f55
f7e1
eab0
8604
7ffb
3d98
8293
ce68
7dff
fae9
e9bd
861c
7ffb
3d9f
b59f
eb84
7bf4
fdf1
e8cc
8634
7ffb
3da5
1093
09c5
7936
00fa
e7da
864c
7ffa
3dac
62a2
277b
75ca
0403
e6e9
8664
7ffa
3db3
7fc7
42fa
71b4
070c
e5f8
867c
7ff9
3dba
5860
5aba
6cfb
0a13
e508
8695
7ff9
3dc1
018f
6d66
67a5
0d19
e418
86ad
7ff8
3dc8
a9e8
79f3
61ba
101d
e328
86c6
7ff8
3dce
8071
7fac
5b42
131e
e239
86df
7ff7
3dd5
9b69
7e40
5447
161d
e14a
86f8
7ff6
3ddc
ec57
75c3
4cd3
1919
e05c
8712
7ff6
3de3
47d2
66ae
44f0
1c11
df6e
872b
7ff5
3dea
7cc5
51da
3caa
1f05
de81
8745
7ff5
3df0
6ec8
3872
340d
21f5
dd94
875f
7ff4
3df7
255d
1be0
2b24
24df
dca7
8779
7ff3
3dfe
c7e6
fdc0
21fe
27c5
dbbb
8793
7ff2
3e05
8889
dfbf
18a7
2aa4
dad0
87ae
7ff2
3e0c
8942
c38d
0f2c
2d7e
d9e5
87c8
7ff1
3e12
c9b0
aabc
059c
3051
d8fb
87e3
7ff0
3e19
2740
96b2
fc03
331d
d811
87fe
7ff0
3e20
6fc2
888c
f270
35e2
d728
8819
7fef
3e27
7c50
8116
e8f1
389e
d63f
8834
7fee
3e2e
462c
80bb
df92
3b53
d557
8850
7fed
3e34
ea63
877f
d663
3dff
d470
886b
7fec
3e3b
9a33
9501
cd6f
40a3
d389
8887
7feb
3e42
809f
a881
c4c4
433d
d2a3
88a3
7feb
3e49
ab62
c0e7
bc6f
45cd
d1be
88bf
7fea
3e4f
038a
dcd4
b47a
4853
d0d9
88dc
7fe9
3e56
59cc
faba
acf2
4acf
cff5
88f8
7fe8
3e5d
7fe1
18eb
a5e2
4d40
cf11
8915
7fe7
3e64
615c
35b7
9f54
4fa6
ce2f
8932
7fe6
3e6b
0e9c
4f82
9950
5201
cd4d
894f
7fe5
3e71
b405
64d9
93e0
544f
cc6b
896c
7fe4
3e78
8231
748b
8f0c
5692
cb8b
8989
7fe3
3e7f
93dc
7db7
8adb
58c8
caab
89a7
7fe2
3e86
df8a
7fda
8752
5af1
c9cc
89c4
7fe1
3e8d
3ca3
7ad5
8476
5d0e
c8ee
89e2
7fe0
3e93
7933
6ef0
824d
5f1c
c810
8a00
7fde
3e9a
74bf
5cd6
80d8
611d
c734
8a1e
7fdd
3ea1
31a8
4589
801a
6311
c658
8a3d
7fdc
3ea8
d3ee
2a58
8014
64f6
c57d
8a5b
7fdb
3eae
8dd8
0cc8
80c7
66cc
c4a3
8a7a
7fda
3eb5
8500
ee81
8230
6893
c3ca
8a99
7fd9
3ebc
be25
d135
844e
6a4c
c2f1
8ab8
7fd7
3ec3
1a9e
b687
871f
6bf5
c21a
8ad7
7fd6
3ec9
68cf
9ff6
8a9d
6d8f
c143
8af7
7fd5
3ed0
7ec6
8ec5
8ec4
6f19
c06d
8b16
7fd4
3ed7
50ba
83ea
938e
7093
bf99
8b36
7fd2
3ede
f75f
8002
98f5
71fc
bec5
8b56
7fd1
3ee5
a2a5
8343
9eef
7356
bdf2
8b76
7fd0
3eeb
8000
8d80
a575
749e
bd20
8b96
7fce
3ef2
a206
9e25
ac7e
75d6
bc4f
8bb6
7fcd
3ef9
f677
b445
b3fe
76fd
bb7f
8bd7
7fcc
3f00
5005
cea1
bbec
7813
bab0
8bf8
7fca
3f06
7ea5
ebc1
c43c
7917
b9e2
8c19
7fc9
3f0d
6954
0a03
cce2
7a0b
b914
8c3a
7fc8
3f14
1b81
27b6
d5d2
7aec
b848
8c5b
7fc6
3f1b
beed
4330
defe
7bbc
b77d
8c7c
7fc5
3f21
8542
5ae6
e859
7c7a
b6b3
8c9e
7fc3
3f28
8d70
6d87
f1d7
7d26
b5ea
8cbf
7fc2
3f2f
d314
7a06
fb69
7dc0
b523
8ce1
7fc0
3f36
30d1
7fb1
0502
7e48
b45c
8d03
7fbf
3f3c
745e
7e36
0e93
7ebe
b396
8d26
7fbd
3f43
797e
75aa
1810
7f21
b2d2
8d48
7fbb
3f4a
3d6f
6689
216a
7f73
b20e
8d6b
7fba
3f51
e06c
51aa
2a94
7fb2
b14c
8d8d
7fb8
3f57
9459
383a
3380
7fde
b08b
8db0
7fb7
3f5e
8207
1ba3
3c22
7ff8
afca
8dd3
7fb5
3f65
b34a
fd81
446e
7fff
af0c
8df6
7fb3
3f6c
0db4
df82
4c58
7ff5
ae4e
8e1a
7fb2
3f72
60c4
c355
53d3
7fd8
ad91
8e3d
7fb0
3f79
7fea
aa8e
5ad6
7fa9
acd6
8e61
7fae
3f80
5a71
968e
6157
7f67
ac1c
8e85
7fac
3f87
0472
8876
674b
7f12
ab63
8ea9
7fab
3f8d
ac11
810e
6caa
7eac
aaab
8ecd
7fa9
3f94
80b7
80c1
716e
7e33
a9f4
8ef1
7fa7
3f9b
99a6
8794
758e
7da8
a93f
8f16
7fa5
3fa2
e97e
9524
7904
7d0b
a88b
8f3b
7fa3
3fa8
4569
a8af
7bcd
7c5c
a7d8
8f5f
7fa1
3faf
7c17
c11d
7de4
7b9b
a727
8f84
7fa0
3fb6
7033
dd11
7f45
7ac8
a676
8faa
7f9e
3fbd
281e
faf8
7fef
79e4
a5c8
8fcf
7f9c
3fc3
ca83
1928
7fe2
78ee
a51a
8ff4
7f9a
3fca
899a
35f0
7f1c
77e6
a46e
901a
7f98
3fd1
8836
4fb3
7d9f
76ce
a3c2
9040
7f96
3fd8
c715
64ff
7b6e
75a4
a319
9066
7f94
3fde
247e
74a5
788a
7469
a270
908c
7f92
3fe5
6e53
7dc3
74fa
731e
a1c9
90b2
7f90
3fec
7cf8
7fd7
70c1
71c2
a124
90d9
7f8e
3ff3
4892
7ac4
6be6
7056
a07f
90ff
7f8c
3ff9
ed3e
6ed1
6670
6ed9
9fdd
9126
7f8a
4000
9bfa
5cab
6066
6d4d
9f3b
914d
7f88
4007
805f
4554
59d2
6bb0
9e9b
9174
7f86
400d
a93c
2a1d
52bc
6a05
9dfc
919b
7f83
4014
00a6
0c8a
4b2f
684a
9d5f
91c3
7f81
401b
57b7
ee43
4336
6680
9cc3
91ea
7f7f
4022
7fb9
d0fa
3add
64a7
9c28
9212
7f7d
4028
6336
b654
322e
62c0
9b8f
923a
7f7b
402f
1179
9fcd
2938
60ca
9af8
9262
7f79
4036
b65d
8ea8
2006
5ec7
9a62
928a
7f76
403d
82c2
83db
16a6
5cb6
99cd
92b3
7f74
4043
9257
8001
0d25
5a97
993a
92db
7f72
404a
dcc1
8351
0392
586c
98a8
9304
7f6f
4051
3a13
8d9c
f9f9
5634
9818
932d
7f6d
4057
783e
9e4e
f06a
53ef
9789
9356
7f6b
405e
75e6
b477
e6f0
519e
96fc
937f
7f68
4065
344f
cedb
dd9b
4f42
9670
93a8
7f66
406c
d6a7
ebff
d477
4cda
95e6
93d2
7f64
4072
8f2e
0a42
cb91
4a67
955d
93fb
7f61
4079
843c
27f2
c2f8
47ea
94d6
9425
7f5f
4080
bbaf
4365
bab6
4562
9450
944f
7f5c
4086
17c9
5b12
b2d7
42d0
93cc
9479
7f5a
408d
6720
6da7
ab68
4034
934a
94a3
7f57
4094
7f24
7a19
a473
3d8f
92c9
94ce
7f55
409b
52f3
7fb5
9e01
3ae2
924a
94f8
7f52
40a1
fa42
7e2b
981c
382c
91cc
9523
7f50
40a8
a4a5
7591
92cd
356d
9150
954e
7f4d
40af
800b
6663
8e1a
32a8
90d5
9579
7f4b
40b5
a016
517a
8a0c
2fda
905c
95a4
7f48
40bc
f396
3801
86a8
2d06
8fe5
95cf
7f46
40c3
4dbf
1b66
83f2
2a2c
8f6f
95fb
7f43
40c9
7e32
fd42
81ee
274b
8efb
9626
7f40
40d0
6af2
df46
80a0
2465
8e88
9652
7f3e
40d7
1e52
c31e
8009
2179
8e17
967e
7f3b
40de
c16e
aa5f
802b
1e89
8da8
96aa
7f38
40e4
861b
966b
8104
1b94
8d3a
96d6
7f36
40eb
8c2d
885f
8294
189b
8cce
9703
7f33
40f2
d062
8106
84d9
159f
8c64
972f
7f30
40f8
2e23
80c8
87ce
12a0
8bfb
975c
7f2d
40ff
7323
87a9
8b71
0f9e
8b94
9789
7f2a
4106
7a5e
9546
8fbb
0c9a
8b2f
97b6
7f28
410c
3ff4
a8dd
94a7
0993
8acc
97e3
7f25
4113
e33a
c154
9a2e
068c
8a6a
9810
7f22
411a
95f0
dd4d
a046
0383
8a09
983d
7f1f
4121
818c
fb37
a6e9
007b
89ab
986b
7f1c
4127
b0ff
1966
ae0c
fd72
894e
9899
7f19
412e
0ad4
3629
b5a5
fa69
88f3
98c7
7f16
4135
5eda
4fe4
bda8
f761
8899
98f5
7f14
413b
7ffd
6526
c60c
f45a
8842
9923
7f11
4142
5c76
74bf
cec2
f156
87ec
9951
7f0e
4149
0755
7dcf
d7c0
ee53
8798
9980
7f0b
414f
ae45
7fd4
e0f7
eb52
8745
99ae
7f08
4156
810d
7ab2
ea5b
e855
86f4
99dd
7f05
415d
97f1
6eb2
f3de
e55b
86a5
9a0c
7f01
4163
e6a7
5c7f
fd73
e265
8658
9a3b
7efe
416a
42f7
4520
070b
df73
860d
9a6a
7efb
4171
7b5a
29e2
1099
dc86
85c3
9a99
7ef8
4177
7190
0c4b
1a10
d99e
857b
9ac9
7ef5
417e
2ad9
ee05
2360
d6bc
8534
9af9
7ef2
4185
cd26
d0c0
2c7e
d3df
84f0
9b28
7eef
418b
8abb
b621
355c
d109
84ad
9b58
7eec
4192
8739
9fa3
3ded
ce3a
846c
9b88
7ee8
4199
c483
8e8b
4625
cb72
842d
9bb9
7ee5
419f
21b7
83cc
4df8
c8b1
83f0
9be9
7ee2
41a6
6cd4
8001
555b
c5f8
83b4
9c19
7edf
41ad
7d90
8360
5c43
c348
837a
9c4a
7edc
41b3
4aef
8db8
62a6
c0a0
8342
9c7b
7ed8
41ba
f01a
9e76
687c
be02
830c
9cac
7ed5
41c1
9dce
b4aa
6dbb
bb6d
82d8
9cdd
7ed2
41c7
802f
cf15
725c
b8e2
82a5
9d0e
7ece
41ce
a722
ec3d
7658
b661
8274
9d3f
7ecb
41d5
fdc3
0a80
79aa
b3ea
8245
9d71
7ec8
41db
5596
282d
7c4e
b17f
8218
9da3
7ec4
41e2
7f80
439a
7e3e
af1f
81ed
9dd4
7ec1
41e9
6503
5b3e
7f79
accb
81c3
9e06
7ebd
41ef
1455
6dc7
7ffc
aa82
819c
9e38
7eba
41f6
b8bf
7a2b
7fc7
a846
8176
9e6b
7eb6
41fd
8363
7fb9
7eda
a617
8152
9e9d
7eb3
4203
90e1
7e20
7d37
a3f4
812f
9ed0
7eaf
420a
d9fc
7579
7adf
a1df
810f
9f02
7eac
4211
377d
663e
77d7
9fd7
80f0
9f35
7ea8
4217
7738
514a
7422
9ddd
80d4
9f68
7ea5
421e
76ff
37c9
6fc6
9bf1
80b9
9f9b
7ea1
4225
36ee
1b29
6aca
9a14
809f
9fce
7e9e
422b
d966
fd04
6533
9845
8088
a001
7e9a
4232
9093
df09
5f0c
9686
8073
a035
7e96
4239
8387
c2e7
585b
94d5
805f
a068
7e93
423f
b942
aa31
512b
9334
804d
a09c
7e8f
4246
14f1
9647
4986
91a2
803d
a0d0
7e8b
424d
6563
8849
4178
9021
802f
a104
7e88
4253
7f71
80fe
390b
8eaf
8023
a138
7e84
425a
5521
80cf
304d
8d4e
8019
a16d
7e80
4261
fd25
87be
2748
8bfd
8010
a1a1
7e7c
4267
a6b1
9569
1e0c
8abd
8009
a1d6
7e79
426e
8027
a90b
14a4
898e
8004
a20a
7e75
4274
9e33
c18a
0b1e
8870
8001
a23f
7e71
427b
f0b7
dd89
0188
8763
8000
a274
7e6d
4282
4b6e
fb76
f7f0
8668
8001
a2a9
7e69
4288
7dae
19a3
ee64
857e
8003
a2de
7e65
428f
6c81
3661
e4f1
84a6
8007
a314
7e62
4296
211e
5014
dba5
83df
800e
a349
7e5e
429c
c3f7
654c
d28d
832a
8016
a37f
7e5a
42a3
8705
74d8
c9b7
8288
801f
a3b5
7e56
42aa
8afa
7dda
c12f
81f7
802b
a3eb
7e52
42b0
cdb7
7fd1
b901
8178
8039
a421
7e4e
42b7
2b6e
7aa0
b13a
810c
8048
a457
7e4a
42bd
71d8
6e92
a9e3
80b2
8059
a48d
7e46
42c4
7b2f
5c54
a309
806a
806c
a4c4
7e42
42cb
4270
44eb
9cb4
8035
8081
a4fa
7e3e
42d1
e60d
29a6
96ee
8012
8098
a531
7e3a
42d8
9795
0c0d
91c0
8001
80b0
a568
7e36
42df
8122
edc7
8d30
8003
80cb
a59f
7e32
42e5
aebe
d086
8945
8018
80e7
a5d6
7e2d
42ec
07f3
b5ed
8605
803e
8105
a60d
7e29
42f2
5ce3
9f7a
8375
8077
8125
a644
7e25
42f9
7fff
8e6e
8198
80c3
8146
a67c
7e21
4300
5e70
83bd
8071
8121
816a
a6b3
7e1d
4306
0a37
8000
8001
8191
818f
a6eb
7e19
430d
b083
836e
804a
8213
81b6
a723
7e14
4314
8174
8dd4
814a
82a7
81df
a75b
7e10
431a
9649
9e9f
8300
834e
820a
a793
7e0c
4321
e3d4
b4dd
856b
8406
8237
a7cb
7e07
4327
407d
cf4f
8886
84d0
8265
a804
7e03
432e
7a8c
ec7b
8c4c
85ac
8296
a83c
7dff
4335
72de
0abf
90ba
869a
82c8
a875
7dfb
433b
2d8f
2868
95c7
8799
82fb
a8ae
7df6
4342
cfd0
43cf
9b6d
88a9
8331
a8e6
7df2
4348
8beb
5b6a
a1a4
89cb
8368
a91f
7ded
434f
864c
6de8
a863
8afe
83a2
a959
7de9
4356
c1f8
7a3e
af9f
8c41
83dd
a992
7de5
435c
1eeb
7fbd
b750
8d95
8419
a9cb
7de0
4363
6b48
7e16
bf69
8efa
8458
aa05
7ddc
436a
7e17
7560
c7df
906e
8498
aa3e
7dd7
4370
4d41
6618
d0a6
91f3
84db
aa78
7dd3
4377
f2f9
5119
d9b0
9388
851e
aab2
7dce
437d
9fae
3791
e2f2
952c
8564
aaec
7dca
4384
8010
1aec
ec5e
96e0
85ac
ab26
7dc5
438b
a514
fcc5
f5e6
98a3
85f5
ab60
7dc0
4391
fadf
decd
ff7d
9a75
8640
ab9b
7dbc
4398
536b
c2b0
0914
9c55
868c
abd5
7db7
439e
7f36
aa02
129e
9e44
86db
ac10
7db3
43a5
66c2
9624
1c0e
a040
872b
ac4b
7dae
43ac
172e
8833
2555
a24b
877d
ac85
7da9
43b2
bb2a
80f7
2e66
a463
87d1
acc0
7da5
43b9
8414
80d6
3735
a688
8826
acfb
7da0
43bf
8f79
87d4
3fb4
a8ba
887d
ad37
7d9b
43c6
d73d
958c
47d7
aaf9
88d6
ad72
7d96
43cd
34df
a939
4f94
ad44
8931
adad
7d92
43d3
7623
c1c1
56dd
af9b
898d
ade9
7d8d
43da
7807
ddc5
5daa
b1fd
89eb
ae25
7d88
43e0
3987
fbb4
63f0
b46b
8a4b
ae60
7d83
43e7
dc2a
19e0
69a6
b6e3
8aac
ae9c
7d7e
43ed
9206
369a
6ec4
b966
8b0f
aed8
7d7a
43f4
82e3
5045
7342
bbf3
8b74
af15
7d75
43fb
b6de
6572
771b
be8a
8bda
af51
7d70
4401
1216
74f2
7a49
c12b
8c42
af8d
7d6b
4408
6399
7de5
7cc6
c3d4
8cac
afca
7d66
440e
7fae
7fcd
7e90
c686
8d18
b006
7d61
4415
5744
7a8e
7fa4
c941
8d85
b043
7d5c
441c
0008
6e73
7fff
cc03
8df3
b080
7d57
4422
a8c9
5c29
7fa4
cecd
8e64
b0bd
7d52
4429
8053
44b6
7e90
d19d
8ed6
b0fa
7d4d
442f
9c5c
296b
7cc6
d475
8f49
b137
7d48
4436
edda
0bcf
7a49
d753
8fbf
b174
7d43
443c
4914
ed89
771c
da36
9036
b1b2
7d3e
4443
7d1a
d04c
7343
dd1f
90ae
b1ef
7d39
444a
6e02
b5ba
6ec5
e00d
9128
b22d
7d34
4450
23e7
9f51
69a7
e300
91a4
b26b
7d2f
4457
c688
8e51
63f1
e5f7
9221
b2a9
7d2a
445d
87ff
83ae
5dab
e8f2
92a0
b2e7
7d24
4464
89d6
8000
56de
ebf0
9320
b325
7d1f
446a
cb12
837c
4f95
eef0
93a2
b363
7d1a
4471
28b3
8df1
47d9
f1f4
9426
b3a1
7d15
4478
707f
9ec8
3fb5
f4f9
94ab
b3df
7d10
447e
7bf0
b50f
3736
f800
9532
b41e
7d0a
4485
44e4
cf89
2e68
fb08
95ba
b45d
7d05
448b
e8e3
ecb9
2556
fe11
9644
b49b
7d00
4492
9948
0afd
1c0f
011a
96cf
b4da
7cfb
4498
80c8
28a4
12a0
0423
975c
b519
7cf5
449f
ac88
4404
0916
072b
97ea
b558
7cf0
44a5
0510
5b96
ff7e
0a32
987a
b597
7ceb
44ac
5ae0
6e08
f5e8
0d38
990b
b5d7
7ce5
44b3
7ff0
7a51
ec60
103c
999e
b616
7ce0
44b9
605d
7fc1
e2f4
133d
9a32
b656
7cda
44c0
0d17
7e0b
d9b2
163c
9ac8
b695
7cd5
44c6
b2cc
7547
d0a7
1938
9b5f
b6d5
7cd0
44cd
81ec
65f2
c7e0
1c2f
9bf7
b715
7cca
44d3
94af
50e9
bf6a
1f23
9c91
b755
7cc5
44da
e105
3758
b751
2213
9d2d
b795
7cbf
44e0
3dfa
1aaf
afa1
24fd
9dca
b7d5
7cba
44e7
79af
fc87
a864
27e2
9e68
b815
7cb4
44ee
741c
de90
a1a5
2ac2
9f08
b855
7cae
44f4
3040
c279
9b6e
2d9b
9fa9
b896
7ca9
44fb
d280
a9d4
95c8
306e
a04b
b8d6
7ca3
4501
8d2a
9601
90ba
333a
a0ef
b917
7c9e
4508
856f
881d
8c4d
35fe
a194
b958
7c98
450e
bf75
80ef
8886
38bb
a23b
b999
7c92
4515
1c1b
80dd
856b
3b6f
a2e3
b9d9
7c8d
451b
69ae
87ea
8301
3e1b
a38c
ba1b
7c87
4522
7e8e
95ae
814a
40be
a437
ba5c
7c81
4528
4f8a
a967
804a
4357
a4e3
ba9d
7c7c
452f
f5da
c1f8
8001
45e7
a590
bade
7c76
4536
a19c
de02
8071
486d
a63e
bb20
7c70
453c
8001
fbf3
8198
4ae9
a6ee
bb61
7c6a
4543
a311
1a1e
8375
4d59
a79f
bba3
7c65
4549
f7fd
36d3
8605
4fbf
a852
bbe5
7c5f
4550
5135
5076
8945
5219
a905
bc26
7c59
4556
7edc
6598
8d2f
5467
a9ba
bc68
7c53
455d
6874
750b
91bf
56a9
aa70
bcaa
7c4d
4563
1a03
7df1
96ee
58df
ab28
bced
7c48
456a
bd9e
7fca
9cb3
5b07
abe0
bd2f
7c42
4570
84d5
7a7c
a308
5d23
ac9a
bd71
7c3c
4577
8e20
6e53
a9e2
5f31
ad55
bdb4
7c36
457d
d482
5bfd
b138
6132
ae11
bdf6
7c30
4584
323a
4481
b900
6324
aecf
be39
7c2a
458a
74ff
2930
c12d
6509
af8d
be7b
7c24
4591
7900
0b90
c9b6
66df
b04d
bebe
7c1e
4597
3c18
ed4b
d28c
68a5
b10e
bf01
7c18
459e
def2
d012
dba4
6a5d
b1d0
bf44
7c12
45a4
9388
b588
e4ef
6c06
b293
bf87
7c0c
45ab
824f
9f28
ee62
6d9f
b357
bfca
7c06
45b2
b484
8e34
f7ef
6f28
b41d
c00e
7c00
45b8
0f38
839f
0187
70a2
b4e3
c051
7bfa
45bf
61c2
8000
0b1c
720b
b5ab
c094
7bf3
45c5
7fda
838b
14a2
7363
b673
c0d8
7bed
45cc
595b
8e0d
1e0a
74ab
b73d
c11c
7be7
45d2
02ec
9ef0
2747
75e2
b807
c15f
7be1
45d9
aaec
b542
304b
7709
b8d3
c1a3
7bdb
45df
8090
cfc3
390a
781e
b9a0
c1e7
7bd5
45e6
9a93
ecf7
4176
7922
ba6e
c22b
7bce
45ec
eaff
0b3b
4985
7a14
bb3c
c26f
7bc8
45f3
46b0
28df
512a
7af5
bc0c
c2b3
7bc2
45f9
7c75
4439
585a
7bc4
bcdd
c2f8
7bbc
4600
6f75
5bc2
5f0a
7c81
bdaf
c33c
7bb5
4606
26aa
6e28
6532
7d2d
be81
c380
7baf
460d
c921
7a63
6ac9
7dc6
bf55
c3c5
7ba9
4613
8908
7fc5
6fc6
7e4d
c029
c409
7ba2
461a
88c2
7e00
7422
7ec2
c0ff
c44e
7b9c
4620
c874
752e
77d6
7f25
c1d5
c493
7b95
4627
25f4
65cc
7adf
7f76
c2ac
c4d8
7b8f
462d
6f17
50b8
7d36
7fb4
c385
c51d
7b89
4634
7ca1
3720
7eda
7fe0
c45e
c562
7b82
463a
474f
1a71
7fc7
7ff9
c537
c5a7
7b7c
4641
ebbc
fc48
7ffc
7fff
c612
c5ec
7b75
4647
9b08
de54
7f79
7ff4
c6ee
c631
7b6f
464e
807f
c243
7e3e
7fd7
c7ca
c677
7b68
4654
aa5d
a9a6
7c4e
7fa6
c8a7
c6bc
7b62
465b
022d
95de
79ab
7f64
c985
c702
7b5b
4661
58d2
8807
7659
7f0f
ca64
c747
7b55
4668
7fd0
80e7
725c
7ea7
cb43
c78d
7b4e
466e
623d
80e5
6dbb
7e2e
cc24
c7d3
7b47
4675
0ff6
87ff
687d
7da2
cd05
c819
7b41
467b
b51f
95d1
62a7
7d04
cde6
c85f
7b3a
4682
8274
a995
5c44
7c54
cec9
c8a5
7b33
4688
9323
c22f
555c
7b93
cfac
c8eb
7b2d
468f
de39
de3e
4dfa
7abf
d090
c931
7b26
4695
3b6e
fc31
4627
79da
d175
c977
7b1f
469c
78c1
1a5b
3def
78e4
d25a
c9be
7b19
46a2
754c
370b
355e
77db
d340
ca04
7b12
46a8
32e9
50a7
2c80
76c2
d426
ca4a
7b0b
46af
d536
65be
2362
7598
d50d
ca91
7b04
46b5
8e78
7524
1a11
745c
d5f5
cad8
7afe
46bc
84a2
7dfc
109b
7310
d6de
cb1e
7af7
46c2
bcfb
7fc6
070d
71b4
d7c7
cb65
7af0
46c9
1948
7a6a
fd75
7047
d8b0
cbac
7ae9
46cf
6805
6e33
f3e0
6ec9
d99a
cbf3
7ae2
46d6
7ef5
5bd2
ea5d
6d3c
da85
cc3a
7adb
46dc
51c8
444d
e0f9
6b9f
db70
cc81
7ad4
46e3
f8bc
28f5
d7c1
69f3
dc5c
ccc8
7ace
46e9
a395
0b52
cec4
6837
dd48
cd10
7ac7
46f0
8003
ed0d
c60d
666d
de35
cd57
7ac0
46f6
a11b
cfd8
bdaa
6493
df22
cd9e
7ab9
46fd
f51b
b555
b5a6
62ac
e010
cde6
7ab2
4703
4ef4
9eff
ae0d
60b6
e0fe
ce2d
7aab
470a
7e71
8e18
a6ea
5eb2
e1ed
ce75
7aa4
4710
6a19
8390
a048
5ca0
e2dc
cebd
7a9d
4716
1cd6
8000
9a2f
5a81
e3cb
cf04
7a95
471d
c01a
839a
94a8
5855
e4bb
cf4c
7a8e
4723
85a6
8e2a
8fbc
561c
e5ab
cf94
7a87
472a
8cd6
9f19
8b72
53d7
e69c
cfdc
7a80
4730
d1ce
b575
87cf
5186
e78d
d024
7a79
4737
2f8e
cffd
84d9
4f29
e87e
d06c
7a72
473d
73cb
ed35
8294
4cc1
e970
d0b4
7a6b
4744
79ea
0b7a
8104
4a4e
ea62
d0fd
7a64
474a
3ea1
291a
802b
47d0
eb55
d145
7a5c
4751
e1be
446e
8009
4547
ec47
d18d
7a55
4757
9518
5bed
80a0
42b5
ed3a
d1d6
7a4e
475e
81cb
6e47
81ee
4019
ee2d
d21e
7a47
4764
b234
7a75
83f1
3d74
ef21
d267
7a3f
476a
0c59
7fc9
86a7
3ac6
f014
d2af
7a38
4771
5fde
7df5
8a0c
3810
f108
d2f8
7a31
4777
7ff5
7514
8e1a
3551
f1fd
d341
7a29
477e
5b67
65a6
92cc
328b
f2f1
d38a
7a22
4784
05cf
5088
981b
2fbd
f3e5
d3d3
7a1b
478b
ad1a
36e7
9e00
2ce9
f4da
d41c
7a13
4791
80de
1a34
a471
2a0e
f5cf
d465
7a0c
4798
98d6
fc0a
ab67
272d
f6c4
d4ae
7a05
479e
e827
de18
b2d6
2447
f7b9
d4f7
79fd
47a4
4443
c20c
bab4
215b
f8ae
d540
79f6
47ab
7bc0
a977
c2f6
1e6b
f9a4
d589
79ee
47b1
70da
95bb
cb90
1b76
fa99
d5d3
79e7
47b8
2969
87f1
d475
187d
fb8f
d61c
79df
47be
cbc1
80e0
dd99
1580
fc84
d666
79d8
47c5
8a20
80ec
e6ee
1281
fd7a
d6af
79d0
47cb
87bd
8815
f068
0f7f
fe70
d6f9
79c9
47d1
c5de
95f4
f9f8
0c7a
ff66
d742
79c1
47d8
232f
a9c3
0390
0974
005b
d78c
79b9
47de
6da0
c265
0d24
066d
0151
d7d6
79b2
47e5
7d41
de7a
16a4
0364
0247
d820
79aa
47eb
49b1
fc70
2004
005b
033c
d869
79a3
47f2
ee97
1a98
2936
fd52
0432
d8b3
799b
47f8
9cd5
3744
322d
fa4a
0528
d8fd
7993
47fe
8046
50d7
3adb
f742
061d
d947
798b
4805
a83d
65e4
4335
f43b
0712
d991
7984
480b
ff49
753e
4b2e
f136
0808
d9dc
797c
4812
56b7
7e07
52bb
ee34
08fd
da26
7974
4818
7fa0
7fc2
59d0
eb34
09f2
da70
796d
481f
6411
7a57
6065
e836
0ae7
daba
7965
4825
12d3
6e13
666f
e53d
0bdc
db05
795d
482b
b77c
5ba6
6be5
e247
0cd0
db4f
7955
4832
830c
4418
70c0
df55
0dc5
db9a
794d
4838
91a5
28b9
74f9
dc68
0eb9
dbe4
7945
483f
db72
0b14
788a
d981
0fad
dc2f
793e
4845
38dc
eccf
7b6d
d69e
10a1
dc79
7936
484b
77c4
cf9e
7d9f
d3c2
1194
dcc4
792e
4852
766c
b522
7f1c
d0ec
1287
dd0f
7926
4858
358d
9ed6
7fe1
ce1d
137a
dd5a
791e
485f
d7f2
8dfb
7fef
cb55
146d
dda4
7916
4865
8fd5
8382
7f45
c895
155f
ddef
790e
486c
83e5
8000
7de4
c5dc
1652
de3a
7906
4872
ba89
83a8
7bce
c32c
1743
de85
78fe
4878
1671
8e47
7905
c085
1835
ded0
78f6
487f
6650
9f42
758e
bde7
1926
df1b
78ee
4885
7f4b
b5a8
716e
bb52
1a17
df66
78e6
488c
53fc
d037
6cab
b8c8
1b07
dfb2
78de
4892
fb9e
ed72
674c
b647
1bf7
dffd
78d6
4898
a59b
0bb8
6158
b3d1
1ce7
e048
78ce
489f
8016
2956
5ad8
b166
1dd6
e093
78c5
48a5
9f31
44a3
53d5
af07
1ec5
e0df
78bd
48ac
f23b
5c19
4c59
acb3
1fb3
e12a
78b5
48b2
4ca8
6e67
4470
aa6b
20a1
e176
78ad
48b8
7df6
7a87
3c24
a82f
218e
e1c1
78a5
48bf
6bb0
7fcc
3382
a600
227b
e20d
789c
48c5
1fa5
7dea
2a95
a3de
2367
e258
7894
48cc
c29f
74fb
216b
a1ca
2453
e2a4
788c
48d2
8688
6580
1812
9fc2
253f
e2ef
7884
48d8
8b9b
5057
0e95
9dc9
2629
e33b
787b
48df
cf1f
36af
0504
9bde
2714
e387
7873
48e5
2cdc
19f7
fb6b
9a01
27fd
e3d3
786b
48eb
7289
fbcb
f1d9
9833
28e7
e41e
7862
48f2
7ac3
dddb
e85b
9674
29cf
e46a
785a
48f8
4121
c1d5
deff
94c4
2ab7
e4b6
7852
48ff
e48f
a949
d5d3
9323
2b9e
e502
7849
4905
96b5
9598
cce4
9192
2c85
e54e
7841
490b
8158
87dc
c43e
9011
2d6b
e59a
7839
4912
afee
80d9
bbee
8ea1
2e51
e5e6
7830
4918
0978
80f4
b400
8d40
2f35
e632
7828
491f
5dee
882b
ac7f
8bf0
3019
e67e
781f
4925
7fff
9617
a576
8ab1
30fd
e6cb
7817
492b
5d66
a9f1
9ef0
8982
31df
e717
780e
4932
08b1
c29c
98f6
8865
32c1
e763
7806
4938
af53
deb7
938f
8759
33a3
e7af
77fd
493e
813c
fcae
8ec5
865e
3483
e7fc
77f4
4945
9727
1ad5
8a9e
8575
3563
e848
77ec
494b
e552
377c
871f
849d
3642
e894
77e3
4952
41cd
5108
844f
83d7
3720
e8e1
77db
4958
7afb
660a
8230
8323
37fd
e92d
77d2
495e
722f
7557
80c7
8281
38da
e97a
77c9
4965
2c22
7e12
8014
81f1
39b5
e9c6
77c1
496b
ce67
7fbf
801a
8174
3a90
ea13
77b8
4971
8b48
7a45
80d8
8108
3b6a
ea5f
77af
4978
86c7
6df3
824c
80af
3c44
eaac
77a7
497e
c34f
5b7a
8476
8068
3d1c
eaf8
779e
4984
2065
43e3
8751
8033
3df4
eb45
7795
498b
6c1b
287e
8ada
8011
3eca
eb92
778c
4991
7dd2
0ad5
8f0b
8001
3fa0
ebdf
7784
4998
4c08
ec92
93e0
8004
4075
ec2b
777b
499e
f175
cf64
994f
8019
4148
ec78
7772
49a4
9eaf
b4ef
9f53
8040
421b
ecc5
7769
49ab
801e
9eae
a5e1
807a
42ed
ed12
7760
49b1
a628
8ddf
acf1
80c6
43be
ed5f
7757
49b7
fc66
8373
b479
8125
448e
edab
774e
49be
5492
8000
bc6d
8196
455d
edf8
7746
49c4
7f5f
83b7
c4c3
8219
462b
ee45
773d
49ca
65d8
8e63
cd6e
82ae
46f8
ee92
7734
49d1
15ad
9f6b
d661
8355
47c4
eedf
772b
49d7
b9e2
b5db
df91
840e
488f
ef2c
7722
49dd
83b4
d071
e8ef
84d9
4959
ef79
7719
49e4
9035
edb0
f26e
85b6
4a22
efc6
7710
49ea
d8b0
0bf6
fc01
86a4
4aea
f014
7707
49f0
3641
2991
059a
87a4
4bb0
f061
76fe
49f7
76b8
44d8
0f2a
88b5
4c76
f0ae
76f5
49fd
777d
5c44
18a5
89d7
4d3b
f0fb
76eb
4a03
3829
6e87
21fc
8b0a
4dfe
f148
76e2
4a0a
dab3
7a99
2b23
8c4e
4ec0
f195
76d9
4a10
9140
7fd0
340b
8da3
4f81
f1e3
76d0
4a16
8338
7dde
3ca9
8f08
5041
f230
76c7
4a1d
b820
74e2
44ef
907e
5100
f27d
76be
4a23
1398
655a
4cd2
9203
51be
f2ca
76b5
4a29
648d
5026
5446
9399
527a
f318
76ab
4a30
7f90
3676
5b41
953e
5336
f365
76a2
4a36
5624
19ba
61b9
96f2
53f0
f3b2
7699
4a3c
fe82
fb8c
67a4
98b5
54a9
f400
7690
4a43
a7ac
dd9f
6cfa
9a88
5560
f44d
7686
4a49
803a
c19e
71b4
9c69
5617
f49a
767d
4a4f
9d53
a91b
75c9
9e58
56cc
f4e8
7674
4a56
ef5d
9576
7936
a055
5780
f535
766b
4a5c
4a53
87c6
7bf3
a260
5833
f583
7661
4a62
7d6a
80d2
7dff
a479
58e4
f5d0
7658
4a69
6d39
80fb
7f55
a69e
5994
f61e
764e
4a6f
226f
8841
7ff4
a8d1
5a43
f66b
7645
4a75
c52c
963b
7fdb
ab10
5af1
f6b9
763c
4a7c
8779
aa20
7f09
ad5c
5b9d
f706
7632
4a82
8a6e
c2d3
7d82
afb3
5c48
f754
7629
4a88
cc77
def3
7b45
b216
5cf2
f7a1
761f
4a8f
2a25
fced
7857
b484
5d9a
f7ef
7616
4a95
7137
1b13
74bc
b6fd
5e41
f83c
760c
4a9b
7b8c
37b4
7079
b980
5ee6
f88a
7603
4aa2
439a
5138
6b94
bc0e
5f8b
f8d7
75f9
4aa8
e763
6630
6614
bea5
602e
f925
75f0
4aae
9861
7570
6002
c146
60cf
f973
75e6
4ab5
80f5
7e1d
5965
c3f0
616f
f9c0
75dd
4abb
adb2
7fba
5248
c6a2
620e
fa0e
75d3
4ac1
0696
7a32
4ab4
c95d
62ab
fa5b
75c9
4ac7
5bf2
6dd3
42b5
cc1f
6347
faa9
75c0
4ace
7ffa
5b4e
3a55
cee9
63e1
faf7
75b6
4ad4
5f5a
43ad
31a2
d1bb
647a
fb44
75ad
4ada
0b93
2843
28a8
d492
6512
fb92
75a3
4ae1
b196
0a97
1f73
d770
65a8
fbe0
7599
4ae7
81ab
ec54
1610
da54
663c
fc2d
758f
4aed
9586
cf2a
0c8e
dd3d
66cf
fc7b
7586
4af4
e280
b4bc
02fa
e02c
6761
fcc9
757c
4afa
3f4e
9e85
f962
e31f
67f1
fd16
7572
4b00
7a26
8dc3
efd3
e616
6880
fd64
7568
4b06
7376
8365
e65b
e910
690d
fdb2
755f
4b0d
2ed5
8001
dd08
ec0e
6999
fdff
7555
4b13
d114
83c6
d3e8
ef0f
6a23
fe4d
754b
4b19
8c7f
8e80
cb07
f213
6aab
fe9b
7541
4b20
85e2
9f94
c272
f518
6b32
fee8
7537
4b26
c0c7
b60e
ba36
f81f
6bb8
ff36
752d
4b2c
1d98
d0ab
b25e
fb27
6c3c
ff84
7524
4b33
6a88
edee
aaf6
fe30
6cbe
ffd2
751a
4b39
7e51
0c35
a409
0139
6d3f
001f
7510
4b3f
4e56
29cc
9d9f
0442
6dbe
006d
7506
4b45
f455
450c
97c3
074a
6e3c
00bb
74fc
4b4c
a096
5c70
927e
0a51
6eb8
0108
74f2
4b52
8007
6ea6
8dd5
0d57
6f33
0156
74e8
4b58
a420
7aab
89d1
105b
6fac
01a4
74de
4b5e
f983
7fd3
8678
135c
7023
01f2
74d4
4b65
5261
7dd3
83cd
165b
7098
023f
74ca
4b6b
7f0e
74c8
81d4
1956
710d
028d
74c0
4b71
6791
6534
8091
1c4e
717f
02db
74b6
4b78
1885
4ff5
8006
1f42
71f0
0328
74ab
4b7e
bc51
363d
8033
2231
725f
0376
74a1
4b84
846d
197c
8118
251b
72cc
03c4
7497
4b8a
8ed5
fb4e
82b3
2800
7338
0411
748d
4b91
d5f3
dd63
8502
2adf
73a3
045f
7483
4b97
33a0
c168
8803
2db8
740b
04ad
7479
4b9d
759b
a8ed
8bb0
308b
7472
04fa
746f
4ba4
787f
9553
9005
3356
74d7
0548
7464
4baa
3abe
87b1
94fa
361a
753b
0596
745a
4bb0
dd79
80cb
9a8a
38d7
759c
05e3
7450
4bb6
92ba
8103
a0ac
3b8b
75fd
0631
7446
4bbd
829b
8857
a757
3e36
765b
067e
743b
4bc3
b5c1
965e
ae81
40d9
76b8
06cc
7431
4bc9
10bc
aa4e
b621
4372
7713
071a
7427
4bcf
62bc
c30a
be2b
4601
776c
0767
741c
4bd6
7fc5
df30
c693
4887
77c4
07b5
7412
4bdc
5842
fd2b
cf4f
4b02
7819
0802
7408
4be2
0165
1b50
d850
4d72
786e
0850
73fd
4be8
a9c9
37ed
e18b
4fd7
78c0
089d
73f3
4bef
806e
5168
eaf1
5231
7911
08eb
73e8
4bf5
9b83
6656
f476
547e
7960
0938
73de
4bfb
ec81
7588
fe0b
56c0
79ad
0986
73d4
4c01
47f4
7e27
07a3
58f5
79f8
09d3
73c9
4c08
7cce
7fb6
1130
5b1d
7a42
0a21
73bf
4c0e
6eb3
7a20
1aa4
5d38
7a8a
0a6e
73b4
4c14
2535
6db3
23f2
5f46
7ad0
0abc
73aa
4c1a
c7c1
5b23
2d0d
6146
7b14
0b09
739f
4c21
887a
4378
35e6
6338
7b57
0b57
7394
4c27
8952
2807
3e72
651c
7b98
0ba4
738a
4c2d
c9d5
0a59
46a4
66f1
7bd7
0bf1
737f
4c33
2768
ec16
4e71
68b8
7c14
0c3f
7375
4c3a
6fd7
cef0
55cc
6a6f
7c4f
0c8c
736a
4c40
7c46
b48a
5cac
6c17
7c89
0cd9
735f
4c46
4609
9e5d
6307
6daf
7cc1
0d27
7355
4c4c
ea3a
8da6
68d3
6f38
7cf7
0d74
734a
4c53
9a19
8357
6e09
70b0
7d2b
0dc1
733f
4c59
80a3
8001
72a0
7219
7d5e
0e0e
7335
4c5f
ab81
83d6
7692
7371
7d8e
0e5c
732a
4c65
03b3
8e9d
79d9
74b8
7dbd
0ea9
731f
4c6c
59e9
9fbd
7c72
75ef
7dea
0ef6
7315
4c72
7fe3
b641
7e57
7714
7e16
0f43
730a
4c78
6141
d0e5
7f86
7829
7e3f
0f90
72ff
4c7e
0e72
ee2c
7ffe
792c
7e67
0fdd
72f4
4c84
b3e4
0c73
7fbe
7a1d
7e8d
102b
72e9
4c8b
822a
2a07
7ec5
7afd
7eb1
1078
72df
4c91
93f2
4541
7d17
7bcc
7ed3
10c5
72d4
4c97
dfb2
5c9b
7ab4
7c88
7ef3
1112
72c9
4c9d
3cc7
6ec6
77a1
7d33
7f12
115f
72be
4ca4
7941
7abd
73e2
7dcc
7f2e
11ac
72b3
4caa
74ae
7fd6
6f7c
7e52
7f49
11f9
72a8
4cb0
3182
7dc7
6a76
7ec7
7f62
1246
729d
4cb6
d3c7
74ae
64d6
7f29
7f79
1292
7292
4cbc
8dc6
650d
5ea5
7f78
7f8f
12df
7287
4cc3
850c
4fc5
57ed
7fb6
7fa2
132c
727c
4cc9
be49
3605
50b5
7fe1
7fb4
1379
7271
4ccf
1ac6
193f
490a
7ffa
7fc4
13c6
7266
4cd5
68e7
fb0f
40f5
7fff
7fd2
1413
725b
4cdc
7ec1
dd27
3883
7ff4
7fde
145f
7250
4ce2
509a
c131
2fc0
7fd5
7fe8
14ac
7245
4ce8
f736
a8c0
26b7
7fa4
7ff1
14f9
723a
4cee
a289
9530
1d78
7f60
7ff7
1545
722f
4cf4
8000
879c
140d
7f0b
7ffc
1592
7224
4cfb
a223
80c4
0a86
7ea3
7fff
15de
7219
4d01
f6a0
810b
00f0
7e28
7fff
162b
720e
4d07
5026
886e
f759
7d9c
7fff
1678
7202
4d0d
7eab
9681
edcd
7cfe
7ffd
16c4
71f7
4d13
693d
aa7d
e45d
7c4d
7ff8
1710
71ec
4d1a
1b59
c341
db13
7b8b
7ff2
175d
71e1
4d20
bec9
df6c
d1ff
7ab6
7fea
17a9
71d6
4d26
8536
fd6a
c92e
79d1
7fe0
17f6
71ca
4d2c
8d82
1b8d
c0ab
78d9
7fd4
1842
71bf
4d32
d33b
3825
b883
77d0
7fc6
188e
71b4
4d39
30f8
5199
b0c2
76b6
7fb7
18da
71a9
4d3f
7470
667b
a973
758b
7fa6
1927
719d
4d45
7970
75a1
a2a1
744f
7f93
1973
7192
4d4b
3d4b
7e32
9c55
7303
7f7e
19bf
7187
4d51
e043
7fb2
9698
71a5
7f67
1a0b
717b
4d58
9443
7a0d
9173
7038
7f4e
1a57
7170
4d5e
820f
6d93
8ced
6eba
7f34
1aa3
7164
4d64
b36b
5af7
890d
6d2c
7f17
1aef
7159
4d6a
0dde
4343
85d8
6b8e
7ef9
1b3b
714e
4d70
60df
27cc
8352
69e1
7ed9
1b87
7142
4d77
7fe9
0a1a
8180
6825
7eb7
1bd3
7137
4d7d
5a53
ebd8
8064
665a
7e94
1c1f
712b
4d83
0449
ceb7
8000
6480
7e6e
1c6a
7120
4d89
abf2
b457
8054
6298
7e47
1cb6
7114
4d8f
80b3
9e34
8160
60a1
7e1e
1d02
7109
4d95
99bf
8d8a
8321
5e9d
7df3
1d4e
70fd
4d9c
e9a7
8348
8597
5c8a
7dc6
1d99
70f2
4da2
458c
8002
88bc
5a6b
7d98
1de5
70e6
4da8
7c21
83e5
8c8e
583e
7d67
1e30
70da
4dae
701f
8eba
9105
5605
7d35
1e7c
70cf
4db4
27f6
9fe7
961c
53c0
7d01
1ec7
70c3
4dbb
ca5d
b674
9bcb
516e
7ccc
1f13
70b8
4dc1
898a
d11f
a20b
4f11
7c94
1f5e
70ac
4dc7
8844
ee6a
a8d2
4ca8
7c5b
1fa9
70a0
4dcd
c73b
0cb1
b016
4a34
7c20
1ff5
7095
4dd3
24a6
2a42
b7cd
47b6
7be3
2040
7089
4dd9
6e68
4576
bfec
452d
7ba4
208b
707d
4de0
7cef
5cc6
c868
429a
7b64
20d6
7071
4de6
4870
6ee5
d133
3ffe
7b21
2121
7066
4dec
ed15
7acf
da42
3d59
7add
216c
705a
4df2
9be0
7fd9
e387
3aaa
7a98
21b7
704e
4df8
8062
7dbc
ecf4
37f3
7a50
2202
7042
4dfe
a95b
7494
f67e
3535
7a07
224d
7037
4e05
00d0
64e7
0015
326e
79bc
2298
702b
4e0b
57d5
4f94
09ac
2fa0
796f
22e3
701f
4e11
7fbc
35cc
1335
2ccc
7920
232d
7013
4e17
631c
1902
1ca2
29f1
78d0
2378
7007
4e1d
1150
fad1
25e6
2710
787e
23c3
6ffb
4e23
b63b
dcea
2ef4
2429
782a
240d
6fef
4e2a
82b9
c0fb
37be
213d
77d5
2458
6fe3
4e30
926d
a892
4038
1e4c
777d
24a2
6fd7
4e36
dce9
950e
4855
1b57
7724
24ed
6fcb
4e3c
3a38
8786
500a
185e
76ca
2537
6fc0
4e42
784c
80bd
574d
1562
766d
2581
6fb4
4e48
75d6
8113
5e11
1262
760f
25cc
6fa8
4e4e
3429
8884
644e
0f60
75af
2616
6f9c
4e55
d680
96a5
69fb
0c5b
754e
2660
6f8f
4e5b
8f1b
aaab
6f10
0955
74eb
26aa
6f83
4e61
8446
c378
7384
064d
7486
26f4
6f77
4e67
bbd2
dfa9
7753
0345
741f
273e
6f6b
4e6d
17f2
fda9
7a75
003c
73b7
2788
6f5f
4e73
6739
1bca
7ce8
fd33
734d
27d2
6f53
4e79
7f1f
385d
7ea6
fa2a
72e2
281c
6f47
4e80
52d3
51c9
7faf
f723
7274
2866
6f3b
4e86
fa18
66a1
7fff
f41c
7206
28af
6f2f
4e8c
a488
75ba
7f98
f117
7195
28f9
6f22
4e92
800a
7e3c
7e79
ee15
7123
2943
6f16
4e98
a032
7fae
7ca4
eb15
70af
298c
6f0a
4e9e
f3c0
79fa
7a1c
e818
703a
29d6
6efe
4ea4
4de0
6d72
76e4
e51e
6fc3
2a1f
6ef1
4eaa
7e39
5aca
7301
e228
6f4a
2a68
6ee5
4eb1
6adb
430e
6e78
df37
6ed0
2ab2
6ed9
4eb7
1e2a
2790
6950
dc4a
6e54
2afb
6ecd
4ebd
c14a
09dc
6391
d963
6dd7
2b44
6ec0
4ec3
860f
eb9a
5d43
d681
6d58
2b8d
6eb4
4ec9
8c3f
ce7d
566e
d3a5
6cd8
2bd6
6ea8
4ecf
d089
b425
4f1e
d0cf
6c55
2c1f
6e9b
4ed5
2e49
9e0c
475b
ce00
6bd2
2c68
6e8f
4edb
7335
8d6e
3f31
cb39
6b4d
2cb1
6e83
4ee2
7a52
833a
36ad
c878
6ac6
2cfa
6e76
4ee8
3fd0
8002
2dda
c5c0
6a3e
2d42
6e6a
4eee
e312
83f4
24c5
c311
69b4
2d8b
6e5d
4ef4
95d9
8ed7
1b7b
c06a
6928
2dd4
6e51
4efa
8193
a010
1209
bdcc
689c
2e1c
6e44
4f00
b120
b6a7
087e
bb38
680d
2e65
6e38
4f06
0afe
d15a
fee6
b8ae
677d
2ead
6e2b
4f0c
5ef6
eea8
f550
b62e
66ec
2ef5
6e1f
4f13
7ffc
0cef
ebca
b3b8
6659
2f3e
6e12
4f19
5c5a
2a7d
e260
b14e
65c5
2f86
6e06
4f1f
072c
45aa
d921
aeef
652f
2fce
6df9
4f25
ae25
5cf1
d01a
ac9b
6498
3016
6ded
4f2b
8108
6f04
c758
aa54
63ff
305e
6de0
4f31
9809
7ae1
bee7
a819
6365
30a6
6dd3
4f37
e6d0
7fdc
b6d4
a5ea
62c9
30ee
6dc7
4f3d
431b
7db0
af2b
a3c9
622d
3135
6dba
4f43
7b65
747b
a7f5
a1b4
618e
317d
6dad
4f49
717d
64c0
a13f
9fae
60ee
31c5
6da1
4f50
2ab2
4f62
9b10
9db5
604d
320c
6d94
4f56
cd00
3593
9573
9bca
5fab
3254
6d87
4f5c
8aaa
18c4
9070
99ee
5f07
329b
6d7b
4f62
8747
fa92
8c0c
9821
5e61
32e2
6d6e
4f68
c4a8
dcae
8850
9662
5dbb
332a
6d61
4f6e
21df
c0c4
8540
94b3
5d13
3371
6d54
4f74
6cea
a864
82e0
9313
5c69
33b8
6d48
4f7a
7d88
94ec
8135
9183
5bbf
33ff
6d3b
4f80
4acd
8771
8040
9002
5b13
3446
6d2e
4f86
eff1
80b6
8003
8e92
5a65
348d
6d21
4f8d
9db3
811b
807e
8d32
59b7
34d4
6d14
4f93
8031
889a
81b0
8be3
5907
351b
6d07
4f99
a740
96c8
8398
8aa4
5856
3561
6cfb
4f9f
fdec
aada
8633
8977
57a3
35a8
6cee
4fa5
55b5
c3b0
897e
885a
56ef
35ee
6ce1
4fab
7f83
dfe5
8d73
874e
563a
3635
6cd4
4fb1
64e9
fde7
920d
8654
5584
367b
6cc7
4fb7
142c
1c07
9745
856c
54cd
36c1
6cba
4fbd
b89c
3895
9d13
8495
5414
3708
6cad
4fc3
8359
51f9
a370
83d0
535a
374e
6ca0
4fc9
90f6
66c6
aa53
831d
529f
3794
6c93
4fcf
da24
75d2
b1b0
827b
51e3
37da
6c86
4fd5
37a2
7e46
b97e
81ec
5125
3820
6c79
4fdc
7747
7fa9
c1b2
816f
5067
3865
6c6c
4fe2
76ef
79e7
ca3f
8104
4fa7
38ab
6c5f
4fe8
36c9
6d52
d31a
80ac
4ee6
38f1
6c52
4fee
d93e
5a9e
dc35
8065
4e24
3936
6c45
4ff4
907f
42d8
e584
8031
4d61
397c
6c37
4ffa
8391
2755
eef9
8010
4c9d
39c1
6c2a
5000
b965
099d
f886
8001
4bd7
3a06
6c1d
5006
151a
eb5c
021f
8004
4b11
3a4c
6c10
500c
657d
ce43
0bb4
801a
4a49
3a91
6c03
5012
7f6e
b3f3
1538
8042
4980
3ad6
6bf6
5018
5502
9de4
1e9e
807d
48b7
3b1b
6be8
501e
fcfb
8d52
27d7
80ca
47ec
3b60
6bdb
5024
a693
832d
30d8
8129
4720
3ba4
6bce
502a
8025
8003
3992
819b
4653
3be9
6bc1
5030
9e4e
8404
41f9
821e
4586
3c2e
6bb3
5037
f0e0
8ef5
4a01
82b4
44b7
3c72
6ba6
503d
4b90
a03a
519f
835c
43e7
3cb7
6b99
5043
7db6
b6db
58c7
8416
4316
3cfb
6b8c
5049
6c6b
d194
5f70
84e2
4244
3d3f
6b7e
504f
20f6
eee6
658f
85bf
4172
3d84
6b71
5055
c3d3
0d2e
6b1c
86ae
409e
3dc8
6b64
505b
86f8
2ab8
700f
87ae
3fc9
3e0c
6b56
5061
8b0b
45df
7461
88c0
3ef4
3e50
6b49
5067
cddd
5d1c
780c
89e3
3e1e
3e93
6b3b
506d
2b95
6f23
7b09
8b17
3d46
3ed7
6b2e
5073
71eb
7af2
7d56
8c5c
3c6e
3f1b
6b20
5079
7b24
7fdf
7eee
8db1
3b95
3f5e
6b13
507f
424d
7da4
7fcf
8f17
3abb
3fa2
6b06
5085
e5e4
7461
7ff9
908d
39e0
3fe5
6af8
508b
977d
649a
7f6b
9213
3905
4029
6aeb
5091
8128
4f31
7e25
93a9
3828
406c
6add
5097
aedf
355a
7c29
954f
374b
40af
6acf
509d
081c
1887
797b
9704
366d
40f2
6ac2
50a3
5d00
fa54
761f
98c8
358e
4135
6ab4
50a9
7fff
dc72
7218
9a9b
34af
4178
6aa7
50af
5e54
c08e
6d6d
9c7c
33ce
41ba
6a99
50b5
0a0e
a837
6824
9e6c
32ed
41fd
6a8c
50bb
b063
94c9
6246
a06a
320c
423f
6a7e
50c1
816e
875c
5bdb
a276
3129
4282
6a70
50c8
9660
80b0
54eb
a48f
3046
42c4
6a63
50ce
e3fd
8124
4d81
a6b5
2f62
4307
6a55
50d4
40a0
88b1
45a7
a8e8
2e7d
4349
6a47
50da
7a98
96ec
3d69
ab28
2d98
438b
6a3a
50e0
72cb
ab09
34d3
ad74
2cb2
43cd
6a2c
50e6
2d69
c3e7
2bf1
afcb
2bcb
440f
6a1e
50ec
cfaa
e022
22d0
b22f
2ae4
4450
6a10
50f2
8bd9
fe26
197c
b49d
29fc
4492
6a03
50f8
8659
1c44
1004
b716
2914
44d4
69f5
50fe
c21c
38cd
0675
b99a
282b
4515
69e7
5104
1f13
5229
fcdd
bc28
2741
4556
69d9
510a
6b5f
66eb
f349
bec0
2657
4598
69cb
5110
7e10
75eb
e9c7
c161
256d
45d9
69be
5116
4d20
7e51
e065
c40b
2481
461a
69b0
511c
f2d0
7fa5
d731
c6be
2395
465b
69a2
5122
9f93
79d4
ce38
c979
22a9
469c
6994
5128
8011
6d31
c586
cc3c
21bc
46dc
6986
512e
a531
5a72
bd28
cf06
20cf
471d
6978
5134
fb09
42a3
b52a
d1d8
1fe1
475e
696a
513a
538a
2719
ad99
d4b0
1ef3
479e
695c
5140
7f3b
095f
a67d
d78e
1e05
47de
694e
5146
66a9
eb1f
9fe3
da72
1d15
481f
6940
514c
1705
ce09
99d3
dd5c
1c26
485f
6932
5152
bb07
b3c0
9456
e04a
1b36
489f
6924
5158
840a
9dbb
8f73
e33d
1a46
48df
6916
515e
8f8d
8d37
8b33
e634
1955
491f
6908
5164
d764
831f
879b
e92f
1864
495e
68fa
516a
3504
8004
84b0
ec2d
1773
499e
68ec
5170
7633
8413
8276
ef2e
1681
49de
68de
5176
77f9
8f12
80f1
f232
158f
4a1d
68d0
517c
3962
a063
8023
f537
149c
4a5c
68c2
5182
dc02
b70e
800d
f83e
13aa
4a9b
68b4
5188
91f1
d1ce
80af
fb46
12b7
4adb
68a6
518e
82ec
ef24
8209
fe4f
11c4
4b1a
6897
5194
b701
0d6c
8417
0158
10d0
4b58
6889
519a
123f
2af3
86d8
0461
0fdc
4b97
687b
51a0
63b3
4613
8a47
0769
0ee8
4bd6
686d
51a6
7fab
5d47
8e5f
0a70
0df4
4c14
685f
51ac
5725
6f42
931b
0d76
0d00
4c53
6850
51b2
ffdf
7b03
9874
107a
0c0b
4c91
6842
51b8
a8aa
7fe2
9e62
137b
0b17
4ccf
6834
51be
8050
7d98
a4dc
167a
0a22
4d0d
6826
51c4
9c76
7446
abd9
1975
092d
4d4b
6817
51ca
ee03
6473
b350
1c6d
0838
4d89
6809
51d0
4936
4f00
bb34
1f60
0742
4dc7
67fb
51d6
7d22
3521
c37c
224f
064d
4e05
67ec
51dc
6ded
1849
cc1b
2539
0558
4e42
67de
51e2
23bf
fa15
d504
281e
0462
4e80
67d0
51e7
c663
dc36
de2c
2afd
036c
4ebd
67c1
51ed
87f0
c057
e784
2dd6
0277
4efa
67b3
51f3
89e6
a809
f0ff
30a8
0181
4f37
67a4
51f9
cb38
94a7
fa90
3373
008b
4f74
6796
51ff
28db
8747
0428
3637
ff96
4fb1
6788
5205
7093
80a9
0dbb
38f3
fea0
4fee
6779
520b
7be6
812c
173a
3ba6
fdaa
502b
676b
5211
44c1
88c8
2097
3e51
fcb4
5067
675c
5217
e8ba
9710
29c6
40f4
fbbf
50a3
674e
521d
992f
ab38
32b8
438d
fac9
50e0
673f
5223
80cd
c41e
3b62
461c
f9d4
511c
6731
5229
aca8
e05f
43b6
48a1
f8de
5158
6722
522f
0539
fe64
4ba9
4b1b
f7e9
5194
6714
5235
5afd
1c81
532e
4d8b
f6f4
51d0
6705
523b
7ff1
3906
5a3c
4ff0
f5ff
520b
66f6
5241
6041
5259
60c9
5249
f50a
5247
66e8
5247
0cee
6710
66ca
5496
f415
5283
66d9
524d
b2ab
7603
6c37
56d7
f321
52be
66cb
5253
81e5
7e5b
7108
590c
f22c
52f9
66bc
5259
94c6
7fa0
7537
5b33
f138
5334
66ad
525f
e12d
79c0
78bd
5d4e
f044
536f
669f
5265
3e1e
6d10
7b95
5f5b
ef50
53aa
6690
526b
79bc
5a46
7dbc
615b
ee5d
53e5
6681
5271
740b
426e
7f2d
634c
ed6a
541f
6672
5276
3019
26de
7fe8
652f
ec77
545a
6664
527c
d259
0921
7fea
6704
eb84
5494
6655
5282
8d17
eae1
7f35
68c9
ea92
54cf
6646
5288
857b
cdd0
7dc8
6a80
e99f
5509
6637
528e
bf99
b38e
7ba7
6c28
e8ae
5543
6629
5294
1c44
9d93
78d3
6dbf
e7bc
557d
661a
529a
69c5
8d1b
7552
6f47
e6cb
55b6
660b
52a0
7e88
8311
7128
70bf
e5da
55f0
65fc
52a6
4f69
8005
6c5b
7227
e4ea
562a
65ed
52ac
f5b0
8423
66f2
737e
e3fa
5663
65de
52b2
a180
8f30
60f5
74c5
e30b
569c
65cf
52b8
8002
a08d
5a6c
75fb
e21b
56d5
65c1
52be
a32e
b742
5362
7720
e12d
570e
65b2
52c4
f826
d209
4bdf
7833
e03e
5747
65a3
52ca
5155
ef62
43ef
7936
df51
5780
6594
52cf
7ee1
0daa
3b9e
7a27
de63
57b9
6585
52d5
685c
2b2e
32f6
7b06
dd76
57f1
6576
52db
19db
4648
2a06
7bd4
dc8a
582a
6567
52e1
bd7a
5d72
20d8
7c90
db9e
5862
6558
52e7
84ca
6f61
177c
7d3a
dab3
589a
6549
52ed
8e33
7b15
0dfe
7dd1
d9c8
58d2
653a
52f3
d4a9
7fe4
046c
7e57
d8de
590a
652b
52f9
3260
7d8c
fad3
7ecb
d7f4
5942
651c
52ff
7510
742c
f142
7f2c
d70b
5979
650d
5305
78f3
644c
e7c6
7f7b
d623
59b1
64fe
530b
3bf3
4ecf
de6d
7fb8
d53b
59e8
64ee
5311
deca
34e8
d544
7fe2
d453
5a20
64df
5316
9372
180c
cc58
7ffa
d36d
5a57
64d0
531c
8257
f9d7
c3b7
7fff
d287
5a8e
64c1
5322
b4a6
dbfa
bb6d
7ff3
d1a1
5ac4
64b2
5328
0f62
c021
b386
7fd3
d0bd
5afb
64a3
532e
61dd
a7dc
ac0c
7fa2
cfd9
5b32
6493
5334
7fd8
9485
a50b
7f5d
cef5
5b68
6484
533a
593d
8733
9e8d
7f07
ce13
5b9f
6475
5340
02c2
80a3
989c
7e9e
cd31
5bd5
6466
5346
aacd
8134
933f
7e23
cc50
5c0b
6457
534c
808c
88df
8e7e
7d96
cb6f
5c41
6447
5352
9aac
9734
8a61
7cf7
ca8f
5c77
6438
5357
eb28
ab66
86ee
7c46
c9b1
5cac
6429
535d
46d3
c455
8428
7b82
c8d2
5ce2
6419
5363
7c7f
e09b
8215
7aae
c7f5
5d17
640a
5369
6f61
fea3
80b6
79c7
c719
5d4c
63fb
536f
2682
1cbe
800f
78cf
c63d
5d82
63eb
5375
c8fb
393e
8020
77c5
c562
5db7
63dc
537b
88f8
5289
80e9
76ab
c488
5deb
63cd
5381
88d1
6735
8269
757f
c3af
5e20
63bd
5387
c89a
761b
849e
7442
c2d7
5e55
63ae
538c
261b
7e65
8784
72f5
c1ff
5e89
639e
5392
6f2b
7f9b
8b18
7197
c129
5ebe
638f
5398
7c98
79ad
8f53
7028
c053
5ef2
6380
539e
472d
6cf0
9431
6eaa
bf7e
5f26
6370
53a4
eb93
5a19
99aa
6d1c
beab
5f5a
6361
53aa
9aee
4238
9fb6
6b7d
bdd8
5f8d
6351
53b0
8082
26a2
a64d
69d0
bd06
5fc1
6342
53b6
aa7c
08e2
ad65
6813
bc35
5ff5
6332
53bc
0256
eaa3
b4f4
6647
bb65
6028
6323
53c1
58ef
cd96
bcef
646d
ba96
605b
6313
53c7
7fd2
b35c
c54a
6284
b9c8
608e
6303
53cd
6223
9d6b
cdfa
608d
b8fb
60c1
62f4
53d3
0fcd
8d00
d6f1
5e87
b82f
60f4
62e4
53d9
b4fd
8304
e024
5c75
b764
6127
62d5
53df
826c
8006
e985
5a55
b69a
6159
62c5
53e5
9339
8433
f306
5828
b5d2
618c
62b5
53eb
de61
8f4d
fc99
55ee
b50a
61be
62a6
53f0
3b93
a0b7
0632
53a8
b443
61f0
6296
53f6
78cf
b775
0fc1
5156
b37e
6222
6286
53fc
753b
d243
193a
4ef8
b2b9
6254
6277
5402
32c3
efa0
228f
4c8f
b1f6
6285
6267
5408
d50f
0de8
2bb2
4a1b
b134
62b7
6257
540e
8e65
2b69
3496
479c
b073
62e8
6248
5414
84ad
467c
3d2e
4513
afb3
631a
6238
5419
bd1e
5d9d
456f
4280
aef4
634b
6228
541f
1971
6f80
4d4b
3fe3
ae36
637c
6218
5425
681e
7b26
54b8
3d3d
ad7a
63ac
6208
542b
7eef
7fe7
5bac
3a8e
acbf
63dd
61f9
5431
51a8
7d80
621b
37d7
ac05
640e
61e9
5437
f892
7412
67fd
3518
ab4c
643e
61d9
543d
a379
6425
6d4a
3251
aa94
646e
61c9
5442
8003
4e9d
71f9
2f83
a9de
649e
61b9
5448
a137
34af
7605
2cae
a929
64ce
61a9
544e
f545
17ce
7966
29d3
a875
64fe
6199
5454
4f14
f998
7c19
26f2
a7c2
652e
618a
545a
7e77
dbbe
7e19
240b
a711
655d
617a
5460
6a02
bfeb
7f64
211f
a661
658d
616a
5465
1cad
a7ae
7ff8
1e2e
a5b2
65bc
615a
546b
bff6
9463
7fd3
1b38
a504
65eb
614a
5471
859a
871e
7ef7
183f
a458
661a
613a
5477
8ce8
809d
7d63
1543
a3ad
6649
612a
547d
d1f4
813d
7b1c
1243
a304
6677
611a
5483
2fb5
88f6
7823
0f41
a25c
66a6
610a
5488
73dd
9758
747d
0c3c
a1b5
66d4
60fa
548e
79dd
ab95
7030
0936
a10f
6702
60ea
5494
3e7c
c48d
6b41
062e
a06b
6731
60da
549a
e196
e0d8
65b8
0326
9fc8
675e
60ca
54a0
9501
fee2
5f9d
001d
9f27
678c
60ba
54a6
81d2
1cfb
58f8
fd14
9e87
67ba
60a9
54ab
b255
3976
51d3
fa0b
9de9
67e7
6099
54b1
0c82
52b9
4a38
f703
9d4b
6815
6089
54b7
5ffa
675a
4233
f3fd
9cb0
6842
6079
54bd
7ff4
7633
39ce
f0f8
9c15
686f
6069
54c3
5b49
7e6e
3116
edf6
9b7c
689c
6059
54c9
05a6
7f96
2817
eaf6
9ae5
68c8
6049
54ce
acfa
799a
1edf
e7f9
9a4f
68f5
6038
54d4
80d9
6ccf
157a
e500
99bb
6921
6028
54da
98ef
59ed
0bf7
e20a
9928
694d
6018
54e0
e850
4202
0262
df19
9896
697a
6008
54e6
4466
2666
f8ca
dc2c
9806
69a6
5ff7
54ec
7bcb
08a4
ef3c
d945
9777
69d1
5fe7
54f1
70c6
ea66
e5c6
d663
96ea
69fd
5fd7
54f7
2941
cd5d
dc76
d387
965f
6a28
5fc7
54fd
cb9b
b32a
d359
d0b2
95d5
6a54
5fb6
5503
8a10
9d44
ca7d
cde3
954c
6a7f
5fa6
5509
87cb
8ce4
c1ed
cb1c
94c5
6aaa
5f96
550e
c603
82f6
b9b7
c85c
9440
6ad5
5f85
5514
2357
8008
b1e6
c5a5
93bc
6b00
5f75
551a
6db5
8443
aa85
c2f5
933a
6b2a
5f65
5520
7d39
8f6b
a39f
c04f
92b9
6b55
5f54
5526
498f
a0e0
9d3e
bdb1
923a
6b7f
5f44
552b
ee6e
b7a9
976b
bb1d
91bc
6ba9
5f33
5531
9cbb
d27e
922f
b894
9140
6bd3
5f23
5537
8049
efdf
8d91
b614
90c6
6bfd
5f12
553d
a85b
0e27
8997
b39f
904d
6c26
5f02
5543
ff73
2ba4
8648
b135
8fd6
6c50
5ef1
5548
56d6
46b0
83a8
aed6
8f60
6c79
5ee1
554e
7fa3
5dc7
81bb
ac83
8eec
6ca2
5ed1
5554
63f7
6f9f
8084
aa3c
8e7a
6ccb
5ec0
555a
12aa
7b37
8004
a802
8e09
6cf4
5eaf
5560
b75a
7fe9
803c
a5d4
8d9a
6d1d
5e9f
5565
8303
7d73
812c
a3b3
8d2d
6d45
5e8e
556b
91ba
73f7
82d2
a19f
8cc1
6d6e
5e7e
5571
db9a
63fe
852d
9f99
8c57
6d96
5e6d
5577
3901
4e6c
8838
9da1
8bef
6dbe
5e5d
557c
77d3
3476
8bf0
9bb7
8b88
6de6
5e4c
5582
765d
1791
904f
99db
8b23
6e0e
5e3b
5588
3567
f95a
954e
980e
8abf
6e35
5e2b
558e
d7cb
db82
9ae7
9650
8a5e
6e5d
5e1a
5594
8fc1
bfb5
a111
94a2
89fe
6e84
5e09
5599
83ef
a781
a7c4
9302
899f
6eab
5df9
559f
baac
9441
aef6
9173
8943
6ed2
5de8
55a5
169a
870a
b69d
8ff3
88e8
6ef9
5dd7
55ab
6669
8097
bead
8e84
888f
6f20
5dc7
55b0
7f46
8146
c71b
8d24
8837
6f46
5db6
55b6
53dc
890d
cfdc
8bd6
87e1
6f6d
5da5
55bc
fb75
977c
d8e1
8a98
878d
6f93
5d94
55c2
a57e
abc5
e21e
896b
873b
6fb9
5d84
55c8
8015
c4c4
eb87
884f
86ea
6fdf
5d73
55cd
9f4c
e115
f50d
8744
869c
7004
5d62
55d3
f264
ff20
fea3
864b
864f
702a
5d51
55d9
4cca
1d38
083b
8563
8603
704f
5d40
55df
7dfd
39ad
11c7
848d
85ba
7074
5d30
55e4
6b99
52e8
1b39
83c8
8572
7099
5d1f
55ea
1f7c
677f
2484
8316
852c
70be
5d0e
55f0
c27b
764b
2d9b
8275
84e8
70e3
5cfd
55f6
867b
7e78
3670
81e7
84a5
7107
5cec
55fb
8bac
7f91
3ef7
816a
8464
712c
5cdb
5601
cf45
7986
4723
8100
8426
7150
5cca
5607
2d03
6cae
4ee9
80a8
83e8
7174
5cb9
560d
729b
59c0
563d
8063
83ad
7198
5ca8
5612
7ab7
41cd
5d15
8030
8373
71bc
5c97
5618
40fe
262a
6367
800f
833c
71df
5c86
561e
e466
0865
692a
8001
8306
7203
5c75
5624
969e
ea28
6e56
8005
82d2
7226
5c64
5629
815e
cd23
72e3
801b
829f
7249
5c53
562f
b00e
b2f8
76cb
8044
826f
726c
5c42
5635
09a2
9d1c
7a08
8080
8240
728f
5c31
563b
5e0a
8cc9
7c95
80cd
8213
72b1
5c20
5640
7fff
82e9
7e6f
812d
81e8
72d4
5c0f
5646
5d4a
8009
7f93
81a0
81be
72f6
5bfe
564c
0888
8453
7fff
8224
8197
7318
5bed
5652
af32
8f89
7fb4
82bb
8171
733a
5bdc
5657
8136
a10a
7eb0
8363
814d
735c
5bcb
565d
973f
b7dc
7cf6
841e
812b
737d
5bba
5663
e57a
d2b8
7a89
84ea
810b
739f
5ba9
5669
41f0
f01d
776b
85c8
80ed
73c0
5b97
566e
7b06
0e65
73a1
86b8
80d0
73e1
5b86
5674
721c
2bdf
6f31
87b9
80b5
7402
5b75
567a
2bfb
46e4
6a21
88cb
809c
7423
5b64
567f
ce41
5df2
6478
89ef
8085
7443
5b53
5685
8b37
6fbd
5e3f
8b24
8070
7464
5b41
568b
86d5
7b48
577e
8c69
805d
7484
5b30
5691
c373
7fec
503f
8dbf
804b
74a4
5b1f
5696
208e
7d67
488d
8f26
803b
74c4
5b0e
569c
6c31
73dd
4072
909c
802e
74e4
5afc
56a2
7dca
63d7
37fa
9223
8022
7503
5aeb
56a8
4be7
4e3b
2f32
93ba
8017
7523
5ada
56ad
f14c
343d
2626
9560
800f
7542
5ac8
56b3
9e94
1753
1ce4
9716
8008
7561
5ab7
56b9
8020
f91b
1377
98da
8004
7580
5aa6
56be
a646
db46
09ef
9aae
8001
759f
5a94
56c4
fc8f
bf7f
0058
9c90
8000
75bd
5a83
56ca
54b1
a754
f6c1
9e80
8001
75dc
5a72
56d0
7f63
9420
ed37
a07f
8004
75fa
5a60
56d5
65be
86f5
e3c8
a28b
8008
7618
5a4f
56db
1584
8091
da82
a4a5
800e
7636
5a3d
56e1
b9bf
814f
d172
a6cb
8017
7654
5a2c
56e6
83aa
8924
c8a4
a8ff
8021
7671
5a1b
56ec
904a
97a0
c027
ab3f
802d
768f
5a09
56f2
d8d7
abf4
b805
ad8b
803a
76ac
59f8
56f7
3667
c4fc
b04b
afe4
804a
76c9
59e6
56fd
76c7
e151
a903
b247
805b
76e6
59d5
5703
776e
ff5f
a239
b4b6
806f
7702
59c3
5709
3803
1d75
9bf5
b730
8084
771f
59b2
570e
da8c
39e5
9642
b9b4
809b
773b
59a0
5714
912c
5318
9127
bc43
80b3
7757
598f
571a
8341
67a4
8cab
bedb
80ce
7773
597d
571f
b843
7663
88d5
c17c
80eb
778f
596b
5725
13c1
7e82
85ab
c427
8109
77ab
595a
572b
64a6
7f8c
8330
c6da
8129
77c6
5948
5730
7f8d
7972
816a
c995
814b
77e2
5937
5736
5605
6c8d
8059
cc59
816f
77fd
5925
573c
fe58
5994
8000
cf23
8194
7818
5913
5742
a78e
4197
805f
d1f5
81bb
7833
5902
5747
8037
25ef
8176
d4cd
81e5
784d
58f0
574d
9d6e
0827
8343
d7ac
8210
7868
58de
5753
ef86
e9ea
85c4
da90
823d
7882
58cd
5758
4a75
ccea
88f4
dd7a
826b
789c
58bb
575e
7d72
b2c6
8cd0
e068
829c
78b6
58a9
5764
6d23
9cf4
9151
e35c
82ce
78d0
5898
5769
2247
8cae
9672
e653
8302
78e9
5886
576f
c508
82dc
9c2a
e94e
8338
7903
5874
5775
876b
800b
a273
ec4c
836f
791c
5862
577a
8a7f
8463
a941
ef4d
83a9
7935
5850
5780
cc9d
8fa7
b08d
f251
83e4
794e
583f
5786
2a4c
a134
b84b
f556
8421
7967
582d
578b
714a
b810
c070
f85e
8460
797f
581b
5791
7b82
d2f3
c8f1
fb66
84a0
7998
5809
5797
4377
f05b
d1c1
fe6e
84e3
79b0
57f7
579c
e73a
0ea3
dad3
0178
8527
79c8
57e6
57a2
9848
2c1a
e41b
0480
856d
79e0
57d4
57a8
80fb
4718
ed8b
0789
85b5
79f7
57c2
57ad
add2
5e1c
f715
0a90
85fe
7a0f
57b0
57b3
06c0
6fdc
00ad
0d95
8649
7a26
579e
57b9
5c0f
7b58
0a43
1099
8696
7a3d
578c
57be
7ffb
7fee
13cb
139a
86e5
7a54
577a
57c4
5f3e
7d5a
1d36
1698
8735
7a6b
5768
57ca
0b69
73c2
2677
1994
8787
7a82
5756
57cf
b175
63b0
2f81
1c8b
87db
7a98
5744
57d5
81a4
4e09
3847
1f7e
8831
7aae
5732
57db
959d
3404
40bb
226d
8888
7ac4
5720
57e0
e2a9
1716
48d2
2557
88e1
7ada
570e
57e6
3f72
f8dd
5081
283c
893c
7af0
56fc
57ec
7a32
db0a
57bc
2b1a
8999
7b06
56ea
57f1
7364
bf49
5e78
2df3
89f7
7b1b
56d8
57f7
2eae
a727
64ad
30c5
8a57
7b30
56c6
57fc
d0ed
93fe
6a50
3390
8ab8
7b45
56b4
5802
8c6e
86e1
6f5b
3653
8b1c
7b5a
56a2
5808
85ee
808b
73c5
390f
8b80
7b6f
5690
580d
c0ec
8158
7789
3bc2
8be7
7b83
567e
5813
1dc0
893b
7aa1
3e6d
8c4f
7b97
566c
5819
6a9f
97c4
7d09
410f
8cb9
7bac
565a
581e
7e4b
ac23
7ebc
43a7
8d25
7bc0
5647
5824
4e36
c533
7fb9
4636
8d92
7bd3
5635
582a
f42b
e18e
7fff
48ba
8e01
7be7
5623
582f
a07a
ff9d
7f8c
4b35
8e72
7bfa
5611
5835
8008
1db2
7e61
4da4
8ee4
7c0e
55ff
583a
a43d
3a1d
7c81
5008
8f58
7c21
55ec
5840
f9ac
5348
79ee
5261
8fcd
7c33
55da
5846
5281
67c9
76ab
54ad
9044
7c46
55c8
584b
7f13
767b
72be
56ee
90bd
7c59
55b6
5851
6778
7e8b
6e2b
5922
9137
7c6b
55a3
5857
185c
7f86
68fa
5b49
91b3
7c7d
5591
585c
bc2e
795e
6332
5d63
9231
7c8f
557f
5862
8462
6c6b
5cdb
5f70
92b0
7ca1
556d
5867
8ee8
5967
55fe
616f
9330
7cb3
555a
586d
d61a
4161
4ea6
6360
93b3
7cc4
5548
5873
33c6
25b3
46dc
6542
9436
7cd5
5536
5878
75ac
07e8
3ead
6716
94bc
7ce6
5523
587e
7871
e9ad
3623
68db
9543
7cf7
5511
5884
3a99
ccb1
2d4c
6a92
95cb
7d08
54ff
5889
dd51
b294
2433
6c38
9655
7d19
54ec
588f
92a5
9ccc
1ae6
6dcf
96e0
7d29
54da
5894
82a3
8c93
1173
6f57
976d
7d39
54c7
589a
b5e3
82ce
07e6
70ce
97fc
7d49
54b5
58a0
10e5
800c
fe4e
7235
988c
7d59
54a3
58a5
62d7
8473
f4b9
738c
991d
7d69
5490
58ab
7fc2
8fc5
eb33
74d2
99b0
7d78
547e
58b0
5824
a15e
e1cc
7607
9a44
7d87
546b
58b6
013c
b844
d890
772b
9ada
7d96
5459
58bc
a9ab
d32d
cf8d
783e
9b72
7da5
5446
58c1
806b
f099
c6d0
7940
9c0a
7db4
5434
58c7
9b9c
0ee1
be64
7a30
9ca5
7dc3
5421
58cc
ecaa
2c54
b658
7b0f
9d40
7dd1
540f
58d2
4817
474c
aeb5
7bdc
9ddd
7ddf
53fc
58d8
7cd7
5e47
a787
7c97
9e7c
7ded
53ea
58dd
6e9e
6ffa
a0d9
7d40
9f1c
7dfb
53d7
58e3
250d
7b69
9ab3
7dd7
9fbd
7e09
53c5
58e8
c79c
7ff0
951f
7e5c
a05f
7e16
53b2
58ee
886b
7d4d
9025
7ecf
a104
7e24
539f
58f4
8961
73a8
8bcc
7f30
a1a9
7e31
538d
58f9
c9fb
6389
881a
7f7e
a250
7e3e
537a
58ff
278f
4dd7
8515
7fba
a2f8
7e4a
5367
5904
6feb
33cb
82c1
7fe4
a3a1
7e57
5355
590a
7c3c
16d8
8120
7ffb
a44c
7e63
5342
590f
45e7
f89e
8037
7fff
a4f8
7e70
5330
5915
ea11
dace
8005
7ff2
a5a5
7e7c
531d
591b
9a00
bf13
808b
7fd2
a654
7e87
530a
5920
80a8
a6fa
81c9
7f9f
a704
7e93
52f7
5926
aba0
93dc
83bc
7f5a
a7b5
7e9f
52e5
592b
03dd
86cd
8662
7f03
a868
7eaa
52d2
5931
5a07
8085
89b8
7e9a
a91c
7eb5
52bf
5936
7fe5
8161
8db7
7e1e
a9d1
7ec0
52ac
593c
6126
8952
925b
7d90
aa87
7ecb
529a
5942
0e49
97e9
979c
7cf0
ab3f
7ed5
5287
5947
b3c2
ac52
9d74
7c3e
abf7
7ee0
5274
594d
8222
c56b
a3da
7b7a
acb1
7eea
5261
5952
9408
e1cb
aac4
7aa5
ad6d
7ef4
524f
5958
dfdb
ffdc
b229
79bd
ae29
7efe
523c
595d
3cec
1def
b9fe
78c5
aee6
7f07
5229
5963
794e
3a55
c237
77ba
afa5
7f11
5216
5969
749d
5377
caca
769f
b065
7f1a
5203
596e
315c
67ed
d3a9
7573
b126
7f23
51f0
5974
d3a0
7692
dcc8
7435
b1e8
7f2c
51dd
5979
8db3
7e95
e619
72e7
b2ab
7f35
51cb
597f
8518
7f81
ef90
7188
b370
7f3d
51b8
5984
be6c
794b
f91e
7019
b435
7f46
51a5
598a
1aef
6c4a
02b7
6e9a
b4fc
7f4e
5192
598f
68ff
593a
0c4b
6d0b
b5c3
7f56
517f
5995
7ebb
412b
15ce
6b6c
b68c
7f5e
516c
599b
507a
2577
1f31
69be
b756
7f65
5159
59a0
f70c
07aa
2868
6801
b821
7f6d
5146
59a6
a26c
e96f
3164
6634
b8ec
7f74
5133
59ab
8000
cc77
3a19
6459
b9b9
7f7b
5120
59b1
a23f
b262
427b
6270
ba87
7f82
510d
59b6
f6ca
9ca5
4a7d
6078
bb56
7f89
50fa
59bc
5046
8c78
5214
5e72
bc26
7f8f
50e7
59c1
7eb1
82c1
5935
5c5f
bcf7
7f96
50d4
59c7
6925
800e
5fd5
5a3f
bdc9
7f9c
50c1
59cc
1b30
8484
65ec
5811
be9b
7fa2
50ae
59d2
bea5
8fe3
6b6f
55d7
bf6f
7fa8
509b
59d8
852a
a189
7059
5390
c044
7fad
5087
59dd
8d95
b878
74a0
513e
c119
7fb3
5074
59e3
d362
d368
7840
4ee0
c1f0
7fb8
5061
59e8
311e
f0d7
7b33
4c76
c2c7
7fbd
504e
59ee
7481
0f1f
7d74
4a01
c39f
7fc2
503b
59f3
7963
2c8f
7f01
4782
c478
7fc6
5028
59f9
3d26
4780
7fd7
44f8
c552
7fcb
5015
59fe
e01b
5e71
7ff6
4265
c62d
7fcf
5002
5a04
942c
7018
7f5c
3fc8
c709
7fd3
4fee
5a09
8216
7b7a
7e0b
3d22
c7e5
7fd7
4fdb
5a0f
b38d
7ff2
7c04
3a73
c8c3
7fdb
4fc8
5a14
0e07
7d41
794b
37bb
c9a1
7fdf
4fb5
5a1a
60fb
738d
75e4
34fc
ca7f
7fe2
4fa1
5a1f
7fe7
6361
71d3
3235
cb5f
7fe5
4f8e
5a25
5a36
4da6
6d1e
2f66
cc3f
7fe8
4f7b
5a2a
041f
3392
67cc
2c91
cd21
7feb
4f68
5a30
abd2
169b
61e5
29b5
ce02
7fee
4f54
5a35
80ae
f860
5b70
26d4
cee5
7ff0
4f41
5a3b
99d8
da92
5479
23ed
cfc8
7ff3
4f2e
5a40
e9d0
bedd
4d07
2100
d0ac
7ff5
4f1b
5a46
45af
a6cd
4527
1e0f
d191
7ff7
4f07
5a4b
7c2c
93bb
3ce4
1b1a
d276
7ff9
4ef4
5a51
700b
86b9
3449
1821
d35c
7ffa
4ee1
5a56
27cf
8080
2b62
1524
d443
7ffb
4ecd
5a5c
ca37
816a
223d
1224
d52a
7ffd
4eba
5a62
897a
896a
18e7
0f22
d612
7ffe
4ea6
5a67
8853
980d
0f6d
0c1d
d6fa
7fff
4e93
5a6d
c760
ac82
05dd
0917
d7e3
7fff
4e80
5a72
24cd
c5a3
fc45
060f
d8cd
7fff
4e6c
5a78
6e7d
e208
f2b1
0306
d9b7
7fff
4e59
5a7d
7ce6
001a
e931
fffd
daa2
7fff
4e45
5a82
484e
1e2c
dfd2
fcf4
db8d
7fff
4e32
5a88
eceb
3a8c
d6a1
f9ec
dc79
7fff
4e1e
5a8d
9bc6
53a6
cdac
f6e4
dd65
7fff
4e0b
5a93
8065
6812
c4ff
f3de
de52
7fff
4df7
5a98
a97a
76aa
bca6
f0d9
df40
7ffe
4de4
5a9e
00f9
7e9e
b4af
edd7
e02d
7ffd
4dd0
5aa3
57f3
7f7b
ad24
ead7
e11c
7ffb
4dbd
5aa9
7fbe
7936
a611
e7da
e20a
7ffa
4da9
5aae
6301
6c29
9f7f
e4e1
e2f9
7ff9
4d96
5ab4
1127
590d
9977
e1ec
e3e9
7ff7
4d82
5ab9
b619
40f6
9404
defa
e4d9
7ff5
4d6f
5abf
82b1
253b
8f2b
dc0e
e5c9
7ff3
4d5b
5ac4
9282
076b
8af5
d927
e6ba
7ff0
4d48
5aca
dd11
e931
8768
d646
e7ab
7fee
4d34
5acf
3a5d
cc3e
8487
d36a
e89c
7feb
4d20
5ad5
785a
b230
8259
d095
e98e
7fe8
4d0d
5ada
75c6
9c7e
80df
cdc7
ea80
7fe5
4cf9
5ae0
3403
8c5d
801d
cb00
eb73
7fe2
4ce6
5ae5
d659
82b5
8012
c840
ec65
7fdf
4cd2
5aeb
8f07
8010
80bf
c589
ed58
7fdb
4cbe
5af0
8451
8494
8224
c2da
ee4b
7fd7
4cab
5af6
bbf5
9001
843d
c034
ef3f
7fd3
4c97
5afb
181a
a1b3
8709
bd97
f033
7fcf
4c83
5b01
6751
b8ac
8a83
bb03
f127
7fcb
4c6f
5b06
7f1a
d3a3
8ea6
b87a
f21b
7fc6
4c5c
5b0b
52b4
f115
936c
b5fa
f30f
7fc2
4c48
5b11
f9ef
0f5e
98ce
b386
f404
7fbd
4c34
5b16
a46b
2cca
9ec4
b11c
f4f8
7fb8
4c21
5b1c
8009
47b4
a547
aebe
f5ed
7fb3
4c0d
5b21
a04e
5e9b
ac4c
ac6c
f6e2
7fad
4bf9
5b27
f3e9
7036
b3ca
aa25
f7d8
7fa7
4be5
5b2c
4e01
7b8a
bbb5
a7eb
f8cd
7fa2
4bd1
5b32
7e40
7ff3
c402
a5be
f9c2
7f9c
4bbe
5b37
6ac4
7d34
cca6
a39d
fab8
7f96
4baa
5b3d
1e01
7372
d594
a18a
fbad
7f8f
4b96
5b42
c126
633a
debe
9f85
fca3
7f89
4b82
5b47
8602
4d74
e819
9d8d
fd99
7f82
4b6e
5b4d
8c51
3358
f196
9ba3
fe8e
7f7b
4b5a
5b52
d0af
165d
fb28
99c8
ff84
7f74
4b47
5b58
2e70
f821
04c0
97fc
007a
7f6d
4b33
5b5d
7347
da56
0e52
963f
016f
7f65
4b1f
5b63
7a46
bea7
17cf
9491
0265
7f5e
4b0b
5b68
3fac
a6a0
212a
92f2
035b
7f56
4af7
5b6e
e2ea
939a
2a56
9163
0450
7f4e
4ae3
5b73
95c2
86a5
3344
8fe4
0546
7f46
4acf
5b78
8199
807a
3be8
8e75
063b
7f3d
4abb
5b7e
b141
8173
4437
8d17
0731
7f35
4aa7
5b83
0b27
8982
4c23
8bc9
0826
7f2c
4a93
5b89
5f12
9832
53a2
8a8b
091b
7f23
4a7f
5b8e
7ffc
acb1
5aa8
895f
0a10
7f1a
4a6b
5b94
5c3d
c5da
612c
8844
0b05
7f11
4a57
5b99
0702
e245
6724
873a
0bfa
7f07
4a43
5b9e
ae05
0059
6c88
8641
0cee
7efe
4a2f
5ba4
8103
1e68
714f
855a
0de3
7ef4
4a1b
5ba9
9821
3ac4
7573
8484
0ed7
7eea
4a07
5baf
e6f9
53d6
78ef
83c1
0fcb
7edf
49f3
5bb4
433e
6836
7bbc
830f
10bf
7ed5
49df
5bba
7b70
76c1
7dd8
826f
11b2
7ecb
49cb
5bbf
7169
7ea7
7f3e
81e1
12a5
7ec0
49b7
5bc4
2a8b
7f76
7fed
8166
1398
7eb5
49a3
5bca
ccda
7922
7fe4
80fc
148b
7eaa
498f
5bcf
8a99
6c07
7f23
80a5
157d
7e9e
497b
5bd5
8755
58e0
7dac
8060
1670
7e93
4967
5bda
c4cc
40c0
7b7f
802e
1761
7e87
4952
5bdf
2207
24ff
78a1
800e
1853
7e7b
493e
5be5
6d00
072d
7515
8001
1944
7e6f
492a
5bea
7d7f
e8f4
70e0
8005
1a34
7e63
4916
5bf0
4aab
cc05
6c09
801d
1b25
7e57
4902
5bf5
efc8
b1ff
6697
8046
1c15
7e4a
48ee
5bfb
9d98
9c56
6091
8082
1d04
7e3e
48d9
5c00
8033
8c42
5a00
80d1
1df3
7e31
48c5
5c05
a75e
82a8
52ee
8132
1ee2
7e23
48b1
5c0b
fe16
8012
4b64
81a5
1fd0
7e16
489d
5c10
55d4
84a5
436e
822a
20be
7e09
4888
5c16
7f87
9020
3b17
82c1
21ab
7dfb
4874
5c1b
64cf
a1dd
326b
836a
2298
7ded
4860
5c20
1403
b8e0
2976
8426
2385
7ddf
484c
5c26
b87a
d3dd
2045
84f3
2470
7dd1
4837
5c2b
8350
f153
16e7
85d1
255c
7dc3
4823
5c30
910a
0f9c
0d67
86c2
2646
7db4
480f
5c36
da4c
2d04
03d4
87c4
2731
7da5
47fa
5c3b
37c7
47e8
fa3b
88d7
281a
7d96
47e6
5c41
7756
5ec5
f0ab
89fb
2903
7d87
47d2
5c46
76e0
7055
e730
8b30
29ec
7d78
47bd
5c4b
36a3
7b9a
ddda
8c77
2ad4
7d69
47a9
5c51
d917
7ff5
d4b5
8dcd
2bbb
7d59
4795
5c56
906a
7d26
cbcd
8f34
2ca2
7d49
4780
5c5c
839b
7357
c331
90ac
2d88
7d39
476c
5c61
b987
6312
baed
9233
2e6d
7d29
4758
5c66
1543
4d42
b30c
93cb
2f52
7d18
4743
5c6c
6596
331f
ab99
9571
3036
7d08
472f
5c71
7f6a
161f
a4a0
9728
3119
7cf7
471a
5c76
54e3
f7e3
9e2b
98ed
31fb
7ce6
4706
5c7c
fcd2
da1a
9842
9ac1
32dd
7cd5
46f1
5c81
a676
be71
92ef
9ca4
33be
7cc4
46dd
5c87
8023
a673
8e38
9e95
349f
7cb2
46c9
5c8c
9e69
9378
8a26
a094
357e
7ca1
46b4
5c91
f109
8691
86bd
a2a0
365d
7c8f
46a0
5c97
4bb1
8075
8402
a4ba
373b
7c7d
468b
5c9c
7dbe
817d
81fa
a6e2
3819
7c6b
4677
5ca1
6c55
8999
80a7
a916
38f5
7c59
4662
5ca7
20ce
9856
800b
ab57
39d1
7c46
464d
5cac
c3ae
ace1
8027
ada3
3aab
7c33
4639
5cb1
86ea
c612
80fc
affc
3b85
7c20
4624
5cb7
8b1c
e282
8287
b260
3c5f
7c0d
4610
5cbc
ce03
0098
84c7
b4d0
3d37
7bfa
45fb
5cc2
2bbc
1ea5
87b8
b74a
3e0e
7be7
45e7
5cc7
71fe
3afc
8b56
b9cf
3ee5
7bd3
45d2
5ccc
7b19
5405
8f9c
bc5d
3fba
7bbf
45bd
5cd2
4229
685a
9483
bef6
408f
7bab
45a9
5cd7
e5bc
76d9
9a06
c198
4163
7b97
4594
5cdc
9765
7eb0
a01b
c443
4235
7b83
4580
5ce2
812d
7f70
a6ba
c6f6
4307
7b6e
456b
5ce7
aeff
790e
adda
c9b2
43d8
7b5a
4556
5cec
0845
6be6
b56f
cc75
44a8
7b45
4542
5cf2
5d1c
58b3
bd70
cf40
4577
7b30
452d
5cf7
7fff
408a
c5d1
d212
4645
7b1b
4518
5cfc
5e38
24c3
ce86
d4eb
4712
7b05
4504
5d02
09e4
06ee
d781
d7c9
47dd
7af0
44ef
5d07
b042
e8b6
e0b7
daae
48a8
7ada
44da
5d0c
8168
cbcc
ea1a
dd98
4972
7ac4
44c6
5d12
9678
b1cd
f39d
e087
4a3b
7aae
44b1
5d17
e425
9c2f
fd31
e37a
4b02
7a98
449c
5d1c
40c4
8c27
06ca
e672
4bc9
7a81
4487
5d22
7aa4
829b
1058
e96d
4c8e
7a6b
4473
5d27
72b9
8014
19cf
ec6b
4d53
7a54
445e
5d2c
2d42
84b6
2321
ef6c
4e16
7a3d
4449
5d32
cf83
903e
2c41
f270
4ed8
7a26
4434
5d37
8bc8
a208
3520
f576
4f99
7a0f
441f
5d3c
8666
b914
3db4
f87d
5059
79f7
440b
5d42
c241
d418
45ee
fb85
5118
79df
43f6
5d47
1f3c
f192
4dc4
fe8e
51d5
79c8
43e1
5d4c
6b75
0fda
552a
0197
5292
79b0
43cc
5d52
7e09
2d3f
5c15
04a0
534d
7997
43b7
5d57
4cff
481c
627c
07a8
5407
797f
43a2
5d5c
f2a7
5eef
6856
0aaf
54c0
7967
438e
5d62
9f78
7072
6d99
0db4
5577
794e
4379
5d67
8012
7bab
723e
10b8
562d
7935
4364
5d6c
a54e
7ff7
763f
13b9
56e2
791c
434f
5d72
fb32
7d19
7996
16b7
5796
7903
433a
5d77
53aa
733b
7c3e
19b2
5849
78e9
4325
5d7c
7f3f
62ea
7e33
1caa
58fa
78d0
4310
5d81
6691
4d10
7f73
1f9d
59aa
78b6
42fb
5d87
16dc
32e5
7ffb
228b
5a59
789c
42e6
5d8c
bae4
15e2
7fcb
2575
5b06
7882
42d1
5d91
83ff
f7a4
7ee3
2859
5bb2
7868
42bc
5d97
8fa1
d9df
7d44
2b38
5c5d
784d
42a7
5d9c
d78c
be3b
7af2
2e10
5d07
7832
4292
5da1
352a
a647
77ee
30e2
5daf
7818
427d
5da7
7643
9357
743e
33ac
5e55
77fd
4268
5dac
77ea
867d
6fe6
366f
5efb
77e2
4253
5db1
393c
8070
6aee
392b
5f9f
77c6
423e
5db6
dbda
8186
655c
3bde
6042
77ab
4229
5dbc
91dc
89b1
5f37
3e88
60e3
778f
4214
5dc1
82f5
987b
588a
412a
6183
7773
41ff
5dc6
b723
ad10
515e
43c2
6221
7757
41ea
5dcc
1268
c64a
49bc
4650
62be
773b
41d5
5dd1
63cd
e2bf
41b0
48d4
635a
771f
41c0
5dd6
7fa8
00d6
3946
4b4e
63f4
7702
41ab
5ddb
5707
1ee2
3089
4dbd
648d
76e5
4196
5de1
ffb5
3b33
2787
5020
6524
76c9
4181
5de6
a88c
5434
1e4b
5279
65ba
76ac
416c
5deb
804d
687f
14e4
54c5
664f
768e
4156
5df1
9c91
76f0
0b5f
5705
66e1
7671
4141
5df6
ee2c
7eb9
01ca
5938
6773
7653
412c
5dfb
4958
7f6a
f832
5b5f
6803
7636
4117
5e00
7d2b
78fa
eea5
5d79
6891
7618
4102
5e06
6dd8
6bc4
e531
5f85
691e
75fa
40ed
5e0b
2397
5886
dbe4
6183
69aa
75db
40d8
5e10
c63e
4053
d2cb
6373
6a34
75bd
40c2
5e15
87e2
2487
c9f3
6555
6abc
759f
40ad
5e1b
89f6
06b0
c168
6729
6b43
7580
4098
5e20
cb5e
e879
b938
68ed
6bc8
7561
4083
5e25
2902
cb93
b16d
6aa3
6c4c
7542
406d
5e2b
70a6
b19c
aa14
6c49
6cce
7523
4058
5e30
7bdb
9c08
a336
6ddf
6d4f
7503
4043
5e35
449e
8c0d
9cde
6f66
6dce
74e4
402e
5e3a
e891
828f
9714
70dd
6e4b
74c4
4018
5e40
9916
8016
91e1
7243
6ec7
74a4
4003
5e45
80d1
84c7
8d4d
7399
6f42
7484
3fee
5e4a
acc7
905d
895e
74de
6fba
7464
3fd9
5e4f
0563
a232
8619
7613
7031
7443
3fc3
5e55
5b1b
b948
8384
7736
70a7
7423
3fae
5e5a
7ff2
d453
81a2
7849
711b
7402
3f99
5e5f
6026
f1d0
8076
794a
718d
73e1
3f83
5e64
0cc5
1018
8002
7a39
71fe
73c0
3f6e
5e6a
b28a
2d79
8045
7b17
726d
739f
3f59
5e6f
81de
484f
8141
7be4
72da
737d
3f43
5e74
94dc
5f19
82f2
7c9e
7346
735b
3f2e
5e79
e155
7090
8558
7d46
73b0
733a
3f19
5e7f
3e42
7bbb
886e
7ddd
7418
7318
3f03
5e84
79c8
7ff8
8c30
7e61
747f
72f6
3eee
5e89
73f9
7d0c
9099
7ed3
74e3
72d3
3ed8
5e8e
2ff3
7320
95a2
7f33
7547
72b1
3ec3
5e94
d233
62c3
9b45
7f81
75a8
728e
3eae
5e99
8d05
4cde
a178
7fbc
7608
726c
3e98
5e9e
8587
32ac
a833
7fe5
7667
7249
3e83
5ea3
bfbd
15a4
af6c
7ffb
76c3
7226
3e6d
5ea8
1c6c
f766
b71a
7fff
771e
7202
3e58
5eae
69dc
d9a3
bf30
7ff1
7777
71df
3e42
5eb3
7e82
be06
c7a4
7fd0
77ce
71bc
3e2d
5eb8
4f49
a61a
d069
7f9d
7824
7198
3e17
5ebd
f587
9336
d972
7f57
7878
7174
3e02
5ec3
a164
8669
e2b2
7eff
78ca
7150
3dec
5ec8
8002
806b
ec1d
7e95
791a
712c
3dd7
5ecd
a34b
8190
f5a5
7e18
7969
7107
3dc1
5ed2
f850
89c9
ff3b
7d8a
79b6
70e3
3dac
5ed8
5175
98a0
08d3
7ce9
7a01
70be
3d96
5edd
7ee7
ad40
125d
7c36
7a4b
7099
3d81
5ee2
6844
c682
1bce
7b72
7a92
7074
3d6b
5ee7
19b2
e2fb
2516
7a9c
7ad8
704f
3d56
5eec
bd57
0115
2e29
79b4
7b1d
7029
3d40
5ef2
84bf
1f1f
36f9
78ba
7b5f
7004
3d2a
5ef7
8e46
3b6b
3f7b
77af
7b9f
6fde
3d15
5efc
d4d1
5463
47a1
7693
7bde
6fb8
3cff
5f01
3286
68a3
4f60
7566
7c1b
6f92
3cea
5f06
7521
7707
56ad
7428
7c57
6f6c
3cd4
5f0c
78e5
7ec2
5d7d
72d9
7c90
6f46
3cbe
5f11
3bce
7f64
63c7
717a
7cc8
6f1f
3ca9
5f16
dea2
78e5
6981
700a
7cfe
6ef9
3c93
5f1b
935c
6ba2
6ea3
6e8a
7d32
6ed2
3c7e
5f20
825f
5859
7326
6cfb
7d64
6eab
3c68
5f26
b4c7
401d
7703
6b5b
7d94
6e84
3c52
5f2b
0f8b
244b
7a35
69ad
7dc3
6e5d
3c3d
5f30
61f8
0671
7cb7
67ef
7df0
6e35
3c27
5f35
7fd6
e83b
7e86
6622
7e1b
6e0e
3c11
5f3a
591f
cb59
7f9f
6446
7e44
6de6
3bfb
5f40
0299
b16a
7fff
625c
7e6c
6dbe
3be6
5f45
aaae
9be1
7fa9
6063
7e91
6d96
3bd0
5f4a
8088
8bf2
7e9a
5e5d
7eb5
6d6e
3bba
5f4f
9ac5
8282
7cd5
5c49
7ed7
6d45
3ba5
5f54
eb51
8019
7a5c
5a28
7ef7
6d1d
3b8f
5f5a
46f5
84d8
7734
57fa
7f15
6cf4
3b79
5f5f
7c88
907b
7360
55c0
7f32
6ccb
3b63
5f64
6f4c
a25d
6ee5
5379
7f4c
6ca2
3b4d
5f69
265b
b97c
69cc
5126
7f65
6c79
3b38
5f6e
c8d6
d48e
641a
4ec7
7f7c
6c50
3b22
5f73
88e9
f20e
5dd8
4c5d
7f91
6c26
3b0c
5f79
88e0
1056
570f
49e8
7fa4
6bfc
3af6
5f7e
c8bf
2db4
4fc8
4768
7fb6
6bd3
3ae1
5f83
2643
4883
480f
44de
7fc5
6ba9
3acb
5f88
6f40
5f43
3fee
424a
7fd3
6b7f
3ab5
5f8d
7c8e
70ae
3771
3fad
7fdf
6b54
3a9f
5f92
470a
7bcb
2ea5
3d06
7fe9
6b2a
3a89
5f98
eb6a
7ff9
2595
3a57
7ff1
6aff
3a73
5f9d
9ad5
7cff
1c4f
379f
7ff8
6ad5
3a5d
5fa2
8086
7305
12e1
34df
7ffc
6aaa
3a48
5fa7
aa9b
629b
0957
3218
7fff
6a7f
3a32
5fac
0280
4cac
ffc0
2f49
7fff
6a54
3a1c
5fb1
590d
3273
f629
2c74
7fff
6a28
3a06
5fb7
7fd5
1566
eca1
2998
7ffc
69fd
39f0
5fbc
6208
f727
e334
26b6
7ff8
69d1
39da
5fc1
0fa4
d967
d9f1
23cf
7ff1
69a5
39c4
5fc6
b4dc
bdd0
d0e4
20e2
7fe9
6979
39ae
5fcb
8264
a5ee
c81b
1df1
7fdf
694d
3998
5fd0
934f
9315
bfa3
1afb
7fd3
6921
3982
5fd6
de89
8656
b787
1802
7fc5
68f5
396c
5fdb
3bb8
8066
afd4
1505
7fb5
68c8
3956
5fe0
78dd
819a
a894
1205
7fa3
689b
3940
5fe5
752b
89e1
a1d2
0f02
7f90
686e
392a
5fea
329d
98c5
9b97
0bfe
7f7b
6841
3914
5fef
d4e8
ad70
95ed
08f7
7f64
6814
38fe
5ff4
8e52
c6ba
90db
05f0
7f4b
67e7
38e8
5ffa
84b8
e338
8c69
02e7
7f30
67b9
38d2
5fff
bd41
0153
889e
ffde
7f14
678c
38bc
6004
199a
1f5b
857e
fcd5
7ef5
675e
38a6
6009
6836
3ba2
830f
f9cd
7ed5
6730
3890
600e
7eea
5492
8153
f6c5
7eb3
6702
387a
6013
5188
68c7
804e
f3bf
7e8f
66d4
3864
6018
f869
771e
8001
f0ba
7e6a
66a6
384e
601e
a35c
7eca
806b
edb8
7e42
6677
3838
6023
8002
7f5e
818d
eab8
7e19
6648
3822
6028
a153
78d1
8366
e7bb
7dee
661a
380c
602d
f56e
6b80
85f1
e4c2
7dc1
65eb
37f6
6032
4f35
582b
892c
e1cd
7d92
65bc
37e0
6037
7e7e
3fe7
8d12
dedc
7d61
658c
37ca
603c
69eb
240f
919e
dbf0
7d2f
655d
37b4
6041
1c85
0633
96c8
d909
7cfb
652e
379d
6047
bfd3
e7fe
9c8a
d628
7cc5
64fe
3787
604c
858e
cb20
a2db
d34d
7c8d
64ce
3771
6051
8cfa
b139
a9b1
d078
7c54
649e
375b
6056
d21b
9bba
b104
cdaa
7c18
646e
3745
605b
2fdb
8bd8
b8c9
cae3
7bdb
643e
372f
6060
73ef
8276
c0f4
c824
7b9c
640d
3718
6065
79d0
801b
c97a
c56d
7b5b
63dd
3702
606a
3e58
84e9
d24f
c2be
7b19
63ac
36ec
606f
e16e
909a
db65
c018
7ad5
637b
36d6
6075
94ea
a288
e4af
bd7c
7a8f
634a
36c0
607a
81d9
b9b0
ee21
bae9
7a47
6319
36a9
607f
b276
d4c9
f7ad
b860
79fd
62e8
3693
6084
0cac
f24c
0145
b5e1
79b2
62b7
367d
6089
6015
1094
0adb
b36d
7965
6285
3667
608e
7ff3
2dee
1461
b104
7916
6253
3651
6093
5b2c
48b6
1dca
aea6
78c6
6222
363a
6098
057c
5f6d
2708
ac54
7874
61f0
3624
609d
acdb
70cc
300e
aa0e
7820
61bd
360e
60a2
80d4
7bdb
38cf
a7d4
77ca
618b
35f7
60a8
9907
7ffb
413e
a5a7
7772
6159
35e1
60ad
e878
7cf1
494f
a388
7719
6126
35cb
60b2
4489
72e9
50f7
a175
76be
60f4
35b5
60b7
7bd5
6273
582a
9f70
7662
60c1
359e
60bc
70b2
4c7a
5ede
9d79
7603
608e
3588
60c1
291a
3239
650a
9b90
75a3
605b
3572
60c6
cb75
1529
6aa5
99b6
7542
6028
355b
60cb
8a00
f6e9
6fa6
97ea
74de
5ff4
3545
60d0
87d9
d92c
7406
962d
7479
5fc1
352f
60d5
c628
bd9b
77bf
9480
7412
5f8d
3518
60da
237f
a5c1
7acc
92e2
73aa
5f59
3502
60e0
6dcb
92f5
7d29
9153
7340
5f25
34ec
60e5
7d30
8643
7ed1
8fd5
72d4
5ef1
34d5
60ea
496d
8061
7fc3
8e67
7267
5ebd
34bf
60ef
ee45
81a4
7ffd
8d09
71f8
5e89
34a8
60f4
9ca0
89f9
7f7f
8bbc
7187
5e54
3492
60f9
804c
98ea
7e49
8a7f
7115
5e20
347c
60fe
a87a
ada0
7c5e
8953
70a1
5deb
3465
6103
ff9c
c6f2
79bf
8839
702b
5db6
344f
6108
56f4
e375
7672
872f
6fb4
5d81
3438
610d
7fa6
0192
727a
8637
6f3b
5d4c
3422
6112
63dd
1f98
6ddd
8551
6ec1
5d17
340b
6117
1281
3bd9
68a2
847c
6e45
5ce1
33f5
611c
b737
54c1
62d1
83b9
6dc7
5cac
33de
6121
82fa
68eb
5c72
8308
6d48
5c76
33c8
6127
91cf
7735
558d
8269
6cc8
5c40
33b2
612c
dbc2
7ed3
4e2e
81dc
6c45
5c0a
339b
6131
3926
7f58
465d
8161
6bc1
5bd4
3385
6136
77e2
78bc
3e28
80f8
6b3c
5b9e
336e
613b
764d
6b5e
3599
80a2
6ab5
5b68
3358
6140
3541
57fe
2cbd
805e
6a2d
5b31
3341
6145
d7a3
3fb1
23a1
802c
69a3
5afb
332b
614a
8fad
23d3
1a52
800d
6917
5ac4
3314
614f
83f9
05f4
10dc
8000
688a
5a8d
32fd
6154
bacf
e7c0
074e
8006
67fb
5a56
32e7
6159
16c3
cae7
fdb6
801e
676b
5a1f
32d0
615e
6682
b107
f421
8048
66da
59e8
32ba
6163
7f42
9b93
ea9d
8085
6647
59b1
32a3
6168
53bd
8bbe
e138
80d4
65b2
5979
328d
616d
fb4b
826a
d800
8136
651c
5941
3276
6172
a560
801e
cf00
81aa
6485
590a
3260
6177
8013
84fa
c648
822f
63ec
58d2
3249
617c
9f67
90b9
bde2
82c8
6352
589a
3232
6181
f28e
a2b2
b5dc
8372
62b6
5862
321c
6186
4ceb
b9e5
ae40
842e
6219
5829
3205
618b
7e04
d504
a719
84fb
617a
57f1
31ee
6190
6b83
f28a
a073
85db
60da
57b8
31d8
6195
1f54
10d2
9a56
86cc
6039
5780
31c1
619b
c257
2e29
94cc
87ce
5f96
5747
31ab
61a0
866e
48ea
8fdc
88e2
5ef2
570e
3194
61a5
8bbd
5f96
8b8d
8a07
5e4d
56d5
317d
61aa
cf6c
70e9
87e5
8b3d
5da6
569c
3167
61af
2d2a
7bea
84eb
8c84
5cfe
5663
3150
61b4
72ae
7ffc
82a2
8ddb
5c54
5629
3139
61b9
7aab
7ce3
810d
8f43
5ba9
55f0
3123
61be
40da
72ce
802e
90bb
5afd
55b6
310c
61c3
e43e
624b
8008
9243
5a50
557c
30f5
61c8
9686
4c48
809a
93db
59a1
5542
30de
61cd
8164
31ff
81e3
9583
58f1
5508
30c8
61d2
b02f
14eb
83e1
973a
5840
54ce
30b1
61d7
09cb
f6ab
8692
98ff
578d
5494
309a
61dc
5e26
d8f0
89f2
9ad4
56d9
545a
3084
61e1
7fff
bd65
8dfc
9cb7
5624
541f
306d
61e6
5d2d
a595
92aa
9ea9
556e
53e4
3056
61eb
085f
92d4
97f5
a0a8
54b6
53aa
303f
61f0
af12
862f
9dd5
a2b6
53fd
536f
3029
61f5
8131
805c
a444
a4d0
5343
5334
3012
61fa
9757
81ae
ab36
a6f8
5288
52f9
2ffb
61ff
e5a3
8a12
b2a2
a92d
51cb
52bd
2fe4
6204
4214
990f
ba7d
ab6e
510e
5282
2fcd
6209
7b12
add0
c2bd
adbb
504f
5247
2fb7
620e
720a
c72a
cb54
b015
4f8f
520b
2fa0
6213
2bd4
e3b2
d437
b279
4ece
51cf
2f89
6218
ce1b
01d1
dd5a
b4e9
4e0c
5194
2f72
621d
8b26
1fd5
e6ae
b764
4d49
5158
2f5b
6222
86e2
3c11
f027
b9e9
4c84
511c
2f45
6227
c398
54f0
f9b6
bc78
4bbf
50df
2f2e
622c
20b6
690e
034f
bf11
4af8
50a3
2f17
6231
6c47
774b
0ce2
c1b3
4a30
5067
2f00
6236
7dc2
7edb
1664
c45e
4967
502a
2ee9
623b
4bc6
7f51
1fc5
c712
489e
4fee
2ed2
6240
f122
78a7
28f8
c9ce
47d3
4fb1
2ebb
6245
9e79
6b3c
31f0
cc92
4707
4f74
2ea5
624a
8022
57d0
3aa1
cf5d
463a
4f37
2e8e
624f
a664
3f7b
42fd
d22f
456c
4efa
2e77
6254
fcb9
2397
4af9
d508
449d
4ebd
2e60
6259
54d0
05b6
5288
d7e7
43cd
4e7f
2e49
625d
7f67
e783
59a2
dacc
42fc
4e42
2e32
6262
65a5
caaf
603a
ddb6
422a
4e04
2e1b
6267
155b
b0d6
6647
e0a5
4158
4dc7
2e04
626c
b99c
9b6c
6bc2
e399
4084
4d89
2ded
6271
83a1
8ba3
70a1
e690
3faf
4d4b
2dd6
6276
905e
825e
74df
e98c
3ed9
4d0d
2dbf
627b
d8ff
8020
7874
ec8a
3e03
4ccf
2da8
6280
368c
850b
7b5c
ef8b
3d2c
4c91
2d91
6285
76d6
90d8
7d92
f28f
3c53
4c52
2d7a
628a
7760
a2dd
7f14
f595
3b7a
4c14
2d63
628f
37de
ba19
7fdf
f89c
3aa0
4bd5
2d4d
6294
da64
d53f
7ff1
fba4
39c5
4b97
2d36
6299
9117
f2c9
7f4c
fead
38ea
4b58
2d1f
629e
834a
1110
7df0
01b6
380d
4b19
2d08
62a3
b865
2e63
7bde
04bf
3730
4ada
2cf1
62a8
13ea
491d
791a
07c7
3652
4a9b
2cda
62ad
64c0
5fc0
75a8
0ace
3573
4a5c
2cc2
62b2
7f89
7107
718d
0dd3
3493
4a1d
2cab
62b7
55e7
7bfa
6cce
10d7
33b3
49dd
2c94
62bc
fe2f
7ffd
6772
13d8
32d1
499e
2c7d
62c1
a770
7cd6
6182
16d6
31f0
495e
2c66
62c6
8035
72b2
5b06
19d1
310d
491e
2c4f
62cb
9d88
6223
5406
1cc8
302a
48de
2c38
62cf
efaf
4c15
4c8e
1fbb
2f46
489e
2c21
62d4
4a97
31c6
44a7
22a9
2e61
485e
2c0a
62d9
7d7a
14ad
3c5e
2593
2d7c
481e
2bf3
62de
6d0d
f66c
33be
2877
2c96
47de
2bdc
62e3
221f
d8b4
2ad3
2b55
2baf
479e
2bc5
62e8
c4e3
bd30
21ab
2e2d
2ac8
475d
2bae
62ed
875d
a568
1852
30ff
29e0
471d
2b97
62f2
8a8f
92b3
0ed6
33c9
28f7
46dc
2b80
62f7
ccc3
861c
0545
368c
280e
469b
2b68
62fc
2a73
8057
fbad
3947
2724
465a
2b51
6301
715e
81b8
f21a
3bf9
263a
4619
2b3a
6306
7b77
8a2a
e89c
3ea3
254f
45d8
2b23
630b
4353
9934
df3f
4145
2464
4597
2b0c
6310
e712
ae00
d611
43dc
2378
4556
2af5
6314
9830
c762
cd20
466a
228c
4515
2ade
6319
8100
e3f0
c478
48ee
219f
44d3
2ac6
631e
adf2
020f
bc25
4b67
20b2
4492
2aaf
6323
06e9
2011
b435
4dd6
1fc4
4450
2a98
6328
5c2b
3c48
acb1
5039
1ed6
440e
2a81
632d
7ffb
551f
a5a5
5290
1de7
43cc
2a6a
6332
5f22
6932
9f1b
54dc
1cf8
438a
2a53
6337
0b40
7762
991d
571c
1c08
4348
2a3b
633c
b154
7ee3
93b2
594f
1b18
4306
2a24
6341
819d
7f4b
8ee4
5b75
1a28
42c4
2a0d
6346
95b4
7892
8ab8
5d8e
1937
4281
29f6
634b
e2d1
6b1a
8735
5f9a
1846
423f
29df
634f
3f96
57a3
8460
6197
1755
41fc
29c7
6354
7a3f
3f44
823c
6387
1663
41ba
29b0
6359
7352
235b
80ce
6569
1571
4177
2999
635e
2e88
0577
8017
673b
147e
4134
2982
6363
d0c7
e745
8017
68ff
138c
40f1
296a
6368
8c5c
ca76
80d0
6ab4
1299
40ae
2953
636d
85fb
b0a5
8240
6c5a
11a5
406b
293c
6372
c110
9b46
8465
6def
10b2
4028
2925
6377
1de9
8b89
873b
6f76
0fbe
3fe5
290d
637b
6ab6
8252
8ac0
70ec
0eca
3fa1
28f6
6380
7e44
8023
8eed
7251
0dd6
3f5e
28df
6385
4e15
851d
93bc
73a7
0ce2
3f1a
28c8
638a
f402
90f7
9928
74eb
0bed
3ed7
28b0
638f
a05e
a308
9f28
761f
0af8
3e93
2899
6394
8009
ba4e
a5b2
7742
0a03
3e4f
2882
6399
a45a
d57a
acbf
7853
090e
3e0b
286a
639e
f9d6
f307
b444
7954
0819
3dc7
2853
63a3
52a0
114e
bc36
7a43
0724
3d83
283c
63a7
7f17
2e9d
c489
7b20
062f
3d3f
2824
63ac
6760
4951
cd31
7beb
0539
3cfb
280d
63b1
1833
5fe9
d623
7ca5
0444
3cb6
27f6
63b6
bc0b
7124
df51
7d4d
034e
3c72
27de
63bb
8458
7c09
e8ae
7de3
0258
3c2d
27c7
63c0
8efb
7ffd
f22d
7e66
0163
3be9
27b0
63c5
d641
7cc8
fbc0
7ed8
006d
3ba4
2798
63ca
33ec
7296
0558
7f37
ff77
3b5f
2781
63ce
75bc
61fa
0ee9
7f84
fe81
3b1a
2769
63d3
7863
4be3
1865
7fbe
fd8c
3ad5
2752
63d8
3a74
318c
21bd
7fe6
fc96
3a90
273b
63dd
dd29
146f
2ae5
7ffc
fba0
3a4b
2723
63e2
928f
f62e
33cf
7fff
faab
3a06
270c
63e7
82ac
d879
3c6f
7ff0
f9b5
39c1
26f5
63ec
b605
bcfa
44b7
7fce
f8c0
397b
26dd
63f0
110e
a53c
4c9d
7f9a
f7cb
3936
26c6
63f5
62f1
9293
5415
7f54
f6d6
38f0
26ae
63fa
7fc0
8609
5b13
7efb
f5e1
38ab
2697
63ff
5805
8053
618f
7e90
f4ec
3865
267f
6404
0112
81c2
677e
7e13
f3f7
381f
2668
6409
a98c
8a42
6cd8
7d84
f302
37d9
2651
640e
8067
995a
7195
7ce2
f20e
3793
2639
6412
9bb6
ae30
75b0
7c2f
f11a
374d
2622
6417
ecd3
c79a
7920
7b6a
f026
3707
260a
641c
4839
e42d
7be3
7a93
ef32
36c1
25f3
6421
7ce0
024e
7df3
79aa
ee3f
367b
25db
6426
6e89
204e
7f4e
78b0
ed4c
3634
25c4
642b
24e6
3c7f
7ff2
77a4
ec59
35ee
25ac
642f
c776
554e
7fde
7687
eb66
35a7
2595
6434
885c
6956
7f11
755a
ea74
3561
257d
6439
8971
7779
7d8e
741b
e982
351a
2566
643e
ca20
7eec
7b57
72cb
e890
34d3
254e
6443
27b7
7f44
786d
716b
e79e
348c
2537
6448
6fff
787d
74d7
6ffb
e6ad
3446
251f
644c
7c32
6af7
7098
6e7b
e5bd
33ff
2508
6451
45c4
5775
6bb7
6cea
e4cc
33b8
24f0
6456
e9e9
3f0e
663c
6b4a
e3dc
3370
24d9
645b
99e7
231f
602d
699b
e2ed
3329
24c1
6460
80ac
0539
5994
67dc
e1fe
32e2
24aa
6465
abbf
e708
527a
660f
e10f
329b
2492
6469
0406
ca3d
4ae9
6432
e021
3253
247b
646e
5a24
b074
42ed
6248
df33
320c
2463
6473
7fe6
9b1f
3a90
604f
de46
31c4
244b
6478
610b
8b70
31df
5e48
dd59
317d
2434
647d
0e20
8246
28e6
5c34
dc6d
3135
241c
6481
b3a1
8026
1fb2
5a12
db81
30ed
2405
6486
821b
852e
1651
57e4
da96
30a5
23ed
648b
941f
9116
0ccf
55a8
d9ab
305d
23d6
6490
e003
a333
033c
5361
d8c1
3015
23be
6495
3d10
ba82
f9a3
510d
d7d7
2fcd
23a6
6499
795b
d5b5
f014
4eae
d6ee
2f85
238f
649e
748b
f345
e69b
4c44
d606
2f3d
2377
64a3
3135
118c
dd47
49ce
d51e
2ef5
2360
64a8
d379
2ed8
d426
474e
d437
2eac
2348
64ad
8da0
4984
cb43
44c4
d350
2e64
2330
64b1
8523
6013
c2ac
422f
d26a
2e1c
2319
64b6
be90
7141
ba6d
3f92
d185
2dd3
2301
64bb
1b18
7c19
b292
3ceb
d0a0
2d8b
22e9
64c0
6917
7ffe
ab27
3a3b
cfbc
2d42
22d2
64c5
7eb5
7cba
a436
3783
ced9
2cf9
22ba
64c9
505a
727a
9dc9
34c3
cdf7
2cb0
22a2
64ce
f6e3
61d2
97ea
31fb
cd15
2c68
228b
64d3
a250
4bb0
92a0
2f2c
cc34
2c1f
2273
64d8
8000
3152
8df3
2c56
cb53
2bd6
225b
64dd
a25b
1431
89eb
297a
ca74
2b8d
2244
64e1
f6f3
f5ef
868c
2698
c995
2b43
222c
64e6
5066
d83d
83dc
23b1
c8b7
2afa
2214
64eb
7eb7
bcc5
81df
20c4
c7da
2ab1
21fd
64f0
690d
a510
8098
1dd2
c6fd
2a68
21e5
64f5
1b08
9272
8007
1add
c622
2a1e
21cd
64f9
be82
85f6
802f
17e3
c547
29d5
21b6
64fe
851f
804f
810f
14e6
c46d
298c
219e
6503
8da8
81cd
82a5
11e6
c394
2942
2186
6508
d389
8a5b
84f0
0ee3
c2bc
28f8
216e
650c
3145
997f
87ec
0bdf
c1e5
28af
2157
6511
7492
ae60
8b95
08d8
c10e
2865
213f
6516
7956
c7d2
8fe5
05d0
c039
281b
2127
651b
3d02
e46a
94d6
02c8
bf64
27d2
2110
651f
dff3
028c
9a62
ffbf
be90
2788
20f8
6524
9416
208a
a080
fcb6
bdbe
273e
20e0
6529
821e
3cb6
a727
f9ad
bcec
26f4
20c8
652e
b3ae
557c
ae4e
f6a6
bc1b
26aa
20b1
6532
0e30
6979
b5eb
f3a0
bb4b
2660
2099
6537
6116
778f
bdf2
f09b
ba7c
2615
2081
653c
7fe6
7ef4
c659
ed99
b9af
25cb
2069
6541
5a19
7f3d
cf12
ea99
b8e2
2581
2051
6546
03f6
7868
d812
e79d
b816
2537
203a
654a
abb3
6ad5
e14b
e4a4
b74b
24ec
2022
654f
80aa
5747
eab0
e1af
b682
24a2
200a
6554
99f1
3ed7
f434
debe
b5b9
2457
1ff2
6558
e9f9
22e3
fdc9
dbd2
b4f1
240d
1fdb
655d
45d2
04fa
0761
d8eb
b42b
23c2
1fc3
6562
7c36
e6cb
10ef
d60a
b365
2378
1fab
6567
6ff7
ca04
1a64
d32f
b2a1
232d
1f93
656b
27a7
b043
23b3
d05b
b1de
22e2
1f7b
6570
ca12
9af9
2ccf
cd8d
b11c
2297
1f64
6575
896b
8b56
35ab
cac7
b05b
224d
1f4c
657a
8862
823a
3e39
c808
af9b
2202
1f34
657e
c785
8029
466d
c551
aedc
21b7
1f1c
6583
24f5
8540
4e3d
c2a3
ae1f
216c
1f04
6588
6e92
9136
559b
bffd
ad63
2121
1eec
658d
7cdd
a35f
5c7f
bd61
aca8
20d6
1ed4
6591
482b
bab7
62dd
bace
abee
208a
1ebd
6596
ecc2
d5f0
68ad
b846
ab35
203f
1ea5
659b
9bac
f383
6de7
b5c7
aa7e
1ff4
1e8d
65a0
8068
11ca
7282
b354
a9c7
1fa9
1e75
65a4
a998
2f12
7679
b0eb
a912
1f5d
1e5d
65a9
0123
49b7
79c5
ae8e
a85f
1f12
1e45
65ae
5811
603c
7c62
ac3c
a7ac
1ec7
1e2d
65b2
7fc1
715e
7e4c
a9f7
a6fb
1e7b
1e16
65b7
62e7
7c28
7f80
a7be
a64b
1e30
1dfe
65bc
10fe
7fff
7ffd
a591
a59c
1de4
1de6
65c1
b5f7
7cac
7fc2
a372
a4ef
1d99
1dce
65c5
82a8
725e
7ece
a160
a443
1d4d
1db6
65ca
9298
61aa
7d25
9f5b
a398
1d01
1d9e
65cf
dd39
4b7e
7ac7
9d65
a2ef
1cb6
1d86
65d3
3a82
3119
77b9
9b7d
a247
1c6a
1d6e
65d8
7868
13f4
73fe
99a3
a1a0
1c1e
1d56
65dd
75b6
f5b1
6f9c
97d8
a0fb
1bd2
1d3e
65e2
33dd
d802
6a9a
961c
a057
1b86
1d27
65e6
d632
bc90
64fe
946f
9fb4
1b3b
1d0f
65eb
8ef4
a4e4
5ed2
92d1
9f13
1aef
1cf7
65f0
845c
9252
581c
9144
9e73
1aa3
1cdf
65f4
bc19
85e3
50e8
8fc6
9dd5
1a57
1cc7
65f9
1843
804a
4940
8e58
9d38
1a0b
1caf
65fe
676a
81d7
412e
8cfb
9c9c
19be
1c97
6602
7f16
8a74
38be
8bae
9c02
1972
1c7f
6607
5294
99a5
2ffc
8a73
9b6a
1926
1c67
660c
f9c5
ae90
26f6
8948
9ad2
18da
1c4f
6610
a44e
c80b
1db8
882e
9a3d
188e
1c37
6615
8008
e4a7
144e
8725
99a8
1841
1c1f
661a
a069
02cb
0ac8
862e
9915
17f5
1c07
661f
f412
20c7
0132
8548
9884
17a9
1bef
6623
4e22
3ced
f79a
8474
97f4
175c
1bd7
6628
7e47
55ab
ee0e
83b2
9766
1710
1bbf
662d
6aad
699d
e49d
8301
96d9
16c3
1ba7
6631
1dd9
77a5
db52
8263
964e
1677
1b8f
6636
c101
7efc
d23d
81d7
95c4
162a
1b77
663b
85f6
7f36
c969
815d
953c
15de
1b5f
663f
8c63
7852
c0e4
80f5
94b5
1591
1b47
6644
d0d6
6ab2
b8b9
809f
9430
1545
1b2f
6649
2e97
571a
b0f5
805c
93ac
14f8
1b17
664d
7359
3ea1
a9a3
802b
932a
14ab
1aff
6652
7a3a
22a6
a2ce
800c
92a9
145f
1ae7
6657
3f88
04bc
9c7e
8000
922a
1412
1acf
665b
e2c1
e68d
96bd
8007
91ad
13c5
1ab7
6660
95ab
c9cb
9194
801f
9131
1378
1a9f
6665
81a0
b012
8d0a
804a
90b7
132c
1a87
6669
b161
9ad2
8925
8088
903e
12df
1a6f
666e
0b50
8b3c
85eb
80d8
8fc7
1292
1a57
6673
5f2d
822f
8361
813a
8f52
1245
1a3f
6677
7ffb
802d
818b
81af
8ede
11f8
1a27
667c
5c20
8552
806a
8235
8e6c
11ab
1a0f
6681
06d9
9155
8000
82ce
8dfb
115e
19f7
6685
ade5
a38a
804f
8379
8d8d
1111
19df
668a
80fe
baeb
8156
8435
8d1f
10c4
19c7
668f
983a
d62b
8313
8504
8cb4
1077
19ae
6693
e722
f3c2
8584
85e4
8c4a
102a
1996
6698
4361
1208
88a5
86d6
8be2
0fdd
197e
669d
7b7b
2f4c
8c71
87d9
8b7b
0f90
1966
66a1
7156
49ea
90e4
88ee
8b16
0f43
194e
66a6
2a64
6065
95f7
8a13
8ab3
0ef6
1936
66aa
ccb4
717b
9ba3
8b4a
8a52
0ea8
191e
66af
8a89
7c37
a1de
8c92
89f2
0e5b
1906
66b4
8763
7fff
a8a2
8dea
8994
0e0e
18ee
66b8
c4f1
7c9d
afe3
8f52
8937
0dc1
18d6
66bd
222f
7242
b797
90cb
88dd
0d73
18be
66c2
6d16
6181
bfb4
9254
8884
0d26
18a5
66c6
7d77
4b4b
c82d
93ec
882c
0cd9
188d
66cb
4a89
30df
d0f6
9594
87d7
0c8c
1875
66d0
ef9f
13b6
da03
974c
8783
0c3e
185d
66d4
9d7e
f573
e347
9912
8731
0bf1
1845
66d9
8036
d7c6
ecb4
9ae7
86e1
0ba3
182d
66dd
a77c
bc5b
f63c
9ccb
8692
0b56
1815
66e2
fe3f
a4b8
ffd3
9ebd
8645
0b09
17fd
66e7
55f3
9232
096a
a0bd
85fa
0abb
17e4
66eb
7f8b
85d1
12f4
a2cb
85b1
0a6e
17cc
66f0
64b6
8046
1c62
a4e6
8569
0a20
17b4
66f5
13da
81e2
25a7
a70f
8523
09d3
179c
66f9
b857
8a8d
2eb7
a944
84df
0985
1784
66fe
8347
99ca
3783
ab86
849d
0938
176c
6702
911f
aec1
3fff
add3
845d
08ea
1754
6707
da73
c843
481f
b02d
841e
089d
173b
670c
37ed
e4e4
4fd7
b292
83e1
084f
1723
6710
7765
0309
571d
b502
83a6
0802
170b
6715
76d0
2103
5de5
b77d
836c
07b4
16f3
6719
367e
3d24
6426
ba03
8335
0767
16db
671e
d8ef
55d9
69d6
bc93
82ff
0719
16c2
6723
9056
69c0
6eef
bf2c
82cb
06cb
16aa
6727
83a5
77bb
7368
c1ce
8299
067e
1692
672c
b9aa
7f03
773b
c47a
8269
0630
167a
6730
156b
7f2f
7a62
c72e
823a
05e3
1662
6735
65af
783d
7cd9
c9eb
820d
0595
164a
673a
7f66
6a90
7e9d
ccaf
81e2
0547
1631
673e
54c4
56ec
7faa
cf7a
81b9
04fa
1619
6743
fca8
3e6a
7fff
d24d
8192
04ac
1601
6747
a658
226a
7f9d
d526
816d
045e
15e9
674c
8021
047d
7e83
d805
8149
0411
15d1
6751
9e84
e650
7cb3
daea
8127
03c3
15b8
6755
f133
c993
7a2f
ddd4
8107
0375
15a0
675a
4bd3
afe1
76fc
e0c3
80e9
0328
1588
675e
7dc5
9aac
731d
e3b7
80cd
02da
1570
6763
6c3f
8b22
6e99
e6af
80b2
028c
1557
6767
20a6
8223
6976
e9aa
8099
023f
153f
676c
c389
8030
63bb
eca9
8083
01f1
1527
6771
86dd
8564
5d70
efab
806e
01a3
150f
6775
8b2d
9174
569f
f2ae
805a
0156
14f6
677a
ce2a
a3b5
4f51
f5b4
8049
0108
14de
677e
2be3
bb20
4791
f8bb
803a
00ba
14c6
6783
7211
d666
3f6a
fbc4
802c
006c
14ae
6787
7b0d
f400
36e8
fecc
8020
001f
1495
678c
4206
1246
2e17
01d5
8016
ffd1
147d
6791
e593
2f86
2504
04de
800e
ff83
1465
6795
974d
4a1d
1bbb
07e6
8008
ff36
144d
679a
8133
608f
124a
0aed
8003
fee8
1434
679e
af1f
7198
08bf
0df3
8001
fe9a
141c
67a3
086f
7c46
ff28
10f6
8000
fe4d
1404
67a7
5d39
7fff
f592
13f7
8001
fdff
13ec
67ac
7fff
7c8f
ec0a
16f5
8004
fdb1
13d3
67b1
5e1b
7226
e2a0
19f0
8009
fd63
13bb
67b5
09bb
6159
d960
1ce7
800f
fd16
13a3
67ba
b022
4b19
d057
1fd9
8018
fcc8
138b
67be
8162
30a5
c793
22c8
8022
fc7a
1372
67c3
968f
1378
bf20
25b1
802e
fc2d
135a
67c7
e44e
f534
b70a
2895
803c
fbdf
1342
67cc
40e8
d78b
af5e
2b73
804c
fb91
1329
67d0
7ab0
bc26
a825
2e4a
805e
fb44
1311
67d5
72a6
a48c
a16b
311b
8071
faf6
12f9
67da
2d1b
9212
9b39
33e5
8087
faa8
12e0
67de
cf5d
85be
9598
36a8
809e
fa5b
12c8
67e3
8bb6
8042
9090
3963
80b7
fa0d
12b0
67e7
8673
81ed
8c28
3c15
80d2
f9c0
1298
67ec
c265
8aa6
8867
3ebf
80ee
f972
127f
67f0
1f64
99f0
8552
415f
810d
f924
1267
67f5
6b8c
aef1
82ee
43f7
812d
f8d7
124f
67f9
7e01
c87b
813e
4684
814f
f889
1236
67fe
4cde
e521
8044
4908
8173
f83c
121e
6802
f27d
0348
8002
4b80
8199
f7ee
1206
6807
9f5c
2140
8078
4dee
81c0
f7a1
11ed
680b
8014
3d5b
81a5
5051
81ea
f753
11d5
6810
a56c
5608
8389
52a8
8215
f705
11bd
6814
fb5c
69e3
861f
54f4
8242
f6b8
11a4
6819
53c9
77d2
8965
5733
8271
f66a
118c
681d
7f44
7f0b
8d56
5965
82a2
f61d
1174
6822
6678
7f28
91eb
5b8b
82d4
f5d0
115b
6827
16b3
7827
971f
5da3
8308
f582
1143
682b
bac1
6a6d
9cea
5fae
833f
f535
112b
6830
83f5
56be
a343
61ac
8376
f4e7
1112
6834
8fb5
3e33
aa22
639b
83b0
f49a
10fa
6839
d7b3
222e
b17c
657c
83ec
f44c
10e2
683d
3550
043f
b948
674e
8429
f3ff
10c9
6842
7653
e613
c179
6911
8468
f3b2
10b1
6846
77dc
c95a
ca04
6ac5
84a9
f364
1098
684b
3917
afb0
d2dd
6c6a
84eb
f317
1080
684f
dbb2
9a86
dbf6
6dff
8530
f2ca
1068
6854
91c7
8b09
e544
6f85
8576
f27c
104f
6858
82fd
8218
eeb8
70fa
85be
f22f
1037
685d
b745
8033
f845
725f
8607
f1e2
101f
6861
1291
8576
01dd
73b4
8653
f195
1006
6866
63e7
9194
0b72
74f8
86a0
f148
0fee
686a
7fa5
a3e0
14f7
762b
86ef
f0fa
0fd5
686f
56e8
bb55
1e5e
774d
873f
f0ad
0fbd
6873
ff8c
d6a1
2799
785e
8792
f060
0fa5
6878
a86e
f43e
309b
795e
87e6
f013
0f8c
687c
804b
1284
3957
7a4c
883c
efc6
0f74
6881
9cab
2fc0
41c1
7b28
8893
ef79
0f5b
6885
ee55
4a50
49cc
7bf3
88ec
ef2c
0f43
688a
497a
60b8
516c
7cac
8947
eedf
0f2b
688e
7d34
71b5
5898
7d53
89a4
ee92
0f12
6892
6dc2
7c55
5f44
7de8
8a03
ee45
0efa
6897
236f
7fff
6567
7e6b
8a63
edf8
0ee1
689b
c619
7c80
6af8
7edc
8ac4
edab
0ec9
68a0
87d3
7209
6ff0
7f3a
8b28
ed5e
0eb1
68a4
8a06
6130
7446
7f86
8b8d
ed11
0e98
68a9
cb84
4ae6
77f5
7fc0
8bf4
ecc4
0e80
68ad
2929
306b
7af7
7fe7
8c5c
ec78
0e67
68b2
70ba
133a
7d48
7ffc
8cc7
ec2b
0e4f
68b6
7bd1
f4f6
7ee5
7fff
8d32
ebde
0e37
68bb
447b
d750
7fcc
7fef
8da0
eb91
0e1e
68bf
e868
bbf1
7ffa
7fcd
8e0f
eb45
0e06
68c4
98fe
a461
7f71
7f98
8e80
eaf8
0ded
68c8
80d6
91f2
7e30
7f51
8ef2
eaab
0dd5
68cd
ace7
85ab
7c39
7ef7
8f66
ea5f
0dbc
68d1
058c
803e
7990
7e8c
8fdc
ea12
0da4
68d6
5b38
81f7
7638
7e0e
9053
e9c6
0d8c
68da
7ff3
8abf
7236
7d7e
90cc
e979
0d73
68de
600b
9a16
6d8f
7cdb
9147
e92d
0d5b
68e3
0c9b
af21
684b
7c27
91c3
e8e0
0d42
68e7
b269
c8b4
6270
7b61
9240
e894
0d2a
68ec
81d6
e55e
5c08
7a8a
92c0
e847
0d11
68f0
94f3
0387
551c
79a0
9340
e7fb
0cf9
68f5
e17e
217c
4db5
78a5
93c3
e7af
0ce0
68f9
3e66
3d92
45de
7799
9447
e762
0cc8
68fe
79d5
5636
3da3
767c
94cc
e716
0cb0
6902
73e8
6a06
350f
754d
9553
e6ca
0c97
6906
2fcc
77e8
2c2f
740e
95dc
e67e
0c7f
690b
d20c
7f13
230f
72be
9666
e632
0c66
690f
8cf3
7f21
19bd
715d
96f2
e5e6
0c4e
6914
8593
7812
1045
6fec
977f
e59a
0c35
6918
bfe1
6a4a
06b7
6e6b
980d
e54e
0c1d
691d
1c95
5690
fd1e
6cda
989e
e502
0c04
6921
69f4
3dfd
f38a
6b39
992f
e4b6
0bec
6926
7e7b
21f2
ea08
6989
99c2
e46a
0bd3
692a
4f28
0400
e0a5
67ca
9a57
e41e
0bbb
692e
f55e
e5d5
d76f
65fc
9aed
e3d2
0ba3
6933
a148
c921
ce74
641f
9b84
e386
0b8a
6937
8002
af80
c5c0
6234
9c1d
e33b
0b72
693c
a367
9a60
bd60
603a
9cb8
e2ef
0b59
6940
f879
8af0
b560
5e33
9d54
e2a3
0b41
6945
5195
820d
adcb
5c1e
9df1
e258
0b28
6949
7eec
8037
a6ac
59fc
9e8f
e20c
0b10
694d
682c
8588
a00e
57cd
9f2f
e1c0
0af7
6952
1989
91b4
99fa
5591
9fd1
e175
0adf
6956
bd33
a40c
9479
5349
a074
e12a
0ac6
695b
84b3
bb8a
8f93
50f5
a118
e0de
0aae
695f
8e59
d6dd
8b4e
4e95
a1bd
e093
0a95
6963
d4f8
f47d
87b1
4c2b
a264
e048
0a7d
6968
32ac
12c2
84c2
49b5
a30d
dffc
0a64
696c
7531
2ffa
8283
4734
a3b6
dfb1
0a4c
6971
78d7
4a83
80f9
44a9
a461
df66
0a33
6975
3ba9
60e1
8027
4215
a50d
df1b
0a1b
6979
de7a
71d2
800c
3f76
a5bb
ded0
0a02
697e
9346
7c64
80a9
3ccf
a66a
de85
09ea
6982
8267
7fff
81fd
3a1f
a71a
de3a
09d1
6987
b4e9
7c72
8407
3767
a7cb
ddef
09b9
698b
0fb4
71ed
86c3
34a6
a87e
dda4
09a0
698f
6212
6107
8a2d
31de
a932
dd59
0988
6994
7fd4
4ab3
8e41
2f0f
a9e7
dd0e
096f
6998
5901
3031
92f9
2c39
aa9e
dcc4
0957
699d
026f
12fc
984e
295d
ab55
dc79
093e
69a1
aa8f
f4b7
9e37
267a
ac0e
dc2e
0926
69a5
8085
d714
a4ae
2393
acc8
dbe4
090d
69aa
