0000
0000
0000
0000
0000
0000
0000
0000
6bb5
27ce
0cc7
040c
0148
0068
0021
000a
7464
4baa
196e
0817
028f
00cf
0042
0015
1210
6805
25d4
0c20
03d7
0137
0062
001f
9f21
7a0f
31d8
1026
051e
019e
0083
0029
8542
7ffe
3d5e
1428
0666
0206
00a4
0034
dc3c
793c
4846
1824
07ad
026e
00c5
003e
5418
6674
5276
1c1a
08f4
02d5
00e5
0049
7ea3
4983
5bd2
200a
0a3b
033d
0106
0053
34c0
2548
6444
23f1
0b81
03a4
0127
005d
ba5e
fd5a
6bb5
27ce
0cc7
040c
0148
0068
8000
d5b0
7213
2ba2
0e0d
0474
0168
0072
bb52
b237
774d
2f6a
0f53
04db
0189
007c
35c8
9676
7b56
3327
1098
0543
01aa
0087
7ecc
852c
7e23
36d6
11dd
05aa
01cb
0091
533d
8010
7fae
3a77
1321
0612
01ec
009b
db26
87a4
7ff2
3e09
1465
0679
020c
00a6
84f1
9b28
7eef
418b
15a8
06e1
022d
00b0
9fe0
b8ac
7ca7
44fd
16ea
0748
024e
00bb
132f
dd42
7920
485d
182d
07b0
026f
00c5
74db
054b
7464
4baa
196e
0817
028f
00cf
6b18
2cce
6e7e
4ee4
1aaf
087e
02b0
00da
fede
4fdf
677d
520a
1bef
08e6
02d1
00e4
93af
6b04
5f73
551b
1d2e
094d
02f2
00ee
8c16
7b8c
5676
5816
1e6d
09b5
0312
00f9
ef0f
7fd4
4c9b
5afa
1fab
0a1c
0333
0103
619c
776f
41fc
5dc7
20e8
0a83
0354
010d
7a6b
6331
36b4
607c
2224
0aea
0375
0118
22ad
451e
2ae1
6319
2360
0b52
0395
0122
ab0e
202f
1ea0
659c
249a
0bb9
03b6
012c
8188
f810
1210
6805
25d4
0c20
03d7
0137
cc48
d0ba
0553
6a53
270c
0c87
03f8
0141
4695
ae14
f887
6c87
2844
0cee
0418
014c
7ffd
938e
ebcf
6e9e
297a
0d55
0439
0156
43b9
83c9
df4a
7099
2ab0
0dbc
045a
0160
c931
8056
d31a
7277
2be4
0e23
047b
016b
810d
898b
c75b
7438
2d17
0e8a
049b
0175
ada1
9e80
bc2e
75dc
2e49
0ef1
04bc
017f
25ef
bd21
b1af
7761
2f7a
0f58
04dd
018a
7b5e
e262
a7f7
78c7
30aa
0fbf
04fe
0194
5f60
0a94
9f21
7a0f
31d8
1026
051e
019e
ebb2
31b9
9743
7b37
3306
108d
053f
01a9
8aaf
53f0
9070
7c40
3431
10f3
0560
01b3
9588
6dd4
8abb
7d29
355c
115a
0581
01be
0244
7cd4
8632
7df2
3685
11c1
05a1
01c8
6cea
7f72
82e0
7e9b
37ad
1227
05c2
01d2
736e
756d
80cf
7f23
38d3
128e
05e3
01dd
0fd1
5fc3
8003
7f8b
39f8
12f4
0604
01e7
9daa
409a
807e
7fd2
3b1c
135b
0624
01f1
85eb
1b09
823f
7ff9
3c3d
13c1
0645
01fc
de6b
f2c9
8542
7ffe
3d5e
1428
0666
0206
55ca
cbd9
897f
7fe3
3e7d
148e
0686
0210
7e4a
aa15
8eeb
7fa7
3f9a
14f4
06a7
021b
32ae
90d6
9578
7f4b
40b5
155a
06c8
0225
b87a
829d
9d16
7ece
41cf
15c0
06e9
0230
8008
80d4
a5b1
7e30
42e7
1626
0709
023a
bd3e
8ba7
af33
7d72
43fe
168d
072a
0244
37d4
a204
b983
7c94
4513
16f2
074b
024f
7f16
c1b3
c488
7b96
4626
1758
076b
0259
5181
e78f
d025
7a79
4737
17be
078c
0263
d8fc
0fd8
dc3c
793c
4846
1824
07ad
026e
8456
368f
e8af
77e0
4954
188a
07ce
0278
a163
57dd
f55d
7666
4a5f
18ef
07ee
0282
156c
7074
0227
74cd
4b69
1955
080f
028d
75c3
7de4
0eeb
7316
4c71
19bb
0830
0297
69d6
7ed8
1b89
7142
4d77
1a20
0850
02a1
fc9a
7338
27e1
6f51
4e7b
1a85
0871
02ac
927e
5c2b
33d2
6d43
4f7c
1aeb
0892
02b6
8d11
3bfa
3f3f
6b19
507c
1b50
08b3
02c1
f14f
15d6
4a0a
68d4
517a
1bb5
08d3
02cb
630f
ed88
5418
6674
5276
1c1a
08f4
02d5
79bc
c70f
5d4f
63fa
536f
1c7f
0915
02e0
207d
a63b
6597
6166
5467
1ce4
0935
02ea
a960
8e4e
6cdb
5eba
555c
1d49
0956
02f4
81e7
81a8
7309
5bf5
564f
1dae
0977
02ff
ce5d
818a
7810
5918
5740
1e13
0997
0309
4876
8df5
7be5
5625
582f
1e78
09b8
0313
7ff0
a5b0
7e7c
531c
591b
1edc
09d9
031e
41ca
c660
7fd0
4ffd
5a05
1f41
09f9
0328
c727
ecc7
7fdd
4cca
5aed
1fa5
0a1a
0333
80c8
1516
7ea3
4983
5bd2
200a
0a3b
033d
af60
3b4d
7c25
462a
5cb5
206e
0a5b
0347
2818
5ba3
786a
42be
5d96
20d2
0a7c
0352
7bf3
72e3
737a
3f42
5e75
2136
0a9d
035c
5dd9
7ebe
6d63
3bb5
5f50
219a
0abd
0366
e976
7e07
6635
3819
602a
21fe
0ade
0371
89cc
70d1
5e01
346e
6101
2262
0aff
037b
96cf
586a
54dc
30b6
61d6
22c6
0b1f
0385
0488
373f
4adf
2cf2
62a8
2329
0b40
0390
6e17
109a
4021
2922
6377
238d
0b61
039a
726e
e84f
34c0
2548
6444
23f1
0b81
03a4
0d91
c25d
28d8
2164
650e
2454
0ba2
03af
9c3a
a289
1c88
1d78
65d6
24b7
0bc2
03b9
869f
8bf9
0fee
1984
669b
251a
0be3
03c4
e09c
80eb
032c
1589
675e
257e
0c04
03ce
5775
8277
f661
1189
681e
25e1
0c24
03d8
7de6
9076
e9b0
0d85
68db
2644
0c45
03e3
3097
a985
dd37
097d
6996
26a6
0c66
03ed
b69b
cb27
d117
0572
6a4e
2709
0c86
03f7
801a
f207
c56f
0166
6b03
276c
0ca7
0402
bf2f
1a4a
ba5e
fd5a
6bb5
27ce
0cc7
040c
39dc
3ff1
affe
f94f
6c65
2831
0ce8
0416
7f56
5f41
a66b
f545
6d12
2893
0d09
0421
4fbe
751f
9dbc
f13e
6dbc
28f5
0d29
042b
d6d5
7f5f
960a
ed3b
6e63
2957
0d4a
0435
83c5
7cfe
8f66
e93c
6f08
29b9
0d6a
0440
a2ed
6e38
89e2
e544
6fa9
2a1b
0d8b
044a
17a7
5483
858d
e152
7048
2a7d
0dab
0455
76a2
326d
8271
dd68
70e4
2adf
0dcc
045f
688b
0b56
8096
d987
717d
2b40
0ded
0469
fa56
e320
8000
d5b0
7213
2ba2
0e0d
0474
9156
bdc7
80b3
d1e3
72a6
2c03
0e2e
047e
8e15
9eff
82aa
ce23
7336
2c64
0e4e
0488
f390
89d6
85e3
ca6f
73c4
2cc6
0e6f
0493
647a
8065
8a53
c6c9
744e
2d27
0e8f
049d
7904
839b
8ff1
c331
74d5
2d88
0eb0
04a7
1e4b
9327
96ae
bfaa
755a
2de8
0ed1
04b2
a7b8
ad7f
9e77
bc32
75db
2e49
0ef1
04bc
824f
d005
a73b
b8cc
7659
2eaa
0f12
04c6
d076
f74d
b0e1
b578
76d5
2f0a
0f32
04d1
4a51
1f72
bb52
b237
774d
2f6a
0f53
04db
7fd9
4479
c672
af0b
77c2
2fca
0f73
04e6
3fd6
62b6
d226
abf2
7834
302b
0f94
04f0
c522
7728
de4e
a8f0
78a3
308a
0fb4
04fa
808d
7fca
eacd
a604
790f
30ea
0fd5
0505
b126
7bbf
f783
a32e
7978
314a
0ff5
050f
2a3d
6b6e
044e
a071
79de
31aa
1016
0519
7c7f
5077
110e
9dcc
7a41
3209
1036
0524
5c4b
2d84
1da2
9b40
7aa0
3268
1057
052e
e73c
060e
29eb
98ce
7afd
32c8
1077
0538
88f2
ddfe
35c8
9676
7b56
3327
1098
0543
981d
b94e
411c
9439
7bac
3385
10b8
054d
06cb
9ba0
4bc9
9218
7bff
33e4
10d9
0557
6f3a
87e7
55b4
9013
7c4f
3443
10f9
0562
7166
8016
5ec5
8e2b
7c9b
34a1
111a
056c
0b50
84f5
66e2
8c60
7ce5
3500
113a
0576
9ad3
9608
6df9
8ab2
7d2b
355e
115b
0581
875c
b19d
73f6
8922
7d6e
35bc
117b
058b
e2cf
d4f8
78cb
87b1
7dad
361a
119c
0596
5919
fc97
7c6b
865f
7dea
3678
11bc
05a0
7d78
248d
7ecc
852c
7e23
36d6
11dd
05aa
2e7c
48e3
7fe9
8418
7e59
3733
11fd
05b5
b4c3
65ff
7fbf
8324
7e8c
3791
121d
05bf
8036
78fd
7e4f
8250
7ebc
37ee
123e
05c9
c126
7ffc
7b9b
819c
7ee8
384b
125e
05d4
3bdf
7a49
77ab
8108
7f11
38a8
127f
05de
7f8c
6876
7289
8095
7f37
3905
129f
05e8
4df5
4c47
6c41
8043
7f5a
3962
12c0
05f3
d4b1
2888
64e5
8011
7f79
39be
12e0
05fd
833f
00c3
5c87
8000
7f95
3a1b
1300
0607
a47f
d8eb
533d
8010
7fae
3a77
1321
0612
19e0
b4f4
491d
8040
7fc3
3ad3
1341
061c
7777
986d
3e42
8092
7fd6
3b2f
1362
0626
6738
862c
32c8
8103
7fe5
3b8b
1382
0631
f813
8000
26cd
8196
7ff0
3be6
13a2
063b
9037
8686
1a6e
8248
7ff9
3c42
13c3
0645
8f22
9917
0dcb
831b
7ffe
3c9d
13e3
0650
f5d1
b5dd
0105
840e
7fff
3cf8
1403
065a
65de
d9fe
f43c
8521
7fff
3d53
1424
0665
7842
01e3
e792
8653
7ffa
3dae
1444
066f
1c16
2998
db26
87a4
7ff2
3e09
1465
0679
a618
4d2d
cf18
8914
7fe7
3e64
1485
0684
82c2
691b
c388
8aa2
7fd8
3ebe
14a5
068e
d292
7a9d
b892
8c4f
7fc7
3f18
14c6
0698
4c27
7ff6
ae53
8e19
7fb2
3f72
14e6
06a3
7fb8
789e
a4e4
9000
7f99
3fcc
1506
06ad
3ddc
6550
9c5f
9204
7f7e
4026
1527
06b7
c321
47f6
94d9
9424
7f5f
4080
1547
06c2
805d
2379
8e64
9660
7f3d
40d9
1567
06cc
b2f2
fb78
8912
98b7
7f17
4132
1587
06d6
2c5f
d3e9
84f1
9b28
7eef
418b
15a8
06e1
7d01
b0ba
820a
9db3
7ec3
41e4
15c8
06eb
5ab5
9568
8066
a057
7e94
423d
15e8
06f5
e504
84a7
8007
a313
7e62
4296
1609
0700
8822
8022
80f1
a5e8
7e2c
42ee
1629
070a
9974
884c
831f
a8d3
7df3
4346
1649
0714
090e
9c54
868c
abd5
7db7
439e
1669
071f
7055
ba3e
8b30
aeec
7d78
43f6
168a
0729
7054
df14
9100
b218
7d36
444e
16aa
0733
090d
072d
97ea
b558
7cf0
44a5
16ca
073e
9974
2e91
9fe0
b8ac
7ca7
44fd
16ea
0748
8822
5156
a8cb
bc11
7c5b
4554
170b
0753
e505
6c0a
b295
bf88
7c0c
45ab
172b
075d
5ab6
7c07
bd25
c30f
7bb9
4602
174b
0767
7d01
7fb8
c860
c6a6
7b64
4659
176b
0772
2c5e
76be
d42a
ca4c
7b0b
46af
178c
077c
b2f1
61fe
e063
cdff
7aaf
4705
17ac
0786
805d
4385
ecee
d1bf
7a50
475b
17cc
0791
c322
1e5b
f9a9
d58b
79ee
47b1
17ec
079b
3ddd
f62e
0674
d962
7989
4807
180c
07a5
7fb8
cefb
132f
dd42
7920
485d
182d
07b0
4c26
aca4
1fb9
e12c
78b5
48b2
184d
07ba
d291
9291
2bf2
e51e
7846
4907
186d
07c4
82c2
8358
37ba
e916
77d5
495c
188d
07cf
a618
807c
42f4
ed14
7760
49b1
18ad
07d9
1c17
8a46
4d82
f117
76e8
4a06
18cd
07e3
7843
9fbc
574b
f51e
766d
4a5a
18ed
07ee
65dd
bebe
6034
f928
75ef
4aae
190e
07f8
f5d0
e439
6826
fd33
756f
4b03
192e
0802
8f21
0c75
6f0f
013f
74eb
4b56
194e
080d
9038
3375
74db
054b
7464
4baa
196e
0817
f814
555a
797d
0956
73da
4bfe
198e
0821
6739
6ec9
7ce8
0d5e
734d
4c51
19ae
082c
7777
7d3b
7f13
1162
72bd
4ca4
19ce
0836
19df
7f42
7ff9
1563
722b
4cf7
19ee
0840
a47e
74aa
7f98
195d
7195
4d4a
1a0e
084b
833f
5e80
7df1
1d52
70fd
4d9c
1a2f
0855
d4b2
3ef7
7b07
213e
7061
4dee
1a4f
085f
4df6
1930
76e3
2523
6fc3
4e40
1a6f
086a
7f8c
f0e9
718e
28fd
6f22
4e92
1a8f
0874
3bde
ca21
6b18
2cce
6e7e
4ee4
1aaf
087e
c125
a8b1
638f
3092
6dd7
4f36
1acf
0889
8036
8fea
5b07
344b
6d2d
4f87
1aef
0893
b4c4
8240
5197
37f6
6c81
4fd8
1b0f
089d
2e7d
810e
4756
3b92
6bd1
5029
1b2f
08a8
7d79
8c73
3c5f
3f20
6b1f
5079
1b4f
08b2
5918
a34e
30cd
429d
6a6b
50ca
1b6f
08bc
e2ce
c35a
24be
4609
69b3
511a
1b8f
08c7
875b
e96a
1851
4963
68f9
516a
1baf
08d1
9ad4
11b7
0ba7
4cab
683c
51ba
1bcf
08db
0b51
3842
fede
4fdf
677d
520a
1bef
08e6
7166
5939
f218
52fe
66bb
5259
1c0f
08f0
6f3a
7157
e576
5608
65f6
52a8
1c2f
08fb
06ca
7e38
d918
58fc
652e
52f7
1c4f
0905
981d
7e94
cd1d
5bda
6464
5346
1c6f
090f
88f3
7263
c1a4
5e9f
6398
5395
1c8f
091a
e73d
5ad9
b6cb
614d
62c9
53e3
1caf
0924
5c4c
3a4e
acad
63e2
61f7
5431
1ccf
092e
7c7f
13fa
a365
665d
6123
547f
1cef
0939
2a3c
ebab
9b09
68be
604c
54cd
1d0e
0943
b125
c560
93af
6b04
5f73
551b
1d2e
094d
808d
a4e5
8d6b
6d2f
5e98
5568
1d4e
0958
c523
8d74
884b
6f3d
5dba
55b5
1d6e
0962
3fd7
815e
845e
7130
5cd9
5602
1d8e
096c
7fd9
81d8
81ad
7305
5bf7
564e
1dae
0977
4a51
8ed4
803f
74bd
5b12
569b
1dce
0981
d075
a709
8018
7657
5a2a
56e7
1dee
098b
824f
c811
8138
77d3
5940
5733
1e0e
0996
a7b9
eea5
839c
7930
5854
577f
1e2d
09a0
1e4c
16f1
873f
7a6e
5766
57ca
1e4d
09aa
7904
3cf7
8c16
7b8c
5676
5816
1e6d
09b5
647a
5cf2
9216
7c8b
5583
5861
1e8d
09bf
f38f
73b4
992f
7d6b
548e
58ab
1ead
09c9
8e14
7efe
a14f
7e2a
5397
58f6
1ecc
09d4
9157
7daf
aa61
7ec8
529e
5940
1eec
09de
fa57
6fe9
b44e
7f47
51a2
598b
1f0c
09e8
688c
570b
befd
7fa4
50a5
59d5
1f2c
09f3
76a2
358a
ca52
7fe1
4fa5
5a1e
1f4c
09fd
17a6
0ebb
d631
7ffe
4ea4
5a68
1f6b
0a07
a2ec
e675
e27a
7ff9
4da0
5ab1
1f8b
0a12
83c6
c0b8
ef0f
7fd4
4c9b
5afa
1fab
0a1c
d6d6
a141
fbcf
7f8e
4b93
5b43
1fcb
0a26
4fbf
8b30
089a
7f28
4a8a
5b8b
1fea
0a30
7f56
80b4
154f
7ea1
497e
5bd4
200a
0a3b
39db
82d8
21ce
7df9
4871
5c1c
202a
0a45
bf2f
9166
2df6
7d31
4762
5c64
204a
0a4f
801a
aaeb
39a8
7c49
4651
5cab
2069
0a5a
b69c
cce0
44c7
7b42
453f
5cf2
2089
0a64
3098
f3e7
4f36
7a1b
442a
5d3a
20a9
0a6e
7de6
1c22
58da
78d4
4314
5d80
20c8
0a79
5774
4192
619c
776f
41fc
5dc7
20e8
0a83
e09b
6081
6963
75eb
40e2
5e0e
2108
0a8d
869e
75df
701d
7449
3fc7
5e54
2127
0a98
9c3b
7f8c
75b8
7289
3eaa
5e9a
2147
0aa2
0d92
7c93
7a26
70ac
3d8c
5edf
2167
0aac
726f
6d3f
7d5c
6eb2
3c6b
5f25
2186
0ab7
6e16
5316
7f51
6c9b
3b4a
5f6a
21a6
0ac1
0487
30b0
7fff
6a69
3a27
5faf
21c5
0acb
96ce
0975
7f68
681c
3902
5ff4
21e5
0ad6
89cc
e14b
7d8a
65b4
37dc
6038
2205
0ae0
e977
bc2c
7a6b
6331
36b4
607c
2224
0aea
5dda
9dc7
7612
6096
358b
60c0
2244
0af5
7bf3
8920
708c
5de2
3461
6104
2263
0aff
2817
8042
69e6
5b15
3335
6147
2283
0b09
af5f
8410
6231
5832
3209
618b
22a3
0b14
80c8
9428
5981
5538
30da
61ce
22c2
0b1e
c728
aef2
4fec
5228
2fab
6210
22e2
0b28
41cb
d1c6
458a
4f03
2e7a
6253
2301
0b33
7ff0
f92f
3a77
4bca
2d48
6295
2321
0b3d
4875
2145
2ece
487d
2c15
62d7
2340
0b47
ce5c
460f
22ad
451e
2ae1
6319
2360
0b52
81e7
63e6
1634
41ad
29ac
635a
237f
0b5c
a960
77d5
0982
3e2b
2875
639b
239f
0b66
207e
7fe2
fcb7
3a9a
273e
63dc
23be
0b71
79bc
7b40
eff5
36f9
2605
641d
23de
0b7b
630e
6a65
e35c
334a
24cc
645d
23fd
0b85
f14e
4efd
d70c
2f8f
2392
649e
241c
0b90
8d10
2bc0
cb25
2bc7
2257
64de
243c
0b9a
927f
042c
bfc5
27f3
211a
651d
245b
0ba4
fc9b
dc2e
b50a
2416
1fdd
655d
247b
0bae
69d6
b7bd
ab0e
202f
1ea0
659c
249a
0bb9
75c3
9a77
a1ec
1c40
1d61
65db
24b9
0bc3
156b
8743
99ba
184a
1c22
6619
24d9
0bcd
a162
8008
928d
144e
1ae2
6658
24f8
0bd8
8457
857e
8c79
104d
19a1
6696
2518
0be2
d8fd
971a
878c
0c47
1860
66d4
2537
0bec
5181
b31d
83d4
083e
171e
6711
2556
0bf7
7f16
d6c0
8158
0433
15db
674f
2576
0c01
37d3
fe7a
8021
0027
1498
678c
2595
0c0b
bd3d
265b
8031
fc1b
1354
67c8
25b4
0c16
8008
4a6e
8188
f810
1210
6805
25d4
0c20
b87a
6720
8423
f407
10cc
6841
25f3
0c2a
32af
7997
87fa
f001
0f87
687d
2612
0c35
7e4a
7fff
8d04
ebff
0e41
68b9
2631
0c3f
55c9
79b7
9334
e802
0cfb
68f4
2651
0c49
de6a
675c
9a7b
e40c
0bb5
692f
2670
0c54
85eb
4ac1
a2c5
e01c
0a6f
696a
268f
0c5e
9daa
26bc
abfe
dc35
0928
69a5
26ae
0c68
0fd2
fee0
b60d
d857
07e1
69df
26ce
0c72
736e
d721
c0da
d483
069a
6a19
26ed
0c7d
6cea
b36f
cc48
d0ba
0553
6a53
270c
0c87
0243
9754
d83b
ccfd
040b
6a8d
272b
0c91
9588
859c
e493
c94e
02c3
6ac6
274b
0c9c
8ab0
8006
f132
c5ac
017c
6aff
276a
0ca6
ebb3
8721
fdf6
c219
0034
6b38
2789
0cb0
5f61
9a39
0ac0
be96
feed
6b70
27a8
0cbb
7b5d
b769
176e
bb24
fda5
6ba9
27c7
0cc5
25ee
dbcc
23e0
b7c3
fc5d
6be0
27e6
0ccf
ada0
03c5
2ff6
b475
fb16
6c18
2805
0cda
810e
2b5f
3b92
b13b
f9ce
6c4f
2825
0ce4
c932
4eac
4695
ae14
f887
6c87
2844
0cee
43ba
6a2c
50e4
ab03
f740
6cbd
2863
0cf9
7ffd
7b24
5a64
a807
f5f9
6cf4
2882
0d03
4694
7fe6
62fc
a521
f4b3
6d2a
28a1
0d0d
cc48
77f9
6a98
a253
f36d
6d60
28c0
0d17
8188
6426
7123
9f9d
f227
6d96
28df
0d22
ab0f
4665
768c
9d00
f0e1
6dcb
28fe
0d2c
22ae
21a8
7ac6
9a7c
ef9c
6e00
291d
0d36
7a6b
f995
7dc6
9812
ee57
6e35
293c
0d41
619b
d225
7f85
95c2
ed13
6e6a
295b
0d4b
ef0e
af41
7ffd
938e
ebcf
6e9e
297a
0d55
8c16
945f
7f2e
9176
ea8c
6ed2
2999
0d60
93b0
842a
7d1a
8f79
e949
6f06
29b8
0d6a
fedf
803c
79c5
8d9a
e807
6f39
29d7
0d74
6b18
88fa
7539
8bd8
e6c5
6f6c
29f6
0d7f
74db
9d85
6f82
8a34
e584
6f9f
2a15
0d89
132e
bbd5
68ad
88ad
e444
6fd2
2a34
0d93
9fdf
e0e7
60cc
8746
e304
7004
2a53
0d9d
84f1
090f
57f4
85fd
e1c6
7036
2a72
0da8
db27
3051
4e3a
84d3
e088
7068
2a91
0db2
533d
52c8
43b9
83c9
df4a
7099
2ab0
0dbc
7ecc
6d0a
388a
82df
de0e
70ca
2acf
0dc7
35c7
7c7b
2ccb
8215
dcd3
70fb
2aed
0dd1
bb51
7f94
2099
816b
db98
712c
2b0c
0ddb
8000
7606
1414
80e1
da5e
715c
2b2b
0de6
ba5e
60c4
075c
8078
d926
718c
2b4a
0df0
34c1
41ea
fa90
8030
d7ee
71bc
2b69
0dfa
7ea3
1c85
edd3
8008
d6b7
71eb
2b88
0e04
5417
f44d
e144
8001
d582
721a
2ba6
0e0f
dc3b
cd3e
d504
801b
d44d
7249
2bc5
0e19
8542
ab38
c931
8056
d31a
7277
2be4
0e23
9f22
9199
bdeb
80b1
d1e7
72a6
2c03
0e2e
1211
82ee
b34e
812d
d0b6
72d4
2c22
0e38
7464
80aa
a975
81c9
cf86
7301
2c40
0e42
6bb5
8b06
a079
8286
ce58
732f
2c5f
0e4d
ffff
a0fd
9872
8363
cd2a
735c
2c7e
0e57
944a
c05f
9174
845f
cbfe
7388
2c9d
0e61
8b9d
e611
8b90
857c
cad3
73b5
2cbb
0e6b
edf1
0e55
86d6
86b7
c9aa
73e1
2cda
0e76
60e0
352d
8352
8812
c882
740d
2cf9
0e80
7abe
56c0
810d
898b
c75b
7438
2d17
0e8a
23c3
6fb8
800d
8b23
c636
7464
2d36
0e95
abe7
7d9b
8054
8cd9
c513
748f
2d55
0e9f
815d
7f0a
81e2
8eac
c3f1
74b9
2d73
0ea9
cb41
73e0
84b2
909c
c2d0
74e4
2d92
0eb3
45a3
5d38
88be
92a9
c1b1
750e
2db1
0ebe
7fff
3d51
8dfa
94d1
c094
7538
2dcf
0ec8
44ae
1756
945a
9715
bf78
7561
2dee
0ed2
ca37
ef0a
9bce
9974
be5e
758a
2e0c
0edd
8134
c86d
a442
9bee
bd45
75b3
2e2b
0ee7
acc4
a753
ada1
9e80
bc2e
75dc
2e49
0ef1
24db
8f04
b7d2
a12c
bb19
7604
2e68
0efc
7b0f
81e9
c2bc
a3f0
ba06
762c
2e86
0f06
6020
8150
ce42
a6cc
b8f5
7654
2ea5
0f10
ecd0
8d46
da48
a9be
b7e5
767b
2ec4
0f1a
8b24
a49e
e6af
acc7
b6d7
76a2
2ee2
0f25
94e9
c505
f356
afe5
b5cb
76c9
2f01
0f2f
0123
eb46
001d
b317
b4c1
76ef
2f1f
0f39
6c51
1395
0ce4
b65d
b3b9
7715
2f3d
0f44
73ea
39f2
198b
b9b6
b2b3
773b
2f5c
0f4e
10f0
5a91
25ef
bd21
b1af
7761
2f7a
0f58
9e64
7235
31f3
c09c
b0ac
7786
2f99
0f62
8596
7e85
3d77
c429
afac
77ab
2fb7
0f6d
dd54
7e49
485e
c7c4
aeae
77d0
2fd6
0f77
54f3
7187
528c
cb6e
adb2
77f4
2ff4
0f81
7e78
5983
5be7
cf25
acb8
7818
3012
0f8c
33b7
389e
6456
d2e9
abc1
783c
3031
0f96
b96a
121c
6bc5
d6b9
aacb
785f
304f
0fa0
8003
e9cf
7220
da93
a9d8
7882
306d
0faa
bc48
c3b4
7758
de76
a8e6
78a5
308c
0fb5
36d0
a395
7b5e
e262
a7f7
78c7
30aa
0fbf
7ef3
8ca0
7e28
e656
a70b
78e9
30c8
0fc9
525f
811b
7fb0
ea50
a620
790b
30e7
0fd4
da10
822d
7ff1
ee50
a538
792d
3105
0fde
84a2
8fb8
7eeb
f255
a452
794e
3123
0fe8
a0a1
a867
7ca0
f65c
a36f
796f
3141
0ff2
144f
c9c5
7917
fa67
a28d
7990
3160
0ffd
7551
f084
7458
fe73
a1af
79b0
317e
1007
6a77
18cc
6e6f
027f
a0d2
79d0
319c
1011
fdbb
3e9e
676c
068a
9ff9
79f0
31ba
101c
9315
5e3b
5f60
0a94
9f21
7a0f
31d8
1026
8c93
7480
5660
0e9b
9e4c
7a2e
31f7
1030
f030
7f37
4c83
129f
9d7a
7a4d
3215
103a
6257
7d50
41e3
169d
9caa
7a6b
3233
1045
7a14
6efc
369a
1a96
9bdc
7a89
3251
104f
2195
55a6
2ac5
1e88
9b12
7aa7
326f
1059
aa35
33d2
1e83
2272
9a49
7ac5
328d
1063
81b6
0cdb
11f3
2654
9984
7ae2
32ab
106e
cd53
e49d
0535
2a2b
98c1
7aff
32c9
1078
4787
bf16
f86a
2df8
9800
7b1b
32e8
1082
7ff8
9fff
ebb2
31b9
9743
7b37
3306
108d
42c1
8a6e
df2e
356e
9688
7b53
3324
1097
c82b
8085
d2fe
3914
95cf
7b6f
3342
10a1
80e9
8341
c741
3cac
951a
7b8a
3360
10ab
ae80
925c
bc16
4035
9467
7ba5
337e
10b6
2705
ac56
b198
43ad
93b7
7bc0
339c
10c0
7baa
ce9c
a7e2
4714
9309
7bda
33ba
10ca
5e9d
f5c8
9f0e
4a68
925f
7bf4
33d8
10d5
ea93
1df8
9732
4daa
91b7
7c0e
33f6
10df
8a3c
432e
9062
50d7
9112
7c27
3414
10e9
962b
61bc
8aaf
53f0
9070
7c40
3431
10f3
0367
7697
8629
56f4
8fd1
7c59
344f
10fe
6d82
7fb1
82da
59e1
8f35
7c71
346d
1108
72ef
7c20
80cb
5cb7
8e9b
7c89
348b
1112
0eb0
6c41
8002
5f75
8e05
7ca1
34a9
111c
9cf1
51a5
8080
621b
8d71
7cb9
34c7
1127
8644
2ef0
8244
64a8
8ce0
7cd0
34e5
1131
df84
0794
854a
671b
8c53
7ce7
3503
113b
56a1
df77
898a
6974
8bc8
7cfd
3520
1145
7e19
ba94
8ef9
6bb2
8b40
7d13
353e
1150
31a2
9c94
9588
6dd4
8abb
7d29
355c
115a
b789
8870
9d29
6fda
8a39
7d3f
357a
1164
8010
8027
a5c5
71c3
89ba
7d54
3598
116f
be37
848c
af49
7390
893f
7d69
35b5
1179
38da
952f
b99b
753e
88c6
7d7d
35d3
1183
7f38
b06a
c4a2
76cf
8850
7d92
35f1
118d
509f
d389
d040
7841
87de
7da6
360e
1198
d7e7
fb11
dc58
7995
876e
7db9
362c
11a2
840c
2317
e8cc
7ac9
8702
7dcd
364a
11ac
a227
47a1
f57a
7bde
8698
7ddf
3668
11b6
168b
6511
0244
7cd4
8632
7df2
3685
11c1
7634
787b
0f08
7da9
85cf
7e04
36a3
11cb
6931
7ff3
1ba5
7e5e
856f
7e16
36c0
11d5
fb77
7aba
27fc
7ef3
8512
7e28
36de
11df
91e9
6956
33ed
7f67
84b8
7e3a
36fc
11ea
8d92
4d7f
3f58
7fbb
8462
7e4b
3719
11f4
f270
29f9
4a22
7fee
840e
7e5b
3737
11fe
63c6
0249
542e
7fff
83be
7e6c
3754
1208
7961
da5f
5d63
7ff1
8371
7e7c
3772
1213
1f63
b631
65a9
7fc2
8327
7e8b
378f
121d
a88a
9954
6cea
7f72
82e0
7e9b
37ad
1227
821a
86a6
7316
7f02
829d
7eaa
37ca
1232
cf6a
8001
781a
7e70
825d
7eb9
37e8
123c
4965
860d
7bec
7dbf
8220
7ec7
3805
1246
7fe6
9831
7e81
7ced
81e6
7ed5
3823
1250
40d0
b4a1
7fd2
7bfc
81af
7ee3
3840
125b
c623
d88a
7fdc
7aea
817c
7ef1
385e
1265
80a9
005d
7e9f
79b9
814c
7efe
387b
126f
b043
2826
7c1e
7869
811f
7f0b
3899
1279
292c
4bf5
7860
76fb
80f5
7f17
38b6
1284
7c3b
683b
736e
756d
80cf
7f23
38d3
128e
5d12
7a2b
6d54
73c2
80ac
7f2f
38f1
1298
e858
7ffd
6623
71f9
808c
7f3b
390e
12a2
895e
791e
5ded
7013
806f
7f46
392b
12ad
9776
663d
54c6
6e10
8056
7f51
3949
12b7
05ab
4937
4ac7
6bf1
8040
7f5b
3966
12c1
6eaa
24ef
4008
69b6
802d
7f65
3983
12cb
71eb
fcfe
34a6
6761
801d
7f6f
39a0
12d6
0c6f
d558
28bd
64f0
8011
7f79
39be
12e0
9b85
b1ee
1c6b
6266
8008
7f82
39db
12ea
86fc
9642
0fd1
5fc3
8003
7f8b
39f8
12f4
e1b6
8512
030f
5d07
8000
7f94
3a15
12ff
5849
8013
f644
5a34
8001
7f9c
3a33
1309
7db0
87c4
e993
5749
8005
7fa4
3a50
1313
2f89
9b61
dd1b
5448
800c
7fab
3a6d
131d
b5ae
b8f9
d0fc
5132
8017
7fb3
3a8a
1328
8027
dd9c
c556
4e06
8025
7fba
3aa7
1332
c02b
05a8
ba45
4ac7
8036
7fc0
3ac4
133c
3adf
2d24
afe7
4775
804b
7fc7
3ae1
1346
7f73
5027
a656
4410
8063
7fcd
3aff
1351
4eda
6b37
9daa
409a
807e
7fd2
3b1c
135b
d5c2
7ba4
95f9
3d13
809c
7fd7
3b39
1365
8381
7fcf
8f58
397d
80be
7fdc
3b56
136f
a3b6
774d
89d7
35d8
80e2
7fe1
3b73
1379
18c5
62f7
8585
3225
810a
7fe5
3b90
1384
770e
44d0
826b
2e65
8136
7fe9
3bad
138e
67e2
1fd6
8093
2a9a
8164
7fed
3bca
1398
f934
f7b3
8000
26c3
8196
7ff0
3be7
13a2
90c5
d064
80b6
22e3
81cb
7ff4
3c04
13ad
8e9a
adcd
82b0
1efa
8203
7ff6
3c21
13b7
f4b1
935d
85eb
1b09
823f
7ff9
3c3d
13c1
652e
83b3
8a5f
1710
827e
7ffb
3c5a
13cb
78a4
805d
8fff
1312
82c0
7ffc
3c77
13d6
1d30
89af
96be
0f10
8305
7ffe
3c94
13e0
a6e6
9ebd
9e8a
0b09
834d
7fff
3cb1
13ea
8288
bd70
a750
06ff
8399
7fff
3cce
13f4
d185
e2bd
b0f8
02f4
83e7
7fff
3ceb
13ff
4b3e
0af0
bb6a
fee8
8439
7fff
3d07
1409
7fca
320f
c68c
fadc
848e
7fff
3d24
1413
3ed9
5436
d241
f6d1
84e7
7fff
3d41
141d
c420
6e03
de6b
f2c9
8542
7ffe
3d5e
1428
8074
7ce8
eaea
eec4
85a0
7ffd
3d7b
1432
b20c
7f69
f7a0
eac4
8602
7ffb
3d97
143c
2b4f
7548
046b
e6c9
8667
7ffa
3db4
1446
7cc2
5f86
112b
e2d4
86cf
7ff7
3dd1
1450
5b80
404a
1dbe
dee7
873a
7ff5
3ded
145b
e61f
1aae
2a06
db03
87a8
7ff2
3e0a
1465
8889
f26d
35e2
d728
8819
7fef
3e27
146f
98c8
cb84
4135
d357
888d
7feb
3e43
1479
07ee
a9d0
4be1
cf92
8905
7fe7
3e60
1484
6fc9
90a8
55ca
cbd9
897f
7fe3
3e7d
148e
70de
828b
5ed8
c82d
89fc
7fdf
3e99
1498
0a2e
80de
66f4
c490
8a7d
7fda
3eb6
14a2
9a22
8bce
6e08
c102
8b00
7fd5
3ed2
14ac
87be
a243
7403
bd84
8b86
7fcf
3eef
14b7
e3eb
c204
78d5
ba18
8c10
7fc9
3f0b
14c1
59e9
e7ea
7c72
b6bd
8c9c
7fc3
3f28
14cb
7d3e
1034
7ed0
b375
8d2b
7fbd
3f44
14d5
2d6d
36e3
7fea
b040
8dbe
7fb6
3f61
14e0
b3d8
5820
7fbd
ad20
8e53
7faf
3f7d
14ea
8048
70a0
7e4a
aa15
8eeb
7fa7
3f9a
14f4
c224
7df5
7b93
a720
8f86
7fa0
3fb6
14fe
3ce0
7ecc
77a0
a442
9024
7f97
3fd3
1509
7fa3
7310
727c
a17b
90c4
7f8f
3fef
1513
4d0e
5beb
6c32
9ecc
9168
7f86
400b
151d
d3a0
3ba8
64d4
9c37
920e
7f7d
4028
1527
82ff
157b
5c73
99bb
92b8
7f74
4044
1531
a54b
ed2c
5327
9759
9364
7f6a
4060
153c
1afd
c6bc
4905
9512
9412
7f60
407d
1546
77de
a5f9
3e29
92e6
94c4
7f56
4099
1550
668b
8e24
32ae
90d6
9578
7f4b
40b5
155a
f6f1
819a
26b1
8ee3
962f
7f40
40d2
1564
8fab
8198
1a51
8d0c
96e9
7f34
40ee
156f
8fac
8e20
0dae
8b53
97a5
7f29
410a
1579
f6f4
a5f2
00e8
89b8
9865
7f1d
4126
1583
668d
c6b3
f41f
883b
9926
7f10
4142
158d
77dd
ed23
e775
86dd
99eb
7f04
415f
1598
1afa
1571
db0a
859e
9ab2
7ef7
417b
15a2
a549
3b9f
cefd
847e
9b7b
7ee9
4197
15ac
82ff
5be4
c36e
837e
9c47
7edc
41b3
15b6
d3a3
730b
b87a
829d
9d16
7ece
41cf
15c0
4d10
7eca
ae3c
81dd
9de7
7ebf
41eb
15cb
7fa3
7df6
a4d0
813d
9ebb
7eb1
4207
15d5
3cdd
70a5
9c4d
80bd
9f91
7ea2
4223
15df
c222
5827
94c9
805f
a06a
7e93
423f
15e9
8048
36ec
8e57
8020
a145
7e83
425c
15f3
b3db
103e
8908
8003
a223
7e73
4278
15fe
2d70
e7f4
84e9
8006
a303
7e63
4294
1608
7d3e
c20c
8205
802a
a3e5
7e52
42b0
1612
59e7
a249
8063
806e
a4ca
7e41
42cb
161c
e3e8
8bd2
8008
80d4
a5b1
7e30
42e7
1626
87bd
80e0
80f4
815a
a69a
7e1f
4303
1631
9a24
8289
8325
8200
a786
7e0d
431f
163b
0a31
90a3
8695
82c7
a874
7dfb
433b
1645
70df
a9c9
8b3c
83ad
a964
7de8
4357
164f
6fc8
cb7b
910e
84b4
aa56
7dd5
4373
165a
07eb
f263
97fb
85da
ab4b
7dc2
438f
1664
98c7
1aa4
9ff3
871f
ac42
7daf
43ab
166e
888a
4041
a8e0
8883
ad3b
7d9b
43c6
1678
e622
5f7f
b2ac
8a06
ae36
7d87
43e2
1682
5b82
7544
bd3e
8ba7
af33
7d72
43fe
168d
7cc1
7f68
c87a
8d66
b032
7d5e
441a
1697
2b4d
7cea
d445
8f42
b133
7d48
4435
16a1
b209
6e08
e07f
913b
b236
7d33
4451
16ab
8074
543d
ed0a
9350
b33b
7d1d
446d
16b5
c423
3218
f9c6
9581
b443
7d07
4489
16c0
3edc
0afa
0691
97ce
b54c
7cf1
44a4
16ca
7fca
e2c6
134c
9a35
b657
7cda
44c0
16d4
4b3b
bd78
1fd5
9cb6
b764
7cc3
44db
16de
d182
9ec3
2c0d
9f51
b873
7cac
44f7
16e8
8287
89b2
37d4
a204
b983
7c94
4513
16f2
a6e8
805d
430d
a4cf
ba96
7c7c
452e
16fd
1d33
83b1
4d99
a7b2
bbaa
7c64
454a
1707
78a5
9358
5760
aaab
bcc0
7c4c
4565
1711
652c
adc6
6047
adba
bdd7
7c33
4581
171b
f4ae
d05b
6837
b0df
bef1
7c19
459c
1725
8e99
f7aa
6f1d
b417
c00c
7c00
45b8
1730
90c7
1fcc
74e7
b763
c128
7be6
45d3
173a
f937
44c7
7986
bac1
c247
7bcc
45ef
1744
67e4
62f1
7cee
be32
c367
7bb1
460a
174e
770d
774a
7f16
c1b3
c488
7b96
4626
1758
18c2
7fcf
7ffa
c544
c5ab
7b7b
4641
1763
a3b4
7ba7
7f96
c8e4
c6cf
7b60
465c
176d
8381
6b3c
7deb
cc92
c7f5
7b44
4678
1777
d5c5
502f
7aff
d04d
c91c
7b28
4693
1781
4edc
2d2e
76d8
d415
ca45
7b0c
46ae
178b
7f72
05b2
7181
d7e8
cb6f
7aef
46ca
1796
3adc
dda5
6b08
dbc5
cc9b
7ad2
46e5
17a0
c028
b901
637c
dfab
cdc7
7ab5
4700
17aa
8027
9b67
5af3
e399
cef6
7a97
471c
17b4
b5b0
87c7
5181
e78f
d025
7a79
4737
17be
2f8c
8013
473e
eb8b
d155
7a5b
4752
17c8
7db1
850f
3c45
ef8d
d287
7a3c
476d
17d3
5847
963c
30b2
f392
d3ba
7a1d
4788
17dd
e1b3
b1e6
24a2
f79b
d4ee
79fe
47a4
17e7
86fb
d54f
1835
fba6
d623
79de
47bf
17f1
9b87
fcf4
0b8a
ffb2
d759
79bf
47da
17fb
0c72
24e6
fec1
03be
d890
799e
47f5
1806
71ec
492f
f1fb
07c9
d9c9
797e
4810
1810
6ea9
6637
e55a
0bd2
db02
795d
482b
181a
05a8
791b
d8fc
0fd8
dc3c
793c
4846
1824
9774
7ffd
cd02
13da
dd77
791b
4861
182e
895f
7a2e
c18b
17d7
deb3
78f9
487c
1838
e85b
6840
b6b3
1bce
dff0
78d7
4897
1843
5d14
4bfd
ac97
1fbe
e12e
78b5
48b2
184d
7c3a
2830
a350
23a6
e26c
7892
48cd
1857
2929
0066
9af7
2784
e3ab
786f
48e8
1861
b040
d893
93a0
2b59
e4eb
784c
4903
186b
80aa
b4a9
8d5e
2f22
e62c
7828
491e
1875
c626
9837
8841
32df
e76d
7804
4939
1880
40d2
8610
8456
368f
e8af
77e0
4954
188a
7fe6
8001
81a8
3a31
e9f1
77bc
496f
1894
4963
86a3
803d
3dc5
eb34
7797
4989
189e
cf67
994f
8019
4148
ec78
7772
49a4
18a8
8219
b629
813c
44bb
edbc
774d
49bf
18b2
a88c
da56
83a3
481c
ef01
7727
49da
18bd
1f66
023f
8748
4b6b
f046
7701
49f5
18c7
7962
29f0
8c22
4ea7
f18b
76da
4a0f
18d1
63c4
4d77
9225
51ce
f2d1
76b4
4a2a
18db
f26d
6950
9940
54e0
f417
768d
4a45
18e5
8d91
7ab7
a163
57dd
f55d
7666
4a5f
18ef
91ea
7ff3
aa77
5ac3
f6a4
763e
4a7a
18fa
fb7a
787f
b466
5d92
f7eb
7616
4a95
1904
6932
6517
bf16
6049
f932
75ee
4aaf
190e
7633
47a9
ca6d
62e7
fa79
75c6
4aca
1918
1688
2320
d64c
656c
fbc1
759d
4ae4
1922
a225
fb1b
e297
67d7
fd08
7574
4aff
192c
840d
d392
ef2c
6a28
fe50
754b
4b1a
1937
d7ea
b072
fbec
6c5d
ff98
7521
4b34
1941
50a2
9534
08b7
6e77
00df
74f7
4b4f
194b
7f38
848f
156c
7074
0227
74cd
4b69
1955
38d7
8027
21ea
7254
036f
74a2
4b84
195f
be34
886c
2e11
7418
04b6
7477
4b9e
1969
8010
9c8e
39c2
75bd
05fd
744c
4bb8
1974
b78b
ba8c
44e0
7745
0745
7421
4bd3
197e
31a5
df6e
4f4d
78ad
088c
73f5
4bed
1988
7e1a
078a
58ef
79f7
09d3
73c9
4c08
1992
569f
2ee7
61ae
7b22
0b19
739d
4c22
199c
df81
519d
6973
7c2d
0c5f
7370
4c3c
19a6
8643
6c3b
702b
7d19
0da5
7343
4c57
19b0
9cf2
7c1e
75c3
7de4
0eeb
7316
4c71
19bb
0eb3
7fb1
7a2f
7e8f
1030
72e9
4c8b
19c5
72f0
769b
7d61
7f1a
1175
72bb
4ca5
19cf
6d81
61c2
7f54
7f84
12ba
728d
4cc0
19d9
0364
4337
7fff
7fce
13fd
725e
4cda
19e3
9629
1e01
7f65
7ff7
1541
7230
4cf4
19ed
8a3d
f5d2
7d84
7fff
1684
7201
4d0e
19f7
ea96
cea5
7a62
7fe6
17c6
71d1
4d28
1a02
5e9f
ac5d
7607
7fad
1908
71a2
4d43
1a0c
7ba9
9261
707e
7f53
1a49
7172
4d5d
1a16
2702
8343
69d6
7ed8
1b89
7142
4d77
1a20
ae7e
8084
621e
7e3d
1cc9
7111
4d91
1a2a
80ea
8a6a
596c
7d82
1e08
70e1
4dab
1a34
c82e
9ff9
4fd5
7ca6
1f46
70b0
4dc5
1a3e
42c4
bf0e
4572
7bab
2083
707e
4ddf
1a49
7ff8
e493
3a5d
7a90
21c0
704d
4df9
1a53
4785
0cd1
2eb3
7955
22fb
701b
4e13
1a5d
cd51
33ca
2291
77fc
2436
6fe9
4e2d
1a67
81b6
559f
1617
7683
2570
6fb6
4e47
1a71
aa37
6ef7
0965
74ed
26a9
6f84
4e61
1a7b
2197
7d4e
fc9a
7338
27e1
6f51
4e7b
1a85
7a15
7f38
efd8
7166
2917
6f1d
4e94
1a90
6255
7484
e340
6f77
2a4d
6eea
4eae
1a9a
f02d
5e42
d6f1
6d6b
2b82
6eb6
4ec8
1aa4
8c91
3ea7
cb0b
6b44
2cb6
6e82
4ee2
1aae
9317
18d5
bfac
6901
2de8
6e4d
4efc
1ab8
fdbe
f08d
b4f2
66a3
2f19
6e19
4f16
1ac2
6a79
c9ce
aaf8
642b
3049
6de4
4f2f
1acc
7550
a86e
a1d8
6199
3178
6dae
4f49
1ad7
144c
8fbd
99a8
5eee
32a6
6d79
4f63
1ae1
a09f
822f
927e
5c2b
33d2
6d43
4f7c
1aeb
84a3
811a
8c6d
5950
34fd
6d0d
4f96
1af5
da12
8c9b
8782
565f
3627
6cd6
4fb0
1aff
5261
a38e
83cd
5357
374f
6ca0
4fc9
1b09
7ef2
c3ac
8154
503a
3876
6c69
4fe3
1b13
36cd
e9c5
8020
4d08
399b
6c32
4ffd
1b1d
bc45
1213
8033
49c3
3abf
6bfa
5016
1b28
8003
3896
818d
466b
3be1
6bc2
5030
1b32
b96c
597c
842a
4301
3d02
6b8a
5049
1b3c
33b9
7182
8804
3f85
3e21
6b52
5063
1b46
7e78
7e47
8d11
3bfa
3f3f
6b19
507c
1b50
54f0
7e86
9344
385f
405b
6ae0
5096
1b5a
dd51
7239
9a8d
34b5
4176
6aa7
50af
1b64
8595
5a98
a2d9
30ff
428e
6a6e
50c9
1b6e
9e66
39fb
ac14
2d3b
43a5
6a34
50e2
1b79
10f3
139e
b625
296c
44bb
69fa
50fb
1b83
73eb
eb4f
c0f4
2593
45ce
69c0
5115
1b8d
6c50
c50e
cc63
21af
46e0
6985
512e
1b97
0120
a4a4
d857
1dc4
47f0
694b
5147
1ba1
94e7
8d4b
e4b0
19d0
48fe
690f
5161
1bab
8b25
8151
f14f
15d6
4a0a
68d4
517a
1bb5
ecd3
81e7
fe13
11d6
4b15
6899
5193
1bbf
6022
8eff
0add
0dd2
4c1d
685d
51ad
1bca
7b0f
a74c
178a
09ca
4d24
6821
51c6
1bd4
24d8
c864
23fc
05c0
4e28
67e4
51df
1bde
acc2
ef01
3011
01b4
4f2b
67a7
51f8
1be8
8134
174c
3bac
fda8
502b
676b
5211
1bf2
ca3a
3d49
46ad
f99d
5129
672d
522a
1bfc
44b0
5d31
50fa
f593
5226
66f0
5244
1c06
7fff
73dc
5a78
f18b
5320
66b2
525d
1c10
45a1
7f09
630f
ed88
5418
6674
5276
1c1a
cb3e
7d9d
6aa8
e989
550e
6636
528f
1c25
815c
6fbc
7130
e590
5602
65f7
52a8
1c2f
abe9
56c7
7697
e19e
56f3
65b9
52c1
1c39
23c6
3536
7ace
ddb3
57e3
657a
52da
1c43
7abf
0e5f
7dcc
d9d1
58d0
653a
52f3
1c4d
60de
e61a
7f87
d5f9
59bb
64fb
530c
1c57
edee
c068
7ffd
d22c
5aa3
64bb
5325
1c61
8b9b
a103
7f2b
ce6b
5b89
647b
533e
1c6b
944c
8b0a
7d13
cab6
5c6d
643b
5356
1c75
0002
80ab
79bc
c70f
5d4f
63fa
536f
1c7f
6bb6
82ec
752e
c376
5e2e
63b9
5388
1c8a
7463
9194
6f73
bfed
5f0b
6378
53a1
1c94
120e
ab30
689c
bc74
5fe5
6337
53ba
1c9e
9f20
cd35
60b9
b90d
60bd
62f5
53d3
1ca8
8543
f444
57de
b5b8
6192
62b3
53eb
1cb2
dc3e
1c7c
4e23
b275
6265
6271
5404
1cbc
541a
41e1
43a0
af47
6335
622f
541d
1cc6
7ea3
60be
3870
ac2d
6403
61ec
5435
1cd0
34be
7603
2cb0
a929
64ce
61a9
544e
1cda
ba5c
7f93
207d
a63b
6597
6166
5467
1ce4
8000
7c7d
13f8
a364
665d
6123
547f
1cef
bb53
6d0f
073f
a0a5
6720
60df
5498
1cf9
35ca
52d0
fa73
9dfe
67e1
609b
54b1
1d03
7ecc
305a
edb6
9b70
689f
6057
54c9
1d0d
533b
0919
e128
98fc
695b
6013
54e2
1d17
db24
e0f1
d4e8
96a2
6a13
5fce
54fa
1d21
84f0
bbdd
c917
9463
6ac9
5f8a
5513
1d2b
9fe1
9d8c
bdd2
9240
6b7d
5f45
552b
1d35
1331
88fd
b337
9039
6c2d
5eff
5544
1d3f
74dc
803d
a960
8e4e
6cdb
5eba
555c
1d49
6b16
8427
a066
8c81
6d86
5e74
5574
1d53
fedc
945a
9861
8ad1
6e2e
5e2e
558d
1d5e
93ae
af3a
9165
893f
6ed4
5de7
55a5
1d68
8c17
d21c
8b84
87cc
6f76
5da1
55bd
1d72
ef11
f98c
86cd
8677
7016
5d5a
55d6
1d7c
619d
219f
834c
8542
70b3
5d13
55ee
1d86
7a6a
465d
810a
842c
714d
5ccc
5606
1d90
22ab
6420
800c
8335
71e4
5c84
561f
1d9a
ab0d
77f6
8056
825f
7278
5c3d
5637
1da4
8188
7fe6
81e7
81a8
7309
5bf5
564f
1dae
cc4a
7b27
84ba
8112
7397
5bad
5667
1db8
4697
6a31
88c8
809d
7422
5b64
567f
1dc2
7ffd
4eb4
8e07
8048
74ab
5b1b
5698
1dcc
43b7
2b69
946a
8014
7530
5ad3
56b0
1dd7
c930
03cf
9be0
8000
75b2
5a89
56c8
1de1
810d
dbd5
a456
800d
7632
5a40
56e0
1deb
ada2
b771
adb7
803b
76ae
59f6
56f8
1df5
25f1
9a3f
b7ea
808a
7727
59ad
5710
1dff
7b5e
8725
c2d5
80fa
779d
5963
5728
1e09
5f5f
8006
ce5d
818a
7810
5918
5740
1e13
ebb0
8599
da64
823a
7880
58ce
5758
1e1d
8aaf
974f
e6cb
830a
78ed
5883
5770
1e27
958a
b367
f373
83fb
7957
5838
5788
1e31
0246
d717
003a
850b
79be
57ed
57a0
1e3b
6ceb
fed7
0d01
863b
7a22
57a1
57b8
1e45
736d
26b3
19a7
8789
7a82
5756
57cf
1e4f
0fcf
4ab9
260b
88f7
7ae0
570a
57e7
1e59
9da9
6756
320e
8a83
7b3a
56be
57ff
1e64
85ec
79b4
3d91
8c2e
7b91
5671
5817
1e6e
de6c
7fff
4876
8df5
7be5
5625
582f
1e78
55cc
799a
52a2
8fda
7c36
55d8
5846
1e82
7e49
6725
5bfb
91dc
7c83
558b
585e
1e8c
32ac
4a76
6468
93fa
7ccd
553e
5876
1e96
b878
2664
6bd5
9634
7d15
54f1
588d
1ea0
8008
fe84
722d
9889
7d59
54a3
58a5
1eaa
bd40
d6c9
7762
9af8
7d99
5455
58bd
1eb4
37d6
b324
7b65
9d81
7dd7
5407
58d4
1ebe
7f17
971f
7e2d
a023
7e11
53b9
58ec
1ec8
517f
8581
7fb2
a2de
7e48
536a
5903
1ed2
d8fa
8008
7ff0
a5b0
7e7c
531c
591b
1edc
8456
8740
7ee7
a89a
7ead
52cd
5932
1ee6
a164
9a72
7c9a
ab9a
7eda
527e
594a
1ef0
156e
b7b5
790d
aeb0
7f04
522e
5961
1efa
75c4
dc24
744c
b1db
7f2b
51df
5979
1f04
69d4
0422
6e60
b519
7f4f
518f
5990
1f0f
fc98
2bb6
675b
b86b
7f6f
513f
59a8
1f19
927d
4ef5
5f4c
bbcf
7f8d
50ef
59bf
1f23
8d12
6a60
564b
bf44
7fa6
509e
59d6
1f2d
f151
7b3d
4c6c
c2cb
7fbd
504e
59ee
1f37
6310
7fe2
41ca
c660
7fd0
4ffd
5a05
1f41
79bc
77d9
3680
ca05
7fe0
4fac
5a1c
1f4b
207b
63ec
2aaa
cdb7
7fed
4f5b
5a34
1f55
a95e
4617
1e67
d176
7ff7
4f09
5a4b
1f5f
81e7
214f
11d7
d541
7ffd
4eb8
5a62
1f69
ce5f
f939
0518
d917
7fff
4e66
5a79
1f73
4878
d1cf
f84d
dcf7
7fff
4e14
5a90
1f7d
7ff0
aefa
eb96
e0e0
7ffc
4dc2
5aa8
1f87
41c8
942d
df12
e4d1
7ff5
4d6f
5abf
1f91
c726
8412
d2e3
e8c9
7feb
4d1d
5ad6
1f9b
80c8
8042
c727
ecc7
7fdd
4cca
5aed
1fa5
af61
891c
bbfd
f0ca
7fcd
4c77
5b04
1faf
281a
9dc1
b181
f4d0
7fb9
4c24
5b1b
1fb9
7bf4
bc24
a7cd
f8da
7fa1
4bd0
5b32
1fc3
5dd8
e141
9efb
fce5
7f87
4b7d
5b49
1fcd
e974
096c
9721
00f1
7f69
4b29
5b60
1fd7
89cb
30a7
9054
04fd
7f48
4ad5
5b77
1fe1
96d0
530f
8aa4
0908
7f24
4a81
5b8e
1feb
048a
6d3a
8620
0d10
7efc
4a2d
5ba5
1ff6
6e18
7c90
82d4
1115
7ed1
49d8
5bbb
2000
726e
7f8c
80c8
1516
7ea3
4983
5bd2
200a
0d8f
75e2
8002
1911
7e72
492e
5be9
2014
9c39
6088
8083
1d06
7e3d
48d9
5c00
201e
869f
419a
824a
20f3
7e06
4884
5c17
2028
e09d
1c2b
8553
24d8
7dcb
482e
5c2d
2032
5777
f3f1
8995
28b3
7d8c
47d9
5c44
203c
7de6
cce9
8f06
2c84
7d4b
4783
5c5b
2046
3095
aaf2
9599
304a
7d06
472d
5c72
2050
b69a
916b
9d3b
3403
7cbf
46d7
5c88
205a
801a
82da
a5da
37af
7c74
4680
5c9f
2064
bf31
80b3
af60
3b4d
7c25
462a
5cb5
206e
39de
8b2c
b9b4
3edc
7bd4
45d3
5ccc
2078
7f57
a13b
c4bb
425a
7b7f
457c
5ce3
2082
4fbd
c0b0
d05b
45c8
7b28
4525
5cf9
208c
d6d3
e66c
dc74
4923
7acd
44ce
5d10
2096
83c5
0eb1
e8e8
4c6c
7a6f
4476
5d26
20a0
a2ee
3582
f597
4fa2
7a0e
441e
5d3d
20aa
17a9
5704
0261
52c2
79a9
43c7
5d53
20b4
76a3
6fe5
0f25
55ce
7942
436f
5d69
20be
688a
7dad
1bc2
58c4
78d7
4317
5d80
20c8
fa54
7eff
2818
5ba3
786a
42be
5d96
20d2
9155
73b9
3407
5e6b
77f9
4266
5dad
20dc
8e16
5cf8
3f72
611a
7785
420d
5dc3
20e6
f392
3d00
4a3a
63b1
770f
41b4
5dd9
20f0
647b
16fb
5444
662e
7695
415b
5def
20fa
7903
eeae
5d77
6891
7618
4102
5e06
2104
1e49
c81a
65ba
6ad9
7598
40a9
5e1c
210e
a7b7
a710
6cfa
6d06
7515
404f
5e32
2118
8250
8ed8
7322
6f17
748f
3ff5
5e48
2122
d078
81d9
7825
710b
7406
3f9c
5e5e
212c
4a53
815d
7bf3
72e3
737a
3f42
5e75
2136
7fd9
8d6f
7e85
749d
72ec
3ee7
5e8b
2140
3fd4
a4df
7fd3
7639
725a
3e8d
5ea1
214a
c520
c557
7fdb
77b7
71c5
3e33
5eb7
2154
808d
eba1
7e9b
7916
712d
3dd8
5ecd
215e
b127
13f0
7c17
7a57
7093
3d7d
5ee3
2168
2a3f
3a45
7856
7b78
6ff6
3d22
5ef9
2172
7c80
5ad2
7361
7c79
6f55
3cc7
5f0f
217c
5c4a
725e
6d45
7d5b
6eb2
3c6c
5f25
2186
e73a
7e93
6612
7e1c
6e0c
3c10
5f3b
2190
88f2
7e3a
5dd9
7ebe
6d63
3bb5
5f50
219a
981f
715c
54b1
7f3e
6cb8
3b59
5f66
21a4
06cd
5940
4aaf
7f9f
6c0a
3afd
5f7c
21ae
6f3b
384b
3fef
7fde
6b58
3aa1
5f92
21b8
7165
11c1
348b
7ffd
6aa5
3a45
5fa8
21c2
0b4e
e974
28a1
7ffb
69ee
39e9
5fbe
21cc
9ad2
c363
1c4f
7fd8
6935
398c
5fd3
21d6
875c
a355
0fb4
7f95
6879
3930
5fe9
21e0
e2d1
8c78
02f2
7f31
67ba
38d3
5fff
21ea
591b
810f
f627
7eac
66f9
3876
6014
21f4
7d78
823e
e976
7e07
6635
3819
602a
21fe
2e7b
8fe5
dcff
7d41
656e
37bc
6040
2208
b4c2
a8aa
d0e1
7c5c
64a5
375e
6055
2212
8036
ca19
c53c
7b57
63d9
3701
606b
221c
c128
f0e0
ba2d
7a32
630b
36a3
6080
2226
3be1
1926
afd0
78ee
623a
3645
6096
2230
7f8c
3eef
a641
778b
6167
35e7
60ab
223a
4df4
5e7a
9d97
7609
6091
3589
60c1
2244
d4b0
74a6
95e9
7469
5fb9
352b
60d6
224e
833e
7f41
8f4a
72ac
5ede
34cd
60ec
2258
a480
7d3d
89cc
70d1
5e01
346e
6101
2262
19e2
6ece
857c
6ed9
5d21
3410
6116
226c
7778
5562
8265
6cc4
5c3f
33b1
612c
2276
6737
337e
8090
6a94
5b5b
3352
6141
2280
f811
0c7f
8001
6849
5a74
32f3
6156
228a
9036
e442
80b9
65e3
598b
3294
616c
2294
8f23
bec6
82b6
6363
58a0
3235
6181
229e
f5d3
9fc2
85f4
60c9
57b2
31d5
6196
22a8
65df
8a4a
8a6a
5e17
56c2
3176
61ab
22b2
7842
807d
900d
5b4c
55d0
3116
61c0
22bc
1c14
8356
96cf
586a
54dc
30b6
61d6
22c6
a616
928c
9e9d
5572
53e6
3057
61eb
22d0
82c3
ac9c
a765
5263
52ed
2ff7
6200
22da
d294
cef2
b10f
4f40
51f3
2f96
6215
22e4
4c28
f625
bb83
4c08
50f6
2f36
622a
22ee
7fb8
1e52
c6a6
48bd
4ff7
2ed6
623f
22f8
3ddb
437d
d25c
455f
4ef6
2e75
6254
2302
c31f
61f7
de87
41f0
4df3
2e15
6269
230c
805c
76ba
eb07
3e6f
4cee
2db4
627e
2316
b2f3
7fb7
f7bd
3adf
4be7
2d53
6293
231f
2c61
7c09
0488
373f
4adf
2cf2
62a8
2329
7d01
6c0f
1147
3392
49d4
2c91
62bc
2333
5ab4
515d
1ddb
2fd7
48c7
2c30
62d1
233d
e502
2e9a
2a22
2c10
47b9
2bcf
62e6
2347
8821
0737
35fd
283d
46a8
2b6d
62fb
2351
9976
df1d
414e
2461
4596
2b0c
6310
235b
0910
ba47
4bf8
207b
4482
2aaa
6324
2365
7056
9c5a
55e0
1c8d
436d
2a48
6339
236f
7053
884f
5eec
1897
4255
29e6
634e
2379
090b
8023
6705
149b
413c
2984
6362
2383
9973
84a5
6e17
109a
4021
2922
6377
238d
8823
9562
740f
0c94
3f05
28c0
638c
2397
e507
b0b3
78de
088c
3de7
285e
63a0
23a1
5ab7
d3e0
7c78
0481
3cc7
27fb
63b5
23ab
7d00
fb6e
7ed4
0075
3ba6
2799
63c9
23b5
2c5c
2370
7feb
fc69
3a84
2736
63de
23bf
b2ef
47ee
7fbc
f85e
395f
26d4
63f2
23c9
805d
654a
7e45
f455
383a
2671
6407
23d3
c324
789b
7b8c
f04e
3713
260e
641b
23dd
3ddf
7ff5
7796
ec4c
35ea
25ab
6430
23e7
7fb8
7aa0
726e
e84f
34c0
2548
6444
23f1
4c24
6921
6c22
e458
3395
24e5
6458
23fa
d290
4d35
64c2
e068
3269
2482
646d
2404
82c2
29a1
5c5f
dc80
313b
241e
6481
240e
a61a
01ed
5310
d8a1
300c
23bb
6495
2418
1c19
da07
48ed
d4cc
2edb
2357
64aa
2422
7843
b5e5
3e0f
d102
2daa
22f4
64be
242c
65dc
991d
3293
cd45
2c77
2290
64d2
2436
f5ce
8689
2695
c994
2b43
222c
64e6
2440
8f20
8000
1a35
c5f1
2a0e
21c8
64fa
244a
9039
8629
0d91
c25d
28d8
2164
650e
2454
f816
9868
00cb
bed9
27a1
2100
6523
245e
673a
b4ec
f402
bb66
2669
209c
6537
2468
7776
d8e2
e759
b804
2530
2038
654b
2472
19dd
00b9
daee
b4b4
23f6
1fd3
655f
247c
a47d
287e
cee3
b178
22bb
1f6f
6573
2486
833f
4c3f
c354
ae50
217f
1f0a
6587
2490
d4b4
6870
b861
ab3d
2043
1ea6
659b
2499
4df8
7a46
ae26
a840
1f05
1e41
65af
24a3
7f8c
7ffc
a4bb
a558
1dc7
1ddc
65c2
24ad
3bdc
7900
9c3a
a289
1c88
1d78
65d6
24b7
c124
6605
94b9
9fd1
1b48
1d13
65ea
24c1
8036
48eb
8e49
9d32
1a07
1cae
65fe
24cb
b4c6
2497
88fd
9aac
18c6
1c49
6612
24d5
2e7f
fca1
84e1
983f
1784
1be4
6625
24df
7d79
d501
8200
95ee
1642
1b7f
6639
24e9
5917
b1a5
8061
93b8
14ff
1b19
664d
24f3
e2cc
960d
8009
919d
13bc
1ab4
6661
24fd
875b
84f8
80f8
8f9f
1278
1a4f
6674
2507
9ad5
8016
832c
8dbd
1133
19e9
6688
2511
0b53
87e3
869f
8bf9
0fee
1984
669b
251a
7167
9b9a
8b48
8a52
0ea9
191e
66af
2524
6f39
b946
911d
88ca
0d63
18b8
66c3
252e
06c8
ddf5
980c
8760
0c1d
1853
66d6
2538
981c
0604
a006
8615
0ad7
17ed
66ea
2542
88f3
2d7b
a8f5
84e9
0990
1787
66fd
254c
e73f
506f
b2c3
83dc
0849
1721
6711
2556
5c4d
6b69
bd57
82f0
0702
16bb
6724
2560
7c7e
7bbc
c895
8223
05bb
1655
6737
256a
2a3a
7fca
d460
8177
0473
15ef
674b
2574
b123
772c
e09c
80eb
032c
1589
675e
257e
808e
62bc
ed27
807f
01e4
1523
6771
2588
c525
4481
f9e3
8034
009d
14bd
6785
2591
3fd8
1f7c
06ae
800a
ff55
1456
6798
259b
7fd9
f757
1369
8001
fe0d
13f0
67ab
25a5
4a4f
d00e
1ff1
8018
fcc6
138a
67be
25af
d073
ad86
2c28
8050
fb7e
1323
67d2
25b9
824f
932c
37ee
80a9
fa37
12bd
67e5
25c3
a7ba
839d
4325
8123
f8ef
1256
67f8
25cd
1e4e
8064
4db1
81bc
f7a8
11f0
680b
25d7
7905
89d2
5775
8277
f661
1189
681e
25e1
6478
9ef9
605a
8351
f51b
1122
6831
25eb
f38d
bdbf
6848
844b
f3d4
10bc
6844
25f4
8e13
e317
6f2c
8565
f28e
1055
6857
25fe
9158
0b4d
74f3
869f
f149
0fee
686a
2608
fa59
3264
798f
87f7
f003
0f87
687d
2612
688d
547c
7cf4
896e
eebf
0f20
6890
261c
76a1
6e33
7f1a
8b03
ed7a
0eba
68a3
2626
17a4
7cfc
7ffa
8cb7
ec36
0e53
68b6
2630
a2eb
7f60
7f93
8e88
eaf3
0dec
68c8
263a
83c6
7523
7de6
9076
e9b0
0d85
68db
2644
d6d8
5f48
7af7
9280
e86d
0d1e
68ee
264d
4fc0
3ffa
76cd
94a7
e72c
0cb6
6901
2657
7f56
1a53
7173
96e9
e5ea
0c4f
6914
2661
39d9
f211
6af8
9946
e4aa
0be8
6926
266b
bf2d
cb30
636a
9bbd
e36a
0b81
6939
2675
801a
a98c
5ade
9e4e
e22b
0b1a
694c
267f
b69e
907b
516a
a0f8
e0ed
0ab3
695e
2689
309a
8279
4726
a3ba
dfaf
0a4b
6971
2693
7de7
80e9
3c2b
a694
de73
09e4
6983
269d
5773
8bf5
3097
a985
dd37
097d
6996
26a6
e099
a282
2486
ac8b
dbfc
0915
69a8
26b0
869e
c255
1818
afa8
dac2
08ae
69bb
26ba
9c3c
e845
0b6d
b2d9
d989
0846
69cd
26c4
0d94
1090
fea4
b61d
d851
07df
69e0
26ce
7270
3737
f1de
b975
d71a
0778
69f2
26d8
6e15
5863
e53d
bcde
d5e4
0710
6a05
26e2
0485
70cc
d8e0
c059
d4af
06a9
6a17
26ec
96cd
7e05
cce8
c3e4
d37b
0641
6a29
26f5
89cd
7ebf
c171
c77e
d249
05da
6a3b
26ff
e979
72e7
b69b
cb27
d117
0572
6a4e
2709
5ddb
5baa
ac81
cedd
cfe7
050b
6a60
2713
7bf3
3b56
a33c
d2a0
ceb8
04a3
6a72
271d
2815
151f
9ae5
d66f
cd8a
043c
6a84
2727
af5e
ecd1
9390
da48
cc5e
03d4
6a97
2731
80c9
c669
8d51
de2b
cb32
036c
6aa9
273a
c72a
a5b7
8836
e217
ca09
0305
6abb
2744
41cd
8dfa
844f
e60a
c8e0
029d
6acd
274e
7ff0
818b
81a3
ea04
c7b9
0236
6adf
2758
4874
81a7
803b
ee03
c694
01ce
6af1
2762
ce5a
8e4a
801a
f207
c56f
0166
6b03
276c
81e6
a634
8140
f60f
c44d
00ff
6b15
2776
a962
c706
83aa
fa19
c32c
0097
6b27
277f
2080
ed7e
8752
fe25
c20c
0030
6b39
2789
79bd
15cc
8c2f
0231
c0ee
ffc8
6b4b
2793
630d
3bf1
9234
063c
bfd2
ff60
6b5c
279d
f14c
5c24
9952
0a46
beb7
fef9
6b6e
27a7
8d0f
7334
a176
0e4e
bd9e
fe91
6b80
27b1
9280
7ed7
aa8c
1251
bc87
fe29
6b92
27bb
fc9d
7de6
b47d
1651
bb71
fdc2
6ba4
27c4
69d7
7079
bf2f
1a4a
ba5e
fd5a
6bb5
27ce
75c2
57e4
ca87
1e3c
b94b
fcf3
6bc7
27d8
1569
3698
d668
2227
b83b
fc8b
6bd9
27e2
a161
0fe2
e2b3
2609
b72d
fc23
6bea
27ec
8457
e799
ef49
29e2
b620
fbbc
6bfc
27f6
d8ff
c1bb
fc0a
2daf
b516
fb54
6c0d
2800
5183
a20a
08d4
3171
b40d
faed
6c1f
2809
7f16
8bab
1589
3527
b306
fa85
6c31
2813
37d2
80d5
2206
38ce
b201
fa1e
6c42
281d
bd3b
829b
2e2c
3c68
b0fe
f9b6
6c54
2827
8008
90d1
39dc
3ff1
affe
f94f
6c65
2831
b87c
aa0e
44f8
436b
aeff
f8e7
6c76
283b
32b0
cbd0
4f64
46d3
ae02
f880
6c88
2844
7e4a
f2bf
5904
4a29
ad08
f818
6c99
284e
55c8
1aff
61c1
4d6c
ac0f
f7b1
6caa
2858
de68
4091
6984
509b
ab19
f74a
6cbc
2862
85eb
5fbd
7039
53b5
aa25
f6e2
6ccd
286c
9dac
7569
75cf
56ba
a933
f67b
6cde
2876
0fd4
7f71
7a37
59a9
a843
f614
6cf0
287f
736f
7cd6
7d67
5c81
a756
f5ac
6d01
2889
6ce9
6dd9
7f56
5f41
a66b
f545
6d12
2893
0241
53f7
7fff
61e9
a582
f4de
6d23
289d
9587
31c2
7f62
6478
a49b
f477
6d34
28a7
8ab1
0a9e
7d7e
66ed
a3b7
f40f
6d45
28b1
ebb5
e26c
7a59
6948
a2d5
f3a8
6d56
28ba
5f62
bd29
75fc
6b88
a1f5
f341
6d67
28c4
7b5d
9e87
7070
6dac
a118
f2da
6d78
28ce
25ed
898f
69c5
6fb4
a03e
f273
6d89
28d8
ad9e
8057
620b
71a0
9f65
f20c
6d9a
28e2
810e
83c7
5957
736e
9e90
f1a5
6dab
28eb
c934
9389
4fbe
751f
9dbc
f13e
6dbc
28f5
43bb
ae0d
4559
76b2
9cec
f0d7
6dcd
28ff
7ffd
d0b1
3a43
7827
9c1e
f070
6dde
2909
4693
f806
2e98
797c
9b52
f009
6dee
2913
cc46
2026
2275
7ab3
9a89
efa3
6dff
291d
8188
4515
15fa
7bcb
99c2
ef3c
6e10
2926
ab10
632b
0947
7cc2
98ff
eed5
6e21
2930
22b0
776b
fc7d
7d9a
983d
ee6e
6e31
293a
7a6b
7fd4
efbb
7e51
977f
ee08
6e42
2944
619a
7b8f
e323
7ee9
96c3
eda1
6e53
294e
ef0c
6b09
d6d5
7f5f
960a
ed3b
6e63
2957
8c15
4fe6
caf0
7fb6
9553
ecd4
6e74
2961
93b1
2cd7
bf93
7feb
94a0
ec6e
6e84
296b
fee1
0555
b4db
7fff
93ef
ec07
6e95
2975
6b19
dd4c
aae3
7ff4
9340
eba1
6ea5
297f
74da
b8b4
a1c4
7fc7
9295
eb3b
6eb6
2988
132c
9b2e
9997
7f79
91ec
ead5
6ec6
2992
9fde
87a7
926f
7f0b
9147
ea6e
6ed7
299c
84f2
8010
8c60
7e7c
90a4
ea08
6ee7
29a6
db29
8529
8779
7dcd
9003
e9a2
6ef7
29b0
533f
9670
83c5
7cfe
8f66
e93c
6f08
29b9
7ecc
b230
8150
7c0f
8ecc
e8d6
6f18
29c3
35c5
d5a6
801f
7b00
8e34
e870
6f28
29cd
bb4f
fd50
8035
79d1
8da0
e80b
6f39
29d7
8000
253f
8191
7884
8d0e
e7a5
6f49
29e1
ba60
497b
8431
7717
8c7f
e73f
6f59
29ea
34c3
666e
880e
758c
8bf4
e6da
6f69
29f4
7ea4
7939
8d1e
73e3
8b6b
e674
6f79
29fe
5416
7ffe
9353
721c
8ae5
e60e
6f89
2a08
dc39
7a12
9a9e
7038
8a62
e5a9
6f99
2a12
8541
680b
a2ed
6e38
89e2
e544
6fa9
2a1b
9f23
4bb2
ac2a
6c1b
8966
e4de
6fb9
2a25
1213
27d8
b63d
69e2
88ec
e479
6fc9
2a2f
7465
000a
c10d
678e
8875
e414
6fd9
2a39
6bb4
d83b
cc7e
6520
8802
e3af
6fe9
2a42
fffd
b45e
d872
6298
8791
e34a
6ff9
2a4c
9449
9801
e4cc
5ff7
8724
e2e5
7009
2a56
8b9d
85f4
f16c
5d3d
86b9
e280
7019
2a60
edf3
8002
fe30
5a6b
8652
e21b
7029
2a6a
60e1
86c1
0afa
5782
85ee
e1b7
7038
2a73
7abd
9986
17a7
5483
858d
e152
7048
2a7d
23c1
b675
2418
516e
852f
e0ed
7058
2a87
abe6
daaf
302c
4e44
84d4
e089
7068
2a91
815d
029c
3bc5
4b06
847d
e024
7077
2a9a
cb42
2a47
46c6
47b5
8428
dfc0
7087
2aa4
45a5
4dc1
5111
4452
83d7
df5c
7096
2aae
7fff
6985
5a8d
40dd
8389
def8
70a6
2ab8
44ac
7ad2
6321
3d58
833e
de94
70b6
2ac2
ca35
7ff1
6ab8
39c3
82f6
de30
70c5
2acb
8133
785f
713e
361f
82b2
ddcc
70d5
2ad5
acc6
64de
76a2
326d
8271
dd68
70e4
2adf
24dd
475d
7ad7
2eae
8233
dd04
70f3
2ae9
7b10
22c7
7dd1
2ae3
81f8
dca1
7103
2af2
601e
fabf
7f8a
270e
81c0
dc3d
7112
2afc
ecce
d33c
7ffc
232e
818c
dbda
7122
2b06
8b23
b029
7f27
1f46
815b
db76
7131
2b10
94ea
9502
7d0d
1b55
812d
db13
7140
2b19
0125
8476
79b3
175d
8102
dab0
714f
2b23
6c53
802b
7522
1360
80db
da4d
715f
2b2d
73e9
888e
6f65
0f5d
80b6
d9ea
716e
2b37
10ee
9cc8
688b
0b56
8096
d987
717d
2b40
9e63
bada
60a6
074d
8078
d924
718c
2b4a
8596
dfc7
57c9
0342
805e
d8c1
719b
2b54
dd56
07e6
4e0c
ff36
8046
d85f
71aa
2b5e
54f4
2f3d
4388
fb2a
8033
d7fc
71b9
2b67
7e77
51e4
3856
f71f
8022
d79a
71c8
2b71
33b5
6c6d
2c95
f317
8015
d738
71d7
2b7b
b968
7c34
2061
ef12
800b
d6d6
71e6
2b85
8003
7fab
13db
eb11
8004
d674
71f5
2b8e
bc4a
7678
0722
e715
8001
d612
7204
2b98
36d1
6186
fa56
e320
8000
d5b0
7213
2ba2
7ef3
42e8
ed99
df33
8003
d54e
7222
2bac
525d
1da7
e10c
db4d
800a
d4ec
7231
2bb5
da0e
f576
d4cd
d772
8013
d48b
7240
2bbf
84a2
ce50
c8fd
d3a0
8020
d429
724e
2bc9
a0a2
ac17
bdb9
cfda
8031
d3c8
725d
2bd3
1451
9231
b31f
cc20
8044
d367
726c
2bdc
7552
832f
a94a
c874
805b
d306
727a
2be6
6a76
808d
a053
c4d5
8075
d2a5
7289
2bf0
fdb9
8a8f
9850
c146
8092
d244
7298
2bfa
9314
a036
9156
bdc7
80b3
d1e3
72a6
2c03
8c93
bf5e
8b78
ba59
80d6
d183
72b5
2c0d
f032
e4ee
86c4
b6fd
80fd
d122
72c3
2c17
6258
0d2d
8345
b3b3
8128
d0c2
72d2
2c20
7a14
341e
8106
b07d
8155
d062
72e0
2c2a
2193
55e4
800c
ad5b
8186
d002
72ef
2c34
aa34
6f25
8058
aa4f
81ba
cfa2
72fd
2c3e
81b7
7d61
81ec
a758
81f1
cf42
730c
2c47
cd55
7f2d
84c2
a478
822c
cee2
731a
2c51
4789
745d
88d3
a1b0
8269
ce82
7328
2c5b
7ff8
5e03
8e15
9eff
82aa
ce23
7336
2c64
42c0
3e56
947a
9c68
82ee
cdc3
7345
2c6e
c829
187a
9bf2
99ea
8336
cd64
7353
2c78
80e9
f031
a46b
9786
8380
cd05
7361
2c82
ae82
c97a
adcd
953d
83ce
cca6
736f
2c8b
2707
a82a
b802
930f
841f
cc47
737e
2c95
7bab
8f91
c2ef
90fd
8473
cbe8
738c
2c9f
5e9b
821e
ce78
8f07
84ca
cb8a
739a
2ca8
ea91
8126
da80
8d2f
8525
cb2b
73a8
2cb2
8a3b
8cc4
e6e8
8b73
8582
cacd
73b6
2cbc
962c
a3ce
f390
89d6
85e3
ca6f
73c4
2cc6
0369
c3fe
0057
8857
8646
ca11
73d2
2ccf
6d83
ea20
0d1e
86f6
86ad
c9b3
73e0
2cd9
72ee
126e
19c4
85b5
8717
c955
73ee
2ce3
0eae
38e9
2627
8492
8784
c8f8
73fb
2cec
9cef
59be
3229
8390
87f5
c89a
7409
2cf6
8645
71ad
3daa
82ad
8868
c83d
7417
2d00
df86
7e56
488e
81ea
88de
c7e0
7425
2d0a
56a3
7e78
52b8
8148
8958
c783
7433
2d13
7e19
720f
5c0f
80c6
89d4
c726
7440
2d1d
31a0
5a56
647a
8065
8a53
c6c9
744e
2d27
b787
39a8
6be4
8024
8ad6
c66c
745c
2d30
8010
1343
723b
8004
8b5b
c610
7469
2d3a
be38
eaf4
776d
8004
8be4
c5b3
7477
2d44
38db
c4bb
7b6d
8026
8c6f
c557
7485
2d4d
7f38
a464
7e32
8068
8cfe
c4fb
7492
2d57
509e
8d22
7fb4
80cb
8d8f
c49f
74a0
2d61
d7e5
8144
7fef
814f
8e23
c444
74ad
2d6a
840c
81f7
7ee4
81f2
8eba
c3e8
74bb
2d74
a229
8f2b
7c93
82b7
8f54
c38d
74c8
2d7e
168d
a78f
7904
839b
8ff1
c331
74d5
2d88
7635
c8b8
743f
849f
9091
c2d6
74e3
2d91
6930
ef5c
6e51
85c2
9134
c27b
74f0
2d9b
fb75
17a7
6749
8705
91d9
c221
74fd
2da5
91e8
3d9a
5f39
8867
9281
c1c6
750b
2dae
8d93
5d71
5635
89e8
932d
c16b
7518
2db8
f272
7403
4c55
8b87
93da
c111
7525
2dc2
63c7
7f14
41b1
8d43
948b
c0b7
7532
2dcb
7960
7d8b
3665
8f1d
953f
c05d
7540
2dd5
1f62
6f8f
2a8f
9114
95f5
c003
754d
2ddf
a889
5683
1e4b
9327
96ae
bfaa
755a
2de8
821a
34e2
11ba
9556
9769
bf50
7567
2df2
cf6c
0e03
04fb
97a0
9827
bef7
7574
2dfc
4967
e5c0
f830
9a06
98e8
be9e
7581
2e05
7fe6
c017
eb79
9c85
99ac
be45
758e
2e0f
40ce
a0c5
def6
9f1d
9a72
bdec
759b
2e19
c621
8ae5
d2c8
a1cf
9b3b
bd93
75a8
2e22
80a9
80a2
c70d
a499
9c06
bd3b
75b5
2e2c
b044
8300
bbe4
a779
9cd4
bce2
75c2
2e36
292e
91c3
b16a
aa71
9da4
bc8a
75ce
2e3f
7c3b
ab76
a7b8
ad7f
9e77
bc32
75db
2e49
5d11
cd8a
9ee8
b0a1
9f4d
bbda
75e8
2e53
e856
f4a0
9711
b3d8
a025
bb83
75f5
2e5c
895d
1cd6
9046
b723
a0ff
bb2b
7601
2e66
9777
4230
8a98
ba80
a1dc
bad4
760e
2e70
05ad
60fa
8617
bdef
a2bb
ba7d
761b
2e79
6eab
7626
82ce
c16f
a39d
ba26
7627
2e83
71ea
7f9b
80c5
c4fe
a481
b9cf
7634
2e8d
0c6e
7c68
8002
c89d
a567
b979
7640
2e96
9b84
6cde
8085
cc4b
a650
b922
764d
2ea0
86fd
5289
824f
d005
a73b
b8cc
7659
2eaa
e1b8
3004
855b
d3cc
a828
b876
7666
2eb3
584a
08bd
89a0
d79d
a917
b820
7672
2ebd
7db0
e097
8f14
db7a
aa09
b7cb
767f
2ec6
2f87
bb8f
95a9
df5f
aafd
b775
768b
2ed0
b5ac
9d51
9d4e
e34d
abf3
b720
7698
2eda
8027
88db
a5ef
e743
aceb
b6cb
76a4
2ee3
c02d
8037
af76
eb3e
ade5
b676
76b0
2eed
3ae1
843f
b9cc
ef3f
aee2
b621
76bc
2ef7
7f73
948c
c4d5
f345
afe0
b5cd
76c9
2f00
4ed8
af82
d076
f74d
b0e1
b578
76d5
2f0a
d5c0
d273
dc90
fb58
b1e3
b524
76e1
2f14
8380
f9e8
e905
ff64
b2e8
b4d0
76ed
2f1d
a3b7
21f8
f5b4
0370
b3ef
b47c
76f9
2f27
18c7
46aa
027e
077b
b4f7
b429
7705
2f31
770f
645a
0f42
0b85
b602
b3d5
7711
2f3a
67e1
7816
1bde
0f8b
b70e
b382
771d
2f44
f932
7fe9
2834
138d
b81c
b32f
7729
2f4d
90c4
7b0d
3422
178b
b92c
b2dc
7735
2f57
8e9b
69fe
3f8b
1b82
ba3e
b28a
7741
2f61
f4b3
4e6b
4a51
1f72
bb52
b237
774d
2f6a
652f
2b11
545a
235b
bc67
b1e5
7759
2f74
78a3
0373
5d8b
273a
bd7e
b193
7765
2f7e
1d2e
db7c
65cc
2b0f
be97
b141
7771
2f87
a6e5
b725
6d09
2ed9
bfb1
b0f0
777c
2f91
8288
9a07
732f
3297
c0ce
b09e
7788
2f9a
d186
8706
782f
3649
c1eb
b04d
7794
2fa4
4b3f
8005
7bfb
39ec
c30b
affc
779f
2fae
7fca
85b4
7e8a
3d80
c42c
afac
77ab
2fb7
3ed7
9784
7fd5
4105
c54e
af5b
77b7
2fc1
c41e
b3b1
7fd9
4479
c672
af0b
77c2
2fca
8073
d76f
7e96
47dc
c797
aeba
77ce
2fd4
b20d
ff33
7c10
4b2c
c8be
ae6a
77d9
2fde
2b51
270b
784c
4e69
c9e7
ae1b
77e5
2fe7
7cc2
4b04
7355
5192
cb10
adcb
77f0
2ff1
5b7f
678d
6d36
54a6
cc3b
ad7c
77fc
2ffb
e61d
79d1
6600
57a4
cd68
ad2d
7807
3004
8888
7fff
5dc5
5a8c
ce95
acde
7812
300e
98ca
797d
549b
5d5d
cfc4
ac8f
781e
3017
07f0
66ee
4a98
6015
d0f4
ac41
7829
3021
6fca
4a2b
3fd6
62b6
d226
abf2
7834
302b
70dd
260c
3471
653d
d358
aba4
7840
3034
0a2c
fe27
2885
67aa
d48c
ab57
784b
303e
9a21
d671
1c33
69fc
d5c0
ab09
7856
3047
87bf
b2da
0f97
6c33
d6f6
aabc
7861
3051
e3ed
96ea
02d5
6e4f
d82d
aa6e
786c
305b
59eb
8566
f60a
704f
d965
aa21
7877
3064
7d3d
800a
e95a
7231
da9e
a9d5
7882
306e
2d6b
875f
dce3
73f7
dbd8
a988
788e
3077
b3d7
9aaa
d0c6
759e
dd13
a93c
7899
3081
8048
b802
c522
7728
de4e
a8f0
78a3
308a
c226
dc7d
ba14
7893
df8b
a8a4
78ae
3094
3ce1
047f
afba
79e0
e0c8
a858
78b9
309e
7fa4
2c0e
a62c
7b0d
e207
a80d
78c4
30a7
4d0c
4f3e
9d85
7c1a
e345
a7c2
78cf
30b1
d39e
6a93
95d9
7d08
e485
a777
78da
30ba
82fe
7b56
8f3d
7dd6
e5c6
a72c
78e5
30c4
a54d
7fde
89c1
7e84
e707
a6e2
78ef
30ce
1aff
77b8
8574
7f11
e848
a697
78fa
30d7
77df
63b2
8260
7f7d
e98b
a64d
7905
30e1
668a
45ca
808d
7fca
eacd
a604
790f
30ea
f6ef
20f5
8001
7ff5
ec11
a5ba
791a
30f4
8faa
f8dc
80bc
7fff
ed55
a571
7925
30fd
8fad
d179
82bc
7fe9
ee99
a527
792f
3107
f6f6
aeb2
85fd
7fb2
efde
a4df
793a
3111
668e
93fc
8a76
7f5b
f123
a496
7944
311a
77dd
83fb
901b
7ee3
f269
a44e
794f
3124
1af8
8048
96df
7e4a
f3af
a405
7959
312d
a548
893e
9eb0
7d91
f4f5
a3bd
7964
3137
8300
9dfc
a77a
7cb8
f63c
a376
796e
3140
d3a5
bc72
b126
7bbf
f783
a32e
7978
314a
4d11
e19b
bb9b
7aa6
f8ca
a2e7
7983
3154
7fa3
09c8
c6c0
796e
fa11
a2a0
798d
315d
3cdb
30fc
d277
7817
fb58
a259
7997
3167
c220
5355
dea3
76a1
fca0
a213
79a1
3170
8048
6d6a
eb24
750c
fde8
a1cc
79ac
317a
b3dc
7ca6
f7da
735a
ff2f
a186
79b6
3183
2d71
7f85
04a5
718a
0077
a141
79c0
318d
7d3f
75be
1164
6f9d
01bf
a0fb
79ca
3196
59e6
604b
1df7
6d94
0306
a0b6
79d4
31a0
e3e6
414a
2a3d
6b6e
044e
a071
79de
31aa
87bc
1bd1
3617
692d
0595
a02c
79e8
31b3
9a25
f395
4167
66d1
06dc
9fe7
79f2
31bd
0a33
cc94
4c0f
645b
0824
9fa3
79fc
31c6
70e0
aaad
55f5
61cb
096b
9f5f
7a06
31d0
6fc7
913c
5eff
5f22
0ab1
9f1b
7a10
31d9
07e9
82c7
6716
5c61
0bf8
9ed7
7a1a
31e3
98c6
80bd
6e26
5988
0d3e
9e94
7a23
31ec
888a
8b52
741b
5698
0e83
9e51
7a2d
31f6
e624
a179
78e8
5392
0fc9
9e0e
7a37
31ff
5b84
c100
7c7f
5077
110e
9dcc
7a41
3209
7cc0
e6c6
7ed8
4d47
1252
9d89
7a4a
3213
2b4b
0f0d
7fec
4a03
1396
9d47
7a54
321c
b208
35d6
7fba
46ac
14da
9d05
7a5e
3226
8074
5747
7e40
4343
161d
9cc4
7a67
322f
c424
7012
7b84
3fc9
175f
9c82
7a71
3239
3edd
7dbe
778c
3c3f
18a1
9c41
7a7a
3242
7fca
7ef3
7261
38a5
19e3
9c01
7a84
324c
4b3a
7391
6c13
34fd
1b23
9bc0
7a8d
3255
d180
5cb9
64b0
3147
1c63
9b80
7a97
325f
8287
3cae
5c4b
2d84
1da2
9b40
7aa0
3268
a6ea
16a0
52fa
29b6
1ee1
9b00
7aaa
3272
1d35
ee53
48d5
25dd
201e
9ac0
7ab3
327b
78a6
c7c6
3df6
21fb
215b
9a81
7abc
3285
652a
a6ce
3278
1e0f
2297
9a42
7ac6
328e
f4ac
8ead
2679
1a1c
23d2
9a03
7acf
3298
8e98
81ca
1a18
1623
250c
99c5
7ad8
32a1
90c8
816b
0d74
1224
2645
9987
7ae1
32ab
f939
8d99
00ae
0e20
277d
9949
7aea
32b4
67e5
a520
f3e5
0a18
28b5
990b
7af4
32be
770c
c5aa
e73c
060e
29eb
98ce
7afd
32c8
18c0
ebfd
dad2
0202
2b20
9890
7b06
32d1
a3b2
144c
cec8
fdf6
2c54
9853
7b0f
32db
8382
3a97
c33b
f9eb
2d87
9817
7b18
32e4
d5c7
5b14
b849
f5e1
2eb8
97da
7b21
32ee
4ede
7288
ae0f
f1d9
2fe9
979e
7b2a
32f7
7f72
7ea0
a4a7
edd5
3118
9763
7b33
3301
3adb
7e2a
9c28
e9d6
3246
9727
7b3b
330a
c027
7131
94a9
e5dc
3373
96ec
7b44
3314
8027
58fe
8e3c
e1e9
349e
96b1
7b4d
331d
b5b2
37f8
88f2
ddfe
35c8
9676
7b56
3327
2f8e
1165
84d9
da1c
36f1
963b
7b5f
3330
7db1
e918
81fb
d643
3818
9601
7b67
333a
5845
c311
805f
d275
393e
95c7
7b70
3343
e1b1
a315
8009
ceb3
3a62
958d
7b79
334d
86fb
8c50
80fb
cafd
3b85
9554
7b81
3356
9b88
8104
8332
c755
3ca6
951b
7b8a
3360
0c74
824f
86a8
c3bb
3dc6
94e2
7b92
3369
71ed
9012
8b54
c031
3ee4
94a9
7b9b
3373
6ea8
a8ee
912b
bcb7
4001
9471
7ba3
337c
05a6
ca6d
981d
b94e
411c
9439
7bac
3385
9773
f13c
a019
b5f7
4235
9401
7bb4
338f
895f
1981
a90b
b2b4
434d
93ca
7bbd
3398
e85d
3f3f
b2da
af84
4463
9393
7bc5
33a2
5d16
5eb8
bd70
ac68
4577
935c
7bcd
33ab
7c3a
74cc
c8af
a962
4689
9325
7bd6
33b5
2927
7f4b
d47c
a673
479a
92ef
7bde
33be
b03f
7d2a
e0b8
a39a
48a8
92b9
7be6
33c8
80aa
6e9f
ed44
a0d9
49b5
9283
7bef
33d1
c628
551c
fa00
9e30
4ac0
924d
7bf7
33db
40d4
3329
06cb
9ba0
4bc9
9218
7bff
33e4
7fe6
0c22
1385
992a
4cd0
91e3
7c07
33ee
4961
e3e8
200e
96ce
4dd5
91ae
7c0f
33f7
cf65
be77
2c44
948e
4ed8
917a
7c17
3401
8219
9f85
3809
9268
4fda
9146
7c1f
340a
a88e
8a25
433e
905f
50d9
9112
7c27
3414
1f68
8075
4dc8
8e72
51d6
90de
7c2f
341d
7963
836b
578a
8ca3
52d1
90ab
7c37
3427
63c3
92bc
606d
8af1
53c9
9078
7c3f
3430
f26b
ace2
6859
895d
54c0
9045
7c47
3439
8d90
cf47
6f3a
87e7
55b4
9013
7c4f
3443
91eb
f681
74ff
8690
56a7
8fe1
7c56
344c
fb7c
1eac
7998
8558
5797
8faf
7c5e
3456
6934
43cc
7cfb
843f
5885
8f7e
7c66
345f
7632
6233
7f1d
8347
5970
8f4c
7c6e
3469
1686
76dd
7ffb
826e
5a59
8f1b
7c75
3472
a224
7fbd
7f91
81b5
5b40
8eeb
7c7d
347c
840e
7bf3
7de1
811c
5c25
8eba
7c85
3485
d7ec
6bdd
7aef
80a4
5d07
8e8a
7c8c
348f
50a3
5116
76c2
804d
5de7
8e5a
7c94
3498
7f37
2e43
7166
8016
5ec5
8e2b
7c9b
34a1
38d5
06db
6ae8
8000
5fa0
8dfb
7ca3
34ab
be33
dec4
6358
800b
6078
8dcd
7caa
34b4
8010
b9f9
5aca
8037
614e
8d9e
7cb1
34be
b78d
9c20
5154
8083
6222
8d70
7cb9
34c7
31a6
882e
470e
80f0
62f3
8d41
7cc0
34d1
7e1a
801f
3c12
817e
63c2
8d14
7cc8
34da
569e
84bd
307c
822b
648e
8ce6
7ccf
34e4
df7f
9596
246a
82f9
6557
8cb9
7cd6
34ed
8643
b0fb
17fc
83e8
661e
8c8c
7cdd
34f6
9cf4
d437
0b50
84f5
66e2
8c60
7ce5
3500
0eb5
fbca
fe87
8623
67a4
8c33
7cec
3509
72f1
23c9
f1c1
876f
6863
8c07
7cf3
3513
6d80
483a
e521
88db
691f
8bdc
7cfa
351c
0362
6583
d8c5
8a64
69d9
8bb0
7d01
3526
9628
78ba
cccd
8c0c
6a90
8b85
7d08
352f
8a3e
7ff8
c158
8dd2
6b44
8b5a
7d0f
3538
ea98
7a85
b684
8fb5
6bf5
8b30
7d16
3542
5ea0
68ec
ac6b
91b5
6ca4
8b05
7d1d
354b
7ba9
4ceb
a328
93d0
6d50
8adc
7d24
3555
2700
294a
9ad3
9608
6df9
8ab2
7d2b
355e
ae7c
0190
9381
985b
6e9f
8a89
7d32
3568
80ea
d9af
8d44
9ac8
6f43
8a60
7d38
3571
c82f
b59a
882c
9d4f
6fe3
8a37
7d3f
357a
42c6
98e6
8447
9fef
7081
8a0e
7d46
3584
7ff8
866c
819f
a2a8
711c
89e6
7d4d
358d
4783
8000
803a
a579
71b4
89bf
7d53
3597
cd4f
8646
801b
a861
7249
8997
7d5a
35a0
81b6
989e
8144
ab60
72db
8970
7d60
35a9
aa39
b537
83b1
ae74
736a
8949
7d67
35b3
2199
d93a
875c
b19d
73f6
8922
7d6e
35bc
7a16
0116
8c3b
b4da
7480
88fc
7d74
35c6
6254
28d6
9243
b82a
7506
88d6
7d7b
35cf
f02b
4c8a
9963
bb8d
7589
88b0
7d81
35d8
8c90
68a6
a18a
bf01
7609
888b
7d88
35e2
9318
7a61
aaa2
c286
7687
8866
7d8e
35eb
fdc0
7ffa
b495
c61b
7701
8841
7d94
35f5
6a7a
78e2
bf49
c9be
7778
881d
7d9b
35fe
754f
65cd
caa2
cd6f
77ec
87f9
7da1
3607
144a
489f
d683
d12e
785d
87d5
7da7
3611
a09d
243e
e2cf
d4f8
78cb
87b1
7dad
361a
84a3
fc44
ef66
d8cd
7936
878e
7db4
3624
da14
d4aa
fc27
dcac
799e
876b
7dba
362d
5262
b15b
08f1
e095
7a02
8748
7dc0
3636
7ef2
95da
15a5
e485
7a64
8726
7dc6
3640
36cb
84df
2222
e87c
7ac2
8704
7dcc
3649
bc44
801a
2e47
ec7a
7b1d
86e2
7dd2
3653
8003
8804
39f6
f07c
7b75
86c1
7dd8
365c
b96e
9bd4
4511
f483
7bca
86a0
7dde
3665
33bb
b993
4f7a
f88c
7c1c
867f
7de4
366f
7e78
de4e
5919
fc97
7c6b
865f
7dea
3678
54ef
0661
61d4
00a3
7cb6
863f
7df0
3681
dd4f
2dd2
6994
04af
7cfe
861f
7df6
368b
8594
50b7
7047
08ba
7d43
85ff
7dfb
3694
9e67
6b9b
75da
0cc3
7d85
85e0
7e01
369e
10f5
7bd4
7a40
10c8
7dc4
85c1
7e07
36a7
73ec
7fc5
7d6d
14c9
7dff
85a3
7e0d
36b0
6c4f
770a
7f59
18c4
7e37
8585
7e12
36ba
011e
6281
7fff
1cba
7e6c
8567
7e18
36c3
94e6
4433
7f5f
20a8
7e9e
8549
7e1e
36cc
8b26
1f22
7d78
248d
7ecc
852c
7e23
36d6
ecd5
f6fb
7a51
2869
7ef7
850f
7e29
36df
6023
cfb8
75f0
2c3b
7f1f
84f2
7e2e
36e8
7b0e
ad3f
7062
3002
7f44
84d6
7e34
36f2
24d6
92fc
69b5
33bc
7f65
84ba
7e39
36fb
acc0
8387
61f9
3769
7f84
849e
7e3f
3705
8134
806b
5942
3b08
7f9e
8482
7e44
370e
ca3c
89f6
4fa7
3e98
7fb6
8467
7e49
3717
44b2
9f35
4541
4217
7fca
844d
7e4f
3721
7fff
be0e
3a29
4586
7fdc
8432
7e54
372a
459f
e371
2e7c
48e3
7fe9
8418
7e59
3733
cb3c
0ba9
2259
4c2e
7ff4
83fe
7e5f
373d
815c
32b9
15de
4f64
7ffb
83e5
7e64
3746
abeb
54c1
092a
5287
7fff
83cb
7e69
374f
23c8
6e62
fc60
5594
7fff
83b2
7e6e
3759
7abf
7d10
ef9e
588c
7ffd
839a
7e73
3762
60dc
7f57
e307
5b6d
7ff7
8382
7e78
376b
edec
74fe
d6ba
5e36
7fee
836a
7e7d
3775
8b9a
5f0a
cad6
60e7
7fe2
8352
7e82
377e
944d
3fa9
bf7a
6380
7fd2
833b
7e87
3787
0004
19f9
b4c3
65ff
7fbf
8324
7e8c
3791
6bb7
f1b5
aacd
6864
7fa9
830d
7e91
379a
7462
cadc
a1b0
6aae
7f90
82f7
7e96
37a3
120c
a948
9985
6cdd
7f73
82e1
7e9b
37ad
9f1f
904d
9260
6ef0
7f53
82cb
7ea0
37b6
8543
8267
8c54
70e6
7f30
82b6
7ea4
37bf
dc40
80f5
876f
72c0
7f09
82a1
7ea9
37c9
541b
8c1c
83be
747d
7edf
828c
7eae
37d2
7ea3
a2c1
814c
761b
7eb2
8278
7eb2
37db
34bd
c2a6
801e
779b
7e82
8264
7eb7
37e5
ba5a
e8a0
8036
78fd
7e4f
8250
7ebc
37ee
8000
10ec
8196
7a40
7e18
823c
7ec0
37f7
bb55
378a
8439
7b63
7dde
8229
7ec5
3801
35cc
58a6
8818
7c67
7da1
8216
7ec9
380a
7ecd
70f8
8d2a
7d4b
7d60
8204
7ece
3813
533a
7e15
9362
7e0f
7d1d
81f2
7ed2
381d
db22
7eb2
9ab0
7eb3
7cd6
81e0
7ed7
3826
84f0
72be
a301
7f36
7c8c
81ce
7edb
382f
9fe2
5b69
ac40
7f98
7c3f
81bd
7edf
3839
1333
3b04
b655
7fda
7bee
81ac
7ee4
3842
74dd
14c4
c126
7ffc
7b9b
819c
7ee8
384b
6b15
ec75
cc98
7ffc
7b44
818c
7eec
3854
feda
c616
d88e
7fdc
7aea
817c
7ef1
385e
93ad
a576
e4e9
7f9b
7a8d
816c
7ef5
3867
8c18
8dd0
f189
7f39
7a2d
815d
7ef9
3870
ef13
817d
fe4d
7eb7
79ca
814e
7efd
387a
619e
81b6
0b17
7e14
7963
813f
7f01
3883
7a69
8e75
17c4
7d51
78fa
8131
7f05
388c
22a9
a676
2434
7c6e
788d
8123
7f09
3896
ab0b
c759
3047
7b6c
781d
8116
7f0d
389f
8189
edda
3bdf
7a49
77ab
8108
7f11
38a8
cc4c
1628
46de
7907
7735
80fb
7f15
38b1
4698
3c43
5128
77a7
76bc
80ef
7f19
38bb
7ffd
5c64
5aa1
7627
7640
80e2
7f1d
38c4
43b6
735c
6334
748a
75c1
80d6
7f21
38cd
c92e
7ee3
6ac8
72ce
753f
80cb
7f25
38d7
810d
7dd5
714b
70f5
74ba
80bf
7f28
38e0
ada4
704c
76ad
6f00
7432
80b4
7f2c
38e9
25f3
57a1
7adf
6ced
73a7
80aa
7f30
38f2
7b5f
3644
7dd7
6abf
7319
809f
7f33
38fc
5f5d
0f86
7f8c
6876
7289
8095
7f37
3905
ebae
e73e
7ffc
6612
71f5
808b
7f3b
390e
8aae
c16a
7f24
6394
715e
8082
7f3e
3918
958b
a1cc
7d07
60fc
70c4
8079
7f42
3921
0248
8b85
79aa
5e4b
7028
8070
7f45
392a
6cec
80cb
7516
5b83
6f89
8068
7f49
3933
736c
82ae
6f57
58a3
6ee6
8060
7f4c
393d
0fcd
90ff
687a
55ac
6e41
8058
7f50
3946
9da7
aa52
6093
529f
6d9a
8051
7f53
394f
85ed
cc25
57b4
4f7d
6cef
804a
7f56
3958
de6e
f31b
4df5
4c47
6c41
8043
7f5a
3962
55cd
1b5a
436f
48fd
6b91
803c
7f5d
396b
7e49
40e1
383c
45a1
6ade
8036
7f60
3974
32aa
5ffa
2c79
4233
6a29
8030
7f63
397d
b876
758e
2045
3eb3
6970
802b
7f67
3987
8008
7f7a
13be
3b24
68b5
8026
7f6a
3990
bd41
7cc1
0705
3786
67f7
8021
7f6d
3999
37d8
6da9
fa39
33d9
6737
801c
7f70
39a2
7f17
53b1
ed7d
301f
6674
8018
7f73
39ac
517e
316d
e0ef
2c59
65ae
8015
7f76
39b5
d8f8
0a42
d4b1
2888
64e5
8011
7f79
39be
8455
e212
c8e2
24ac
641b
800e
7f7c
39c7
a165
bcda
bda0
20c6
634d
800b
7f7f
39d1
1570
9e4b
b308
1cd9
627d
8008
7f82
39da
75c5
896c
a935
18e4
61aa
8006
7f85
39e3
69d3
8050
a03f
14e8
60d5
8004
7f87
39ec
fc96
83dd
983f
10e7
5ffe
8003
7f8a
39f6
927c
93ba
9148
0ce2
5f24
8002
7f8d
39ff
8d12
ae54
8b6c
08da
5e47
8001
7f90
3a08
f153
d107
86ba
04cf
5d69
8000
7f92
3a11
6311
f863
833f
00c3
5c87
8000
7f95
3a1b
79bb
2080
8102
fcb7
5ba4
8000
7f98
3a24
2079
4563
800b
f8ac
5abe
8001
7f9a
3a2d
a95d
6366
805b
f4a2
59d6
8001
7f9d
3a36
81e7
778d
81f1
f09c
58eb
8002
7f9f
3a40
ce61
7fd8
84c9
ec99
57fe
8004
7fa2
3a49
4879
7b77
88dd
e89c
570f
8006
7fa4
3a52
7ff0
6ad6
8e22
e4a4
561e
8008
7fa7
3a5b
41c7
4f9e
948a
e0b3
552a
800a
7fa9
3a64
c724
2c80
9c04
dccb
5434
800d
7fac
3a6e
80c8
04f8
a47f
d8eb
533d
8010
7fae
3a77
af63
dcf3
ade3
d516
5243
8013
7fb0
3a80
281c
b867
b81a
d14b
5147
8017
7fb2
3a89
7bf4
9af5
c308
cd8c
5048
801b
7fb5
3a93
5dd6
8788
ce93
c9db
4f48
801f
7fb7
3a9c
e972
800d
da9c
c637
4e46
8024
7fb9
3aa5
89cb
8543
e704
c2a2
4d42
8029
7fbb
3aae
96d1
96a5
f3ad
bf1c
4c3b
802e
7fbd
3ab7
048c
b279
0074
bba8
4b33
8034
7fbf
3ac1
6e19
d5fe
0d3b
b845
4a29
803a
7fc1
3aca
726d
fdad
19e0
b4f4
491d
8040
7fc3
3ad3
0d8d
2597
2643
b1b6
480f
8047
7fc5
3adc
9c38
49c7
3244
ae8c
46ff
804e
7fc7
3ae5
86a0
66a6
3dc4
ab78
45ee
8055
7fc9
3aef
e09f
7957
48a6
a878
44da
805d
7fcb
3af8
5778
7fff
52cf
a590
43c5
8065
7fcd
3b01
7de5
79f6
5c23
a2be
42ae
806d
7fcf
3b0a
3093
67d5
648c
a004
4196
8076
7fd1
3b13
b698
4b67
6bf4
9d63
407c
807f
7fd2
3b1d
801a
2780
7248
9adb
3f60
8088
7fd4
3b26
bf33
ffad
7777
986d
3e42
8092
7fd6
3b2f
39e0
d7e3
7b75
961a
3d23
809b
7fd7
3b38
7f57
b413
7e37
93e1
3c03
80a6
7fd9
3b41
4fbb
97cb
7fb6
91c5
3ae0
80b0
7fdb
3b4a
d6d1
85d8
7fee
8fc4
39bd
80bb
7fdc
3b54
83c5
8003
7ee0
8de0
3897
80c6
7fde
3b5d
a2f0
86df
7c8c
8c1a
3771
80d2
7fdf
3b66
17ab
99be
78fb
8a71
3649
80de
7fe1
3b6f
76a3
b6c1
7433
88e6
351f
80ea
7fe2
3b78
6889
db07
6e43
877a
33f5
80f6
7fe3
3b82
fa52
02f9
6738
862c
32c8
8103
7fe5
3b8b
9154
2a9e
5f26
84fe
319b
8111
7fe6
3b94
8e16
4e0a
5620
83ef
306c
811e
7fe7
3b9d
f393
69b9
4c3d
8300
2f3c
812c
7fe9
3ba6
647d
7aec
4198
8231
2e0b
813a
7fea
3baf
7903
7fee
364b
8182
2cd9
8148
7feb
3bb9
1e47
7840
2a73
80f4
2ba5
8157
7fec
3bc2
a7b5
64a5
1e2f
8086
2a71
8166
7fed
3bcb
8250
4710
119d
8039
293b
8176
7fee
3bd4
d079
226e
04de
800c
2804
8186
7fef
3bdd
4a55
fa62
f813
8000
26cd
8196
7ff0
3be6
7fd9
d2e5
eb5c
8015
2594
81a6
7ff1
3bf0
3fd2
afe1
deda
804b
245a
81b7
7ff2
3bf9
c51e
94cf
d2ad
80a1
231f
81c8
7ff3
3c02
808d
845e
c6f3
8118
21e4
81d9
7ff4
3c0b
b129
8030
bbcc
81b0
20a8
81eb
7ff5
3c14
2a41
88af
b153
8267
1f6a
81fd
7ff6
3c1d
7c80
9d03
a7a3
833f
1e2c
820f
7ff7
3c26
5c48
bb28
9ed5
8437
1ced
8222
7ff7
3c30
e738
e021
9700
854f
1bae
8235
7ff8
3c39
88f1
0843
9037
8686
1a6e
8248
7ff9
3c42
9820
2f93
8a8d
87dc
192d
825c
7ffa
3c4b
06cf
522b
860e
8951
17eb
8270
7ffa
3c54
6f3c
6c9e
82c8
8ae4
16a9
8284
7ffb
3c5d
7164
7c4b
80c2
8c95
1566
8299
7ffb
3c66
0b4c
7fa4
8001
8e64
1423
82ae
7ffc
3c70
9ad1
7655
8088
9050
12df
82c3
7ffc
3c79
875d
614a
8255
9258
119a
82d9
7ffd
3c82
e2d3
4299
8563
947c
1056
82ef
7ffd
3c8b
591c
1d4d
89ab
96bc
0f10
8305
7ffe
3c94
7d78
f519
8f22
9917
0dcb
831b
7ffe
3c9d
2e79
cdfa
95b9
9b8d
0c85
8332
7ffe
3ca6
b4c0
abd1
9d60
9e1c
0b3f
8349
7fff
3caf
8036
9202
a603
a0c4
09f8
8361
7fff
3cb9
c12a
831a
af8d
a384
08b1
8379
7fff
3cc2
3be3
8096
b9e4
a65c
076a
8391
7fff
3ccb
7f8d
8ab4
c4ef
a94b
0623
83a9
7fff
3cd4
4df2
a074
d091
ac50
04dc
83c2
7fff
3cdd
d4ae
bfae
dcac
af6b
0394
83db
7fff
3ce6
833e
e548
e921
b29a
024d
83f4
7fff
3cef
a482
0d89
f5d1
b5dd
0105
840e
7fff
3cf8
19e4
3473
029b
b933
ffbd
8428
7fff
3d02
7778
5629
0f5f
bc9c
fe76
8443
7fff
3d0b
6736
6f53
1bfb
c015
fd2e
845d
7fff
3d14
f80f
7d73
284f
c39f
fbe6
8478
7fff
3d1d
9035
7f23
343c
c738
fa9f
8493
7fff
3d26
8f24
7436
3fa4
cae0
f958
84af
7fff
3d2f
f5d5
5dc4
4a69
ce95
f810
84cb
7fff
3d38
65e0
3e05
5470
d257
f6ca
84e7
7fff
3d41
7841
181f
5d9e
d625
f583
8504
7fff
3d4a
1c12
efd5
65de
d9fe
f43c
8521
7fff
3d53
a615
c926
6d18
dde0
f2f6
853e
7ffe
3d5d
82c3
a7e7
733c
e1cb
f1b0
855b
7ffe
3d66
d296
8f65
7839
e5bd
f06b
8579
7ffe
3d6f
4c2a
820d
7c02
e9b7
ef26
8597
7ffd
3d78
7fb8
8133
7e8e
edb6
ede1
85b6
7ffd
3d81
3dd9
8cec
7fd6
f1ba
ec9d
85d5
7ffc
3d8a
c31e
a40f
7fd8
f5c1
eb5a
85f4
7ffc
3d93
805c
c44f
7e92
f9cb
ea16
8613
7ffb
3d9c
b2f5
ea7c
7c09
fdd7
e8d4
8633
7ffb
3da5
2c63
12ca
7842
01e3
e792
8653
7ffa
3dae
7d02
393b
7348
05ee
e651
8673
7ff9
3db7
5ab3
5a00
6d27
09f9
e510
8694
7ff9
3dc0
e500
71d7
65ef
0e00
e3d0
86b5
7ff8
3dca
8821
7e65
5db2
1204
e291
86d6
7ff7
3dd3
9977
7e6a
5485
1604
e152
86f7
7ff6
3ddc
0912
71e5
4a80
19fd
e014
8719
7ff6
3de5
7057
5a15
3fbd
1df1
ded8
873c
7ff5
3dee
7052
3956
3456
21dc
dd9b
875e
7ff4
3df7
0909
12e7
286a
25bf
dc60
8781
7ff3
3e00
9971
ea99
1c16
2998
db26
87a4
7ff2
3e09
8824
c469
0f7b
2d66
d9ed
87c7
7ff1
3e12
e509
a423
02b7
3129
d8b4
87eb
7ff0
3e1b
5ab9
8cf9
f5ed
34e0
d77d
880f
7fef
3e24
7d00
8137
e93d
3888
d647
8833
7fee
3e2d
2c5a
8208
dcc7
3c23
d511
8858
7fed
3e36
b2ee
8f57
d0ab
3fae
d3dd
887d
7fec
3e3f
805d
a7d2
c508
4328
d2aa
88a2
7feb
3e48
c326
c90b
b9fc
4692
d178
88c8
7fe9
3e52
3de1
efb8
afa3
49e9
d048
88ee
7fe8
3e5b
7fb8
1802
a618
4d2d
cf18
8914
7fe7
3e64
4c23
3deb
9d72
505e
cdea
893a
7fe6
3e6d
d28e
5db0
95c9
537a
ccbd
8961
7fe4
3e76
82c1
742a
8f2f
5681
cb92
8988
7fe3
3e7f
a61b
7f1f
89b6
5971
ca67
89b0
7fe1
3e88
1c1b
7d79
856b
5c4b
c93e
89d7
7fe0
3e91
7844
6f61
825a
5f0d
c817
89ff
7fdf
3e9a
65db
563e
808b
61b7
c6f1
8a28
7fdd
3ea3
f5cc
348d
8001
6448
c5cc
8a50
7fdc
3eac
8f1f
0da7
80bf
66bf
c4a9
8a79
7fda
3eb5
903a
e565
82c2
691b
c388
8aa2
7fd8
3ebe
f818
bfc7
8606
6b5d
c268
8acc
7fd7
3ec7
673b
a087
8a81
6d83
c149
8af6
7fd5
3ed0
7775
8ac0
902a
6f8e
c02c
8b20
7fd3
3ed9
19db
8098
96f0
717c
bf11
8b4a
7fd2
3ee2
a47b
8314
9ec3
734c
bdf8
8b75
7fd0
3eeb
8340
91f3
a78f
74ff
bce0
8ba0
7fce
3ef4
d4b6
abbb
b13d
7695
bbca
8bcb
7fcc
3efd
4df9
cddf
bbb4
780c
bab5
8bf7
7fca
3f06
7f8c
f4fc
c6da
7964
b9a3
8c23
7fc9
3f0f
3bdb
1d30
d292
7a9d
b892
8c4f
7fc7
3f18
c122
4280
debf
7bb7
b783
8c7b
7fc5
3f21
8036
6137
eb40
7cb1
b676
8ca8
7fc3
3f2a
b4c7
764a
f7f7
7d8b
b56a
8cd5
7fc1
3f33
2e81
7fa2
04c2
7e45
b461
8d03
7fbf
3f3c
7d79
7c52
1181
7ede
b35a
8d30
7fbc
3f45
5916
6cad
1e13
7f58
b254
8d5e
7fba
3f4e
e2ca
5242
2a59
7fb0
b151
8d8c
7fb8
3f57
875a
2fae
3632
7fe8
b04f
8dbb
7fb6
3f60
9ad6
0860
4180
7fff
af50
8dea
7fb4
3f69
0b55
e03d
4c27
7ff6
ae53
8e19
7fb2
3f72
7168
bb41
560b
7fcb
ad57
8e48
7faf
3f7b
6f38
9d16
5f13
7f80
ac5e
8e78
7fad
3f84
06c7
88ba
6727
7f15
ab67
8ea8
7fab
3f8d
981a
8032
6e34
7e88
aa72
8ed8
7fa8
3f96
88f4
8457
7427
7ddc
a980
8f09
7fa6
3f9f
e741
94bf
78f1
7d0f
a88f
8f3a
7fa3
3fa8
5c4e
afca
7c86
7c22
a7a1
8f6b
7fa1
3fb1
7c7e
d2c9
7edc
7b15
a6b5
8f9c
7f9e
3fba
2a38
fa45
7fed
79e9
a5cc
8fce
7f9c
3fc3
b122
2252
7fb8
789e
a4e4
9000
7f99
3fcc
808e
46f7
7e3b
7734
a3ff
9032
7f97
3fd5
c526
6493
7b7c
75ab
a31d
9065
7f94
3fde
3fda
7836
7781
7404
a23c
9098
7f91
3fe7
7fd9
7fed
7254
7240
a15e
90cb
7f8f
3ff0
4a4d
7af4
6c03
705e
a083
90ff
7f8c
3ff9
d071
69c9
649e
6e5f
9faa
9132
7f89
4002
824e
4e22
5c37
6c44
9ed4
9166
7f86
400b
a7bc
2aba
52e4
6a0e
9dff
919b
7f83
4014
1e50
0316
48bd
67bc
9d2e
91cf
7f81
401d
7906
db23
3ddc
6550
9c5f
9204
7f7e
4026
6477
b6d9
325d
62ca
9b93
9239
7f7b
402f
f38b
99cf
265e
602a
9ac9
926f
7f78
4038
8e12
86e8
19fc
5d72
9a01
92a4
7f75
4041
9159
8003
0d57
5aa2
993d
92da
7f72
404a
fa5b
85cf
0091
57bb
987b
9311
7f6f
4053
688e
97ba
f3c8
54be
97bb
9347
7f6c
405c
76a0
b3fc
e720
51aa
96ff
937e
7f68
4065
17a2
d7c7
dab7
4e82
9644
93b5
7f65
406e
a2ea
ff90
cead
4b46
958d
93ec
7f62
4077
83c7
2764
c321
47f6
94d9
9424
7f5f
4080
d6da
4b4f
b831
4494
9427
945c
7f5c
4089
4fc2
67c3
adf9
4120
9378
9494
7f58
4091
7f56
79ed
a493
3d9c
92cb
94cd
7f55
409a
39d8
7fff
9c16
3a08
9222
9506
7f52
40a3
bf2b
7960
9499
3665
917b
953f
7f4e
40ac
801a
66b7
8e2f
32b4
90d7
9578
7f4b
40b5
b69f
49df
88e8
2ef7
9036
95b1
7f47
40be
309c
25b3
84d1
2b2d
8f98
95eb
7f44
40c7
7de7
fdca
81f6
2758
8efd
9625
7f40
40d0
5772
d61a
805d
2379
8e64
9660
7f3d
40d9
e097
b291
800a
1f91
8dcf
969a
7f39
40e2
869d
96b5
80ff
1ba1
8d3c
96d5
7f36
40eb
9c3e
854b
8338
17aa
8cac
9711
7f32
40f4
0d96
800c
86b1
13ad
8c20
974c
7f2e
40fd
7271
877e
8b60
0faa
8b96
9788
7f2b
4106
6e14
9ae3
913a
0ba4
8b0f
97c4
7f27
410f
0483
b84f
982e
079b
8a8c
9800
7f23
4117
96cc
dcd6
a02d
0390
8a0b
983d
7f1f
4120
89ce
04db
a920
ff84
898d
9879
7f1b
4129
e97b
2c64
b2f2
fb78
8912
98b7
7f17
4132
5ddd
4f87
bd88
f76d
889b
98f4
7f14
413b
7bf2
6ac6
c8c9
f364
8826
9931
7f10
4144
2813
7b6f
d497
ef5f
87b5
996f
7f0c
414d
af5c
7fda
e0d4
eb5e
8746
99ad
7f08
4156
80c9
7797
ed61
e762
86db
99ec
7f04
415f
c72c
6378
fa1d
e36c
8673
9a2a
7f00
4168
41ce
457c
06e9
df7e
860e
9a69
7efb
4171
7ff0
209c
13a2
db98
85ac
9aa9
7ef7
417a
4872
f880
202a
d7bc
854d
9ae8
7ef3
4182
ce59
d122
2c5f
d3e9
84f1
9b28
7eef
418b
81e6
ae6b
3823
d022
8498
9b68
7eeb
4194
a963
93ca
4357
cc68
8443
9ba8
7ee6
419d
2082
83e5
4ddf
c8ba
83f1
9be8
7ee2
41a6
79be
804e
57a0
c51b
83a2
9c29
7ede
41af
630c
8961
6080
c18a
8356
9c6a
7ed9
41b8
f14a
9e38
686a
be0a
830d
9cab
7ed5
41c1
8d0f
bcc1
6f49
ba9b
82c7
9ced
7ed1
41ca
9281
e1f5
750b
b73d
8285
9d2e
7ecc
41d2
fc9f
0a24
79a1
b3f2
8246
9d70
7ec8
41db
69d8
3152
7d01
b0ba
820a
9db3
7ec3
41e4
75c1
539b
7f21
ad97
81d2
9df5
7ebe
41ed
1567
6d9a
7ffb
aa89
819c
9e38
7eba
41f6
a15f
7cbb
7f8f
a790
816a
9e7b
7eb5
41ff
8458
7f7c
7ddc
a4af
813b
9ebe
7eb1
4208
d901
759a
7ae7
a1e4
810f
9f02
7eac
4211
5184
600d
76b7
9f32
80e7
9f45
7ea7
421a
7f16
40fb
7158
9c99
80c2
9f89
7ea2
4222
37d0
1b76
6ad8
9a19
80a0
9fce
7e9e
422b
bd3a
f339
6345
97b3
8081
a012
7e99
4234
8008
cc3f
5ab5
9568
8066
a057
7e94
423d
b87e
aa68
513d
9338
804d
a09c
7e8f
4246
32b2
910e
46f5
9124
8039
a0e1
7e8a
424f
7e4b
82b4
3bf8
8f2c
8027
a126
7e85
4258
55c6
80c7
3061
8d51
8019
a16c
7e80
4260
de66
8b78
244f
8b94
800e
a1b2
7e7b
4269
85ea
a1b8
17df
89f4
8006
a1f8
7e76
4272
9dad
c151
0b33
8873
8001
a23f
7e71
427b
0fd6
e721
fe6a
8710
8000
a285
7e6c
4284
7370
0f69
f1a4
85cc
8002
a2cc
7e67
428d
6ce8
362a
e504
84a7
8007
a313
7e62
4296
023f
578b
d8a9
83a2
8010
a35b
7e5c
429e
9586
703e
ccb2
82bd
801c
a3a2
7e57
42a7
8ab1
7dd0
c13f
81f8
802b
a3ea
7e52
42b0
ebb7
7ee7
b66c
8153
803d
a432
7e4d
42b9
5f63
7369
ac55
80cf
8053
a47b
7e47
42c2
7b5c
5c79
a314
806b
806c
a4c3
7e42
42cb
25eb
3c5d
9ac1
8028
8088
a50c
7e3c
42d4
ad9d
1645
9371
8005
80a8
a555
7e37
42dc
810e
edf7
8d37
8003
80cb
a59e
7e32
42e5
c936
c773
8822
8022
80f1
a5e8
7e2c
42ee
43bd
a68b
8440
8062
811a
a632
7e27
42f7
7ffd
8e82
819a
80c2
8146
a67b
7e21
4300
4691
81ba
8038
8143
8176
a6c6
7e1b
4309
cc44
8178
801c
81e5
81a9
a710
7e16
4311
8187
8dc3
8148
82a7
81df
a75b
7e10
431a
ab12
a561
83b8
8388
8219
a7a6
7e0a
4323
22b2
c5fc
8765
848a
8255
a7f1
7e05
432c
7a6c
ec58
8c48
85ab
8295
a83c
7dff
4335
6198
14a7
9252
86ec
82d8
a887
7df9
433d
ef0a
3aea
9974
884c
831f
a8d3
7df3
4346
8c14
5b55
a19d
89ca
8368
a91f
7ded
434f
93b2
72b1
aab8
8b66
83b5
a96b
7de8
4358
fee3
7eae
b4ac
8d21
8405
a9b8
7de2
4361
6b1a
7e1a
bf62
8ef8
8458
aa05
7ddc
436a
74d9
7105
cabc
90ed
84ae
aa51
7dd6
4372
132a
58bb
d69f
92fe
8507
aa9f
7dd0
437b
9fdc
37a5
e2ec
952b
8564
aaec
7dca
4384
84f2
1109
ef83
9773
85c4
ab39
7dc3
438d
db2b
e8bd
fc44
99d7
8626
ab87
7dbd
4396
5340
c2c0
090e
9c54
868c
abd5
7db7
439e
7ecc
a2d5
15c2
9eeb
86f5
ac23
7db1
43a7
35c4
8c28
223e
a19a
8761
ac72
7dab
43b0
bb4d
80f8
2e62
a462
87d1
acc0
7da5
43b9
8000
8261
3a10
a741
8843
ad0f
7d9e
43c2
ba62
903f
4529
aa37
88b8
ad5e
7d98
43ca
34c5
a932
4f91
ad43
8931
adad
7d92
43d3
7ea4
cac1
592e
b064
89ac
adfd
7d8b
43dc
5414
f198
61e7
b39a
8a2b
ae4c
7d85
43e5
dc37
19dc
69a5
b6e3
8aac
ae9c
7d7e
43ed
8541
3f90
7055
ba3e
8b30
aeec
7d78
43f6
9f24
5ef6
75e6
bdac
8bb8
af3d
7d71
43ff
1215
74f2
7a49
c12b
8c42
af8d
7d6b
4408
7466
7f54
7d73
c4b9
8cd0
afde
7d64
4411
6bb3
7d16
7f5c
c857
8d60
b02f
7d5e
4419
fffb
6e71
7fff
cc03
8df4
b080
7d57
4422
9448
54d7
7f5c
cfbd
8e8a
b0d1
7d51
442b
8b9e
32d4
7d73
d382
8f23
b123
7d4a
4434
edf5
0bc6
7a48
d753
8fbf
b174
7d43
443c
60e2
e38e
75e5
db2f
905e
b1c6
7d3c
4445
7abd
be27
7054
df14
9100
b218
7d36
444e
23bf
9f49
69a4
e301
91a4
b26b
7d2f
4457
abe4
8a01
61e6
e6f6
924c
b2bd
7d28
445f
815d
806d
592d
eaf1
92f6
b310
7d21
4468
cb44
8380
4f91
eef2
93a3
b363
7d1a
4471
45a7
92ec
4528
f2f7
9453
b3b6
7d13
447a
7fff
ad29
3a0f
f6ff
9505
b409
7d0c
4482
44aa
cf9d
2e61
fb0a
95ba
b45d
7d05
448b
ca33
f6dd
223d
ff16
9672
b4b1
7cfe
4494
8133
1f06
15c1
0322
972d
b504
7cf7
449d
acc7
441a
090d
072d
97ea
b558
7cf0
44a5
24df
626e
fc43
0b37
98ab
b5ad
7ce9
44ae
7b10
76ff
ef82
0f3e
996d
b601
7ce2
44b7
601d
7fc3
e2eb
1340
9a33
b656
7cda
44c0
eccc
7bdb
d69e
173e
9afa
b6ab
7cd3
44c8
8b23
6bab
cabb
1b36
9bc5
b700
7ccc
44d1
94eb
50ce
bf61
1f27
9c92
b755
7cc5
44da
0127
2ded
b4ac
2310
9d62
b7aa
7cbd
44e3
6c54
067e
aab7
26f0
9e34
b800
7cb6
44eb
73e8
de6b
a19d
2ac6
9f09
b856
7cae
44f4
10ec
b9ac
9974
2e91
9fe0
b8ac
7ca7
44fd
9e61
9be6
9251
3250
a0b9
b902
7ca0
4506
8597
880e
8c47
3602
a195
b958
7c98
450e
dd58
801b
8765
39a6
a274
b9af
7c91
4517
54f6
84d7
83b8
3d3c
a355
ba05
7c89
4520
7e77
95c9
8148
40c2
a438
ba5c
7c81
4528
33b3
b144
801c
4437
a51d
bab3
7c7a
4531
b967
d48e
8038
479b
a605
bb0a
7c72
453a
8003
fc27
819a
4aed
a6ef
bb62
7c6a
4543
bc4b
2422
8440
4e2b
a7dc
bbb9
7c63
454b
36d3
4887
8822
5156
a8cb
bc11
7c5b
4554
7ef3
65bb
8d37
546b
a9bc
bc69
7c53
455d
525c
78d8
9372
576b
aaaf
bcc1
7c4b
4565
da0c
7ffa
9ac2
5a55
aba4
bd19
7c44
456e
84a1
7a6a
a315
5d27
ac9c
bd72
7c3c
4577
a0a3
68b7
ac56
5fe2
ad95
bdca
7c34
4580
1453
4ca1
b66d
6284
ae91
be23
7c2c
4588
7553
28f2
c140
650d
af8f
be7c
7c24
4591
6a75
0133
ccb3
677c
b08f
bed5
7c1c
459a
fdb7
d956
d8aa
69d0
b191
bf2e
7c14
45a2
9313
b54f
e505
6c0a
b295
bf88
7c0c
45ab
8c94
98af
f1a5
6e28
b39b
bfe1
7c04
45b4
f034
864f
fe6b
7029
b4a3
c03b
7bfc
45bc
6259
8000
0b34
720e
b5ac
c095
7bf3
45c5
7a13
8663
17e0
73d6
b6b8
c0ef
7beb
45ce
2191
98d5
2450
7580
b7c6
c149
7be3
45d7
aa32
b582
3062
770c
b8d5
c1a4
7bdb
45df
81b7
d993
3bf9
7879
b9e7
c1fe
7bd2
45e8
cd57
0173
46f6
79c8
bafa
c259
7bca
45f1
478a
292e
513e
7af7
bc0e
c2b4
7bc2
45f9
7ff8
4cd4
5ab6
7c07
bd25
c30f
7bb9
4602
42be
68db
6346
7cf7
be3d
c36a
7bb1
460b
c827
7a7d
6ad8
7dc8
bf57
c3c6
7ba9
4613
80e9
7ff8
7159
7e78
c073
c421
7ba0
461c
ae83
78c3
76b8
7f07
c190
c47d
7b98
4625
2709
6594
7ae7
7f76
c2af
c4d9
7b8f
462d
7bab
4853
7ddc
7fc5
c3cf
c535
7b86
4636
5e9a
23e5
7f8f
7ff3
c4f1
c591
7b7e
463f
ea8f
fbe8
7ffb
7fff
c615
c5ed
7b75
4647
8a3b
d453
7f21
7fec
c73a
c649
7b6c
4650
962d
b112
7d01
7fb8
c860
c6a6
7b64
4659
036b
95a6
79a1
7f63
c988
c703
7b5b
4661
6d84
84c5
750a
7eed
cab1
c760
7b52
466a
72ed
801d
6f48
7e57
cbdc
c7bd
7b4a
4673
0eac
8824
6869
7da0
cd08
c81a
7b41
467b
9cee
9c0e
6080
7cc9
ce35
c877
7b38
4684
8645
b9e0
579f
7bd3
cf63
c8d4
7b2f
468c
df87
dea8
4dde
7abc
d093
c932
7b26
4695
56a4
06bd
4356
7986
d1c4
c990
7b1d
469e
7e18
2e28
3822
7832
d2f6
c9ee
7b14
46a6
319e
50ff
2c5e
76be
d42a
ca4c
7b0b
46af
b786
6bcd
2029
752c
d55e
caaa
7b02
46b8
8010
7beb
13a1
737c
d694
cb08
7af9
46c0
be3a
7fbf
06e8
71ae
d7ca
cb66
7af0
46c9
38dd
76e8
fa1c
6fc3
d902
cbc5
7ae7
46d2
7f38
6246
ed60
6dbc
da3a
cc24
7ade
46da
509c
43e5
e0d3
6b99
db74
cc82
7ad4
46e3
d7e3
1ec8
d496
695a
dcae
cce1
7acb
46eb
840b
f69e
c8c8
6700
ddea
cd40
7ac2
46f4
a22a
cf62
bd88
648c
df26
cda0
7ab9
46fd
168f
acf9
b2f1
61fe
e063
cdff
7aaf
4705
7636
92cb
a91f
5f56
e1a1
ce5e
7aa6
470e
692f
8372
a02c
5c97
e2e0
cebe
7a9c
4717
fb73
8073
982e
59c0
e41f
cf1e
7a93
471f
91e7
8a1a
9139
56d2
e55f
cf7d
7a8a
4728
8d94
9f72
8b60
53cd
e6a0
cfdd
7a80
4730
f274
be5e
86b1
50b3
e7e2
d03d
7a77
4739
63c9
e3cb
8338
4d85
e924
d09e
7a6d
4742
7960
0c05
80ff
4a42
ea67
d0fe
7a63
474a
1f60
330e
800a
46ed
ebaa
d15e
7a5a
4753
a887
5506
805d
4385
ecee
d1bf
7a50
475b
821b
6e90
81f6
400d
ee32
d220
7a46
4764
cf6e
7d24
84d1
3c83
ef77
d280
7a3d
476d
4969
7f4e
88e8
38eb
f0bc
d2e1
7a33
4775
7fe6
74d8
8e2f
3544
f201
d342
7a29
477e
40cc
5ecc
949a
318f
f347
d3a4
7a1f
4786
c620
3f59
9c17
2dcd
f48d
d405
7a16
478f
80a9
199e
a493
2a00
f5d4
d466
7a0c
4798
b046
f159
adfa
2628
f71b
d4c8
7a02
47a0
2930
ca87
b832
2246
f862
d529
79f8
47a9
7c3c
a904
c322
1e5b
f9a9
d58b
79ee
47b1
5d10
9020
ceae
1a69
faf0
d5ed
79e4
47ba
e854
8255
dab8
1670
fc38
d64f
79da
47c3
895c
8100
e721
1271
fd7f
d6b1
79d0
47cb
9778
8c43
f3c9
0e6d
fec7
d713
79c6
47d4
05af
a301
0092
0a66
000f
d775
79bc
47dc
6eac
c2f7
0d58
065c
0156
d7d7
79b2
47e5
71e9
e8fb
19fd
0250
029e
d83a
79a7
47ed
0c6c
1148
265f
fe44
03e5
d89c
799d
47f6
9b83
37dd
325e
fa39
052d
d8ff
7993
47ff
86fe
58e9
3ddd
f62e
0674
d962
7989
4807
e1ba
7123
48be
f227
07bb
d9c5
797e
4810
584c
7e25
52e5
ee22
0902
da28
7974
4818
7db0
7ea5
5c37
ea23
0a49
da8b
796a
4821
2f86
7295
649e
e629
0b90
daee
795f
4829
b5ab
5b28
6c04
e235
0cd6
db51
7955
4832
8027
3ab1
7255
de4a
0e1c
dbb4
794a
483b
c02e
1469
7781
da66
0f61
dc18
7940
4843
3ae3
ec1a
7b7c
d68d
10a6
dc7b
7935
484c
7f73
c5c4
7e3c
d2be
11eb
dcdf
792b
4854
4ed7
a534
7fb8
cefb
132f
dd42
7920
485d
d5be
8da6
7fed
cb44
1473
dda6
7916
4865
8380
816f
7edc
c79b
15b6
de0a
790b
486e
a3b8
81c5
7c86
c400
16f9
de6e
7900
4876
18c9
8ea0
78f1
c074
183b
ded2
78f6
487f
7710
a6b8
7427
bcf9
197c
df36
78eb
4887
67e0
c7ac
6e34
b98f
1abd
df9a
78e0
4890
f930
ee36
6727
b637
1bfd
dfff
78d5
4899
90c3
1683
5f12
b2f2
1d3d
e063
78cb
48a1
8e9c
3c95
560a
afc0
1e7b
e0c8
78c0
48aa
f4b5
5ca4
4c26
aca4
1fb9
e12c
78b5
48b2
6530
7384
417f
a99c
20f6
e191
78aa
48bb
78a3
7eef
3631
a6ab
2232
e1f5
789f
48c3
1d2c
7dc4
2a58
a3d0
236e
e25a
7894
48cc
a6e3
7020
1e12
a10d
24a8
e2bf
7889
48d4
8288
575d
1180
9e62
25e2
e324
787e
48dd
d188
35f0
04c1
9bd1
271a
e389
7873
48e5
4b41
0f2a
f7f6
9959
2852
e3ee
7868
48ee
7fc9
e6e3
eb3f
96fb
2988
e453
785d
48f6
3ed5
c11a
debe
94b8
2abd
e4b8
7851
48ff
c41d
a18d
d291
9291
2bf2
e51e
7846
4907
8073
8b5e
c6d9
9085
2d25
e583
783b
4910
b20f
80c0
bbb3
8e96
2e57
e5e8
7830
4918
2b53
82c1
b13c
8cc5
2f88
e64e
7825
4921
7cc2
912d
a78e
8b10
30b7
e6b3
7819
4929
5b7e
aa97
9ec2
897a
31e6
e719
780e
4932
e61b
cc79
96ef
8802
3313
e77f
7802
493a
8887
f378
9029
86a9
343f
e7e4
77f7
4943
98cb
1bb4
8a81
856e
3569
e84a
77ec
494b
07f2
4131
8605
8453
3692
e8b0
77e0
4954
6fcb
6037
82c2
8358
37ba
e916
77d5
495c
70dc
75b3
80bf
827d
38e0
e97c
77c9
4965
0a2a
7f82
8001
81c2
3a05
e9e2
77be
496d
9a1f
7cac
808b
8127
3b28
ea48
77b2
4976
87c0
6d79
825a
80ac
3c4a
eaae
77a6
497e
e3ef
536b
856c
8053
3d6b
eb14
779b
4987
59ec
3117
89b6
8019
3e89
eb7b
778f
498f
7d3d
09e5
8f2f
8001
3fa6
ebe1
7783
4998
2d69
e1b8
95c9
8009
40c2
ec47
7778
49a0
b3d5
bc8b
9d73
8032
41dc
ecae
776c
49a9
8049
9e0f
a618
807c
42f4
ed14
7760
49b1
c228
8949
afa4
80e7
440a
ed7b
7754
49ba
3ce3
804a
b9fd
8172
451f
ede1
7748
49c2
7fa4
83f4
c509
821d
4632
ee48
773c
49cb
4d0a
93ec
d0ac
82e9
4743
eeae
7730
49d3
d39c
ae9b
dcc8
83d4
4852
ef15
7724
49db
82fe
d15d
e93e
84e0
4960
ef7c
7718
49e4
a54e
f8bf
f5ee
860b
4a6b
efe3
770c
49ec
1b01
20d9
02b8
8755
4b75
f049
7700
49f5
77e0
45b1
0f7c
88be
4c7d
f0b0
76f4
49fd
6689
63a0
1c17
8a46
4d82
f117
76e8
4a06
f6ed
77ae
286b
8beb
4e86
f17e
76dc
4a0e
8fa9
7fdd
3457
8daf
4f88
f1e5
76d0
4a17
8fae
7b5e
3fbd
8f90
5088
f24c
76c4
4a1f
f6f8
6aa3
4a81
918d
5185
f2b3
76b7
4a28
668f
4f55
5486
93a7
5281
f31a
76ab
4a30
77dc
2c29
5db2
95dc
537a
f381
769f
4a38
1af6
049c
65ef
982d
5472
f3e9
7692
4a41
a546
dc9a
6d27
9a98
5567
f450
7686
4a49
8300
b81a
7348
9d1d
565a
f4b7
767a
4a52
d3a7
9abc
7843
9fbc
574b
f51e
766d
4a5a
4d13
8769
7c09
a273
5839
f585
7661
4a63
7fa3
800b
7e92
a542
5925
f5ed
7654
4a6b
3cda
855d
7fd8
a828
5a0f
f654
7648
4a73
c21e
96da
7fd6
ab25
5af7
f6bb
763b
4a7c
8048
b2c3
7e8e
ae38
5bdc
f723
762f
4a84
b3de
d655
7c02
b15f
5cbf
f78a
7622
4a8d
2d73
fe0a
7838
b49b
5da0
f7f1
7616
4a95
7d3f
25f0
733b
b7ea
5e7e
f859
7609
4a9e
59e4
4a13
6d18
bb4b
5f5a
f8c0
75fc
4aa6
e3e4
66dd
65dd
bebe
6034
f928
75ef
4aae
87bc
7974
5d9e
c242
610a
f98f
75e3
4ab7
9a26
7fff
546f
c5d5
61df
f9f7
75d6
4abf
0a35
79da
4a68
c977
62b1
fa5e
75c9
4ac8
70e1
679e
3fa3
cd28
6380
fac6
75bc
4ad0
6fc6
4b1c
343c
d0e5
644d
fb2d
75af
4ad9
07e7
2727
284e
d4ae
6517
fb95
75a3
4ae1
98c4
ff51
1bfa
d883
65df
fbfc
7596
4ae9
888b
d78b
0f5e
dc61
66a4
fc64
7589
4af2
e626
b3c9
029a
e049
6767
fccc
757c
4afa
5b85
9795
f5d0
e439
6826
fd33
756f
4b03
7cc0
85bd
e920
e830
68e4
fd9b
7562
4b0b
2b49
8004
dcab
ec2d
699e
fe02
7554
4b13
b206
86fd
d090
f02f
6a56
fe6a
7547
4b1c
8074
99f5
c4ee
f435
6b0b
fed2
753a
4b24
c426
b70d
b9e4
f83e
6bbd
ff39
752d
4b2c
3edf
db60
af8c
fc49
6c6d
ffa1
7520
4b35
7fca
0355
a603
0055
6d19
0009
7513
4b3d
4b38
2af6
9d5f
0461
6dc3
0070
7505
4b46
d17e
4e54
95b8
086c
6e6b
00d8
74f8
4b4e
8286
69ed
8f21
0c75
6f0f
013f
74eb
4b56
a6eb
7b05
89ab
107a
6fb0
01a7
74dd
4b5f
1d37
7fea
8563
147c
704f
020f
74d0
4b67
78a6
7820
8255
1878
70eb
0276
74c3
4b70
6529
646c
8088
1c6e
7184
02de
74b5
4b78
f4aa
46c2
8001
205c
721a
0345
74a8
4b80
8e97
2215
80c2
2442
72ad
03ad
749a
4b89
90c9
fa05
82c8
281f
733d
0415
748d
4b91
f93a
d28e
860f
2bf2
73ca
047c
747f
4b99
67e6
af99
8a8d
2fba
7454
04e4
7471
4ba2
770c
949c
9038
3375
74db
054b
7464
4baa
18be
8446
9701
3723
7560
05b3
7456
4bb2
a3b1
8035
9ed6
3ac3
75e1
061a
7449
4bbb
8382
88d1
a7a4
3e54
765f
0682
743b
4bc3
d5c8
9d3e
b153
41d5
76da
06e9
742d
4bcb
4edf
bb76
bbcd
4545
7752
0751
741f
4bd4
7f72
e07b
c6f4
48a3
77c7
07b8
7412
4bdc
3ad9
089f
d2ae
4bef
7839
0820
7404
4be5
c025
2fe9
dedb
4f27
78a8
0887
73f6
4bed
8027
5272
eb5d
524b
7914
08ee
73e8
4bf5
b5b3
6ccf
f814
555a
797d
0956
73da
4bfe
2f90
7c61
04df
5853
79e3
09bd
73cc
4c06
7db2
7f9d
119e
5b36
7a45
0a24
73be
4c0e
5844
7632
1e30
5e01
7aa4
0a8c
73b0
4c17
e1af
610e
2a74
60b4
7b01
0af3
73a2
4c1f
86fa
424a
364c
634f
7b5a
0b5a
7394
4c27
9b89
1cf3
4199
65d0
7bb0
0bc1
7386
4c30
0c76
f4bd
4c3e
6837
7c02
0c28
7378
4c38
71ee
cda5
5620
6a83
7c52
0c90
736a
4c40
6ea7
ab8c
5f26
6cb4
7c9e
0cf7
735b
4c49
05a4
91d2
6739
6ec9
7ce8
0d5e
734d
4c51
9772
8306
6e43
70c2
7d2e
0dc5
733f
4c59
8960
809f
7434
729e
7d71
0e2c
7331
4c61
e85f
8ad9
78fb
745c
7db0
0e93
7322
4c6a
5d17
a0b2
7c8d
75fd
7ded
0efa
7314
4c72
7c39
bffe
7ee0
777f
7e26
0f61
7306
4c7a
2925
e5a3
7fee
78e3
7e5c
0fc7
72f7
4c83
b03d
0de5
7fb6
7a29
7e8e
102e
72e9
4c8b
80aa
34c7
7e37
7b4e
7ebe
1095
72da
4c93
c629
566d
7b75
7c55
7eea
10fc
72cc
4c9c
40d6
6f81
7777
7d3b
7f13
1162
72bd
4ca4
7fe6
7d86
7247
7e01
7f39
11c9
72af
4cac
4960
7f18
6bf4
7ea7
7f5b
1230
72a0
4cb5
cf64
740f
648c
7f2d
7f7a
1296
7292
4cbd
8219
5d85
5c23
7f92
7f96
12fd
7283
4cc5
a88f
3db4
52ce
7fd7
7faf
1363
7274
4ccd
1f6a
17c4
48a5
7ffa
7fc4
13ca
7266
4cd6
7963
ef7a
3dc3
7ffd
7fd6
1430
7257
4cde
63c2
c8d2
3243
7fdf
7fe5
1496
7248
4ce6
f269
a7a4
2642
7fa1
7ff1
14fc
723a
4cef
8d8f
8f39
19df
7f42
7ff9
1563
722b
4cf7
91ec
81fd
0d3a
7ec2
7ffe
15c9
721c
4cff
fb7e
8140
0073
7e22
7fff
162f
720d
4d07
6935
8d15
f3ac
7d61
7ffe
1695
71fe
4d10
7632
a44f
e703
7c81
7ffa
16fb
71ef
4d18
1684
c4a1
da9b
7b80
7ff2
1761
71e0
4d20
a223
ead7
ce92
7a60
7fe6
17c7
71d1
4d28
840e
1326
c308
7921
7fd8
182c
71c2
4d31
d7ee
398e
b819
77c2
7fc6
1892
71b3
4d39
50a5
5a42
ade3
7645
7fb1
18f8
71a4
4d41
7f37
7202
a47e
74aa
7f98
195d
7195
4d4a
38d3
7e73
9c04
72f1
7f7c
19c3
7186
4d52
be31
7e5b
9489
711a
7f5d
1a28
7177
4d5a
8010
71bb
8e21
6f26
7f3b
1a8e
7168
4d62
b78f
59d3
88dd
6d16
7f16
1af3
7158
4d6b
31a8
3903
84c9
6aea
7eed
1b58
7149
4d73
7e1a
128b
81f1
68a3
7ec1
1bbe
713a
4d7b
569c
ea3d
805a
6641
7e92
1c23
712b
4d83
df7d
c418
800b
63c5
7e5f
1c88
711b
4d8c
8642
a3e3
8102
612f
7e2a
1ced
710c
4d94
9cf5
8cd0
833f
5e80
7df1
1d52
70fd
4d9c
0eb7
812a
86bb
5bb9
7db4
1db7
70ed
4da4
72f2
8218
8b6c
58db
7d75
1e1b
70de
4dac
6d7f
8f83
9148
55e6
7d33
1e80
70ce
4db5
0360
a815
983f
52db
7ced
1ee5
70bf
4dbd
9627
c95f
a040
4fba
7ca4
1f49
70af
4dc5
8a3f
f014
a935
4c86
7c58
1fad
70a0
4dcd
ea9a
185d
b309
493d
7c08
2012
7090
4dd6
5ea1
3e3c
bda1
45e2
7bb6
2076
7080
4dde
7ba8
5def
c8e3
4275
7b60
20da
7071
4de6
26fe
7451
d4b2
3ef7
7b07
213e
7061
4dee
ae7b
7f2a
e0f0
3b69
7aab
21a2
7051
4df7
80ea
7d67
ed7e
37cc
7a4c
2206
7042
4dff
c831
6f34
fa3a
3420
79ea
226a
7032
4e07
42c7
55fa
0706
3068
7984
22ce
7022
4e0f
7ff8
3439
13bf
2ca2
791c
2332
7012
4e17
4781
0d4a
2046
28d1
78b0
2395
7002
4e20
cd4d
e50b
2c7a
24f6
7841
23f9
6ff3
4e28
81b5
bf77
383d
2112
77d0
245c
6fe3
4e30
aa3a
a04a
4370
1d25
775b
24bf
6fd3
4e38
219b
8a9b
4df6
1930
76e3
2523
6fc3
4e40
7a16
8090
57b5
1535
7668
2586
6fb3
4e49
6252
8328
6093
1135
75ea
25e9
6fa3
4e51
f029
9222
687b
0d30
7569
264c
6f93
4e59
8c90
ac01
6f57
0928
74e5
26af
6f83
4e61
9319
ce35
7516
051d
745e
2711
6f73
4e69
fdc2
f558
79aa
0111
73d4
2774
6f62
4e72
6a7b
1d8b
7d07
fd05
7347
27d6
6f52
4e7a
754e
42cf
7f24
f8fa
72b7
2839
6f42
4e82
1448
6173
7ffc
f4f0
7224
289b
6f32
4e8a
a09c
766d
7f8c
f0e9
718e
28fd
6f22
4e92
84a4
7fa9
7dd6
ece6
70f6
295f
6f11
4e9a
da16
7c3b
7adf
e8e8
705a
29c1
6f01
4ea3
5264
6c7c
76ad
e4f0
6fbc
2a23
6ef1
4eab
7ef2
51fb
714b
e0ff
6f1a
2a85
6ee0
4eb3
36c9
2f58
6ac8
dd16
6e76
2ae7
6ed0
4ebb
bc42
0804
6333
d936
6dcf
2b48
6ec0
4ec3
8003
dfe4
5aa1
d55f
6d26
2baa
6eaf
4ecc
b970
baf3
5127
d194
6c79
2c0b
6e9f
4ed4
33bd
9cdb
46dd
cdd4
6bca
2c6c
6e8e
4edc
7e79
8898
3bde
ca21
6b18
2cce
6e7e
4ee4
54ee
802d
3046
c67d
6a63
2d2f
6e6d
4eec
dd4d
846f
2433
c2e6
69ab
2d90
6e5d
4ef4
8594
94f1
17c3
bf60
68f1
2df0
6e4c
4efc
9e68
b012
0b16
bbea
6834
2e51
6e3b
4f05
10f7
d320
fe4c
b885
6774
2eb1
6e2b
4f0d
73ed
faa1
f188
b533
66b2
2f12
6e1a
4f15
6c4e
22ab
e4e8
b1f4
65ed
2f72
6e09
4f1d
011c
4744
d88d
aec9
6526
2fd2
6df8
4f25
94e5
64cc
cc98
abb2
645b
3032
6de8
4f2d
8b27
7855
c125
a8b1
638f
3092
6dd7
4f36
ecd7
7ff0
b654
a5c7
62c0
30f2
6dc6
4f3e
6024
7ada
ac3f
a2f4
61ee
3152
6db5
4f46
7b0d
6995
a300
a038
611a
31b1
6da4
4f4e
24d4
4dd8
9aaf
9d95
6043
3211
6d93
4f56
acbf
2a63
9362
9b0b
5f6a
3270
6d82
4f5e
8135
02b9
8d2a
989b
5e8e
32cf
6d71
4f66
ca3d
dacb
8818
9646
5db0
332e
6d60
4f6e
44b3
b68d
8438
940b
5ccf
338d
6d4f
4f77
7fff
9998
8196
91ec
5bed
33ec
6d3e
4f7f
459e
86ca
8036
8fea
5b07
344b
6d2d
4f87
cb3a
8002
801e
8e04
5a20
34a9
6d1c
4f8f
815c
85eb
814c
8c3b
5936
3508
6d0b
4f97
abec
97f0
83bf
8a90
584a
3566
6cfa
4f9f
23ca
b446
876f
8903
575b
35c4
6ce9
4fa7
7ac0
d81f
8c54
8794
566b
3622
6cd7
4faf
60db
ffec
9261
8644
5578
3680
6cc6
4fb7
edea
27bc
9986
8514
5483
36dd
6cb5
4fc0
8b9a
4b9a
a1b1
8403
538c
373b
6ca3
4fc8
944e
67f9
aace
8311
5292
3798
6c92
4fd0
0006
7a09
b4c4
8240
5197
37f6
6c81
4fd8
6bb9
7ffe
bf7b
818e
509a
3853
6c6f
4fe0
7461
7942
cad7
80fe
4f9a
38b0
6c5e
4fe8
120a
6680
d6ba
808d
4e98
390d
6c4c
4ff0
9f1d
4993
e308
803d
4d95
3969
6c3b
4ff8
8544
255b
ef9f
800e
4c8f
39c6
6c29
5000
dc42
fd6e
fc61
8000
4b87
3a22
6c18
5008
541d
d5c2
092b
8013
4a7e
3a7e
6c06
5011
7ea2
b247
15df
8046
4973
3adb
6bf5
5019
34bb
9681
225a
809a
4865
3b37
6be3
5021
ba59
8531
2e7d
810e
4756
3b92
6bd1
5029
8000
800f
3a2a
81a3
4645
3bee
6bc0
5031
bb57
879d
4542
8259
4532
3c49
6bae
5039
35cd
9b1c
4fa8
832e
441e
3ca5
6b9c
5041
7ecd
b89b
5943
8424
4307
3d00
6b8b
5049
5338
dd30
61f9
8539
41ef
3d5b
6b79
5051
db20
0538
69b5
866d
40d6
3db6
6b67
5059
84ef
2cbb
7063
87c1
3fba
3e11
6b55
5061
9fe4
4fcf
75f1
8934
3e9d
3e6b
6b43
5069
1335
6af9
7a51
8ac4
3d7f
3ec5
6b31
5071
74de
7b87
7d79
8c73
3c5f
3f20
6b1f
5079
6b14
7fd5
7f5f
8e40
3b3d
3f7a
6b0e
5082
fed8
7776
7fff
902a
3a1a
3fd4
6afc
508a
93ac
633e
7f59
9230
38f5
402d
6aea
5092
8c19
452e
7d6d
9452
37cf
4087
6ad8
509a
ef15
2042
7a40
9690
36a7
40e0
6ac5
50a2
619f
f823
75da
98e9
357e
413a
6ab3
50aa
7a69
d0cc
7046
9b5c
3454
4193
6aa1
50b2
22a7
ae23
6994
9de9
3328
41ec
6a8f
50ba
ab0a
9399
61d3
a090
31fb
4244
6a7d
50c2
8189
83ce
5918
a34e
30cd
429d
6a6b
50ca
cc4e
8054
4f7a
a624
2f9d
42f5
6a59
50d2
469a
8984
4510
a912
2e6c
434e
6a46
50da
7ffd
9e74
39f5
ac15
2d3b
43a6
6a34
50e2
43b4
bd10
2e46
af2e
2c07
43fd
6a22
50ea
c92c
e24f
2221
b25c
2ad3
4455
6a0f
50f2
810d
0a81
15a4
b59e
299e
44ad
69fd
50fa
ada5
31a7
08f0
b8f3
2867
4504
69eb
5102
25f5
53e1
fc26
bc59
2730
455b
69d8
510a
7b5f
6dca
ef65
bfd2
25f8
45b2
69c6
5112
5f5c
7ccf
e2ce
c35a
24be
4609
69b3
511a
ebac
7f74
d682
c6f2
2384
4660
69a1
5122
8aad
7575
caa1
ca99
2249
46b6
698e
512a
958c
5fd0
bf48
ce4d
210c
470c
697c
5132
024a
40ab
b494
d20f
1fcf
4763
6969
513a
6cee
1b1c
aaa1
d5db
1e92
47b8
6957
5142
736b
f2dc
a189
d9b3
1d53
480e
6944
514a
0fcb
cbeb
9962
dd95
1c14
4864
6931
5152
9da6
aa23
9242
e17f
1ad4
48b9
691f
515a
85ed
90e0
8c3b
e571
1993
490e
690c
5162
de70
82a1
875b
e96a
1851
4963
68f9
516a
55ce
80d2
83b1
ed69
170f
49b8
68e6
5172
7e49
8b9f
8144
f16c
15cd
4a0d
68d4
517a
32a8
a1f7
801b
f573
148a
4a61
68c1
5182
b875
c1a2
803a
f97d
1346
4ab5
68ae
518a
8008
e77c
819f
fd89
1202
4b09
689b
5192
bd43
0fc5
8448
0195
10bd
4b5d
6888
519a
37da
367d
882d
05a0
0f78
4bb1
6875
51a2
7f17
57cf
8d44
09ab
0e33
4c04
6862
51aa
517c
706b
9381
0db3
0ced
4c58
684f
51b2
d8f6
7de1
9ad4
11b7
0ba7
4cab
683c
51ba
8455
7edb
a329
15b7
0a60
4cfe
6829
51c2
a167
7341
ac6c
19b1
0919
4d50
6816
51ca
1572
5c38
b684
1da5
07d2
4da3
6803
51d2
75c6
3c0b
c159
2191
068b
4df5
67f0
51da
69d2
15e9
ccce
2574
0544
4e47
67dd
51e2
fc94
ed9b
d8c5
294e
03fd
4e99
67ca
51ea
927b
c720
e522
2d1e
02b5
4eeb
67b7
51f2
8d13
a649
f1c2
30e1
016d
4f3c
67a3
51fa
f155
8e57
fe88
3499
0026
4f8d
6790
5202
6313
81ab
0b51
3842
fede
4fdf
677d
520a
79ba
8187
17fd
3bde
fd96
502f
676a
5212
2078
8dec
246b
3f6a
fc4f
5080
6756
521a
a95b
a5a3
307d
42e6
fb07
50d1
6743
5222
81e8
c64f
3c12
4650
f9c0
5121
672f
522a
ce63
ecb4
470e
49a9
f879
5171
671c
5232
487b
1502
5154
4cef
f732
51c1
6709
5239
7ff0
3b3c
5acb
5021
f5eb
5210
66f5
5241
41c5
5b95
6358
533f
f4a4
5260
66e2
5249
c722
72da
6ae8
5647
f35e
52af
66ce
5251
80c8
7ebb
7166
5939
f218
52fe
66bb
5259
af64
7e0a
76c3
5c15
f0d3
534d
66a7
5261
281e
70da
7aef
5ed9
ef8d
539b
6694
5269
7bf5
5878
7de1
6184
ee49
53ea
6680
5271
5dd5
3751
7f91
6417
ed04
5438
666c
5279
e971
10ad
7ffb
6690
ebc1
5486
6659
5281
89ca
e862
7f1d
68ef
ea7d
54d3
6645
5289
96d2
c26f
7cfa
6b33
e93b
5521
6631
5291
048e
a296
7998
6d5b
e7f8
556e
661d
5299
6e1a
8c01
74ff
6f67
e6b7
55bb
660a
52a1
726c
80ed
6f3a
7157
e576
5608
65f6
52a8
0d8b
8273
6859
732a
e436
5655
65e2
52b0
9c37
906c
606c
74e0
e2f6
56a1
65ce
52b8
86a1
a976
578a
7677
e1b8
56ed
65ba
52c0
e0a1
cb15
4dc7
77f0
e07a
5739
65a6
52c8
5779
f1f4
433d
794b
df3c
5785
6592
52d0
7de5
1a37
3808
7a86
de00
57d0
657f
52d8
3092
3fe0
2c43
7ba3
dcc5
581c
656b
52e0
b697
5f34
200d
7c9f
db8a
5867
6557
52e8
801a
7517
1385
7d7b
da50
58b2
6543
52f0
bf35
7f5d
06ca
7e38
d918
58fc
652e
52f7
39e1
7d02
f9ff
7ed4
d7e0
5947
651a
52ff
7f57
6e42
ed43
7f50
d6a9
5991
6506
5307
4fb9
5492
e0b7
7fab
d574
59db
64f2
530f
d6cf
327f
d47b
7fe5
d43f
5a24
64de
5317
83c4
0b6a
c8ae
7fff
d30c
5a6e
64ca
531f
a2f1
e333
bd6f
7ff8
d1da
5ab7
64b6
5327
17ad
bdd8
b2da
7fd0
d0a9
5b00
64a1
532f
76a4
9f0c
a90a
7f87
cf79
5b49
648d
5337
6888
89dd
a019
7f1e
ce4a
5b91
6479
533e
fa50
8066
981d
7e94
cd1d
5bda
6464
5346
9153
8396
912b
7dea
cbf1
5c22
6450
534e
8e17
931d
8b54
7d1f
cac6
5c69
643c
5356
f395
ad70
86a8
7c35
c99d
5cb1
6427
535e
647e
cff3
8332
7b2b
c875
5cf8
6413
5366
7902
f73a
80fb
7a01
c74e
5d3f
63ff
536e
1e45
1f5f
8009
78b8
c629
5d86
63ea
5375
a7b4
4469
805f
7750
c506
5dcd
63d6
537d
8251
62a9
81fb
75ca
c3e4
5e13
63c1
5385
d07b
7721
84d9
7425
c2c3
5e59
63ac
538d
4a56
7fc8
88f3
7263
c1a4
5e9f
6398
5395
7fd9
7bc4
8e3d
7083
c087
5ee5
6383
539d
3fd1
6b79
94a9
6e87
bf6b
5f2a
636f
53a5
c51d
5086
9c29
6c6e
be51
5f70
635a
53ac
808d
2d96
a4a8
6a3a
bd39
5fb5
6345
53b4
b12a
0622
ae10
67ea
bc22
5ff9
6331
53bc
2a43
de11
b84a
6580
bb0d
603e
631c
53c4
7c81
b95e
c33c
62fb
b9fa
6082
6307
53cc
5c47
9bac
cec9
605e
b8e8
60c6
62f2
53d4
e736
87ee
dad3
5da8
b7d9
610a
62de
53db
88f0
8017
e73d
5ad9
b6cb
614d
62c9
53e3
9821
84f0
f3e6
57f4
b5bf
6190
62b4
53eb
06d1
95fd
00af
54f8
b4b5
61d3
629f
53f3
6f3d
b18d
0d75
51e6
b3ad
6216
628a
53fb
7163
d4e5
1a19
4ec0
b2a7
6258
6275
5403
0b4a
fc84
267a
4b85
b1a3
629a
6260
540a
9acf
247a
3279
4836
b0a1
62dc
624b
5412
875e
48d3
3df7
44d6
afa1
631e
6236
541a
e2d5
65f3
48d6
4164
aea3
6360
6221
5422
591d
78f7
52fb
3de1
ada7
63a1
620c
542a
7d77
7ffb
5c4c
3a4e
acad
63e2
61f7
5431
2e77
7a4f
64b0
36ac
abb6
6422
61e2
5439
b4be
6881
6c13
32fc
aac0
6463
61cd
5441
8037
4c57
7262
2f3f
a9cd
64a3
61b8
5449
c12b
289a
778c
2b76
a8dc
64e3
61a3
5451
3be4
00d7
7b84
27a2
a7ed
6522
618d
5458
7f8d
d8fe
7e40
23c4
a700
6562
6178
5460
4df0
b503
7fba
1fdd
a616
65a1
6163
5468
d4ac
9879
7fec
1bed
a52e
65e0
614e
5470
833d
8632
7ed8
17f7
a448
661e
6138
5478
a483
8000
7c7f
13fa
a365
665d
6123
547f
19e6
8680
78e7
0ff8
a284
669b
610e
5487
7779
990c
741b
0bf2
a1a5
66d9
60f8
548f
6735
b5cd
6e25
07e9
a0c9
6716
60e3
5497
f80d
d9eb
6716
03de
9fef
6754
60cd
549e
9034
01cf
5eff
ffd2
9f18
6791
60b8
54a6
8f24
2985
55f5
fbc6
9e43
67cd
60a3
54ae
f5d7
4d1e
4c0f
f7bb
9d70
680a
608d
54b6
65e1
6910
4166
f3b2
9ca1
6846
6077
54be
7840
7a97
3616
efac
9bd3
6882
6062
54c5
1c10
7ff6
2a3c
ebab
9b09
68be
604c
54cd
a613
78a4
1df6
e7ae
9a41
68f9
6037
54d5
82c3
655c
1163
e3b8
997b
6934
6021
54dd
d298
4806
04a4
dfca
98b8
696f
600b
54e4
4c2c
238c
f7d9
dbe3
97f8
69aa
5ff6
54ec
7fb7
fb8b
eb23
d806
973a
69e4
5fe0
54f4
3dd7
d3fc
dea2
d433
967f
6a1e
5fca
54fc
c31c
b0ca
d276
d06b
95c7
6a58
5fb5
5503
805c
9572
c6bf
ccaf
9512
6a92
5f9f
550b
b2f6
84ac
bb9a
c900
945f
6acb
5f89
5513
2c65
8021
b125
c560
93af
6b04
5f73
551b
7d02
8845
a779
c1ce
9302
6b3d
5f5d
5522
5ab1
9c47
9eaf
be4d
9257
6b75
5f48
552a
e4fe
ba2e
96df
badc
91b0
6bad
5f32
5532
8820
df01
901b
b77d
910b
6be5
5f1c
553a
9978
071a
8a76
b431
9069
6c1d
5f06
5541
0914
2e7e
85fd
b0f8
8fca
6c54
5ef0
5549
7058
5146
82bc
add3
8f2e
6c8b
5eda
5551
7052
6bff
80bc
aac3
8e94
6cc2
5ec4
5558
0908
7c02
8001
a7c9
8dfe
6cf8
5eae
5560
9970
7fb9
808d
a4e5
8d6b
6d2f
5e98
5568
8824
76c5
8260
a219
8cda
6d65
5e82
5570
e50b
620a
8574
9f65
8c4c
6d9a
5e6c
5577
5aba
4396
89c1
9cca
8bc2
6dd0
5e55
557f
7cff
1e6e
8f3d
9a48
8b3a
6e05
5e3f
5587
2c59
f642
95d9
97e0
8ab5
6e39
5e29
558e
b2ec
cf0d
9d85
9593
8a34
6e6e
5e13
5596
805d
acb2
a62d
9361
89b5
6ea2
5dfd
559e
c327
929b
afba
914b
8939
6ed6
5de6
55a6
3de3
835d
ba15
8f51
88c1
6f0a
5dd0
55ad
7fb8
807b
c523
8d74
884b
6f3d
5dba
55b5
4c21
8a3e
d0c7
8bb4
87d9
6f70
5da3
55bd
d28c
9faf
dce4
8a12
8769
6fa3
5d8d
55c4
82c1
bead
e95b
888f
86fd
6fd6
5d77
55cc
a61c
e426
f60b
8729
8694
7008
5d60
55d4
1c1d
0c61
02d6
85e3
862d
703a
5d4a
55db
7845
3363
0f98
84bc
85ca
706c
5d33
55e3
65d9
554c
1c33
83b5
856b
709d
5d1d
55eb
f5ca
6ebf
2886
82cd
850e
70ce
5d06
55f2
8f1e
7d37
3472
8206
84b4
70ff
5cf0
55fa
903b
7f44
3fd7
815e
845e
7130
5cd9
5602
f81a
74b2
4a98
80d7
840b
7160
5cc3
5609
673c
5e8d
549b
8071
83ba
7190
5cac
5611
7775
3f08
5dc6
802b
836d
71c0
5c96
5619
19d9
1943
6601
8006
8324
71ef
5c7f
5620
a47a
f0fd
6d37
8002
82dd
721e
5c68
5628
8340
ca33
7355
801f
829a
724d
5c52
5630
d4b8
a8c0
784c
805c
825a
727b
5c3b
5637
4dfb
8ff3
7c10
80ba
821d
72a9
5c24
563f
7f8c
8243
7e97
8139
81e3
72d7
5c0d
5647
3bd9
810c
7fd9
81d8
81ad
7305
5bf7
564e
c120
8c6b
7fd5
8297
817a
7332
5be0
5656
8036
a341
7e89
8376
814a
735f
5bc9
565e
b4c9
c349
7bfa
8476
811d
738c
5bb2
5665
2e83
e957
782e
8595
80f3
73b8
5b9b
566d
7d7a
11a4
732f
86d3
80cd
73e5
5b84
5675
5914
3831
6d08
8830
80aa
7410
5b6d
567c
e2c8
592b
65cb
89ac
808a
743c
5b57
5684
8759
714e
5d8a
8b46
806e
7467
5b40
568c
9ad7
7e35
5459
8cfe
8055
7492
5b29
5693
0b57
7e97
4a51
8ed4
803f
74bd
5b12
569b
7169
726b
3f8a
90c6
802c
74e7
5afb
56a2
6f37
5ae7
3421
92d5
801d
7511
5ae3
56aa
06c5
3a5f
2833
9500
8011
753b
5acc
56b2
9819
140d
1bdd
9746
8008
7564
5ab5
56b9
88f5
ebbe
0f41
99a8
8002
758e
5a9e
56c1
e743
c571
027d
9c23
8000
75b6
5a87
56c9
5c50
a4f3
f5b3
9eb8
8001
75df
5a70
56d0
7c7e
8d7d
e904
a166
8005
7607
5a59
56d8
2a37
8161
dc8f
a42c
800d
762f
5a41
56df
b120
81d4
d075
a709
8018
7657
5a2a
56e7
808e
8ecb
c4d4
a9fd
8026
767e
5a13
56ef
c528
a6fb
b9cb
ad08
8037
76a5
59fc
56f6
3fdc
c7ff
af76
b027
804c
76cc
59e4
56fe
7fda
ee91
a5ee
b35b
8064
76f2
59cd
5705
4a4c
16de
9d4d
b6a3
807f
7719
59b6
570d
d06f
3ce6
95a8
b9fd
809d
773e
599e
5715
824e
5ce4
8f14
bd69
80bf
7764
5987
571c
a7bd
73ac
89a0
c0e7
80e4
7789
596f
5724
1e52
7efb
855b
c474
810c
77ae
5958
572b
7906
7db3
824f
c811
8138
77d3
5940
5733
6476
6ff3
8085
cbbc
8166
77f7
5929
573b
f389
5719
8002
cf74
8198
781b
5911
5742
8e11
359c
80c5
d339
81ce
783f
58fa
574a
915a
0ece
82ce
d70a
8206
7862
58e2
5751
fa5d
e688
8617
dae4
8242
7885
58cb
5759
688f
c0c9
8a99
dec9
8281
78a8
58b3
5760
769f
a14f
9046
e2b5
82c3
78ca
589b
5768
17a0
8b38
9711
e6aa
8308
78ec
5884
5770
a2e8
80b6
9ee9
eaa5
8350
790e
586c
5777
83c7
82d4
a7b9
eea5
839c
7930
5854
577f
d6dc
915c
b16a
f2a9
83eb
7951
583d
5786
4fc3
aadc
bbe5
f6b2
843d
7972
5825
578e
7f56
ccce
c70e
fabc
8492
7992
580d
5795
39d6
f3d4
d2c9
fec8
84eb
79b3
57f5
579d
bf29
1c0e
def7
02d4
8546
79d3
57de
57a5
801a
4181
eb7a
06df
85a5
79f2
57c6
57ac
b6a1
6074
f831
0ae9
8607
7a12
57ae
57b4
309d
75d7
04fc
0ef0
866b
7a31
5796
57bb
7de7
7f8a
11bb
12f3
86d3
7a4f
577e
57c3
5770
7c97
1e4c
16f1
873f
7a6e
5766
57ca
e095
6d49
2a90
1aea
87ad
7a8c
574e
57d2
869c
5325
3666
1edb
881e
7aa9
5736
57d9
9c3f
30c2
41b2
22c5
8893
7ac7
571e
57e1
0d98
0989
4c56
26a5
890a
7ae4
5706
57e8
7272
e15e
5636
2a7c
8984
7b01
56ee
57f0
6e13
bc3c
5f3a
2e48
8a02
7b1d
56d6
57f7
0481
9dd4
674a
3208
8a82
7b3a
56be
57ff
96cb
8927
6e52
35bb
8b06
7b55
56a6
5807
89cf
8044
7440
3961
8b8c
7b71
568e
580e
e97d
840b
7904
3cf7
8c16
7b8c
5676
5816
5dde
941e
7c93
407f
8ca2
7ba7
565d
581d
7bf2
aee3
7ee4
43f5
8d32
7bc2
5645
5825
2811
d1b4
7fef
475a
8dc4
7bdc
562d
582c
af5a
f91c
7fb4
4aad
8e5a
7bf6
5615
5834
80c9
2133
7e32
4ded
8ef2
7c10
55fc
583b
c72e
45ff
7b6d
5119
8f8d
7c29
55e4
5843
41d0
63da
776c
5430
902b
7c42
55cc
584a
7ff0
77ce
723a
5732
90cc
7c5b
55b4
5852
4871
7fe1
6be4
5a1d
916f
7c73
559b
5859
ce57
7b45
647a
5cf2
9216
7c8b
5583
5861
81e6
6a70
5c0e
5fae
92bf
7ca3
556a
5868
a965
4f0c
52b8
6252
936b
7cbb
5552
5870
2084
2bd2
488d
64dd
941a
7cd2
553a
5877
79be
043f
3daa
674e
94cc
7ce8
5521
587f
630a
dc41
3228
69a4
9580
7cff
5509
5886
f148
b7ce
2626
6be0
9637
7d15
54f0
588e
8d0e
9a83
19c3
6e00
96f1
7d2b
54d8
5895
9282
874a
0d1d
7003
97ae
7d40
54bf
589d
fca1
8009
0056
71ea
986d
7d56
54a7
58a4
69d9
8578
f38f
73b4
992f
7d6b
548e
58ab
75c1
970e
e6e7
7561
99f3
7d7f
5475
58b3
1565
b30d
da7f
76ef
9abb
7d93
545d
58ba
a15e
d6ad
ce77
785f
9b84
7da7
5444
58c2
8458
fe66
c2ee
79b0
9c50
7dbb
542b
58c9
d903
2648
b801
7ae1
9d1f
7dce
5413
58d1
5186
4a5e
adcc
7bf4
9df1
7de1
53fa
58d8
7f16
6714
a46a
7ce6
9ec5
7df4
53e1
58e0
37ce
7991
9bf2
7db9
9f9b
7e06
53c8
58e7
bd38
7fff
9479
7e6b
a074
7e18
53b0
58ef
8008
79bd
8e14
7efe
a14f
7e2a
5397
58f6
b87f
6768
88d2
7f6f
a22d
7e3b
537e
58fe
32b4
4ad1
84c1
7fc0
a30d
7e4c
5365
5905
7e4b
26cf
81ec
7ff0
a3ef
7e5d
534c
590c
55c5
fef4
8058
7fff
a4d4
7e6d
5333
5914
de64
d733
800c
7fef
a5bb
7e7d
531a
591b
85e9
b37e
8106
7fbd
a6a5
7e8d
5302
5923
9dae
9760
8345
7f6a
a790
7e9c
52e9
592a
0fd8
85a1
86c4
7ef7
a87e
7eab
52d0
5932
7371
8006
8b78
7e63
a96f
7eba
52b7
5939
6ce7
871b
9157
7daf
aa61
7ec8
529e
5940
023d
9a2d
9850
7cdb
ab56
7ed6
5285
5948
9585
b759
a053
7be6
ac4d
7ee4
526c
594f
8ab2
dbb9
a94b
7ad2
ad46
7ef2
5252
5957
ebb9
03b2
b320
799f
ae41
7eff
5239
595e
5f64
2b4d
bdba
784c
af3e
7f0c
5220
5966
7b5c
4e9d
c8fe
76db
b03d
7f18
5207
596d
25e9
6a21
d4ce
754b
b13f
7f24
51ee
5974
ad9b
7b1f
e10c
739d
b242
7f30
51d5
597c
810e
7fe7
ed9a
71d2
b347
7f3c
51bc
5983
c938
7800
fa57
6fe9
b44e
7f47
51a2
598b
43bf
6432
0723
6de4
b558
7f52
5189
5992
7ffd
4675
13dc
6bc3
b663
7f5c
5170
5999
468f
21bb
2062
6986
b770
7f66
5156
59a1
cc42
f9a9
2c96
672e
b87f
7f70
513d
59a8
8187
d238
3857
64bc
b98f
7f7a
5124
59b0
ab13
af51
4388
6230
baa2
7f83
510a
59b7
22b4
946a
4e0d
5f8a
bbb6
7f8c
50f1
59be
7a6d
842f
57ca
5ccd
bccc
7f94
50d8
59c6
6197
803b
60a6
59f7
bde4
7f9d
50be
59cd
ef08
88f3
688c
570b
befd
7fa4
50a5
59d5
8c13
9d79
6f65
5408
c018
7fac
508b
59dc
93b3
bbc5
7522
50f0
c135
7fb3
5072
59e3
fee5
e0d4
79b3
4dc3
c253
7fba
5058
59eb
6b1b
08fc
7d0d
4a82
c373
7fc1
503f
59f2
74d9
303f
7f27
472e
c495
7fc7
5025
59f9
1328
52b9
7ffc
43c8
c5b8
7fcd
500c
5a01
9fdb
6cff
7f8a
4050
c6dc
7fd3
4ff2
5a08
84f3
7c76
7dd1
3cc8
c802
7fd8
4fd9
5a10
db2d
7f96
7ad6
3931
c92a
7fdd
4fbf
5a17
5342
760e
76a2
358a
ca52
7fe1
4fa5
5a1e
7ecb
60d1
713d
31d7
cb7d
7fe6
4f8c
5a26
35c2
41fa
6ab7
2e16
cca8
7fea
4f72
5a2d
bb4c
1c99
6321
2a49
cdd5
7fed
4f58
5a34
8000
f461
5a8c
2672
cf03
7ff1
4f3f
5a3c
ba63
cd50
5110
2291
d032
7ff4
4f25
5a43
34c7
ab46
46c5
1ea7
d163
7ff6
4f0b
5a4a
7ea4
91a3
3bc4
1ab5
d295
7ff9
4ef1
5a52
5413
82f2
302b
16bd
d3c8
7ffb
4ed7
5a59
dc35
80a8
2417
12be
d4fc
7ffc
4ebe
5a60
8540
8afe
17a6
0ebb
d631
7ffe
4ea4
5a68
9f26
a0f0
0af9
0ab4
d767
7fff
4e8a
5a6f
1217
c04e
fe2f
06aa
d89e
7fff
4e70
5a76
7467
e5fe
f16b
029e
d9d7
7fff
4e56
5a7e
6bb2
0e42
e4cb
fe92
db10
7fff
4e3c
5a85
fff9
351c
d871
fa86
dc4a
7fff
4e22
5a8c
9447
56b1
cc7d
f67c
dd85
7fff
4e08
5a94
8b9f
6fae
c10c
f274
dec1
7ffe
4dee
5a9b
edf7
7d98
b63c
ee70
dffe
7ffd
4dd4
5aa2
60e3
7f0d
ac29
ea70
e13c
7ffb
4dba
5aaa
7abc
73e8
a2ec
e675
e27a
7ff9
4da0
5ab1
23bd
5d45
9a9e
e281
e3b9
7ff7
4d86
5ab8
abe3
3d63
9352
de95
e4f9
7ff5
4d6c
5ac0
815e
1769
8d1d
dab1
e63a
7ff2
4d52
5ac7
cb46
ef1e
880e
d6d7
e77b
7fee
4d38
5ace
45a8
c87f
8431
d307
e8bd
7feb
4d1e
5ad6
7fff
a761
8191
cf43
ea00
7fe7
4d04
5add
44a9
8f0d
8035
cb8b
eb43
7fe3
4ce9
5ae4
ca32
81ec
801f
c7e1
ec86
7fde
4ccf
5aeb
8133
814d
8150
c445
edcb
7fd9
4cb5
5af3
acc9
8d3e
83c6
c0b8
ef0f
7fd4
4c9b
5afa
24e1
a490
8779
bd3c
f054
7fcf
4c80
5b01
7b11
c4f4
8c60
b9d0
f19a
7fc9
4c66
5b09
601c
eb32
9270
b677
f2df
7fc3
4c4c
5b10
ecca
1381
9997
b330
f425
7fbc
4c32
5b17
8b22
39e1
a1c5
affd
f56c
7fb5
4c17
5b1e
94ec
5a83
aae3
acdf
f6b3
7fae
4bfd
5b26
0129
722c
b4db
a9d6
f7f9
7fa7
4be2
5b2d
6c55
7e82
bf94
a6e3
f941
7f9f
4bc8
5b34
73e7
7e4c
caf1
a406
fa88
7f97
4bae
5b3b
10ea
7190
d6d6
a141
fbcf
7f8e
4b93
5b43
9e60
5991
e324
9e95
fd17
7f85
4b79
5b4a
8597
38b0
efbc
9c01
fe5f
7f7c
4b5e
5b51
dd5a
1230
fc7e
9987
ffa6
7f73
4b44
5b59
54f7
e9e2
0948
9728
00ee
7f69
4b29
5b60
7e77
c3c6
15fb
94e3
0236
7f5f
4b0f
5b67
33b1
a3a2
2276
92b9
037d
7f55
4af4
5b6e
b965
8ca8
2e98
90ac
04c5
7f4a
4ada
5b76
8003
811e
3a44
8ebb
060c
7f3f
4abf
5b7d
bc4d
8229
455a
8ce7
0753
7f33
4aa4
5b84
36d5
8faf
4fbf
8b30
089a
7f28
4a8a
5b8b
7ef3
a858
5958
8998
09e1
7f1c
4a6f
5b93
525a
c9b3
620c
881d
0b28
7f0f
4a54
5b9a
da0a
f070
69c6
86c2
0c6e
7f03
4a3a
5ba1
84a1
18b8
7071
8585
0db4
7ef6
4a1f
5ba8
a0a5
3e8d
75fc
8468
0efa
7ee8
4a04
5baf
1455
5e2e
7a5a
836a
103f
7edb
49ea
5bb7
7553
7477
7d7e
828c
1184
7ecd
49cf
5bbe
6a74
7f34
7f62
81cf
12c8
7ebe
49b4
5bc5
fdb5
7d54
7fff
8131
140c
7eb0
4999
5bcc
9312
6f06
7f56
80b4
154f
7ea1
497e
5bd4
8c95
55b5
7d67
8058
1692
7e91
4964
5bdb
f036
33e4
7a37
801d
17d4
7e82
4949
5be2
625b
0cee
75ce
8002
1916
7e72
492e
5be9
7a12
e4b0
7038
8008
1a57
7e61
4913
5bf0
218f
bf27
6983
802e
1b97
7e51
48f8
5bf8
aa31
a00c
61c0
8076
1cd7
7e40
48dd
5bff
81b7
8a76
5904
80de
1e16
7e2f
48c2
5c06
cd59
8087
4f63
8166
1f54
7e1d
48a7
5c0d
478c
833d
44f7
820f
2091
7e0b
488c
5c14
7ff8
9252
39db
82d8
21ce
7df9
4871
5c1c
42bc
ac47
2e2b
83c2
2309
7de7
4856
5c23
c826
ce8a
2205
84cb
2444
7dd4
483b
5c2a
80e9
f5b5
1588
85f3
257e
7dc1
4820
5c31
ae85
1de5
08d3
873b
26b7
7dad
4805
5c38
270b
431e
fc09
88a2
27ee
7d99
47ea
5c40
7bac
61af
ef48
8a27
2925
7d85
47cf
5c47
5e99
7690
e2b2
8bcb
2a5b
7d71
47b4
5c4e
ea8d
7faf
d667
8d8c
2b90
7d5c
4799
5c55
8a3a
7c25
ca86
8f6a
2cc3
7d47
477d
5c5c
962e
6c4b
bf2f
9166
2df6
7d31
4762
5c64
036d
51b4
b47d
937d
2f27
7d1c
4747
5c6b
6d85
2f02
aa8c
95b1
3057
7d05
472c
5c72
72ec
07a7
a175
97ff
3186
7cef
4711
5c79
0eaa
df8a
9951
9a69
32b3
7cd8
46f5
5c80
9ced
baa5
9233
9cec
33df
7cc1
46da
5c87
8646
9ca0
8c2e
9f89
350a
7caa
46bf
5c8f
df89
8877
8752
a23e
3634
7c92
46a3
5c96
56a6
8028
83aa
a50b
375c
7c7a
4688
5c9d
7e18
8487
8140
a7f0
3883
7c62
466d
5ca4
319c
9524
801a
aaeb
39a8
7c49
4651
5cab
b784
b05b
803b
adfc
3acc
7c31
4636
5cb2
8010
d377
81a4
b122
3bee
7c17
461a
5cb9
be3c
fafe
844f
b45c
3d0f
7bfe
45ff
5cc1
38df
2304
8837
b7a9
3e2e
7be4
45e4
5cc8
7f39
4791
8d51
bb09
3f4c
7bca
45c8
5ccf
509b
6505
9391
be7b
4068
7baf
45ad
5cd6
d7e2
7875
9ae6
c1fd
4182
7b94
4591
5cdd
840b
7ff2
a33d
c590
429b
7b79
4576
5ce4
a22c
7ac0
ac82
c931
43b2
7b5e
455a
5ceb
1690
6961
b69c
cce0
44c7
7b42
453f
5cf2
7637
4d8f
c172
d09c
45da
7b26
4523
5cfa
692d
2a0b
cce8
d465
46ec
7b09
4507
5d01
fb71
025d
d8e1
d839
47fc
7aed
44ec
5d08
91e6
da72
e53e
dc16
490a
7ad0
44d0
5d0f
8d95
b641
f1df
dffd
4a16
7ab2
44b5
5d16
f276
9960
fea5
e3ed
4b20
7a95
4499
5d1d
63ca
86ac
0b6e
e7e3
4c29
7a77
447d
5d24
795f
8001
1819
ebe0
4d2f
7a58
4462
5d2b
1f5e
8607
2487
efe1
4e34
7a3a
4446
5d33
a886
9826
3098
f3e7
4f36
7a1b
442a
5d3a
821b
b491
3c2c
f7f0
5036
79fb
440e
5d41
cf6f
d877
4727
fbfb
5135
79dc
43f3
5d48
496a
0049
516b
0007
5231
79bc
43d7
5d4f
7fe6
2814
5adf
0413
532b
799c
43bb
5d56
40cb
4be5
636b
081e
5423
797b
439f
5d5d
c61e
682f
6af8
0c27
5519
795b
4383
5d64
80a9
7a25
7174
102d
560d
7939
4368
5d6b
b047
7ffd
76ce
142f
56fe
7918
434c
5d72
2931
7925
7af7
182b
57ed
78f6
4330
5d79
7c3c
6648
7de6
1c22
58da
78d4
4314
5d80
5d0e
4947
7f94
2011
59c5
78b2
42f8
5d88
e852
2502
7ffa
23f8
5aae
788f
42dc
5d8f
895b
fd11
7f1a
27d5
5b94
786c
42c0
5d96
9779
d56b
7cf4
2ba9
5c77
7849
42a4
5d9d
05b1
b1fd
798f
2f71
5d59
7825
4288
5da4
6ead
964d
74f3
332d
5e38
7801
426c
5dab
71e8
8517
6f2b
36dc
5f14
77dd
4250
5db2
0c6a
8012
6848
3a7d
5fef
77b9
4234
5db9
9b81
87bd
6059
3e0f
60c6
7794
4218
5dc0
86fe
9b55
5774
4192
619c
776f
41fc
5dc7
e1bc
b8e8
4db0
4503
626e
7749
41e0
5dce
584d
dd89
4325
4863
633e
7724
41c4
5dd5
7daf
0594
37ee
4bb0
640c
76fe
41a8
5ddc
2f84
2d12
2c27
4eea
64d7
76d7
418b
5de3
b5a9
5018
1ff0
520f
65a0
76b1
416f
5dea
8027
6b2c
1368
5520
6666
768a
4153
5df1
c030
7b9f
06ad
581b
6729
7662
4137
5df8
3ae4
7fd0
f9e2
5aff
67ea
763b
411b
5dff
7f73
7754
ed26
5dcc
68a8
7613
40ff
5e07
4ed5
6303
e09b
6081
6963
75eb
40e2
5e0e
d5bc
44e0
d45f
631d
6a1c
75c2
40c6
5e15
837f
1fe9
c894
65a0
6ad2
759a
40aa
5e1c
a3ba
f7c7
bd56
6809
6b85
7571
408e
5e23
18cb
d076
b2c2
6a57
6c35
7547
4071
5e2a
7710
addc
a8f5
6c8a
6ce3
751e
4055
5e31
67df
9367
a005
6ea2
6d8e
74f4
4039
5e38
f92e
83b8
980c
709d
6e36
74c9
401c
5e3f
90c2
805b
911c
727b
6edb
749f
4000
5e46
8e9d
89a7
8b48
743c
6f7d
7474
3fe3
5e4d
f4b7
9eb0
869e
75df
701d
7449
3fc7
5e54
6531
bd5f
832b
7763
70ba
741d
3fab
5e5b
78a2
e2aa
80f8
78ca
7153
73f2
3f8e
5e62
1d2a
0add
8009
7a11
71ea
73c6
3f72
5e69
a6e2
31fd
8061
7b39
727e
7399
3f55
5e70
8289
5427
8200
7c42
730f
736d
3f39
5e77
d18a
6df9
84e1
7d2b
739d
7340
3f1c
5e7e
4b42
7ce4
88fd
7df3
7428
7312
3f00
5e85
7fc9
7f6b
8e4a
7e9c
74b1
72e5
3ee3
5e8c
3ed4
7550
94b9
7f24
7536
72b7
3ec7
5e93
c41b
5f93
9c3b
7f8c
75b8
7289
3eaa
5e9a
8073
405b
a4bc
7fd3
7637
725a
3e8e
5ea1
b210
1ac1
ae26
7ff9
76b3
722c
3e71
5ea8
2b55
f280
b862
7ffe
772c
71fd
3e54
5eaf
7cc3
cb96
c355
7fe3
77a2
71cd
3e38
5eb6
5b7c
a9df
cee3
7fa7
7815
719e
3e1b
5ebd
e619
90b2
daef
7f4a
7885
716e
3dfe
5ec3
8886
828f
e75a
7ecd
78f2
713e
3de2
5eca
98cc
80dc
f403
7e2f
795c
710d
3dc5
5ed1
07f4
8bc5
00cc
7d71
79c3
70dd
3da8
5ed8
6fcc
a235
0d92
7c93
7a26
70ac
3d8c
5edf
70db
c1f3
1a36
7b95
7a86
707a
3d6f
5ee6
0a28
e7d7
2696
7a77
7ae4
7049
3d52
5eed
9a1e
1021
3294
793a
7b3e
7017
3d35
5ef4
87c0
36d1
3e10
77de
7b95
6fe5
3d19
5efb
e3f1
5812
48ee
7663
7be8
6fb2
3cfc
5f02
59ed
7097
5311
74ca
7c39
6f7f
3cdf
5f09
7d3c
7df1
5c60
7313
7c86
6f4c
3cc2
5f10
2d67
7ece
64c2
713e
7cd1
6f19
3ca5
5f17
b3d4
7318
6c23
6f4d
7d18
6ee5
3c88
5f1e
8049
5bf8
726f
6d3f
7d5c
6eb2
3c6b
5f25
c22a
3bb9
7796
6b15
7d9c
6e7d
3c4f
5f2c
3ce5
158e
7b8c
68d0
7dda
6e49
3c32
5f33
7fa4
ed40
7e45
6670
7e14
6e14
3c15
5f3a
4d09
c6cd
7fbc
63f5
7e4b
6ddf
3bf8
5f40
d39b
a607
7feb
6162
7e7f
6daa
3bdb
5f47
82fe
8e2d
7ed4
5eb5
7eaf
6d74
3bbe
5f4e
a550
819d
7c78
5bf0
7edc
6d3e
3ba1
5f55
1b03
8195
78de
5913
7f06
6d08
3b84
5f5c
77e0
8e17
740f
5620
7f2d
6cd2
3b67
5f63
6687
a5e4
6e16
5316
7f51
6c9b
3b4a
5f6a
f6eb
c6a2
6704
4ff7
7f71
6c64
3b2d
5f71
8fa8
ed0f
5eeb
4cc4
7f8e
6c2d
3b10
5f78
8faf
155e
55df
497d
7fa7
6bf5
3af3
5f7f
f6f9
3b8e
4bf7
4624
7fbe
6bbe
3ad6
5f86
6690
5bd6
414d
42b8
7fd1
6b86
3ab8
5f8c
77db
7303
35fc
3f3b
7fe1
6b4d
3a9b
5f93
1af4
7ec8
2a21
3bae
7fee
6b15
3a7e
5f9a
a545
7dfa
1dda
3812
7ff7
6adc
3a61
5fa1
8301
70ae
1146
3468
7ffd
6aa2
3a44
5fa8
d3a8
5835
0487
30b0
7fff
6a69
3a27
5faf
4d15
36fd
f7bc
2ceb
7fff
6a2f
3a09
5fb6
7fa3
1051
eb06
291b
7ffc
69f5
39ec
5fbd
3cd8
e807
de86
2541
7ff5
69bb
39cf
5fc4
c21d
c21d
d25b
215d
7fea
6980
39b2
5fca
8048
a257
c6a5
1d71
7fdd
6946
3995
5fd1
b3e0
8bda
bb82
197c
7fcc
690b
3977
5fd8
2d75
80e2
b10e
1582
7fb8
68cf
395a
5fdf
7d3f
8285
a764
1182
7fa0
6894
393d
5fe6
59e3
909a
9e9c
0d7d
7f86
6858
391f
5fed
e3e2
a9bb
96ce
0975
7f68
681c
3902
5ff4
87bb
cb6a
900d
056b
7f46
67df
38e5
5ffa
9a27
f250
8a6a
015f
7f22
67a2
38c7
6001
0a37
1a91
85f4
fd53
7efa
6766
38aa
6008
70e2
4030
82b6
f947
7ecf
6728
388d
600f
6fc5
5f72
80b9
f53e
7ea1
66eb
386f
6016
07e5
753c
8001
f137
7e70
66ad
3852
601d
98c3
7f67
8090
ed33
7e3b
666f
3834
6024
888c
7cee
8266
e935
7e03
6631
3817
602a
e628
6e12
857c
e53d
7dc8
65f2
37f9
6031
5b87
544c
89cc
e14b
7d8a
65b4
37dc
6038
7cc0
322a
8f4b
dd61
7d48
6574
37be
603f
2b47
0b0e
95ea
d980
7d03
6535
37a1
6046
b205
e2d9
9d98
d5a9
7cbb
64f6
3783
604d
8074
bd89
a642
d1dd
7c70
64b6
3766
6053
c428
9ed0
afd1
ce1c
7c22
6476
3748
605a
3ee1
89ba
ba2e
ca68
7bd0
6435
372b
6061
7fca
805f
c53d
c6c2
7b7c
63f5
370d
6068
4b36
83ac
d0e2
c32b
7b24
63b4
36f0
606f
d17c
934e
dd00
bfa3
7ac9
6373
36d2
6075
8286
adb7
e977
bc2c
7a6b
6331
36b4
607c
a6ed
d049
f628
b8c6
7a09
62f0
3697
6083
1d39
f796
02f3
b572
79a5
62ae
3679
608a
78a7
1fb9
0fb5
b232
793d
626c
365b
6091
6528
44b7
1c50
af05
78d3
6229
363e
6097
f4a8
62e4
28a2
abed
7865
61e7
3620
609e
8e96
7743
348c
a8ea
77f4
61a4
3602
60a5
90ca
7fce
3ff0
a5fe
7780
6161
35e5
60ac
f93c
7bac
4ab0
a329
7709
611d
35c7
60b3
67e7
6b47
54b1
a06c
768f
60da
35a9
60b9
770b
503e
5dda
9dc7
7612
6096
358b
60c0
18bc
2d40
6612
9b3b
7592
6052
356e
60c7
a3b0
05c5
6d46
98c9
750f
600d
3550
60ce
8383
ddb8
7362
9672
7489
5fc9
3532
60d5
d5ca
b911
7856
9435
7400
5f84
3514
60db
4ee1
9b73
7c17
9214
7374
5f3f
34f6
60e2
7f72
87ce
7e9b
9010
72e5
5ef9
34d9
60e9
3ad7
8014
7fdb
8e27
7253
5eb4
34bb
60f0
c023
850a
7fd3
8c5c
71be
5e6e
349d
60f6
8026
9631
7e85
8aaf
7127
5e28
347f
60fd
b5b5
b1d7
7bf3
8920
708c
5de2
3461
6104
2f92
d53d
7824
87af
6fef
5d9b
3443
610b
7db2
fce0
7322
865d
6f4e
5d54
3425
6111
5842
24d3
6cf9
852a
6eab
5d0d
3407
6118
e1ad
491f
65ba
8416
6e05
5cc6
33e9
611f
86f9
662b
5d76
8322
6d5c
5c7f
33cb
6126
9b8b
7915
5443
824e
6cb0
5c37
33ad
612c
0c78
7ffd
4a39
819b
6c02
5bef
3390
6133
71ef
7a33
3f71
8107
6b51
5ba7
3372
613a
6ea6
684c
3406
8095
6a9d
5b5e
3354
6141
05a2
4c0c
2817
8042
69e6
5b15
3335
6147
9770
2842
1bc1
8011
692c
5acc
3317
614e
8961
007a
0f24
8000
6870
5a83
32f9
6155
e861
d8a6
0260
8010
67b2
5a3a
32db
615c
5d18
b4b8
f596
8041
66f0
59f0
32bd
6162
7c39
9842
e8e7
8092
662c
59a6
329f
6169
2923
8616
dc73
8104
6565
595c
3281
6170
b03c
8001
d05a
8197
649c
5912
3263
6177
80aa
869d
c4bb
824a
63d0
58c8
3245
617d
c62b
9943
b9b3
831d
6302
587d
3227
6184
40d7
b619
af5f
8410
6231
5832
3209
618b
7fe6
da43
a5d9
8523
615d
57e7
31ea
6191
495e
022c
9d3a
8655
6087
579b
31cc
6198
cf62
29dd
9598
87a6
5faf
5750
31ae
619f
8218
4d68
8f06
8917
5ed4
5704
3190
61a5
a891
6945
8995
8aa5
5df7
56b8
3172
61ac
1f6c
7ab2
8552
8c52
5d17
566b
3153
61b3
7964
7ff4
824a
8e1c
5c35
561f
3135
61ba
63c1
7885
8083
9004
5b51
55d2
3117
61c0
f267
6523
8002
9208
5a6a
5585
30f9
61c7
8d8e
47ba
80c8
9428
5981
5538
30da
61ce
91ed
2333
82d4
9664
5895
54ea
30bc
61d4
fb80
fb2f
8620
98bb
57a8
549d
309e
61db
6936
d3a5
8aa4
9b2c
56b8
544f
307f
61e2
7631
b081
9054
9db7
55c6
5401
3061
61e8
1682
953f
9722
a05c
54d1
53b2
3043
61ef
a221
8494
9efc
a318
53db
5364
3024
61f6
840f
8026
a7ce
a5ed
52e2
5315
3006
61fc
d7f0
8865
b181
a8d9
51e7
52c6
2fe8
6203
50a6
9c82
bbfe
abdb
50eb
5277
2fc9
620a
7f37
ba7c
c728
aef2
4fec
5228
2fab
6210
38d2
df5b
d2e4
b21e
4eeb
51d8
2f8c
6217
be2f
0776
df13
b55e
4de8
5188
2f6e
621e
800f
2ed5
eb96
b8b2
4ce3
5138
2f4f
6224
b790
518e
f84e
bc17
4bdc
50e8
2f31
622b
31aa
6c31
0519
bf8e
4ad3
5098
2f13
6232
7e1b
7c19
11d8
c316
49c8
5047
2ef4
6238
569b
7fb3
1e68
c6ac
48bb
4ff6
2ed6
623f
df7b
76a3
2aab
ca52
47ad
4fa5
2eb7
6246
8641
61ce
3681
ce06
469c
4f54
2e99
624c
9cf6
4347
41cb
d1c6
458a
4f03
2e7a
6253
0eb9
1e14
4c6d
d592
4476
4eb1
2e5c
6259
72f3
f5e5
564b
d969
4360
4e5f
2e3d
6260
6d7e
ceb7
5f4d
dd49
4249
4e0d
2e1e
6267
035e
ac6c
675b
e133
4130
4dbb
2e00
626d
9626
926b
6e61
e525
4015
4d69
2de1
6274
8a40
8348
744c
e91d
3ef8
4d16
2dc3
627b
ea9c
8083
790e
ed1b
3dda
4cc3
2da4
6281
5ea3
8a62
7c9a
f11e
3cbb
4c70
2d85
6288
7ba8
9fec
7ee7
f525
3b99
4c1d
2d67
628e
26fd
befd
7ff0
f92f
3a77
4bca
2d48
6295
ae79
e480
7fb2
fd3b
3952
4b76
2d29
629c
80ea
0cbe
7e2d
0147
382d
4b22
2d0b
62a2
c833
33b8
7b65
0553
3706
4ace
2cec
62a9
42c9
5591
7762
095d
35dd
4a7a
2ccd
62af
7ff8
6eed
722d
0d65
34b3
4a26
2caf
62b6
4780
7d4a
6bd4
116a
3388
49d1
2c90
62bd
cd4b
7f3a
6468
156a
325b
497c
2c71
62c3
81b5
748c
5bfa
1965
312d
4927
2c53
62ca
aa3c
5e4f
52a1
1d59
2ffe
48d2
2c34
62d0
219d
3eb8
4875
2145
2ece
487d
2c15
62d7
7a17
18e8
3d90
252a
2d9c
4827
2bf6
62de
6251
f0a1
320d
2904
2c69
47d2
2bd8
62e4
f027
c9df
260a
2cd4
2b35
477c
2bb9
62eb
8c8f
a87c
19a6
3099
2a00
4726
2b9a
62f1
931a
8fc7
0d00
3451
28ca
46d0
2b7b
62f8
fdc4
8232
0039
37fc
2793
4679
2b5c
62fe
6a7c
8118
f372
3b99
265b
4623
2b3d
6305
754d
8c93
e6ca
3f26
2522
45cc
2b1f
630c
1446
a381
da63
42a3
23e8
4575
2b00
6312
a09b
c39b
ce5c
460f
22ad
451e
2ae1
6319
84a4
e9b2
c2d4
4969
2171
44c6
2ac2
631f
da18
11ff
b7e9
4cb1
2034
446f
2aa3
6326
5266
3884
adb6
4fe4
1ef7
4417
2a84
632c
7ef2
596e
a456
5304
1db9
43bf
2a65
6333
36c8
7179
9be0
560e
1c79
4367
2a46
6339
bc40
7e44
946a
5901
1b3a
430f
2a27
6340
8003
7e89
8e07
5bdf
19f9
42b7
2a09
6347
b971
7242
88c8
5ea4
18b8
425e
29ea
634d
33bf
5aa6
84b9
6152
1776
4206
29cb
6354
7e79
3a0d
81e7
63e6
1634
41ad
29ac
635a
54ec
13b2
8056
6661
14f1
4154
298d
6361
dd4b
eb63
800c
68c2
13ad
40fb
296e
6367
8593
c51f
810a
6b08
1269
40a1
294f
636e
9e6a
a4b2
834c
6d32
1125
4048
2930
6374
10f9
8d53
86cd
6f41
0fe0
3fee
2911
637b
73ed
8154
8b84
7133
0e9a
3f94
28f2
6381
6c4d
81e4
9166
7308
0d55
3f3a
28d2
6388
011a
8ef6
9862
74c0
0c0f
3ee0
28b3
638e
94e4
a73e
a067
765a
0ac8
3e86
2894
6395
8b28
c853
a960
77d5
0982
3e2b
2875
639b
ecd9
eeed
b337
7932
083b
3dd1
2856
63a2
6026
1739
bdd3
7a70
06f4
3d76
2837
63a8
7b0d
3d38
c918
7b8e
05ac
3d1b
2818
63af
24d2
5d24
d4e9
7c8d
0465
3cc0
27f9
63b5
acbd
73d3
e129
7d6c
031d
3c64
27da
63bc
8135
7f07
edb7
7e2b
01d6
3c09
27bb
63c2
ca3f
7da1
fa74
7ec9
008e
3bad
279b
63c9
44b5
6fc6
0740
7f47
ff46
3b52
277c
63cf
7fff
56d5
13f9
7fa5
fdff
3af6
275d
63d6
459c
3548
207e
7fe2
fcb7
3a9a
273e
63dc
cb39
0e72
2cb1
7ffe
fb70
3a3d
271f
63e3
815c
e62e
3871
7ff9
fa28
39e1
26ff
63e9
abee
c079
43a1
7fd4
f8e1
3985
26e0
63f0
23cb
a110
4e24
7f8e
f79a
3928
26c1
63f6
7ac0
8b12
57df
7f27
f653
38cb
26a2
63fd
60da
80ad
60b9
7ea0
f50c
386e
2683
6403
ede8
82e8
689c
7df8
f3c6
3811
2663
640a
8b99
918b
6f74
7d30
f280
37b4
2644
6410
944f
ab22
752e
7c48
f13a
3756
2625
6417
0008
cd23
79bc
7b40
eff5
36f9
2605
641d
6bba
f430
7d14
7a18
eeb0
369b
25e6
6423
7461
1c69
7f2b
78d2
ed6c
363e
25c7
642a
1208
41d0
7ffd
776c
ec28
35e0
25a8
6430
9f1c
60b1
7f87
75e8
eae4
3582
2588
6437
8544
75fb
7dcc
7446
e9a1
3523
2569
643d
dc44
7f92
7ace
7286
e85f
34c5
254a
6444
541e
7c82
7697
70a8
e71d
3467
252a
644a
7ea2
6d19
7130
6eae
e5dc
3408
250b
6451
34b9
52de
6aa7
6c97
e49c
33a9
24eb
6457
ba57
306c
630e
6a65
e35c
334a
24cc
645d
8000
092c
5a78
6817
e21d
32eb
24ad
6464
bb58
e104
50fa
65af
e0df
328c
248d
646a
35cf
bbee
46ad
632d
dfa1
322d
246e
6471
7ecd
9d98
3bab
6091
de65
31ce
244e
6477
5337
8905
3010
5ddd
dd29
316e
242f
647e
db1e
803e
23fb
5b10
dbee
310e
2410
6484
84ef
8422
1789
582d
dab4
30af
23f0
648a
9fe5
944f
0adc
5532
d97b
304f
23d1
6491
1337
af2b
fe12
5222
d843
2fef
23b1
6497
74df
d20a
f14e
4efd
d70c
2f8f
2392
649e
6b13
f978
e4af
4bc4
d5d6
2f2e
2372
64a4
fed6
218c
d856
4877
d4a1
2ece
2353
64aa
93ab
464c
cc62
4518
d36e
2e6d
2333
64b1
8c19
6414
c0f3
41a7
d23b
2e0d
2314
64b7
ef17
77ef
b624
3e25
d10a
2dac
22f4
64be
61a1
7fe5
ac13
3a93
cfd9
2d4b
22d5
64c4
7a68
7b2c
a2d8
36f2
ceaa
2cea
22b5
64ca
22a5
6a3c
9a8c
3344
cd7d
2c89
2296
64d1
ab08
4ec3
9343
2f88
cc50
2c28
2276
64d7
8189
2b7b
8d10
2bc0
cb25
2bc7
2257
64de
cc50
03e3
8803
27ec
c9fb
2b65
2237
64e4
469c
dbe8
842a
240f
c8d3
2b04
2217
64ea
7ffd
b781
818d
2028
c7ac
2aa2
21f8
64f1
43b2
9a4b
8033
1c39
c687
2a40
21d8
64f7
c92a
872b
8020
1843
c563
29de
21b9
64fd
810c
8007
8154
1447
c440
297c
2199
6504
ada7
8593
83cd
1045
c31f
291a
2179
650a
25f7
9744
8783
0c40
c1ff
28b8
215a
6511
7b60
b357
8c6d
0837
c0e2
2856
213a
6517
5f5b
d705
927f
042c
bfc5
27f3
211a
651d
ebaa
fec3
99a9
0020
beab
2791
20fb
6524
8aac
26a1
a1d8
fc14
bd92
272e
20db
652a
958d
4aa9
aaf9
f809
bc7b
26cc
20bb
6530
024c
674b
b4f3
f400
bb65
2669
209c
6537
6cef
79ae
bfad
effa
ba51
2606
207c
653d
736a
7fff
cb0c
ebf8
b93f
25a3
205c
6543
0fc9
79a0
d6f2
e7fb
b82f
2540
203d
654a
9da5
6731
e341
e405
b721
24dd
201d
6550
85ee
4a86
efd9
e015
b614
2479
1ffd
6556
de72
2677
fc9b
dc2e
b50a
2416
1fdd
655d
55d0
fe97
0965
d850
b401
23b3
1fbe
6563
7e49
d6db
1618
d47c
b2fa
234f
1f9e
6569
32a6
b334
2292
d0b3
b1f6
22eb
1f7e
6570
b873
972b
2eb4
ccf7
b0f3
2288
1f5e
6576
8008
8586
3a5e
c947
aff2
2224
1f3f
657c
bd45
8007
4572
c5a5
aef4
21c0
1f1f
6583
37db
8739
4fd6
c213
adf7
215c
1eff
6589
7f17
9a66
596d
be90
acfd
20f8
1edf
658f
517b
b7a5
621f
bb1e
ac04
2094
1ec0
6596
d8f4
dc12
69d6
b7bd
ab0e
202f
1ea0
659c
8454
040e
707f
b470
aa1a
1fcb
1e80
65a2
a168
2ba4
7607
b135
a928
1f67
1e60
65a8
1574
4ee6
7a62
ae0f
a839
1f02
1e40
65af
75c7
6a55
7d84
aafd
a74b
1e9e
1e20
65b5
69d1
7b38
7f65
a801
a660
1e39
1e01
65bb
fc92
7fe3
7fff
a51c
a577
1dd4
1de1
65c2
927a
77df
7f53
a24e
a491
1d6f
1dc1
65c8
8d14
63f9
7d61
9f99
a3ad
1d0a
1da1
65ce
f157
4628
7a2e
9cfb
a2cb
1ca5
1d81
65d4
6314
2162
75c3
9a77
a1ec
1c40
1d61
65db
79ba
f94c
702a
980e
a10f
1bdb
1d41
65e1
2076
d1e1
6973
95be
a034
1b76
1d21
65e7
a95a
af09
61ae
938a
9f5c
1b11
1d01
65ee
81e8
9438
58ef
9172
9e86
1aac
1ce2
65f4
ce64
8417
4f4c
8f76
9db3
1a46
1cc2
65fa
487d
8040
44df
8d97
9ce3
19e1
1ca2
6600
7ff0
8915
39c1
8bd5
9c14
197b
1c82
6607
41c3
9db4
2e10
8a31
9b49
1916
1c62
660d
c720
bc13
21e9
88ab
9a80
18b0
1c42
6613
80c7
e12e
156b
8743
99ba
184a
1c22
6619
af66
0958
08b6
85fb
98f6
17e5
1c02
6620
281f
3095
fbeb
84d1
9835
177f
1be2
6626
7bf5
5300
ef2b
83c8
9776
1719
1bc2
662c
5dd4
6d30
e296
82de
96bb
16b3
1ba2
6632
e96f
7c8c
d64b
8214
9602
164d
1b82
6639
89c9
7f8e
ca6c
816a
954b
15e7
1b62
663f
96d3
75ea
bf15
80e0
9498
1581
1b42
6645
0490
6094
b465
8078
93e7
151b
1b22
664b
6e1b
41ab
aa76
8030
9339
14b4
1b02
6651
726b
1c3e
a162
8008
928d
144e
1ae2
6658
0d89
f405
9940
8001
91e5
13e8
1ac2
665e
9c36
ccfb
9224
801c
913f
1381
1aa2
6664
86a1
ab01
8c22
8056
909c
131b
1a82
666a
e0a3
9174
8748
80b2
8ffc
12b4
1a62
6671
577b
82df
83a3
812e
8f5f
124e
1a42
6677
7de5
80b1
813c
81cb
8ec5
11e7
1a22
667d
3090
8b24
8019
8287
8e2e
1181
1a01
6683
b695
a12e
803d
8364
8d99
111a
19e1
6689
801a
c09f
81a8
8461
8d08
10b3
19c1
6690
bf36
e658
8457
857e
8c79
104d
19a1
6696
39e3
0e9e
8841
86ba
8bed
0fe6
1981
669c
7f57
3570
8d5e
8815
8b65
0f7f
1961
66a2
4fb8
56f5
93a0
898e
8adf
0f18
1941
66a8
d6ce
6fdb
9af7
8b26
8a5d
0eb1
1921
66af
83c4
7da9
a351
8cdc
89dd
0e4a
1901
66b5
a2f2
7f01
ac98
8eaf
8960
0de3
18e0
66bb
17af
73c1
b6b4
90a0
88e7
0d7c
18c0
66c1
76a5
5d06
c18c
92ad
8870
0d15
18a0
66c7
6886
3d11
cd03
94d5
87fd
0cae
1880
66cd
fa4e
170e
d8fd
971a
878c
0c47
1860
66d4
9152
eec2
e55a
9979
871f
0be0
1840
66da
8e18
c82b
f1fc
9bf2
86b5
0b78
181f
66e0
f397
a71e
fec2
9e85
864e
0b11
17ff
66e6
647f
8ee1
0b8b
a131
85ea
0aaa
17df
66ec
7901
81dd
1836
a3f5
8589
0a43
17bf
66f2
1e43
815a
24a3
a6d1
852b
09db
179f
66f9
a7b2
8d67
30b3
a9c4
84d0
0974
177e
66ff
8251
a4d1
3c46
accc
8479
090d
175e
6705
d07d
c546
473f
afea
8425
08a5
173e
670b
4a58
eb8e
5181
b31d
83d4
083e
171e
6711
7fd9
13dd
5af4
b663
8386
07d7
16fe
6717
3fcf
3a34
637d
b9bc
833b
076f
16dd
671d
c51b
5ac5
6b08
bd27
82f3
0708
16bd
6724
808d
7255
7181
c0a3
82af
06a0
169d
672a
b12c
7e90
76d8
c42f
826e
0639
167d
6730
2a45
7e3d
7aff
c7cb
8230
05d1
165c
6736
7c81
7165
7dec
cb75
81f5
056a
163c
673c
5c45
594f
7f96
cf2c
81be
0502
161c
6742
e735
385d
7ffa
d2f0
8189
049b
15fb
6748
88ef
11d4
7f16
d6c0
8158
0433
15db
674f
9822
e987
7cee
da9a
812b
03cb
15bb
6755
06d3
c374
7986
de7d
8100
0364
159b
675b
6f3e
a362
74e7
e26a
80d9
02fc
157a
6761
7162
8c80
6f1d
e65d
80b5
0295
155a
6767
0b48
8112
6837
ea58
8094
022d
153a
676d
9ace
823a
6046
ee57
8077
01c5
1519
6773
875e
8fdc
575f
f25c
805c
015e
14f9
6779
e2d7
a89c
4d99
f664
8045
00f6
14d9
677f
591f
ca07
430c
fa6e
8032
008f
14b8
6785
7d77
f0cc
37d3
fe7a
8021
0027
1498
678c
2e75
1913
2c0c
0286
8014
ffbf
1478
6792
b4bd
3ede
1fd4
0692
800a
ff58
1457
6798
8037
5e6c
134b
0a9b
8004
fef0
1437
679e
c12d
749e
0690
0ea3
8000
fe89
1417
67a4
3be6
7f3f
f9c5
12a6
8000
fe21
13f6
67aa
7f8d
7d41
ed09
16a5
8004
fdb9
13d6
67b0
4def
6ed8
e07e
1a9d
800a
fd52
13b6
67b6
d4aa
5570
d444
1e8f
8014
fcea
1395
67bc
833d
3390
c879
2279
8021
fc83
1375
67c2
a484
0c92
bd3d
265b
8031
fc1b
1354
67c8
19e8
e456
b2ab
2a32
8045
fbb3
1334
67ce
777a
bed7
a8df
2dff
805c
fb4c
1314
67d4
6733
9fcf
9ff2
31c0
8076
fae4
12f3
67db
f80b
8a51
97fb
3574
8093
fa7d
12d3
67e1
9033
807f
910e
391b
80b4
fa15
12b2
67e7
8f25
8352
8b3c
3cb3
80d8
f9ae
1292
67ed
f5d9
9282
8695
403b
80ff
f946
1272
67f3
65e2
ac8d
8325
43b3
812a
f8df
1251
67f9
783f
cee0
80f4
471a
8157
f877
1231
67ff
1c0e
f611
8008
4a6e
8188
f810
1210
6805
a612
1e3f
8063
4daf
81bc
f7a8
11f0
680b
82c4
436d
8205
50dd
81f4
f741
11cf
6811
d29a
61eb
84e9
53f6
822e
f6da
11af
6817
4c2d
76b3
8908
56f9
826c
f672
118e
681d
7fb7
7fb6
8e57
59e6
82ad
f60b
116e
6823
3dd6
7c0e
94c9
5cbc
82f2
f5a4
114d
6829
c31a
6c19
9c4d
5f7a
8339
f53c
112d
682f
805c
516c
a4d0
6220
8384
f4d5
110d
6835
b2f8
2eac
ae3d
64ad
83d2
f46e
10ec
683b
2c66
074b
b87a
6720
8423
f407
10cc
6841
7d03
df30
c36f
6978
8477
f3a0
10ab
6847
5ab0
ba57
cefe
6bb6
84ce
f339
108b
684d
e4fc
9c66
db0b
6dd8
8529
f2d1
106a
6853
881f
8856
e776
6fde
8586
f26a
104a
6859
9979
8024
f420
71c7
85e7
f203
1029
685f
0916
849f
00e9
7393
864b
f19c
1009
6865
7059
9557
0daf
7541
86b2
f135
0fe8
686b
7051
b0a3
1a52
76d2
871c
f0cf
0fc8
6871
0906
d3ce
26b2
7844
8789
f068
0fa7
6877
996f
fb5a
32af
7997
87fa
f001
0f87
687d
8825
235d
3e2a
7acb
886d
ef9a
0f66
6883
e50d
47de
4906
7be0
88e4
ef33
0f45
6889
5abc
653e
5327
7cd5
895d
eecd
0f25
688f
7cff
7894
5c74
7daa
89da
ee66
0f04
6895
2c57
7ff5
64d4
7e5f
8a59
edff
0ee4
689b
b2eb
7aa5
6c32
7ef4
8adc
ed99
0ec3
68a1
805d
692c
727c
7f68
8b61
ed32
0ea3
68a7
c329
4d45
77a1
7fbb
8bea
eccc
0e82
68ad
3de4
29b4
7b93
7fee
8c75
ec65
0e62
68b3
7fb8
0200
7e4a
7fff
8d04
ebff
0e41
68b9
4c20
da1a
7fbe
7ff1
8d95
eb99
0e21
68bf
d28a
b5f5
7fea
7fc2
8e2a
eb32
0e00
68c5
82c0
9929
7ed0
7f71
8ec1
eacc
0ddf
68cb
a61e
868f
7c71
7f01
8f5b
ea66
0dbf
68d1
1c1f
8000
78d4
7e6f
8ff8
ea00
0d9e
68d7
7845
8623
7402
7dbe
9098
e99a
0d7e
68dd
65d8
985c
6e07
7cec
913b
e934
0d5d
68e2
f5c8
b4dc
66f3
7bfa
91e1
e8ce
0d3c
68e8
8f1d
d8cf
5ed8
7ae8
9289
e868
0d1c
68ee
903c
00a6
55c9
79b7
9334
e802
0cfb
68f4
f81c
286c
4be0
7867
93e2
e79d
0cdb
68fa
673d
4c2f
4134
76f8
9493
e737
0cba
6900
7774
6865
35e2
756a
9547
e6d1
0c99
6906
19d7
7a40
2a05
73bf
95fd
e66c
0c79
690c
a479
7ffc
1dbd
71f6
96b6
e606
0c58
6912
8341
7907
112a
700f
9772
e5a1
0c38
6918
d4ba
6611
046a
6e0c
9830
e53b
0c17
691e
4dfc
48fb
f79f
6bed
98f1
e4d6
0bf6
6924
7f8c
24a9
eae9
69b2
99b5
e471
0bd6
692a
3bd7
fcb5
de6a
675c
9a7b
e40c
0bb5
692f
c11e
d513
d240
64ec
9b44
e3a7
0b94
6935
8036
b1b4
c68b
6262
9c0f
e342
0b74
693b
b4ca
9618
bb69
5fbe
9cdd
e2dd
0b53
6941
2e85
84fd
b0f7
5d02
9dae
e278
0b33
6947
7d7a
8015
a74f
5a2f
9e81
e213
0b12
694d
5913
87dd
9e8a
5744
9f56
e1ae
0af1
6953
e2c7
9b8e
96be
5443
a02e
e14a
0ad1
6959
8759
b935
8fff
512c
a109
e0e5
0ab0
695f
9ad9
dde2
8a5f
4e01
a1e6
e081
0a8f
6965
0b59
05f1
85eb
4ac1
a2c5
e01c
0a6f
696a
716a
2d69
82b0
476f
a3a7
dfb8
0a4e
6970
6f36
5060
80b5
440a
a48b
df54
0a2d
6976
06c3
6b5e
8000
4094
a571
def0
0a0d
697c
9818
7bb7
8093
3d0d
a65a
de8b
09ec
6982
88f6
7fcb
826b
3976
a745
de27
09cb
6988
e745
7733
8585
35d1
a832
ddc4
09ab
698e
5c51
62c8
89d8
321e
a922
dd60
098a
6993
7c7d
4492
8f59
2e5f
aa14
dcfc
0969
6999
2a35
1f8f
95fa
2a93
ab08
dc98
0949
699f
b11f
f76b
9daa
26bc
abfe
dc35
0928
69a5
808e
d020
a656
22dc
acf6
dbd1
0907
69ab
c52a
ad95
afe8
1ef3
adf1
db6e
08e7
69b1
3fde
9336
ba46
1b01
aeed
db0b
08c6
69b7
7fda
83a2
c556
1709
afec
daa8
08a5
69bc
4a4a
8062
d0fd
130b
b0ec
da45
0884
69c2
d06e
89cb
dd1c
0f08
b1ef
d9e2
0864
69c8
824e
9eec
e994
0b01
b2f4
d97f
0843
69ce
a7be
bdae
f645
06f8
b3fa
d91c
0822
69d4
1e54
e304
0310
02ec
b503
d8b9
0802
69da
7907
0b39
0fd2
fee0
b60d
d857
07e1
69df
6475
3252
1c6c
fad4
b71a
d7f4
07c0
69e5
f387
546d
28be
f6ca
b828
d792
07a0
69eb
8e11
6e29
34a7
f2c2
b938
d730
077f
69f1
915b
7cf8
4009
eebd
ba4a
d6ce
075e
69f7
fa5f
7f62
4ac8
eabd
bb5e
d66b
073d
69fc
6890
752b
54c7
e6c2
bc73
d60a
071d
6a02
769f
5f55
5dee
e2cd
bd8b
d5a8
06fc
6a08
179e
400b
6624
dee0
bea3
d546
06db
6a0e
a2e7
1a67
6d55
dafc
bfbe
d4e4
06bb
6a14
83c8
f224
736e
d721
c0da
d483
069a
6a19
d6dd
cb42
7860
d350
c1f8
d421
0679
6a1f
4fc5
a99a
7c1e
cf8b
c317
d3c0
0658
6a25
7f56
9084
7e9f
cbd2
c438
d35f
0638
6a2b
39d4
827c
7fdc
c827
c55b
d2fe
0617
6a31
bf28
80e7
7fd2
c48a
c67f
d29d
05f6
6a36
801a
8bec
7e81
c0fc
c7a4
d23c
05d5
6a3c
b6a3
a275
7bec
bd7e
c8cb
d1db
05b5
6a42
309f
c244
781a
ba11
c9f4
d17b
0594
6a48
7de8
e832
7315
b6b7
cb1d
d11a
0573
6a4e
576f
107d
6cea
b36f
cc48
d0ba
0553
6a53
e093
3725
65a8
b03a
cd75
d05a
0532
6a59
869c
5855
5d62
ad1a
cea3
cffa
0511
6a5f
9c40
70c3
542d
aa0f
cfd2
cf9a
04f0
6a65
0d9a
7e02
4a21
a71b
d102
cf3a
04d0
6a6a
7272
7ec2
3f58
a43d
d233
ceda
04af
6a70
6e12
72f0
33ec
a176
d366
ce7a
048e
6a76
047f
5bb8
27fb
9ec8
d499
ce1b
046d
6a7c
96ca
3b67
1ba5
9c32
d5ce
cdbc
044d
6a81
89d0
1533
0f07
99b6
d704
cd5c
042c
6a87
e97f
ece4
0243
9754
d83b
ccfd
040b
6a8d
5ddf
c67a
f579
950e
d973
cc9e
03ea
6a93
7bf1
a5c5
e8cb
92e2
daac
cc3f
03ca
6a98
280f
8e03
dc57
90d2
dbe6
cbe1
03a9
6a9e
af59
818e
d03f
8edf
dd21
cb82
0388
6aa4
80c9
81a4
c4a1
8d09
de5c
cb24
0367
6aaa
c72f
8e41
b99b
8b50
df99
cac5
0347
6aaf
41d2
a626
af48
89b5
e0d6
ca67
0326
6ab5
7ff1
c6f4
a5c5
8839
e215
ca09
0305
6abb
486f
ed6b
9d28
86db
e354
c9ab
02e4
6ac0
ce55
15b9
9588
859c
e493
c94e
02c3
6ac6
81e5
3be0
8ef8
847c
e5d4
c8f0
02a3
6acc
a966
5c17
898a
837c
e715
c892
0282
6ad2
2086
732b
854a
829c
e857
c835
0261
6ad7
79bf
7ed4
8244
81dc
e999
c7d8
0240
6add
6309
7de9
8080
813c
eadc
c77b
0220
6ae3
f146
7082
8002
80bd
ec1f
c71e
01ff
6ae8
8d0d
57f2
80cc
805e
ed63
c6c1
01de
6aee
9283
36aa
82da
8020
eea8
c665
01bd
6af4
fca3
0ff6
8629
8003
efed
c608
019d
6af9
69db
e7ac
8ab0
8006
f132
c5ac
017c
6aff
75c0
c1cc
9062
802a
f277
c550
015b
6b05
1563
a218
9733
806f
f3bd
c4f4
013a
6b0b
a15d
8bb3
9f0f
80d5
f504
c498
011a
6b10
8459
80d7
a7e3
815b
f64a
c43c
00f9
6b16
d904
8297
b198
8201
f791
c3e1
00d8
6b1c
5187
90c7
bc16
82c8
f8d8
c385
00b7
6b21
7f15
a9ff
c742
83af
fa20
c32a
0096
6b27
37cc
cbbe
d2ff
84b6
fb67
c2cf
0076
6b2d
bd36
f2ac
df2f
85dc
fcaf
c274
0055
6b32
8008
1aec
ebb3
8721
fdf6
c219
0034
6b38
b881
4081
f86b
8886
ff3e
c1be
0013
6b3e
32b6
5fb0
0536
8a09
0085
c164
fff3
6b43
7e4b
7562
11f4
8baa
01cd
c10a
ffd2
6b49
55c3
7f6f
1e84
8d69
0315
c0b0
ffb1
6b4f
de62
7cda
2ac6
8f45
045c
c056
ff90
6b54
85e9
6de3
369b
913e
05a4
bffc
ff70
6b5a
9db0
5406
41e4
9354
06eb
bfa2
ff4f
6b5f
0fda
31d4
4c84
9585
0832
bf49
ff2e
6b65
7372
0ab1
5661
97d2
0979
beef
ff0d
6b6b
6ce6
e27f
5f61
9a39
0ac0
be96
feed
6b70
023b
bd3a
676c
9cbb
0c06
be3d
fecc
6b76
9583
9e93
6e6f
9f55
0d4c
bde4
feab
6b7c
8ab3
8997
7458
a209
0e92
bd8c
fe8a
6b81
ebbb
8058
7917
a4d4
0fd7
bd33
fe69
6b87
5f66
83c2
7ca1
a7b7
111c
bcdb
fe49
6b8d
7b5b
937f
7eeb
aab1
1261
bc83
fe28
6b92
25e7
adfe
7ff1
adc0
13a5
bc2b
fe07
6b98
ad9a
d09f
7fb0
b0e4
14e8
bbd3
fde6
6b9d
810f
f7f3
7e28
b41d
162b
bb7b
fdc6
6ba3
c939
2013
7b5d
b769
176e
bb24
fda5
6ba9
43c1
4505
7757
bac8
18b0
bacd
fd84
6bae
7ffd
631f
7220
be38
19f1
ba76
fd63
6bb4
468e
7764
6bc5
c1b9
1b31
ba1f
fd43
6bb9
cc40
7fd3
6456
c54a
1c71
b9c8
fd22
6bbf
8187
7b94
5be6
c8ea
1db0
b971
fd01
6bc5
ab15
6b14
528b
cc99
1eef
b91b
fce0
6bca
22b6
4ff6
485d
d054
202c
b8c5
fcc0
6bd0
7a6d
2ce9
3d76
d41c
2169
b86f
fc9f
6bd5
6196
0569
31f2
d7ef
22a5
b819
fc7e
6bdb
ef06
dd5f
25ee
dbcc
23e0
b7c3
fc5d
6be0
8c12
b8c4
198a
dfb2
251a
b76e
fc3d
6be6
93b4
9b3a
0ce3
e3a1
2653
b719
fc1c
6bec
fee7
87ae
001c
e797
278b
b6c4
fbfb
6bf1
6b1c
8011
f355
eb93
28c2
b66f
fbda
6bf7
74d8
8523
e6ae
ef94
29f8
b61a
fbba
6bfc
1326
9665
da47
f39a
2b2d
b5c6
fb99
6c02
9fda
b220
ce41
f7a2
2c61
b571
fb78
6c07
84f3
d594
c2bb
fbad
2d94
b51d
fb57
6c0d
db2e
fd3d
b7d1
ffb9
2ec6
b4c9
fb37
6c13
5343
252c
ada0
03c5
2ff6
b475
fb16
6c18
7ecb
496b
a441
07d0
3125
b422
faf5
6c1e
35c0
6663
9bcd
0bda
3253
b3cf
fad4
6c23
bb4a
7933
945a
0fe0
3380
b37b
fab4
6c29
8000
7ffe
8dfa
13e2
34ab
b328
fa93
6c2e
ba65
7a18
88bd
17df
35d5
b2d6
fa72
6c34
34c8
6816
84b2
1bd5
36fe
b283
fa51
6c39
7ea5
4bc2
81e2
1fc5
3825
b231
fa31
6c3f
5411
27ea
8054
23ad
394b
b1de
fa10
6c44
dc34
001d
800d
278b
3a6f
b18c
f9ef
6c4a
853f
d84e
810e
2b5f
3b92
b13b
f9ce
6c4f
9f27
b46e
8353
2f29
3cb3
b0e9
f9ae
6c55
1219
980c
86d7
32e6
3dd3
b098
f98d
6c5b
7468
85fa
8b90
3696
3ef1
b047
f96c
6c60
6bb1
8001
9174
3a38
400d
aff6
f94c
6c66
fff7
86ba
9873
3dcb
4128
afa5
f92b
6c6b
9446
997a
a07a
414f
4242
af54
f90a
6c71
8ba0
b665
a976
44c1
4359
af04
f8e9
6c76
edf9
da9c
b34f
4822
446f
aeb4
f8c9
6c7c
60e5
0288
bdec
4b71
4583
ae64
f8a8
6c81
7abc
2a35
c932
4eac
4695
ae14
f887
6c87
23bb
4db1
d505
51d3
47a6
adc5
f866
6c8c
abe1
697a
e145
54e6
48b4
ad75
f846
6c92
815e
7acc
edd4
57e2
49c1
ad26
f825
6c97
cb48
7ff1
fa91
5ac8
4acc
acd7
f804
6c9d
45aa
7866
075d
5d97
4bd5
ac89
f7e4
6ca2
7fff
64ea
1415
604e
4cdc
ac3a
f7c3
6ca7
44a7
476d
209a
62ec
4de1
abec
f7a2
6cad
ca30
22da
2ccc
6571
4ee4
ab9e
f782
6cb2
8133
fad2
388b
67dc
4fe5
ab50
f761
6cb8
acca
d34e
43ba
6a2c
50e4
ab03
f740
6cbd
24e3
b038
4e3b
6c61
51e1
aab5
f71f
6cc3
7b12
950c
57f4
6e7a
52dc
aa68
f6ff
6cc8
601a
847b
60cd
7077
53d4
aa1b
f6de
6cce
ecc8
802a
68ad
7258
54cb
a9ce
f6bd
6cd3
8b21
8887
6f82
741b
55bf
a982
f69d
6cd9
94ed
9cbc
753a
75c0
56b1
a936
f67c
6cde
012b
baca
79c5
7747
57a1
a8ea
f65b
6ce4
6c56
dfb4
7d1a
78b0
588f
a89e
f63b
6ce9
73e6
07d3
7f2e
79fa
597b
a852
f61a
6cee
10e8
2f2b
7ffd
7b24
5a64
a807
f5f9
6cf4
9e5f
51d5
7f85
7c2f
5b4b
a7bc
f5d9
6cf9
8598
6c62
7dc6
7d1a
5c2f
a771
f5b8
6cff
dd5c
7c30
7ac6
7de5
5d11
a726
f597
6d04
54f9
7fac
768c
7e90
5df1
a6dc
f577
6d0a
7e76
7680
7122
7f1b
5ece
a691
f556
6d0f
33af
6193
6a97
7f85
5fa9
a647
f535
6d14
b963
42f8
62fc
7fce
6082
a5fd
f515
6d1a
8003
1dba
5a63
7ff7
6158
a5b4
f4f4
6d1f
bc4f
f589
50e3
7fff
622b
a56b
f4d3
6d25
36d7
ce62
4694
7fe6
62fc
a521
f4b3
6d2a
7ef4
ac26
3b91
7fac
63cb
a4d9
f492
6d30
5259
923b
2ff5
7f52
6497
a490
f472
6d35
da08
8333
23df
7ed7
6560
a448
f451
6d3a
84a0
808b
176d
7e3c
6627
a3ff
f430
6d40
a0a6
8a87
0abf
7d80
66eb
a3b8
f410
6d45
1457
a029
fdf5
7ca5
67ad
a370
f3ef
6d4b
7554
bf4d
f131
7ba9
686b
a328
f3ce
6d50
6a73
e4db
e492
7a8d
6928
a2e1
f3ae
6d55
fdb3
0d1a
d83a
7953
69e1
a29a
f38d
6d5b
9311
340c
cc48
77f9
6a98
a253
f36d
6d60
8c96
55d5
c0d9
7681
6b4c
a20d
f34c
6d65
f038
6f1b
b60d
74ea
6bfd
a1c7
f32b
6d6b
625c
7d5d
abfd
7335
6cac
a181
f30b
6d70
7a12
7f2f
a2c4
7163
6d58
a13b
f2ea
6d76
218d
7465
9a7a
6f73
6e00
a0f5
f2ca
6d7b
aa2f
5e10
9334
6d68
6ea7
a0b0
f2a9
6d80
81b8
3e67
8d03
6b40
6f4a
a06b
f288
6d86
cd5a
188d
87f9
68fd
6fea
a026
f268
6d8b
478e
f045
8422
669f
7088
9fe2
f247
6d90
7ff8
c98b
8188
6426
7123
9f9d
f227
6d96
42bb
a838
8031
6194
71ba
9f59
f206
6d9b
c824
8f9a
8021
5ee9
724f
9f15
f1e6
6da0
80e8
8221
8159
5c26
72e1
9ed2
f1c5
6da6
ae86
8124
83d4
594b
7370
9e8f
f1a4
6dab
270d
8cbb
878d
5659
73fc
9e4c
f184
6db1
7bac
a3c1
8c7a
5351
7486
9e09
f163
6db6
5e97
c3ec
928e
5034
750c
9dc6
f143
6dbb
ea8b
ea0d
99ba
4d03
758f
9d84
f122
6dc1
8a39
125b
a1ec
49bd
760f
9d42
f102
6dc6
962f
38d7
ab0f
4665
768c
9d00
f0e1
6dcb
036f
59b0
b50b
42fa
7706
9cbe
f0c1
6dd1
6d86
71a4
bfc6
3f7f
777d
9c7d
f0a0
6dd6
72eb
7e53
cb26
3bf3
77f1
9c3c
f07f
6ddb
0ea8
7e7b
d70d
3858
7862
9bfb
f05f
6de0
9cec
7218
e35d
34af
78d0
9bbb
f03e
6de6
8647
5a64
eff6
30f8
793b
9b7a
f01e
6deb
df8b
39ba
fcb8
2d34
79a2
9b3a
effd
6df0
56a7
1356
0983
2965
7a07
9afb
efdd
6df6
7e18
eb07
1635
258c
7a68
9abb
efbc
6dfb
319b
c4cd
22ae
21a8
7ac6
9a7c
ef9c
6e00
b782
a471
2ecf
1dbc
7b21
9a3d
ef7b
6e06
8010
8d2a
3a78
19c9
7b79
99fe
ef5b
6e0b
be3e
8147
458b
15cf
7bce
99c0
ef3a
6e10
38e1
81f4
4fec
11cf
7c20
9982
ef1a
6e15
7f39
8f22
5981
0dcb
7c6e
9944
eef9
6e1b
5099
a780
6232
09c3
7cb9
9906
eed9
6e20
d7e0
c8a6
69e6
05b9
7d01
98c9
eeb9
6e25
840a
ef49
708c
01ad
7d46
988b
ee98
6e2b
a22d
1794
7613
fda1
7d88
984e
ee78
6e30
1692
3d89
7a6b
f995
7dc6
9812
ee57
6e35
7637
5d63
7d8a
f58b
7e02
97d6
ee37
6e3a
692c
73fb
7f68
f184
7e3a
9799
ee16
6e40
fb6f
7f12
7fff
ed81
7e6e
975e
edf6
6e45
91e5
7d8f
7f50
e982
7ea0
9722
edd5
6e4a
8d96
6f99
7d5b
e589
7ece
96e7
edb5
6e4f
f278
5691
7a26
e197
7ef9
96ac
ed94
6e55
63cb
34f4
75b8
ddac
7f21
9671
ed74
6e5a
795e
0e16
701c
d9ca
7f46
9637
ed54
6e5f
1f5c
e5d3
6962
d5f2
7f67
95fc
ed33
6e64
a884
c028
619b
d225
7f85
95c2
ed13
6e6a
821b
a0d2
58da
ce64
7fa0
9589
ecf2
6e6f
cf71
8aed
4f35
caaf
7fb7
954f
ecd2
6e74
496c
80a3
44c6
c708
7fcb
9516
ecb2
6e79
7fe6
82fc
39a7
c370
7fdc
94dd
ec91
6e7f
40c9
91b9
2df5
bfe7
7fea
94a5
ec71
6e84
c61c
ab67
21cd
bc6e
7ff4
946d
ec50
6e89
80a9
cd78
154e
b907
7ffb
9435
ec30
6e8e
b049
f48c
0899
b5b2
7fff
93fd
ec10
6e94
2933
1cc3
fbce
b270
7fff
93c5
ebef
6e99
7c3d
4220
ef0e
af41
7ffd
938e
ebcf
6e9e
5d0d
60ee
e279
ac28
7ff7
9357
ebaf
6ea3
e850
761f
d630
a924
7fee
9321
eb8e
6ea8
895b
7f99
ca51
a636
7fe1
92ea
eb6e
6eae
977a
7c6c
befc
a35f
7fd2
92b4
eb4e
6eb3
05b3
6ce8
b44e
a0a0
7fbe
927e
eb2d
6eb8
6eae
5298
aa60
9df9
7fa8
9249
eb0d
6ebd
71e7
3016
a14e
9b6b
7f8e
9214
eaed
6ec2
0c68
08d0
992e
98f7
7f72
91df
eacc
6ec8
9b80
e0aa
9215
969e
7f51
91aa
eaac
6ecd
86ff
bba0
8c16
945f
7f2e
9176
ea8c
6ed2
e1be
9d5d
873e
923c
7f07
9142
ea6b
6ed7
584e
88e3
839c
9035
7edd
910e
ea4b
6edc
7daf
8038
8138
8e4b
7eb0
90da
ea2b
6ee2
2f82
843a
8018
8c7e
7e80
90a7
ea0b
6ee7
b5a7
9482
803f
8ace
7e4c
9074
e9ea
6eec
8027
af73
81ad
893d
7e15
9041
e9ca
6ef1
c032
d260
845e
87c9
7ddb
900f
e9aa
6ef6
3ae6
f9d5
884b
8675
7d9e
8fdd
e989
6efb
7f73
21e5
8d6b
8540
7d5d
8fab
e969
6f01
4ed3
469a
93b0
842a
7d1a
8f79
e949
6f06
d5ba
644e
9b09
8333
7cd3
8f48
e929
6f0b
837f
780f
a365
825d
7c88
8f17
e908
6f10
a3bb
7fe8
acae
81a7
7c3b
8ee7
e8e8
6f15
18cc
7b13
b6cc
8111
7beb
8eb6
e8c8
6f1a
7711
6a08
c1a5
809c
7b97
8e86
e8a8
6f1f
67dd
4e7a
cd1e
8047
7b40
8e56
e888
6f25
f92c
2b24
d919
8013
7ae6
8e27
e867
6f2a
90c1
0386
e577
8000
7a89
8df8
e847
6f2f
8e9e
db8f
f219
800e
7a29
8dc9
e827
6f34
f4b9
b735
fedf
803c
79c5
8d9a
e807
6f39
6532
9a13
0ba8
808b
795f
8d6c
e7e7
6f3e
78a1
870d
1852
80fb
78f5
8d3e
e7c6
6f43
1d28
8005
24bf
818b
7888
8d10
e7a6
6f49
a6e0
85ae
30ce
823b
7818
8ce2
e786
6f4e
8289
9779
3c60
830c
77a5
8cb5
e766
6f53
d18c
b3a1
4757
83fd
7730
8c88
e746
6f58
4b44
d75d
5198
850d
76b6
8c5c
e726
6f5d
7fc9
ff20
5b08
863d
763a
8c30
e705
6f62
3ed2
26f9
638f
878c
75bb
8c04
e6e5
6f67
c419
4af5
6b18
88fa
7539
8bd8
e6c5
6f6c
8073
6781
718f
8a86
74b4
8bad
e6a5
6f71
b212
79cb
76e3
8c31
742c
8b81
e685
6f76
2b57
7fff
7b07
8df9
73a1
8b57
e665
6f7c
7cc3
7983
7df1
8fde
7313
8b2c
e645
6f81
5b7b
66fa
7f98
91e0
7282
8b02
e625
6f86
e617
4a3b
7ff9
93fe
71ee
8ad8
e605
6f8b
8886
261e
7f13
9638
7157
8aaf
e5e4
6f90
98cd
fe3b
7ce7
988d
70be
8a85
e5c4
6f95
07f6
d684
797d
9afc
7021
8a5c
e5a4
6f9a
6fcd
b2ea
74db
9d85
6f82
8a34
e584
6f9f
70da
96f5
6f0e
a028
6edf
8a0b
e564
6fa4
0a26
856c
6826
a2e3
6e3a
89e3
e544
6fa9
9a1d
800a
6033
a5b6
6d92
89bb
e524
6fae
87c1
8758
574a
a8a0
6ce7
8994
e504
6fb3
e3f3
9a9e
4d82
aba0
6c3a
896d
e4e4
6fb8
59ef
b7f2
42f3
aeb6
6b89
8946
e4c4
6fbe
7d3c
dc6b
37b9
b1e0
6ad6
891f
e4a4
6fc3
2d65
046b
2bf1
b51f
6a20
88f9
e484
6fc8
b3d2
2bfb
1fb8
b871
6968
88d3
e464
6fcd
8049
4f2f
132e
bbd5
68ad
88ad
e444
6fd2
c22b
6a88
0673
bf4b
67ef
8888
e424
6fd7
3ce7
7b51
f9a8
c2d1
672e
8863
e404
6fdc
7fa4
7fdf
eced
c667
666b
883e
e3e4
6fe1
4d07
77bf
e062
ca0b
65a5
881a
e3c4
6fe6
d399
63bf
d429
cdbe
64dc
87f6
e3a4
6feb
82fd
45da
c85f
d17d
6411
87d2
e384
6ff0
a551
2108
bd24
d548
6344
87ae
e364
6ff5
1b05
f8f0
b294
d91e
6274
878b
e344
6ffa
77e1
d18b
a8ca
dcfe
61a1
8768
e324
6fff
6686
aec1
9fdf
e0e7
60cc
8746
e304
7004
f6e9
9406
97ea
e4d8
5ff4
8723
e2e5
7009
8fa7
8400
90ff
e8d0
5f1a
8701
e2c5
700e
8fb0
8046
8b30
ecce
5e3e
86e0
e2a5
7013
f6fb
8937
868c
f0d1
5d5f
86be
e285
7018
6691
9df0
831e
f4d8
5c7d
869d
e265
701d
77db
bc62
80f0
f8e1
5b9a
867d
e245
7022
1af2
e188
8007
fced
5ab4
865c
e225
7027
a544
09b4
8066
00f9
59cb
863c
e205
702c
8301
30ea
820a
0505
58e1
861c
e1e6
7031
d3aa
5346
84f1
090f
57f4
85fd
e1c6
7036
4d16
6d60
8913
0d17
5704
85de
e1a6
703b
7fa3
7ca1
8e65
111c
5613
85bf
e186
7040
3cd6
7f86
94d9
151d
551f
85a0
e166
7045
c21b
75c6
9c60
1918
542a
8582
e146
704a
8048
6057
a4e5
1d0d
5332
8564
e127
704f
b3e1
415b
ae53
20fa
5237
8547
e107
7054
2d77
1be4
b893
24df
513b
8529
e0e7
7059
7d40
f3a8
c389
28ba
503d
850c
e0c7
705e
59e1
cca6
cf19
2c8b
4f3d
84f0
e0a7
7063
e3e0
aabc
db27
3051
4e3a
84d3
e088
7068
87ba
9146
e793
340a
4d36
84b7
e068
706d
9a28
82cb
f43d
37b6
4c30
849c
e048
7072
0a38
80bb
0106
3b54
4b27
8480
e028
7077
70e3
8b4a
0dcc
3ee2
4a1d
8465
e009
707c
6fc4
a16c
1a6e
4260
4911
844a
dfe9
7080
07e3
c0ef
26ce
45ce
4803
8430
dfc9
7085
98c2
e6b3
32c9
4929
46f3
8416
dfaa
708a
888d
0efa
3e43
4c72
45e2
83fc
df8a
708f
e62a
35c4
491e
4fa7
44ce
83e2
df6a
7094
5b88
5739
533d
52c8
43b9
83c9
df4a
7099
7cbf
7008
5c88
55d4
42a2
83b0
df2b
709e
2b45
7dbb
64e6
58c9
4189
8398
df0b
70a3
b203
7ef6
6c42
5ba8
406f
8380
deeb
70a8
8075
7399
7289
5e70
3f53
8368
decc
70ad
c42a
5cc6
77ab
611f
3e36
8350
deac
70b2
3ee2
3cc0
7b9b
63b5
3d16
8339
de8d
70b7
7fca
16b3
7e4f
6632
3bf6
8322
de6d
70bc
4b35
ee66
7fbf
6895
3ad3
830b
de4d
70c0
d17a
c7d8
7fe9
6add
39b0
82f5
de2e
70c5
8286
a6dc
7ecc
6d0a
388a
82df
de0e
70ca
a6ee
8eb6
7c6b
6f1a
3764
82c9
ddee
70cf
1d3a
81cd
78cb
710f
363c
82b4
ddcf
70d4
78a8
8168
73f6
72e6
3512
829f
ddaf
70d9
6527
8d90
6df9
74a0
33e7
828a
dd90
70de
f4a6
a512
66e2
763c
32bb
8276
dd70
70e3
8e95
c598
5ec4
77ba
318e
8262
dd51
70e8
90cb
ebe9
55b4
7919
305f
824e
dd31
70ec
f93e
1438
4bc8
7a59
2f2f
823b
dd12
70f1
67e8
3a86
411b
7b7a
2dfe
8228
dcf2
70f6
770a
5b06
35c7
7c7b
2ccb
8215
dcd3
70fb
18ba
727f
29ea
7d5c
2b98
8202
dcb3
7100
a3ae
7e9d
1da1
7e1e
2a63
81f0
dc94
7105
8383
7e2d
110d
7ebf
292d
81de
dc74
710a
d5cc
713a
044d
7f3f
27f7
81cd
dc55
710f
4ee2
590c
f782
7f9f
26bf
81bc
dc35
7113
7f72
380a
eacd
7fde
2586
81ab
dc16
7118
3ad5
1178
de4d
7ffd
244c
819a
dbf6
711d
c022
e92c
d225
7ffb
2311
818a
dbd7
7122
8026
c322
c671
7fd8
21d6
817a
dbb7
7127
b5b7
a323
bb51
7f94
2099
816b
db98
712c
2f93
8c58
b0e0
7f30
1f5c
815c
db79
7131
7db2
8106
a73a
7eab
1e1e
814d
db59
7135
5841
824c
9e77
7e06
1cdf
813e
db3a
713a
e1ab
9008
96ad
7d40
1ba0
8130
db1a
713f
86f9
a8e0
8ff1
7c5a
1a5f
8122
dafb
7144
9b8c
ca5b
8a53
7b55
191e
8114
dadc
7149
0c7a
f128
85e2
7a30
17dd
8107
dabc
714d
71f0
196e
82aa
78eb
169a
80fa
da9d
7152
6ea5
3f2e
80b2
7788
1558
80ee
da7e
7157
05a0
5eab
8000
7606
1414
80e1
da5e
715c
976f
74c4
8096
7466
12d0
80d5
da3f
7161
8962
7f48
8271
72a8
118c
80ca
da20
7166
e863
7d2e
858d
70cd
1047
80be
da00
716a
5d1a
6ea9
89e3
6ed5
0f02
80b3
d9e1
716f
7c38
552b
8f67
6cc1
0dbc
80a9
d9c2
7174
2922
333b
960a
6a90
0c76
809e
d9a3
7179
b03a
0c36
9dbd
6845
0b30
8094
d983
717e
80ab
e3fb
a66b
65de
09ea
808b
d964
7182
c62d
be88
affe
635e
08a3
8081
d945
7187
40d9
9f92
ba5e
60c4
075c
8078
d926
718c
7fe6
8a2d
c570
5e12
0615
8070
d906
7191
495c
8077
d118
5b47
04cd
8067
d8e7
7195
cf60
8367
dd38
5865
0386
805f
d8c8
719a
8218
92b2
e9b1
556c
023e
8057
d8a9
719f
a892
acd4
f662
525e
00f6
8050
d88a
71a4
1f6e
cf35
032d
4f3a
ffaf
8049
d86a
71a9
7964
f66d
0fef
4c02
fe67
8042
d84b
71ad
63bf
1e99
1c89
48b7
fd1f
803c
d82c
71b2
f265
43bb
28d9
4559
fbd8
8036
d80d
71b7
8d8d
6226
34c1
41ea
fa90
8030
d7ee
71bc
91ee
76d5
4022
3e69
f949
802a
d7cf
71c0
fb82
7fbc
4adf
3ad8
f802
8025
d7b0
71c5
6937
7bf7
54dd
3739
f6bb
8021
d791
71ca
7630
6be8
5e01
338b
f574
801c
d771
71cf
1680
5125
6635
2fd0
f42e
8018
d752
71d3
a220
2e56
6d64
2c09
f2e8
8014
d733
71d8
840f
06ee
737b
2837
f1a2
8011
d714
71dd
d7f2
ded7
786a
245a
f05d
800e
d6f5
71e2
50a8
ba09
7c26
2074
ef18
800b
d6d6
71e6
7f37
9c2c
7ea3
1c85
edd3
8008
d6b7
71eb
38d0
8835
7fdd
1890
ec8f
8006
d698
71f0
be2d
801f
7fd0
1494
eb4b
8004
d679
71f4
800f
84b8
7e7c
1093
ea08
8003
d65a
71f9
b792
958b
7be5
0c8d
e8c6
8002
d63b
71fe
31ac
b0ec
7810
0885
e784
8001
d61c
7203
7e1b
d425
7308
047a
e642
8000
d5fd
7207
5699
fbb7
6cdb
006e
e502
8000
d5de
720c
df79
23b6
6596
fc62
e3c2
8000
d5bf
7211
8641
482a
5d4e
f856
e283
8001
d5a0
7215
9cf7
6577
5417
f44d
e144
8001
d582
721a
0ebb
78b3
4a0a
f047
e006
8002
d563
721f
72f4
7ff7
3f3e
ec45
dec9
8004
d544
7223
6d7d
7a8b
33d1
e848
dd8d
8006
d525
7228
035c
68f7
27e0
e451
dc52
8008
d506
722d
9625
4cfb
1b88
e061
db18
800a
d4e7
7232
8a40
295c
0eea
dc79
d9df
800d
d4c8
7236
ea9e
01a3
0226
d89a
d8a6
8010
d4a9
723b
5ea4
d9c1
f55c
d4c5
d76f
8013
d48b
7240
7ba7
b5aa
e8ae
d0fc
d639
8017
d46c
7244
26fb
98f2
dc3b
cd3e
d504
801b
d44d
7249
ae78
8672
d024
c98d
d3d0
8020
d42e
724e
80eb
8000
c487
c5eb
d29d
8024
d40f
7252
c835
8640
b982
c257
d16b
8029
d3f1
7257
42cb
9892
af32
bed3
d03a
802f
d3d2
725c
7ff8
b527
a5b0
bb60
cf0b
8034
d3b3
7260
477e
d928
9d15
b7fe
cddd
803a
d394
7265
cd49
0102
9578
b4af
ccb0
8041
d376
726a
81b5
28c4
8eea
b173
cb84
8048
d357
726e
aa3d
4c7a
897f
ae4b
ca5a
804f
d338
7273
219f
689b
8542
ab38
c931
8056
d31a
7277
7a18
7a5c
823f
a83a
c80a
805d
d2fb
727c
6250
7ffb
807e
a553
c6e4
8065
d2dc
7281
f025
78e8
8003
a284
c5bf
806e
d2be
7285
8c8e
65d9
80cf
9fcc
c49c
8076
d29f
728a
931b
48af
82e1
9d2d
c37b
807f
d280
728f
fdc6
2451
8632
9aa7
c25b
8089
d262
7293
6a7d
fc58
8abb
983b
c13d
8092
d243
7298
754d
d4bc
9071
95ea
c020
809c
d224
729c
1444
b16b
9743
93b4
bf05
80a7
d206
72a1
a09a
95e5
9f22
9199
bdeb
80b1
d1e7
72a6
84a5
84e4
a7f8
8f9b
bcd3
80bc
d1c9
72aa
da1a
8019
b1af
8dba
bbbd
80c7
d1aa
72af
5267
87fd
bc2f
8bf6
baa9
80d3
d18c
72b3
7ef1
9bc8
c75c
8a4f
b996
80df
d16d
72b8
36c6
b983
d31a
88c7
b886
80eb
d14f
72bd
bc3f
de3b
df4b
875d
b777
80f8
d130
72c1
8003
064d
ebd0
8612
b66a
8104
d112
72c6
b973
2dbf
f888
84e7
b55f
8112
d0f3
72ca
33c1
50a8
0554
83da
b455
811f
d0d5
72cf
7e79
6b91
1211
82ee
b34e
812d
d0b6
72d4
54eb
7bcf
1ea1
8222
b249
813b
d098
72d8
dd49
7fc6
2ae2
8175
b145
814a
d079
72dd
8593
7711
36b5
80ea
b044
8158
d05b
72e1
9e6b
628d
41fd
807e
af45
8168
d03c
72e6
10fb
4444
4c9c
8034
ae47
8177
d01e
72ea
73ee
1f35
5676
800a
ad4c
8187
d000
72ef
6c4c
f70e
5f74
8001
ac53
8197
cfe1
72f4
0118
cfca
677d
8018
ab5c
81a7
cfc3
72f8
94e3
ad4e
6e7e
8051
aa68
81b8
cfa5
72fd
8b29
9306
7464
80aa
a975
81c9
cf86
7301
ecdb
838c
7921
8124
a885
81db
cf68
7306
6027
806a
7ca7
81be
a797
81ec
cf4a
730a
7b0c
89ee
7eef
8278
a6ab
81ff
cf2b
730f
24d1
9f29
7ff2
8353
a5c1
8211
cf0d
7313
acbc
bdfd
7fae
844d
a4da
8224
ceef
7318
8135
e35e
7e23
8567
a3f5
8237
ced1
731c
ca41
0b95
7b56
86a1
a313
824a
ceb2
7321
44b7
32a7
774d
87f9
a232
825e
ce94
7326
7fff
54b2
7213
8971
a155
8272
ce76
732a
459a
6e58
6bb5
8b06
a079
8286
ce58
732f
cb37
7d0c
6443
8cba
9fa0
829b
ce39
7333
815b
7f59
5bd2
8e8b
9eca
82b0
ce1b
7338
abef
7505
5275
9079
9df6
82c5
cdfd
733c
23cd
5f17
4845
9284
9d25
82da
cddf
7341
7ac1
3fba
3d5d
94ab
9c56
82f0
cdc1
7345
60d8
1a0c
31d8
96ed
9b89
8307
cda3
734a
ede6
f1c8
25d3
994a
9ac0
831d
cd85
734e
8b98
caed
196d
9bc2
99f9
8334
cd66
7353
9450
a956
0cc6
9e53
9934
834b
cd48
7357
000a
9057
ffff
a0fd
9872
8363
cd2a
735c
6bbb
826a
f338
a3bf
97b3
837b
cd0c
7360
7460
80f2
e691
a699
96f6
8393
ccee
7365
1206
8c14
da2b
a98a
963c
83ab
ccd0
7369
9f1b
a2b4
ce27
ac91
9585
83c4
ccb2
736e
8545
c295
c2a1
afad
94d1
83dd
cc94
7372
dc46
e88d
b7b9
b2de
941f
83f7
cc76
7377
5420
10d9
ad8a
b623
9370
8410
cc58
737b
7ea2
3778
a42d
b97b
92c4
842a
cc3a
737f
34b7
5898
9bbb
bce4
921a
8445
cc1c
7384
ba55
70ee
944a
c05f
9174
845f
cbfe
7388
8000
7e12
8dec
c3ea
90d0
847a
cbe0
738d
bb5a
7eb5
88b3
c785
902f
8496
cbc2
7391
35d1
72c7
84aa
cb2e
8f91
84b1
cba4
7396
7ece
5b77
81dd
cee4
8ef6
84cd
cb87
739a
5335
3b15
8052
d2a7
8e5e
84ea
cb69
739f
db1d
14d7
800e
d676
8dc8
8506
cb4b
73a3
84ee
ec88
8111
da4f
8d36
8523
cb2d
73a8
9fe6
c628
8359
de32
8ca6
8540
cb0f
73ac
1339
a584
86e0
e21e
8c1a
855e
caf1
73b0
74df
8dd9
8b9d
e611
8b90
857c
cad3
73b5
6b12
8180
9183
ea0b
8b09
859a
cab6
73b9
fed4
81b2
9884
ee0a
8a86
85b8
ca98
73be
93aa
8e6c
a08d
f20e
8a05
85d7
ca7a
73c2
8c1a
a668
a98b
f616
8988
85f6
ca5c
73c7
ef19
c747
b366
fa20
890d
8616
ca3f
73cb
61a2
edc7
be05
fe2c
8896
8635
ca21
73cf
7a68
1614
c94d
0238
8821
8655
ca03
73d4
22a4
3c32
d520
0644
87b0
8676
c9e5
73d8
ab07
5c57
e161
0a4e
8741
8696
c9c8
73dd
818a
7354
edf1
0e55
86d6
86b7
c9aa
73e1
cc52
7ee1
faae
1259
866e
86d9
c98c
73e5
469d
7dd9
077a
1658
8609
86fa
c96f
73ea
7ffd
7056
1432
1a51
85a7
871c
c951
73ee
43b1
57af
20b7
1e44
8549
873e
c933
73f3
c928
3656
2ce7
222e
84ed
8761
c916
73f7
810c
0f9a
38a5
2610
8494
8784
c8f8
73fb
ada8
e751
43d3
29e9
843f
87a7
c8db
7400
25f9
c17c
4e52
2db6
83ed
87ca
c8bd
7404
7b60
a1d9
5809
3178
839e
87ee
c8a0
7409
5f59
8b8d
60e0
352d
8352
8812
c882
740d
eba8
80cd
68be
38d5
830a
8836
c865
7411
8aab
82aa
6f90
3c6e
82c4
885b
c847
7416
958e
90f5
7545
3ff8
8282
8880
c82a
741a
024e
aa44
79ce
4371
8243
88a5
c80c
741e
6cf0
cc13
7d20
46d9
8208
88cb
c7ef
7423
736a
f308
7f31
4a2f
81cf
88f1
c7d1
7427
0fc7
1b46
7ffd
4d71
819a
8917
c7b4
742b
9da4
40d0
7f82
50a0
8168
893e
c796
7430
85ee
5fed
7dc1
53bb
8139
8964
c779
7434
de74
7586
7abe
56c0
810d
898b
c75b
7438
55d1
7f78
7681
59ae
80e5
89b3
c73e
743d
7e48
7cc5
7115
5c86
80c0
89db
c721
7441
32a5
6db3
6a87
5f46
809e
8a03
c703
7445
b871
53c0
62e9
61ee
8080
8a2b
c6e6
744a
8008
317f
5a4e
647c
8064
8a54
c6c9
744e
bd46
0a55
50cd
66f1
804c
8a7d
c6ab
7452
37dd
e225
467c
694c
8038
8aa6
c68e
7457
7f18
bceb
3b77
6b8c
8026
8acf
c671
745b
5179
9e57
2fda
6db0
8018
8af9
c654
745f
d8f3
8974
23c3
6fb8
800d
8b23
c636
7464
8454
8051
1750
71a3
8005
8b4e
c619
7468
a169
83d9
0aa2
7371
8001
8b78
c5fc
746c
1576
93b0
fdd8
7522
8000
8ba3
c5df
7471
75c7
ae45
f114
76b5
8002
8bcf
c5c2
7475
69d0
d0f5
e476
7829
8008
8bfa
c5a4
7479
fc90
f84f
d81e
797f
8010
8c26
c587
747e
9279
206d
cc2d
7ab5
801c
8c52
c56a
7482
8d15
4553
c0c0
7bcc
802c
8c7f
c54d
7486
f159
6359
b5f5
7cc4
803e
8cac
c530
748a
6315
7786
abe7
7d9b
8054
8cd9
c513
748f
79b9
7fd7
a2b0
7e53
806d
8d06
c4f6
7493
2074
7b7c
9a68
7eea
808a
8d34
c4d9
7497
a958
6ae1
9324
7f60
80a9
8d62
c4bc
749c
81e8
4fad
8cf7
7fb6
80cc
8d90
c49e
74a0
ce66
2c92
87ef
7feb
80f2
8dbf
c481
74a4
487e
050c
841b
7fff
811c
8dee
c464
74a8
7ff0
dd06
8184
7ff3
8148
8e1d
c447
74ad
41c2
b877
8030
7fc6
8178
8e4c
c42b
74b1
c71e
9b01
8023
7f79
81ab
8e7c
c40e
74b5
80c7
878e
815d
7f0a
81e2
8eac
c3f1
74b9
af68
800e
83db
7e7b
821b
8edc
c3d4
74be
2821
853e
8796
7dcc
8258
8f0d
c3b7
74c2
7bf6
969a
8c86
7cfd
8298
8f3e
c39a
74c6
5dd2
b26a
929d
7c0d
82db
8f6f
c37d
74ca
e96d
d5eb
99cc
7afe
8322
8fa0
c360
74cf
89c8
fd9a
a200
79cf
836c
8fd2
c343
74d3
96d4
2584
ab25
7881
83b8
9004
c326
74d7
0492
49b7
b522
7715
8408
9037
c30a
74db
6e1c
669a
bfdf
7589
845c
9069
c2ed
74e0
726a
7950
cb41
73e0
84b2
909c
c2d0
74e4
0d87
7fff
d729
7219
850b
90cf
c2b3
74e8
9c34
79fc
e379
7035
8568
9103
c296
74ec
86a2
67e0
f013
6e34
85c8
9137
c27a
74f0
e0a5
4b77
fcd5
6c17
862b
916b
c25d
74f5
577c
2792
09a0
69de
8691
919f
c240
74f9
7de4
ffc1
1651
678a
86fa
91d4
c224
74fd
308e
d7f6
22ca
651c
8766
9208
c207
7501
b693
b423
2eea
6293
87d6
923e
c1ea
7505
801a
97d6
3a91
5ff2
8848
9273
c1ce
750a
bf38
85de
45a3
5d38
88be
92a9
c1b1
750e
39e5
8002
5003
5a66
8936
92df
c194
7512
7f57
86d8
5996
577d
89b2
9315
c178
7516
4fb6
99b2
6244
547e
8a30
934c
c15b
751a
d6cc
b6b1
69f7
5168
8ab2
9383
c13f
751f
83c3
daf5
709a
4e3e
8b36
93ba
c122
7523
a2f4
02e5
761e
4b01
8bbe
93f1
c106
7527
17b1
2a8c
7a73
47af
8c49
9429
c0e9
752b
76a6
4dfb
7d90
444c
8cd6
9461
c0cc
752f
6885
69ae
7f6b
40d7
8d67
9499
c0b0
7533
fa4c
7ae6
7fff
3d51
8dfa
94d1
c094
7538
9151
7fee
7f4d
39bc
8e90
950a
c077
753c
8e19
7846
7d55
3618
8f2a
9543
c05b
7540
f399
64b1
7a1d
3266
8fc6
957d
c03e
7544
6480
4720
75ac
2ea7
9065
95b6
c022
7548
7901
2281
700e
2add
9107
95f0
c005
754c
1e41
fa76
6952
2707
91ab
962a
bfe9
7551
a7b1
d2f7
6188
2327
9253
9665
bfcd
7555
8251
aff0
58c5
1f3e
92fd
969f
bfb0
7559
d07f
94d9
4f1e
1b4e
93ab
96da
bf94
755d
4a5a
8463
44ae
1756
945a
9715
bf78
7561
7fd9
802f
398d
1358
950d
9751
bf5b
7565
3fcd
88a8
2dda
0f56
95c2
978d
bf3f
7569
c519
9cf7
21b1
0b4f
967b
97c9
bf23
756d
808c
bb18
1532
0746
9735
9805
bf07
7572
b12d
e00e
087c
033a
97f3
9842
beea
7576
2a46
082f
fbb1
ff2e
98b3
987e
bece
757a
7c81
2f81
eef1
fb22
9976
98bc
beb2
757e
5c44
521c
e25d
f718
9a3b
98f9
be96
7582
e733
6c93
d614
f30f
9b03
9937
be7a
7586
88ef
7c46
ca37
ef0a
9bce
9974
be5e
758a
9823
7fa6
bee3
eb0a
9c9b
99b3
be41
758e
06d5
765c
b436
e70e
9d6b
99f1
be25
7592
6f3f
6157
aa4b
e319
9e3d
9a30
be09
7597
7161
42a9
a13b
df2c
9f12
9a6f
bded
759b
0b46
1d60
991d
db46
9fe9
9aae
bdd1
759f
9acd
f52d
9206
d76b
a0c3
9aed
bdb5
75a3
875f
ce0c
8c09
d399
a19f
9b2d
bd99
75a7
e2d9
abe0
8735
cfd3
a27e
9b6d
bd7d
75ab
5920
920c
8395
cc1a
a35f
9bad
bd61
75af
7d77
831e
8134
c86d
a442
9bee
bd45
75b3
2e73
8094
8017
c4cf
a528
9c2e
bd29
75b7
b4bb
8aac
8041
c140
a610
9c6f
bd0d
75bb
8037
a067
81b2
bdc1
a6fa
9cb1
bcf1
75bf
c12f
bf9d
8466
ba53
a7e7
9cf2
bcd5
75c3
3be8
e535
8856
b6f7
a8d5
9d34
bcb9
75c7
7f8d
0d76
8d78
b3ad
a9c6
9d76
bc9e
75cc
4ded
3461
93bf
b077
aaba
9db8
bc82
75d0
d4a8
561a
9b1b
ad56
abaf
9dfb
bc66
75d4
833d
6f49
a379
aa49
aca7
9e3d
bc4a
75d8
a486
7d6f
acc4
a753
ada1
9e80
bc2e
75dc
19ea
7f25
b6e4
a473
ae9c
9ec4
bc13
75e0
777b
743f
c1bf
a1ab
af9a
9f07
bbf7
75e4
6732
5dd1
cd39
9efa
b09a
9f4b
bbdb
75e8
f809
3e16
d934
9c63
b19c
9f8f
bbbf
75ec
9033
1833
e593
99e5
b2a0
9fd3
bba4
75f0
8f26
efe9
f236
9781
b3a6
a018
bb88
75f4
f5db
c938
fefc
9538
b4ae
a05c
bb6c
75f8
65e4
a7f5
0bc5
930b
b5b8
a0a1
bb51
75fc
783f
8f6e
186f
90f9
b6c4
a0e7
bb35
7600
1c0c
8210
24db
8f04
b7d2
a12c
bb19
7604
a610
8130
30e9
8d2b
b8e1
a172
bafe
7608
82c4
8ce3
3c79
8b70
b9f3
a1b8
bae2
760c
d29c
a401
476f
89d3
bb06
a1fe
bac7
7610
4c2f
c43e
51ae
8854
bc1b
a244
baab
7614
7fb7
ea68
5b1c
86f4
bd31
a28b
ba8f
7618
3dd4
12b7
63a2
85b3
be4a
a2d2
ba74
761c
c318
392a
6b28
8491
bf64
a319
ba58
7620
805c
59f2
719c
838e
c07f
a361
ba3d
7624
b2fa
71cf
76ee
82ac
c19d
a3a8
ba21
7628
2c68
7e62
7b0f
81e9
c2bc
a3f0
ba06
762c
7d03
7e6d
7df6
8147
c3dc
a438
b9eb
7630
5aae
71ee
7f9a
80c5
c4fe
a481
b9cf
7634
e4fb
5a23
7ff9
8064
c622
a4c9
b9b4
7638
881f
3967
7f0f
8023
c747
a512
b998
763c
997a
12fa
7ce1
8004
c86d
a55b
b97d
7640
0918
eaac
7973
8005
c995
a5a4
b962
7644
705a
c47b
74cf
8026
cabe
a5ee
b946
7648
7050
a431
6f00
8069
cbe9
a638
b92b
764c
0904
8d01
6815
80cc
cd15
a682
b910
7650
996e
813a
6020
8150
ce42
a6cc
b8f5
7654
8826
8204
5735
81f4
cf71
a716
b8d9
7658
e50f
8f4d
4d6a
82b8
d0a1
a761
b8be
765c
5abd
a7c3
42da
839c
d1d2
a7ac
b8a3
765f
7cff
c8fa
379f
84a1
d304
a7f7
b888
7663
2c55
efa5
2bd5
85c5
d437
a842
b86c
7667
b2e9
17ef
1f9c
8708
d56c
a88e
b851
766b
805d
3dda
1311
886a
d6a1
a8da
b836
766f
c32b
5da3
0656
89eb
d7d8
a926
b81b
7673
3de6
7422
f98b
8b8a
d910
a972
b800
7677
7fb9
7f1d
ecd0
8d46
da48
a9be
b7e5
767b
4c1e
7d7d
e046
8f20
db82
aa0b
b7ca
767f
d288
6f6b
d40d
9117
dcbc
aa58
b7af
7683
82c0
564d
c845
932b
ddf8
aaa5
b794
7687
a61f
349f
bd0b
955a
df34
aaf2
b779
768b
1c21
0dba
b27d
97a5
e071
ab40
b75e
768f
7846
e578
a8b5
9a0a
e1af
ab8d
b743
7692
65d7
bfd8
9fcc
9c89
e2ee
abdb
b728
7696
f5c7
a095
97d9
9f22
e42d
ac2a
b70d
769a
8f1d
8ac7
90f1
a1d4
e56e
ac78
b6f2
769e
903d
809a
8b24
a49e
e6af
acc7
b6d7
76a2
f81e
8310
8683
a77f
e7f0
ad16
b6bc
76a6
673f
91e9
8318
aa77
e932
ad65
b6a1
76aa
7773
abad
80ed
ad84
ea75
adb4
b686
76ae
19d5
cdcd
8007
b0a7
ebb8
ae03
b66c
76b2
a477
f4e9
8068
b3de
ecfc
ae53
b651
76b5
8341
1d1d
8210
b729
ee40
aea3
b636
76b9
d4bc
426f
84f9
ba86
ef85
aef3
b61b
76bd
4dfe
612a
891e
bdf5
f0ca
af43
b601
76c1
7f8b
7642
8e72
c175
f210
af94
b5e6
76c5
3bd5
7fa0
94e9
c505
f356
afe5
b5cb
76c9
c11d
7c56
9c72
c8a4
f49c
b035
b5b0
76cd
8036
6cb8
a4f9
cc51
f5e2
b087
b596
76d1
b4cc
5251
ae6a
d00c
f729
b0d8
b57b
76d4
2e87
2fc0
b8ab
d3d2
f870
b129
b560
76d8
7d7b
0874
c3a2
d7a4
f9b7
b17b
b546
76dc
5911
e050
cf34
db81
faff
b1cd
b52b
76e0
e2c5
bb51
db43
df66
fc46
b21f
b511
76e4
8758
9d22
e7af
e355
fd8e
b272
b4f6
76e8
9ada
88c1
f45a
e74a
fed5
b2c4
b4dc
76eb
0b5a
8033
0123
eb46
001d
b317
b4c1
76ef
716b
8451
0de9
ef47
0165
b36a
b4a7
76f3
6f35
94b4
1a8b
f34c
02ac
b3bd
b48c
76f7
06c1
afbb
26e9
f755
03f4
b410
b472
76fb
9817
d2b7
32e4
fb5f
053b
b464
b457
76ff
88f6
fa31
3e5d
ff6b
0683
b4b7
b43d
7702
e747
223f
4936
0377
07ca
b50b
b422
7706
5c52
46e7
5353
0783
0911
b55f
b408
770a
7c7d
6487
5c9c
0b8c
0a58
b5b4
b3ee
770e
2a33
782f
64f8
0f92
0b9e
b608
b3d3
7712
b11d
7fec
6c51
1395
0ce4
b65d
b3b9
7715
808e
7af9
7296
1792
0e2a
b6b2
b39f
7719
c52c
69d4
77b5
1b89
0f70
b707
b384
771d
3fdf
4e31
7ba2
1f79
10b5
b75c
b36a
7721
7fda
2acd
7e53
2362
11f9
b7b1
b350
7725
4a49
032a
7fc1
2741
133e
b807
b336
7728
d06c
db36
7fe8
2b16
1481
b85d
b31b
772c
824d
b6e9
7ec8
2ee0
15c4
b8b3
b301
7730
a7c0
99db
7c64
329e
1707
b909
b2e7
7734
1e55
86ee
78c1
364f
1849
b95f
b2cd
7737
7908
8003
73ea
39f2
198b
b9b6
b2b3
773b
6474
85ca
6dea
3d87
1acb
ba0c
b299
773f
f385
97af
66d0
410b
1c0b
ba63
b27f
7743
8e10
b3ec
5eb0
447f
1d4b
baba
b265
7747
915c
d7b5
559e
47e2
1e89
bb12
b24b
774a
fa61
ff7c
4bb1
4b32
1fc7
bb69
b230
774e
6891
2751
4102
4e6f
2104
bbc0
b216
7752
769e
4b40
35ad
5197
2240
bc18
b1fc
7756
179c
67b8
29ce
54ab
237c
bc70
b1e3
7759
a2e6
79e7
1d85
57a9
24b6
bcc8
b1c9
775d
83c8
7fff
10f0
5a91
25ef
bd21
b1af
7761
d6df
7966
0430
5d62
2728
bd79
b195
7765
4fc7
66c3
f765
601a
285f
bdd2
b17b
7768
7f55
49ef
eab0
62ba
2996
be2a
b161
776c
39d2
25c6
de31
6541
2acb
be83
b147
7770
bf26
fdde
d209
67ae
2bff
bedc
b12d
7773
801a
d62c
c657
6a00
2d33
bf36
b113
7777
b6a4
b2a0
bb38
6c37
2e65
bf8f
b0fa
777b
30a1
96c1
b0c9
6e53
2f95
bfe9
b0e0
777f
7de8
8551
a725
7052
30c5
c043
b0c6
7782
576d
800c
9e64
7235
31f3
c09c
b0ac
7786
e091
8777
969c
73fa
3320
c0f7
b093
778a
869b
9ad7
8fe3
75a1
344c
c151
b079
778d
9c41
b83e
8a48
772b
3576
c1ab
b05f
7791
0d9c
dcc4
85da
7896
36a0
c206
b046
7795
7273
04c8
82a4
79e2
37c7
c261
b02c
7799
6e11
2c52
80af
7b0f
38ed
c2bc
b013
779c
047d
4f77
8000
7c1c
3a12
c317
aff9
77a0
96c8
6abb
8098
7d0a
3b35
c372
afdf
77a4
89d0
7b6a
8277
7dd7
3c57
c3cd
afc6
77a7
e981
7fdb
8596
7e85
3d77
c429
afac
77ab
5de1
779e
89ee
7f12
3e96
c484
af93
77af
7bf1
6384
8f74
7f7e
3fb3
c4e0
af79
77b2
280e
458c
961b
7fca
40ce
c53c
af60
77b6
af57
20af
9dd0
7ff5
41e8
c598
af46
77ba
80c9
f893
a680
7fff
4300
c5f5
af2d
77bd
c731
d135
b015
7fe9
4417
c651
af14
77c1
41d3
ae7a
ba77
7fb2
452b
c6ae
aefa
77c5
7ff1
93d4
c58a
7f5a
463e
c70a
aee1
77c8
486d
83e9
d133
7ee2
474f
c767
aec8
77cc
ce53
804d
dd54
7e49
485e
c7c4
aeae
77d0
81e5
895a
e9cd
7d90
496c
c821
ae95
77d3
a968
9e2b
f67f
7cb6
4a77
c87f
ae7c
77d7
2088
bcb0
034a
7bbd
4b81
c8dc
ae62
77db
79c0
e1e2
100c
7aa4
4c88
c93a
ae49
77de
6308
0a11
1ca5
796c
4d8e
c997
ae30
77e2
f144
3140
28f5
7814
4e92
c9f5
ae17
77e5
8d0c
538c
34dc
769e
4f93
ca53
adfe
77e9
9284
6d90
403b
7509
5093
cab1
ade4
77ed
fca5
7cb6
4af7
7357
5190
cb10
adcb
77f0
69dc
7f7e
54f3
7187
528c
cb6e
adb2
77f4
75bf
75a1
5e15
6f9a
5385
cbcd
ad99
77f8
1561
601a
6647
6d90
547d
cc2b
ad80
77fb
a15b
410c
6d73
6b6a
5572
cc8a
ad67
77ff
8459
1b89
7387
6929
5665
cce9
ad4e
7802
d906
f34c
7874
66cd
5755
cd48
ad35
7806
5189
cc51
7c2d
6457
5844
cda7
ad1c
780a
7f15
aa77
7ea8
61c7
5930
ce07
ad03
780d
37ca
9118
7fdf
5f1d
5a1a
ce66
acea
7811
bd35
82b8
7fcf
5c5c
5b01
cec6
acd1
7814
8008
80c5
7e78
5983
5be7
cf25
acb8
7818
b883
8b70
7bdd
5693
5cc9
cf85
ac9f
781b
32b8
a1ab
7806
538d
5daa
cfe5
ac87
781f
7e4c
c140
72fc
5071
5e88
d045
ac6e
7823
55c2
e70e
6ccb
4d41
5f64
d0a6
ac55
7826
de60
0f56
6585
49fd
603d
d106
ac3c
782a
85e8
3618
5d3a
46a6
6114
d166
ac23
782d
9db1
577d
5401
433d
61e8
d1c7
ac0b
7831
0fdc
7035
49f2
3fc3
62ba
d228
abf2
7834
7372
7dcc
3f25
3c38
6389
d288
abd9
7838
6ce5
7eea
33b7
389e
6456
d2e9
abc1
783c
0239
7371
27c4
34f6
6520
d34a
aba8
783f
9582
5c86
1b6c
3140
65e8
d3ac
ab8f
7843
8ab4
3c6e
0ecd
2d7d
66ad
d40d
ab77
7846
ebbd
1658
0209
29af
676f
d46e
ab5e
784a
5f67
ee0a
f53f
25d6
682f
d4d0
ab45
784d
7b5b
c785
e891
21f4
68ec
d531
ab2d
7851
25e5
a699
dc1f
1e08
69a6
d593
ab14
7854
ad98
8e8b
d009
1a15
6a5e
d5f5
aafc
7858
810f
81be
c46d
161c
6b13
d657
aae3
785b
c93b
8175
b96a
121c
6bc5
d6b9
aacb
785f
43c2
8dba
af1b
0e18
6c74
d71b
aab2
7863
7ffd
a553
a59c
0a11
6d21
d77d
aa9a
7866
468c
c5eb
9d03
0607
6dcb
d7df
aa82
786a
cc3f
ec45
9568
01fb
6e72
d842
aa69
786d
8187
1494
8edd
fdef
6f16
d8a4
aa51
7871
ab16
3ad8
8974
f9e3
6fb8
d907
aa39
7874
22b7
5b47
8539
f5d9
7056
d96a
aa20
7878
7a6e
72a8
8239
f1d2
70f2
d9cd
aa08
787b
6194
7eab
807b
edce
718a
da30
a9f0
787f
ef04
7e1e
8003
e9cf
7220
da93
a9d8
7882
8c11
710f
80d2
e5d5
72b3
daf6
a9bf
7886
93b5
58c9
82e7
e1e2
7343
db59
a9a7
7889
fee9
37b6
863b
ddf7
73d0
dbbc
a98f
788d
6b1d
111d
8ac7
da15
745a
dc20
a977
7890
74d7
e8d0
907f
d63c
74e1
dc83
a95f
7894
1324
c2d1
9754
d26e
7565
dce7
a946
7897
9fd8
a2e3
9f35
ceac
75e6
dd4b
a92e
789a
84f4
8c31
a80d
caf6
7665
ddae
a916
789e
db30
80fb
b1c6
c74e
76e0
de12
a8fe
78a1
5345
825d
bc48
c3b4
7758
de76
a8e6
78a5
7ecb
9035
c776
c02a
77cd
deda
a8ce
78a8
35be
a924
d336
bcb0
783e
df3e
a8b6
78ac
bb48
caaf
df68
b948
78ad
dfa3
a89e
78af
8000
f184
ebed
b5f1
7919
e007
a886
78b3
ba67
19c9
f8a5
b2ae
7981
e06b
a86e
78b6
34ca
3f7f
0571
af7e
79e7
e0d0
a857
78ba
7ea5
5ee9
122e
ac63
7a49
e134
a83f
78bd
5410
74ea
1ebd
a95d
7aa9
e199
a827
78c0
dc32
7f52
2afd
a66e
7b05
e1fe
a80f
78c4
853f
7d1a
36d0
a395
7b5e
e262
a7f7
78c7
9f28
6e7a
4216
a0d4
7bb3
e2c7
a7e0
78cb
121b
54e6
4cb3
9e2b
7c06
e32c
a7c8
78ce
7468
32e6
568c
9b9c
7c56
e391
a7b0
78d2
6baf
0bda
5f87
9926
7ca2
e3f6
a798
78d5
fff5
e3a1
678f
96ca
7ceb
e45b
a781
78d8
9445
be38
6e8d
948a
7d31
e4c1
a769
78dc
8ba1
9f55
7470
9265
7d73
e526
a751
78df
edfb
8a09
792a
905c
7db3
e58b
a73a
78e3
60e6
806f
7cae
8e6f
7def
e5f1
a722
78e6
7abb
837c
7ef3
8ca0
7e28
e656
a70b
78e9
23b9
92e2
7ff3
8aee
7e5e
e6bc
a6f3
78ed
abe0
ad1a
7fac
895a
7e91
e721
a6db
78f0
815e
cf8b
7e1e
87e4
7ec0
e787
a6c4
78f4
cb4a
f6ca
7b4e
868e
7eec
e7ed
a6ac
78f7
45ac
1ef3
7742
8556
7f15
e853
a695
78fa
7fff
440a
7205
843e
7f3a
e8b8
a67e
78fe
44a5
6262
6ba5
8345
7f5d
e91e
a666
7901
ca2e
76f8
6431
826c
7f7c
e984
a64f
7905
8132
7fc2
5bbd
81b4
7f97
e9ea
a637
7908
accc
7be0
525f
811b
7fb0
ea50
a620
790b
24e4
6bb6
482d
80a4
7fc5
eab7
a609
790f
7b12
50dd
3d43
804d
7fd7
eb1d
a5f1
7912
6019
2dff
31bd
8016
7fe6
eb83
a5da
7915
ecc6
0692
25b7
8000
7ff1
ebe9
a5c3
7919
8b20
de7d
1951
800b
7ffa
ec50
a5ac
791c
94ee
b9bc
0ca9
8037
7ffe
ecb6
a594
791f
012d
9bf2
ffe2
8084
7fff
ed1d
a57d
7923
6c57
8815
f31b
80f1
7ffe
ed83
a566
7926
73e5
801c
e675
817f
7ff9
edea
a54f
792a
10e6
84d1
da10
822d
7ff1
ee50
a538
792d
9e5d
95be
ce0c
82fb
7fe6
eeb7
a521
7930
8599
b135
c288
83e9
7fd7
ef1e
a50a
7934
dd5d
d47c
b7a1
84f7
7fc5
ef84
a4f3
7937
54fa
fc14
ad73
8625
7fb0
efeb
a4dc
793a
7e76
240f
a419
8772
7f97
f052
a4c5
793e
33ae
4877
9ba9
88dd
7f7b
f0b9
a4ae
7941
b962
65af
943a
8a67
7f5c
f120
a497
7944
8003
78d2
8ddf
8c0f
7f3a
f187
a480
7947
bc50
7ff9
88a8
8dd5
7f14
f1ee
a469
794b
36d9
7a70
84a2
8fb8
7eeb
f255
a452
794e
7ef4
68c2
81d8
91b8
7ebf
f2bc
a43b
7951
5257
4cb1
8050
93d4
7e90
f323
a424
7955
da06
2904
800f
960c
7e5d
f38a
a40e
7958
849f
0147
8115
985f
7e27
f3f1
a3f7
795b
a0a7
d969
8360
9acc
7dee
f458
a3e0
795f
1458
b55f
86e9
9d54
7db2
f4bf
a3c9
7962
7555
98bb
8ba9
9ff4
7d72
f527
a3b3
7965
6a72
8655
9192
a2ad
7d2f
f58e
a39c
7968
fdb1
8000
9895
a57e
7cea
f5f5
a385
796c
9310
865d
a0a1
a867
7ca0
f65c
a36f
796f
8c97
98c9
a9a1
ab65
7c54
f6c4
a358
7972
f03a
b572
b37d
ae79
7c05
f72b
a341
7976
625d
d980
be1e
b1a3
7bb2
f793
a32b
7979
7a11
015f
c967
b4e0
7b5c
f7fa
a314
797c
218b
291b
d53b
b830
7b03
f861
a2fe
797f
aa2e
4cc4
e17d
bb93
7aa7
f8c9
a2e7
7983
81b8
68d0
ee0e
bf07
7a48
f930
a2d1
7986
cd5c
7a77
facc
c28c
79e5
f998
a2ba
7989
478f
7ff9
0797
c621
7980
f9ff
a2a4
798c
7ff8
78ca
144f
c9c5
7917
fa67
a28d
7990
42b9
65a0
20d3
cd76
78ab
face
a277
7993
c822
4863
2d03
d134
783c
fb36
a261
7996
80e8
23f8
38bf
d4ff
77ca
fb9d
a24a
7999
ae88
fbfb
43eb
d8d4
7755
fc05
a234
799d
270e
d465
4e69
dcb3
76dd
fc6d
a21e
79a0
7bad
b122
581f
e09c
7662
fcd4
a208
79a3
5e96
95b1
60f3
e48c
75e4
fd3c
a1f1
79a6
ea89
84cb
68cf
e884
7563
fda3
a1db
79a9
8a38
801d
6f9f
ec81
74df
fe0b
a1c5
79ad
9631
881d
7551
f084
7458
fe73
a1af
79b0
0371
9c01
79d7
f48a
73ce
feda
a199
79b3
6d87
b9d0
7d26
f893
7341
ff42
a182
79b6
72eb
de95
7f35
fc9f
72b1
ffa9
a16c
79ba
0ea6
06aa
7ffe
00ab
721e
0011
a156
79bd
9cea
2e16
7f80
04b7
7188
0079
a140
79c0
8647
50f0
7dbb
08c1
70ef
00e0
a12a
79c3
df8d
6bc3
7ab5
0cca
7053
0148
a114
79c6
56a8
7be6
7676
10cf
6fb5
01b0
a0fe
79ca
7e17
7fc0
7107
14d0
6f13
0217
a0e8
79cd
3199
76ef
6a77
18cc
6e6f
027f
a0d2
79d0
b781
6252
62d7
1cc1
6dc8
02e6
a0bd
79d3
8010
43f5
5a3a
20af
6d1e
034e
a0a7
79d6
be3f
1edb
50b6
2494
6c71
03b6
a091
79d9
38e2
f6b2
4664
2870
6bc2
041d
a07b
79dd
7f39
cf74
3b5d
2c42
6b10
0485
a065
79e0
5098
ad08
2fbf
3009
6a5b
04ec
a04f
79e3
d7de
92d5
23a7
33c3
69a3
0554
a03a
79e6
840a
8376
1734
3770
68e9
05bb
a024
79e9
a22e
8071
0a85
3b0e
682b
0623
a00e
79ec
1694
8a12
fdbb
3e9e
676c
068a
9ff9
79f0
7638
9f65
f0f7
421e
66a9
06f2
9fe3
79f3
692b
be4d
e45a
458c
65e4
0759
9fcd
79f6
fb6d
e3b8
d803
48e9
651d
07c1
9fb8
79f9
91e4
0bf2
cc12
4c33
6452
0828
9fa2
79fc
8d96
32fc
c0a7
4f6a
6386
088f
9f8c
79ff
f27a
54f8
b5dd
528d
62b6
08f7
9f77
7a02
63cc
6e87
abd1
559a
61e4
095e
9f61
7a06
795e
7d1f
a29d
5891
6110
09c6
9f4c
7a09
1f5a
7f50
9a57
5b72
6039
0a2d
9f37
7a0c
a883
74e0
9315
5e3b
5f60
0a94
9f21
7a0f
821c
5ed9
8cea
60ec
5e84
0afb
9f0c
7a12
cf73
3f6a
87e5
6384
5da6
0b63
9ef6
7a15
496d
19b1
8414
6603
5cc5
0bca
9ee1
7a18
7fe6
f16c
817f
6868
5be2
0c31
9ecc
7a1b
40c7
ca99
802e
6ab2
5afd
0c98
9eb6
7a1e
c61a
a912
8024
6ce1
5a15
0cff
9ea1
7a22
80a8
902a
8161
6ef3
592c
0d66
9e8c
7a25
b04a
8259
83e2
70ea
583f
0dcd
9e77
7a28
2935
80fe
87a0
72c3
5751
0e34
9e61
7a2b
7c3d
8c3b
8c93
7480
5660
0e9b
9e4c
7a2e
5d0c
a2f3
92ac
761e
556d
0f02
9e37
7a31
e84e
c2e6
99dd
779e
5478
0f69
9e22
7a34
895a
e8e8
a214
78ff
5381
0fd0
9e0d
7a37
977b
1134
ab3a
7a42
5287
1037
9df8
7a3a
05b5
37cc
b53a
7b65
518c
109e
9de3
7a3d
6eaf
58db
bff9
7c69
508e
1104
9dce
7a40
71e6
711a
cb5b
7d4c
4f8f
116b
9db9
7a44
0c66
7e22
d744
7e10
4e8d
11d2
9da4
7a47
9b7f
7ea7
e396
7eb4
4d89
1238
9d8f
7a4a
8700
729e
f030
7f37
4c83
129f
9d7a
7a4d
e1c0
5b36
fcf2
7f99
4b7c
1305
9d65
7a50
5850
3ac3
09bd
7fdb
4a72
136c
9d50
7a53
7daf
147c
166e
7ffc
4967
13d2
9d3b
7a56
2f80
ec2d
22e6
7ffc
4859
1438
9d26
7a59
b5a6
c5d5
2f05
7fdc
474a
149f
9d11
7a5c
8027
a542
3aab
7f9a
4639
1505
9cfd
7a5f
c034
8daf
45bc
7f38
4526
156b
9ce8
7a62
3ae8
8172
501a
7eb6
4411
15d1
9cd3
7a65
7f74
81c2
59ab
7e13
42fb
1637
9cbe
7a68
4ed2
8e96
6257
7d50
41e3
169d
9caa
7a6b
d5b9
a6aa
6a07
7c6d
40c9
1703
9c95
7a6e
837e
c79a
70a8
7b6a
3fae
1769
9c81
7a71
a3bd
ee22
7629
7a47
3e91
17cf
9c6c
7a74
18ce
1670
7a7c
7905
3d72
1835
9c57
7a77
7712
3c83
7d95
77a4
3c52
189b
9c43
7a7a
67dc
5c97
7f6d
7624
3b30
1900
9c2e
7a7d
f92a
737c
7fff
7487
3a0d
1966
9c1a
7a80
90c0
7eed
7f4a
72cb
38e8
19cb
9c05
7a83
8e9f
7dc8
7d50
70f2
37c2
1a31
9bf1
7a86
f4bb
7029
7a14
6efc
369a
1a96
9bdc
7a89
6534
576b
75a1
6cea
3571
1afb
9bc8
7a8c
78a1
3602
7000
6abb
3447
1b61
9bb4
7a8f
1d26
0f3e
6941
6872
331b
1bc6
9b9f
7a92
a6df
e6f6
6175
660e
31ee
1c2b
9b8b
7a95
828a
c12b
58b0
638f
30bf
1c90
9b77
7a98
d18e
a19a
4f07
60f7
2f90
1cf5
9b62
7a9b
4b46
8b66
4495
5e47
2e5f
1d5a
9b4e
7a9e
7fc9
80c2
3973
5b7e
2d2d
1dbf
9b3a
7aa1
3ed0
82bd
2dbe
589d
2bfa
1e24
9b26
7aa4
c417
9124
2195
55a6
2ac5
1e88
9b12
7aa7
8073
aa89
1515
529a
2990
1eed
9afd
7aaa
b213
cc67
085f
4f78
285a
1f51
9ae9
7aad
2b59
f364
fb94
4c41
2722
1fb6
9ad5
7ab0
7cc4
1ba1
eed4
48f7
25ea
201a
9ac1
7ab3
5b79
4120
e241
459b
24b0
207e
9aad
7ab6
e615
602a
d5f9
422c
2376
20e3
9a99
7ab9
8885
75ab
ca1d
3ead
223b
2147
9a85
7abc
98ce
7f80
beca
3b1e
20fe
21ab
9a71
7abf
07f8
7cb1
b41f
377f
1fc1
220f
9a5d
7ac2
6fce
6d84
aa35
33d2
1e83
2272
9a49
7ac5
70d9
537a
a127
3018
1d45
22d6
9a35
7ac7
0a24
3129
990c
2c52
1c05
233a
9a22
7aca
9a1c
09f9
91f8
2881
1ac5
239d
9a0e
7acd
87c2
e1cb
8bfd
24a5
1985
2401
99fa
7ad0
e3f4
bc9c
872b
20bf
1843
2464
99e6
7ad3
59f0
9e1c
838e
1cd1
1701
24c8
99d2
7ad6
7d3c
8951
8130
18dc
15bf
252b
99bf
7ad9
2d64
804b
8016
14e1
147b
258e
99ab
7adc
b3d1
83ef
8043
10e0
1338
25f1
9997
7adf
8049
93e1
81b6
0cdb
11f3
2654
9984
7ae2
c22d
ae8c
846d
08d2
10af
26b7
9970
7ae5
3ce8
d14b
8860
04c8
0f6a
2719
995d
7ae7
7fa4
f8ac
8d85
00bc
0e24
277c
9949
7aea
4d06
20c6
93cf
fcb0
0cde
27df
9935
7aed
d397
45a1
9b2d
f8a4
0b98
2841
9922
7af0
82fd
6394
a38d
f49b
0a52
28a3
990e
7af3
a552
77a7
acda
f095
090b
2905
98fb
7af6
1b06
7fdc
b6fc
ec92
07c4
2968
98e8
7af9
77e2
7b63
c1d8
e894
067d
29ca
98d4
7afc
6685
6aae
cd53
e49d
0535
2a2b
98c1
7aff
f6e7
4f65
d950
e0ac
03ee
2a8d
98ad
7b01
8fa6
2c3b
e5b0
dcc4
02a6
2aef
989a
7b04
8fb1
04af
f253
d8e4
015f
2b50
9887
7b07
f6fd
dcac
ff19
d50f
0017
2bb2
9873
7b0a
6693
b82a
0be2
d144
fecf
2c13
9860
7b0d
77da
9ac8
188c
cd86
fd88
2c74
984d
7b10
1af0
876f
24f7
c9d4
fc40
2cd6
983a
7b13
a542
800b
3104
c630
faf9
2d37
9827
7b15
8302
8558
3c93
c29b
f9b1
2d97
9814
7b18
d3ac
96ce
4787
bf16
f86a
2df8
9800
7b1b
4d18
b2b3
51c5
bba2
f723
2e59
97ed
7b1e
7fa2
d643
5b31
b83e
f5dc
2eb9
97da
7b21
3cd4
fdf6
63b4
b4ee
f496
2f1a
97c7
7b24
c219
25dd
6b38
b1b0
f350
2f7a
97b4
7b26
8047
4a03
71aa
ae87
f20a
2fda
97a1
7b29
