0000
0000
0000
0000
0000
0000
0000
0000
443f
16a4
0732
0247
00b8
003a
0012
0006
7379
2c92
0e5e
048d
0171
0075
0025
000c
7f23
4118
157e
06d3
0229
00af
0037
0011
63a5
5390
1c8d
0919
02e1
00e9
004a
0017
2977
6365
2384
0b5e
0399
0123
005c
001d
e283
7018
2a5f
0da2
0451
015e
006f
0023
a4a5
7942
3118
0fe4
050a
0198
0081
0029
82e9
7e99
37a9
1226
05c2
01d2
0093
002f
87b4
7ff2
3e0d
1466
067a
020c
00a6
0034
b18b
7d41
443f
16a4
0732
0247
00b8
003a
f38c
769e
4a39
18e1
07ea
0281
00cb
0040
3963
6c3c
4ff8
1b1c
08a2
02bb
00dd
0046
6d8e
5e71
5575
1d54
0959
02f5
00f0
004c
7ffa
4dab
5aae
1f8a
0a11
0330
0102
0052
6afd
3a72
5f9d
21bd
0ac9
036a
0114
0057
350c
2561
643f
23ee
0b80
03a4
0127
005d
eec5
0f23
6890
261c
0c38
03de
0139
0063
adcc
f86a
6c8c
2847
0cef
0419
014c
0069
8625
e1ee
7030
2a6e
0da6
0453
015e
006f
8405
cc65
7379
2c92
0e5e
048d
0171
0075
a814
b87d
7665
2eb2
0f15
04c7
0183
007a
e737
a6d6
78f1
30cf
0fcc
0502
0195
0080
2dfc
9800
7b1b
32e8
1082
053c
01a8
0086
6698
8c70
7ce2
34fc
1139
0576
01ba
008c
7f9b
8486
7e43
370d
11f0
05b0
01cd
0092
7151
8081
7f3f
3918
12a6
05ea
01df
0098
4021
8082
7fd3
3b20
135c
0625
01f2
009d
fb30
8487
7fff
3d22
1412
065f
0204
00a3
b7bc
8c72
7fc5
3f1f
14c8
0699
0216
00a9
8a88
9802
7f23
4118
157e
06d3
0229
00af
8183
a6d9
7e1a
430b
1633
070d
023b
00b5
9f72
b880
7cab
44f8
16e9
0748
024e
00ba
db1e
cc68
7ad7
46e0
179e
0782
0260
00c0
2226
e1f1
789f
48c3
1853
07bc
0272
00c6
5ea9
f86d
7606
4a9f
1908
07f6
0285
00cc
7e05
0f26
730e
4c76
19bc
0830
0297
00d2
7692
2564
6fb8
4e46
1a71
086a
02aa
00d8
4a99
3a75
6c08
5010
1b25
08a5
02bc
00dd
07a8
4dae
6801
51d3
1bd9
08df
02cf
00e3
c25a
5e73
63a5
5390
1c8d
0919
02e1
00e9
9009
6c3e
5ef9
5546
1d40
0953
02f3
00ef
8034
769f
59ff
56f5
1df4
098d
0306
00f5
97bb
7d42
54bd
589d
1ea7
09c7
0318
00fb
cf5e
7ff2
4f37
5a3e
1f59
0a01
032b
0100
15fc
7e98
4970
5bd7
200c
0a3b
033d
0106
55d5
7941
436e
5d6a
20be
0a75
0350
010c
7b3e
7017
3d35
5ef4
2170
0ab0
0362
0112
7ab3
6363
36cb
6077
2222
0aea
0374
0118
545d
538d
3034
61f2
22d3
0b24
0387
011e
140c
4115
2977
6365
2384
0b5e
0399
0123
cd8f
2c8f
2298
64d0
2435
0b98
03ac
0129
969a
16a1
1b9c
6633
24e6
0bd2
03be
012f
801c
fffd
148b
678e
2596
0c0c
03d0
0135
9101
e958
0d69
68e0
2646
0c46
03e3
013b
c415
d36b
063c
6a2a
26f6
0c80
03f5
0140
099d
bee5
ff0a
6b6b
27a5
0cba
0408
0146
4c30
ac6e
f7d8
6ca4
2854
0cf4
041a
014c
774c
9c99
f0ae
6dd4
2903
0d2e
042d
0152
7daa
8fe6
e98f
6efa
29b1
0d68
043f
0158
5d54
86bd
e283
7018
2a5f
0da2
0451
015e
2040
8167
db8f
712d
2b0d
0ddc
0464
0163
d93d
800f
d4b8
7239
2bbb
0e15
0476
0169
9e2b
82bf
ce05
733b
2c68
0e4f
0489
016f
813a
8964
c779
7434
2d14
0e89
049b
0175
8b54
93c6
c11c
7524
2dc0
0ec3
04ad
017b
b95d
a192
baf1
760a
2e6c
0efd
04c0
0181
fd27
b258
b4fe
76e6
2f18
0f37
04d2
0186
41d2
c591
af48
77b9
2fc3
0f71
04e5
018c
7237
daa2
a9d4
7883
306e
0fab
04f7
0192
7f6f
f0e1
a4a5
7942
3118
0fe4
050a
0198
6568
079a
9fc0
79f8
31c2
101e
051c
019e
2c26
1e15
9b29
7aa4
326c
1058
052e
01a4
e54a
339e
96e3
7b46
3315
1092
0541
01a9
a6a9
4786
92f3
7bdd
33be
10cc
0553
01af
838c
592c
8f5b
7c6b
3466
1105
0566
01b5
86c2
6802
8c1e
7cef
350e
113f
0578
01bb
af50
7391
893e
7d69
35b5
1179
058a
01c1
f0b8
7b7a
86bf
7dd8
365c
11b3
059d
01c6
36d4
7f7f
84a2
7e3e
3703
11ec
05af
01cc
6c0e
7f7e
82e9
7e99
37a9
1226
05c2
01d2
7fff
7b78
8195
7eea
384f
1260
05d4
01d8
6c86
738d
80a8
7f30
38f4
1299
05e6
01de
37a0
67fc
8021
7f6d
3999
12d3
05f9
01e4
f198
5925
8002
7f9f
3a3d
130d
060b
01e9
b000
477d
804b
7fc6
3ae1
1346
061e
01ef
870c
3395
80fb
7fe4
3b85
1380
0630
01f5
8358
1e0b
8211
7ff7
3c27
13b9
0642
01fb
a608
0790
838e
7fff
3cca
13f3
0655
0201
e46e
f0d7
856f
7ffe
3d6c
142c
0667
0207
2b51
da98
87b4
7ff2
3e0d
1466
067a
020c
64de
c588
8a5a
7fdb
3eae
14a0
068c
0212
7f59
b250
8d5f
7fba
3f4e
14d9
069f
0218
729d
a18b
90c1
7f8f
3fee
1513
06b1
021e
4293
93c0
947d
7f5a
408e
154c
06c3
0224
fe09
8960
9890
7f1a
412d
1585
06d6
022a
ba1a
82bd
9cf6
7ed0
41cb
15bf
06e8
022f
8bb1
800e
a1ad
7e7c
4269
15f8
06fb
0235
811b
8168
a6b0
7e1d
4306
1632
070d
023b
9d9a
86c0
abfc
7db4
43a3
166b
071f
0241
d866
8feb
b18b
7d41
443f
16a4
0732
0247
1f65
9c9f
b75a
7cc4
44da
16de
0744
024d
5cb9
ac75
bd64
7c3d
4576
1717
0757
0252
7d7e
beee
c3a4
7bac
4610
1750
0769
0258
779d
d374
ca14
7b10
46aa
178a
077b
025e
4ce5
e962
d0b0
7a6b
4743
17c3
078e
0264
0a7f
0007
d773
79bc
47dc
17fc
07a0
026a
c4dd
16ab
de56
7903
4874
1835
07b2
026f
9172
2c98
e554
7840
490c
186f
07c5
0275
8013
411e
ec69
7774
49a3
18a8
07d7
027b
961b
5395
f38c
769e
4a39
18e1
07ea
0281
ccbf
636a
faba
75be
4acf
191a
07fc
0287
132d
701c
01ed
74d4
4b64
1953
080e
028d
53b3
7944
091d
73e2
4bf9
198c
0821
0292
7a71
7e9a
1047
72e5
4c8d
19c5
0833
0298
7b7a
7ff1
1763
71e0
4d20
19ff
0846
029e
567c
7d40
1e6c
70d1
4db3
1a38
0858
02a4
16db
769b
255d
6fb9
4e45
1a71
086a
02aa
d030
6c38
2c2f
6e99
4ed7
1aaa
087d
02b0
983e
5e6c
32de
6d6f
4f68
1ae3
088f
02b5
8042
4da6
3963
6c3c
4ff8
1b1c
08a2
02bb
8f9d
3a6c
3fba
6b01
5087
1b54
08b4
02c1
c195
255b
45de
69bd
5116
1b8d
08c6
02c7
06c6
0f1c
4bc9
6870
51a4
1bc6
08d9
02cd
49e1
f863
5176
671b
5232
1bff
08eb
02d2
763c
e1e8
56e2
65bd
52bf
1c38
08fd
02d8
7e2c
cc5f
5c07
6458
534b
1c71
0910
02de
5f41
b878
60e2
62ea
53d7
1caa
0922
02e4
22ff
a6d2
656e
6174
5462
1ce2
0935
02ea
dbf6
97fc
69a9
5ff6
54ec
1d1b
0947
02f0
a007
8c6e
6d8e
5e71
5575
1d54
0959
02f5
81a6
8485
711a
5ce4
55fe
1d8d
096c
02fb
8a2f
8081
744a
5b4f
5686
1dc5
097e
0301
b702
8082
771d
59b3
570e
1dfe
0990
0307
fa4f
8489
798f
5810
5795
1e37
09a3
030d
3f5d
8c75
7b9f
5665
581b
1e6f
09b5
0313
70e7
9805
7d4a
54b4
58a0
1ea8
09c8
0318
7fac
a6de
7e91
52fc
5925
1ee0
09da
031e
671e
b886
7f70
513d
59a8
1f19
09ec
0324
2ecf
cc6f
7fe9
4f77
5a2c
1f51
09ff
032a
e815
e1f8
7ffa
4dab
5aae
1f8a
0a11
0330
a8b9
f874
7fa4
4bd9
5b30
1fc2
0a23
0336
843e
0f2d
7ee6
4a00
5bb1
1ffb
0a36
033b
85e0
256b
7dc2
4822
5c31
2033
0a48
0341
ad20
3a7b
7c38
463d
5cb0
206c
0a5b
0347
ede5
4db3
7a49
4454
5d2f
20a4
0a6d
034d
343e
5e78
77f7
4264
5dad
20dc
0a7f
0353
6a80
6c41
7544
406f
5e2a
2115
0a92
0358
7ff5
76a1
7233
3e75
5ea7
214d
0aa4
035e
6e02
7d43
6ec5
3c76
5f22
2185
0ab6
0364
3a2d
7ff2
6afd
3a72
5f9d
21bd
0ac9
036a
f46d
7e97
66de
3869
6017
21f6
0adb
0370
b23e
793f
626d
365c
6091
222e
0aed
0376
8802
7013
5dac
344a
6109
2266
0b00
037b
82ba
635f
589e
3234
6181
229e
0b12
0381
a407
5388
534a
301a
61f8
22d6
0b25
0387
e1a8
410f
4db1
2dfc
626e
230e
0b37
038d
28a1
2c89
47da
2bdb
62e4
2346
0b49
0393
6317
169a
41c9
29b5
6358
237e
0b5c
0399
7f08
fff6
3b83
278d
63cc
23b6
0b6e
039e
73da
e952
350c
2561
643f
23ee
0b80
03a4
44fe
d365
2e6a
2332
64b1
2426
0b93
03aa
00e2
bee0
27a3
2101
6522
245e
0ba5
03b0
bc81
ac68
20bc
1ecc
6593
2496
0bb7
03b6
8ce9
9c94
19ba
1c96
6603
24cd
0bca
03bc
80c4
8fe3
12a4
1a5c
6672
2505
0bdc
03c1
9bce
86bb
0b7e
1821
66e0
253d
0bee
03c7
d5b4
8166
044f
15e4
674d
2575
0c01
03cd
1ca1
800f
fd1d
13a5
67b9
25ac
0c13
03d3
5abc
82c1
f5ed
1164
6825
25e4
0c25
03d9
7ce6
8966
eec5
0f23
6890
261c
0c38
03de
7899
93c9
e7ab
0cdf
68f9
2653
0c4a
03e4
4f27
a196
e0a5
0a9b
6962
268b
0c5c
03ea
0d54
b25d
d9b8
0856
69cb
26c3
0c6f
03f0
c767
c597
d2ea
0610
6a32
26fa
0c81
03f6
92e8
daa9
cc40
03ca
6a98
2732
0c93
03fc
8002
f0e8
c5c1
0183
6afe
2769
0ca6
0401
9488
07a0
bf70
ff3d
6b63
27a0
0cb8
0407
ca27
1e1c
b954
fcf6
6bc6
27d8
0cca
040d
105b
33a4
b371
fab0
6c29
280f
0cdd
0413
5186
478b
adcc
f86a
6c8c
2847
0cef
0419
7995
5931
a86a
f624
6ced
287e
0d01
041f
7c33
6806
a34e
f3e0
6d4d
28b5
0d14
0424
5890
7394
9e7e
f19c
6dad
28ec
0d26
042a
19a6
7b7c
99fc
ef5a
6e0b
2924
0d38
0430
d2d7
7f80
95cd
ed19
6e69
295b
0d4b
0436
99f0
7f7e
91f4
ead9
6ec6
2992
0d5d
043c
8078
7b76
8e74
e89b
6f21
29c9
0d6f
0441
8e47
738a
8b50
e660
6f7c
2a00
0d82
0447
bf1c
67f9
888a
e426
6fd6
2a37
0d94
044d
03ee
5920
8625
e1ee
7030
2a6e
0da6
0453
478a
4778
8422
dfb9
7088
2aa5
0db9
0459
751d
338e
8284
dd86
70df
2adc
0dcb
045f
7e9f
1e05
814c
db57
7136
2b13
0ddd
0464
6122
0789
807a
d92a
718b
2b4a
0df0
046a
25ba
f0d0
800f
d700
71e0
2b80
0e02
0470
deb4
da92
800b
d4da
7234
2bb7
0e14
0476
a1ef
c582
8070
d2b7
7286
2bee
0e27
047c
8223
b24a
813b
d098
72d8
2c25
0e39
0482
891a
a186
826d
ce7d
7329
2c5b
0e4b
0487
b4b0
93bd
8405
cc65
7379
2c92
0e5e
048d
f777
895d
8601
ca52
73c8
2cc9
0e70
0493
3cdf
82bc
8860
c843
7416
2cff
0e82
0499
6f89
800e
8b1f
c639
7463
2d36
0e95
049f
7fd8
8169
8e3d
c433
74b0
2d6c
0ea7
04a4
68c8
86c2
91b8
c233
74fb
2da3
0eb9
04aa
3172
8fee
958b
c037
7545
2dd9
0ecb
04b0
eae2
9ca3
99b5
be40
758f
2e0f
0ede
04b6
aad3
ac7a
9e31
bc4f
75d7
2e46
0ef0
04bc
8500
bef4
a2fd
ba63
761e
2e7c
0f02
04c2
850e
d37b
a814
b87d
7665
2eb2
0f15
04c7
aafa
e969
ad72
b69d
76aa
2ee9
0f27
04cd
eb15
000d
b313
b4c2
76ef
2f1f
0f39
04d3
31a2
16b2
b8f2
b2ee
7733
2f55
0f4c
04d9
68e5
2c9f
bf0b
b120
7775
2f8b
0f5e
04df
7fda
4123
c558
af58
77b7
2fc1
0f70
04e5
6f6f
539a
cbd5
ad97
77f8
2ff7
0f82
04ea
3cb2
636e
d27b
abdd
7838
302d
0f95
04f0
f744
701f
d947
aa29
7876
3063
0fa7
04f6
b486
7946
e032
a87c
78b4
3099
0fb9
04fc
8907
7e9b
e737
a6d6
78f1
30cf
0fcc
0502
822c
7ff1
ee50
a538
792d
3105
0fde
0507
a212
7d3e
f577
a3a1
7968
313b
0ff0
050d
dee6
7698
fca7
a211
79a2
3170
1002
0513
25eb
6c35
03d9
a089
79db
31a6
1015
0519
6143
5e68
0b09
9f09
7a12
31dc
1027
051f
7ea6
4da0
122f
9d90
7a49
3212
1039
0525
7508
3a66
1947
9c20
7a7f
3247
104c
052a
475f
2554
204a
9ab8
7ab4
327d
105e
0530
03bb
0f15
2733
9957
7ae8
32b2
1070
0536
bef0
f85c
2dfc
9800
7b1b
32e8
1082
053c
8e2f
e1e1
34a1
96b0
7b4d
331d
1095
0542
807c
cc59
3b1a
9569
7b7e
3353
10a7
0547
9a0f
b872
4164
942b
7bae
3388
10b9
054d
d307
a6cd
4779
92f5
7bdd
33bd
10cb
0553
19d9
97f8
4d54
91c9
7c0b
33f3
10de
0559
58b5
8c6b
52f0
90a5
7c38
3428
10f0
055f
7c3f
8483
5849
8f8a
7c64
345d
1102
0565
7985
8080
5d5b
8e78
7c8f
3492
1114
056a
515e
8083
6221
8d70
7cb9
34c7
1127
0570
1028
848b
6698
8c70
7ce2
34fc
1139
0576
c9f8
8c78
6abc
8b7b
7d0a
3531
114b
057c
946c
9809
6e89
8a8e
7d31
3566
115e
0582
8002
a6e3
71fd
89ab
7d56
359b
1170
0588
9303
b88b
7515
88d2
7d7b
35d0
1182
058d
c795
cc75
77ce
8802
7d9f
3605
1194
0593
0d87
e1fe
7a26
873c
7dc2
363a
11a7
0599
4f4f
f87a
7c1b
8680
7de4
366f
11b9
059f
78aa
0f33
7dab
85cd
7e05
36a3
11cb
05a5
7cdb
2571
7ed6
8525
7e24
36d8
11dd
05aa
5a98
3a81
7f9b
8486
7e43
370d
11f0
05b0
1c6f
4db8
7ff8
83f2
7e61
3741
1202
05b6
d583
5e7c
7fed
8367
7e7e
3776
1214
05bc
9bae
6c45
7f7b
82e7
7e99
37aa
1226
05c2
80be
76a4
7ea2
8271
7eb4
37df
1239
05c8
8d00
7d45
7d62
8204
7ece
3813
124b
05cd
bcac
7ff2
7bbd
81a3
7ee6
3847
125d
05d3
0115
7e96
79b4
814b
7efe
387c
126f
05d9
4529
793d
7748
80fd
7f15
38b0
1281
05df
73f0
7010
747b
80ba
7f2a
38e4
1294
05e5
7f02
635b
7151
8081
7f3f
3918
12a6
05ea
62f6
5383
6dca
8053
7f52
394c
12b8
05f0
2870
4109
69eb
802f
7f64
3981
12ca
05f6
e176
2c82
65b6
8015
7f76
39b5
12dd
05fc
a3e3
1694
612f
8005
7f86
39e9
12ef
0602
82af
ffef
5c59
8000
7f96
3a1d
1301
0608
8814
e94b
5738
8005
7fa4
3a50
1313
060d
b267
d35e
51d1
8015
7fb1
3a84
1325
0613
f4a0
beda
4c28
802f
7fbd
3ab8
1338
0619
3a5b
ac63
4641
8053
7fc9
3aec
134a
061f
6e1c
9c90
4021
8082
7fd3
3b20
135c
0625
7ff4
8fe0
39cd
80bb
7fdc
3b53
136e
062b
6a64
86b8
334a
80fe
7fe4
3b87
1381
0630
340f
8165
2c9e
814b
7feb
3bba
1393
0636
edb2
800f
25ce
81a3
7ff1
3bee
13a5
063c
acf9
82c2
1edf
8205
7ff6
3c21
13b7
0642
85d1
8969
17d7
8271
7ffa
3c55
13c9
0648
844b
93cd
10bc
82e8
7ffd
3c88
13dc
064d
a8de
a19b
0993
8368
7fff
3cbb
13ee
0653
e847
b262
0263
83f3
7fff
3cef
1400
0659
2eff
c59d
fb30
8487
7fff
3d22
1412
065f
673d
daaf
f402
8526
7fff
3d55
1424
0665
7faf
f0ee
ecdd
85ce
7ffc
3d88
1437
066b
70cf
07a7
e5c8
8681
7ff9
3dbb
1449
0670
3f30
1e22
dec8
873d
7ff5
3dee
145b
0676
fa1b
33aa
d7e3
8803
7fef
3e21
146d
067c
b6d7
4791
d11e
88d3
7fe9
3e54
147f
0682
8a1b
5936
ca7f
89ac
7fe2
3e87
1492
0688
81af
680a
c40c
8a8f
7fd9
3eba
14a4
068d
a029
7397
bdc9
8b7c
7fd0
3eed
14b6
0693
dc28
7b7e
b7bc
8c72
7fc5
3f1f
14c8
0699
2331
7f80
b1e9
8d71
7fb9
3f52
14da
069f
5f63
7f7d
ac55
8e7a
7fad
3f85
14ec
06a5
7e35
7b74
a705
8f8c
7f9f
3fb7
14ff
06ab
7628
7387
a1fd
90a6
7f91
3fea
1511
06b0
49b7
67f5
9d41
91ca
7f81
401c
1523
06b6
0693
591b
98d5
92f7
7f70
404f
1535
06bc
c168
4772
94bd
942d
7f5e
4081
1547
06c2
8f84
3388
90fb
956b
7f4c
40b3
155a
06c8
8045
1dfe
8d94
96b2
7f38
40e6
156c
06cd
985c
0782
8a88
9802
7f23
4118
157e
06d3
d05f
f0c9
87dc
9959
7f0d
414a
1590
06d9
170d
da8c
8592
9aba
7ef6
417c
15a2
06df
56a2
c57c
83aa
9c22
7ede
41ae
15b4
06e5
7b88
b245
8227
9d93
7ec5
41e0
15c7
06eb
7a62
a182
8109
9f0b
7eab
4212
15d9
06f0
538c
93b9
8053
a08b
7e90
4244
15eb
06f6
12fa
895b
8004
a214
7e74
4276
15fd
06fc
cc90
82bb
801c
a3a3
7e57
42a7
160f
0702
95fe
800e
809c
a53a
7e39
42d9
1621
0708
8011
816a
8183
a6d9
7e1a
430b
1633
070d
918c
86c4
82d0
a87f
7dfa
433c
1646
0713
c50a
8ff2
8483
aa2b
7dd9
436e
1658
0719
0ab2
9ca7
869a
abdf
7db6
439f
166a
071f
4d0e
ac7f
8912
ad9a
7d93
43d1
167c
0725
77af
befa
8bec
af5b
7d6f
4402
168e
072b
7d74
d381
8f23
b123
7d4a
4434
16a0
0730
5c95
e970
92b5
b2f1
7d24
4465
16b2
0736
1f33
0014
96a0
b4c5
7cfc
4496
16c5
073c
d836
16b8
9ae0
b6a0
7cd4
44c7
16d7
0742
9d79
2ca5
9f72
b880
7cab
44f8
16e9
0748
8115
4129
a452
ba66
7c81
4529
16fb
074d
8bc7
539f
a97d
bc52
7c55
455a
170d
0753
ba45
6372
aeed
be43
7c29
458b
171f
0759
fe3c
7022
b49f
c03a
7bfc
45bc
1731
075f
42bf
7949
ba8e
c236
7bcd
45ed
1743
0765
72b3
7e9c
c0b5
c436
7b9e
461e
1756
076b
7f54
7ff1
c710
c63c
7b6e
464f
1768
0770
64be
7d3d
cd98
c846
7b3c
467f
177a
0776
2b21
7696
d449
ca55
7b0a
46b0
178c
077c
e43c
6c31
db1e
cc68
7ad7
46e0
179e
0782
a5e3
5e63
e210
ce80
7aa3
4711
17b0
0788
834c
4d9b
e91b
d09b
7a6d
4741
17c2
078d
871c
3a60
f039
d2ba
7a37
4772
17d4
0793
b028
254e
f763
d4dd
7a00
47a2
17e6
0799
f1cb
0f0e
fe94
d703
79c7
47d2
17f9
079f
37ce
f855
05c6
d92d
798e
4803
180b
07a5
6ca1
e1da
0cf3
db5a
7954
4833
181d
07ab
7fff
cc53
1416
dd8a
7919
4863
182f
07b0
6bf2
b86c
1b29
dfbc
78dd
4893
1841
07b6
36a6
a6c8
2226
e1f1
789f
48c3
1853
07bc
f085
97f4
2907
e429
7861
48f3
1865
07c2
af29
8c68
2fc7
e663
7822
4923
1877
07c8
86b2
8481
3660
e89f
77e2
4952
1889
07cd
8398
8080
3ccd
eadd
77a1
4982
189b
07d3
a6ce
8083
4309
ed1c
775f
49b2
18ad
07d9
e57d
848d
490f
ef5d
771c
49e1
18c0
07df
2c56
8c7b
4eda
f1a0
76d8
4a11
18d2
07e5
6587
980d
5465
f3e3
7693
4a40
18e4
07eb
7f74
a6e7
59ab
f628
764d
4a70
18f6
07f0
7220
b891
5ea9
f86d
7606
4a9f
1908
07f6
41a6
cc7b
635b
fab3
75bf
4acf
191a
07fc
fcf4
e205
67bc
fcf9
7576
4afe
192c
0802
b932
f881
6bc9
ff40
752c
4b2d
193e
0808
8b3f
0f3a
6f7e
0187
74e2
4b5c
1950
080d
8141
2578
72da
03cd
7496
4b8b
1962
0813
9e4c
3a87
75d9
0614
7449
4bba
1974
0819
d96e
4dbe
7878
0859
73fc
4be9
1986
081f
2072
5e81
7ab5
0a9e
73ae
4c18
1998
0825
5d77
6c49
7c90
0ce3
735e
4c47
19aa
082a
7db3
76a6
7e05
0f26
730e
4c76
19bc
0830
7739
7d46
7f15
1168
72bd
4ca4
19ce
0836
4c07
7ff2
7fbe
13a8
726b
4cd3
19e1
083c
096a
7e95
7fff
15e7
7217
4d02
19f3
0842
c3e8
793b
7fd9
1825
71c3
4d30
1a05
0848
90e7
700d
7f4b
1a60
716f
4d5f
1a17
084d
801e
6356
7e56
1c99
7119
4d8d
1a29
0853
96b7
537e
7cfb
1ed0
70c2
4dbb
1a3b
0859
cdbe
4103
7b3b
2104
706a
4dea
1a4d
085f
143f
2c7c
7917
2336
7012
4e18
1a5f
0865
5484
168d
7692
2564
6fb8
4e46
1a71
086a
7ac1
ffe8
73ac
2790
6f5e
4e74
1a83
0870
7b30
e944
7068
29b9
6f03
4ea2
1a95
0876
55af
d358
6cca
2bde
6ea6
4ed0
1aa7
087c
15ca
bed4
68d3
2dff
6e49
4efe
1ab9
0882
cf2f
ac5e
6488
301d
6deb
4f2c
1acb
0888
979d
9c8c
5feb
3237
6d8c
4f59
1add
088d
8031
8fdc
5b01
344d
6d2d
4f87
1aef
0893
9022
86b6
55cd
365f
6ccc
4fb5
1b01
0899
c287
8164
5054
386c
6c6b
4fe2
1b13
089f
07db
800f
4a99
3a75
6c08
5010
1b25
08a5
4ac3
82c4
44a3
3c79
6ba5
503d
1b37
08aa
76a5
896b
3e74
3e78
6b41
506b
1b49
08b0
7dfc
93d1
3813
4072
6adc
5098
1b5b
08b6
5e87
a19f
3185
4267
6a76
50c5
1b6d
08bc
21f4
b268
2acf
4456
6a0f
50f2
1b7f
08c2
daed
c5a3
23f6
4640
69a8
511f
1b91
08c7
9f50
dab5
1d00
4825
693f
514c
1ba3
08cd
817b
f0f5
15f2
4a03
68d6
5179
1bb5
08d3
8a9d
07ae
0ed3
4bdb
686c
51a6
1bc7
08d9
b7e6
1e29
07a8
4dae
6801
51d3
1bd9
08df
fb64
33b0
0076
4f7a
6795
5200
1beb
08e5
404d
4796
f944
513f
6728
522d
1bfd
08ea
7169
593b
f218
52fe
66bb
5259
1c0f
08f0
7f97
680e
eaf7
54b6
664c
5286
1c21
08f6
6679
739a
e3e6
5668
65dd
52b2
1c33
08fc
2dcc
7b80
dced
5812
656d
52df
1c45
0902
e705
7f81
d610
59b5
64fc
530b
1c57
0907
a7ef
7f7c
cf55
5b51
648b
5337
1c69
090d
83f8
7b72
c8c1
5ce6
6418
5364
1c7b
0913
8635
7384
c25a
5e73
63a5
5390
1c8d
0919
adf4
67f1
bc25
5ff8
6331
53bc
1c9f
091f
eef8
5916
b627
6176
62bc
53e8
1cb1
0924
353b
476c
b065
62ec
6246
5414
1cc3
092a
6b19
3382
aae3
645a
61d0
5440
1cd5
0930
7ffb
1df8
a5a5
65bf
6159
546c
1ce7
0936
6d73
077b
a0b2
671d
60e1
5497
1cf8
093c
3935
f0c3
9c0b
6872
6068
54c3
1d0a
0942
f359
da85
97b5
69be
5fee
54ef
1d1c
0947
b163
c576
93b3
6b02
5f74
551a
1d2e
094d
87a2
b240
9009
6c3e
5ef9
5546
1d40
0953
82f4
a17d
8cba
6d71
5e7d
5571
1d52
0959
a4c9
93b6
89c8
6e9a
5e00
559d
1d64
095f
e2b5
8958
8736
6fbb
5d83
55c8
1d76
0964
29a7
82b9
8505
70d3
5d04
55f3
1d88
096a
63c5
800e
8338
71e1
5c85
561e
1d9a
0970
7f29
816b
81d0
72e7
5c06
5649
1dac
0976
7363
86c7
80ce
73e3
5b85
5674
1dbe
097c
4413
8ff5
8034
74d6
5b04
569f
1dd0
0981
ffcd
9cac
8000
75bf
5a82
56ca
1de2
0987
bb96
ac85
8034
769f
59ff
56f5
1df4
098d
8c71
bf00
80d0
7775
597c
5720
1e05
0993
80e3
d387
81d2
7841
58f8
574a
1e17
0999
9c7b
e976
833b
7904
5873
5775
1e29
099f
d6ba
001b
8508
79bd
57ee
579f
1e3b
09a4
1daf
16bf
8739
7a6c
5767
57ca
1e4d
09aa
5b7f
2cab
89cc
7b11
56e0
57f4
1e5f
09b0
7d22
412f
8cbf
7bad
5659
581f
1e71
09b6
783b
53a4
900e
7c3e
55d0
5849
1e83
09bc
4e4c
6376
93b9
7cc5
5547
5873
1e95
09c1
0c40
7025
97bb
7d42
54bd
589d
1ea7
09c7
c66f
794b
9c11
7db5
5433
58c7
1eb8
09cd
9258
7e9d
a0b8
7e1e
53a8
58f1
1eca
09d3
8007
7ff1
a5ad
7e7c
531c
591b
1edc
09d9
951f
7d3c
aaea
7ed0
5290
5945
1eee
09de
cb23
7693
b06d
7f1a
5202
596e
1f00
09e4
116e
6c2e
b62f
7f5a
5175
5998
1f12
09ea
525b
5e5f
bc2e
7f8f
50e6
59c2
1f24
09f0
79eb
4d95
c263
7fbb
5057
59eb
1f36
09f6
7bee
3a5a
c8ca
7fdb
4fc7
5a15
1f47
09fb
57c7
2547
cf5e
7ff2
4f37
5a3e
1f59
0a01
1897
0f08
d61a
7ffe
4ea6
5a67
1f6b
0a07
d1d4
f84f
dcf7
7fff
4e14
5a90
1f7d
0a0d
9949
e1d4
e3f0
7ff7
4d82
5aba
1f8f
0a13
8061
cc4d
eb01
7fe4
4cef
5ae3
1fa1
0a19
8ec7
b867
f222
7fc6
4c5b
5b0c
1fb3
0a1e
c00c
a6c3
f94e
7f9f
4bc7
5b35
1fc4
0a24
0503
97f0
0080
7f6c
4b32
5b5d
1fd6
0a2a
486f
8c65
07b2
7f30
4a9d
5b86
1fe8
0a30
758c
847f
0edd
7ee9
4a07
5baf
1ffa
0a36
7e75
807f
15fc
7e98
4970
5bd7
200c
0a3b
606c
8084
1d0a
7e3d
48d9
5c00
201e
0a41
24b1
848e
2400
7dd8
4841
5c29
2030
0a47
dda9
8c7e
2ad8
7d68
47a9
5c51
2041
0a4d
a134
9811
318f
7cee
4710
5c79
2053
0a53
81f2
a6ec
381d
7c6b
4676
5ca1
2065
0a58
8982
b896
3e7d
7bdd
45dc
5cca
2077
0a5e
b590
cc81
44ab
7b45
4541
5cf2
2089
0a64
f88c
e20c
4aa2
7aa3
44a6
5d1a
209a
0a6a
3dd3
f888
505c
79f7
440a
5d42
20ac
0a70
700f
0f41
55d5
7941
436e
5d6a
20be
0a75
7fc9
257e
5b08
7881
42d1
5d91
20d0
0a7b
6827
3a8d
5ff2
77b8
4234
5db9
20e2
0a81
3072
4dc3
648e
76e5
4196
5de1
20f4
0a87
e9d1
5e85
68d9
7608
40f7
5e08
2105
0a8d
aa05
6c4c
6ccf
7522
4058
5e30
2117
0a92
84b4
76a9
706d
7433
3fb9
5e57
2129
0a98
855c
7d47
73b0
733a
3f18
5e7f
213b
0a9e
abca
7ff2
7695
7237
3e78
5ea6
214d
0aa4
ec27
7e94
791b
712b
3dd7
5ecd
215e
0aaa
32a1
7938
7b3e
7017
3d35
5ef4
2170
0ab0
6983
700a
7cfe
6ef9
3c93
5f1b
2182
0ab5
7fe6
6352
7e58
6dd2
3bf1
5f42
2194
0abb
6ee6
5379
7f4c
6ca2
3b4d
5f69
21a5
0ac1
3bbe
40fe
7fd9
6b6a
3aaa
5f90
21b7
0ac7
f62f
2c76
7fff
6a28
3a06
5fb7
21c9
0acd
b3a7
1687
7fbd
68de
3961
5fdd
21db
0ad2
88a2
ffe2
7f14
678c
38bd
6004
21ed
0ad8
8260
e93e
7e04
6631
3817
602a
21fe
0ade
a2cf
d352
7c8d
64ce
3771
6051
2210
0ae4
dff2
bece
7ab3
6363
36cb
6077
2222
0aea
26f3
ac59
7874
61f0
3624
609d
2234
0aef
61f6
9c88
75d5
6075
357d
60c4
2245
0af5
7ecd
8fd9
72d5
5ef2
34d5
60ea
2257
0afb
7497
86b4
6f79
5d67
342d
6110
2269
0b01
4678
8163
6bc3
5bd5
3385
6136
227b
0b07
02a5
800f
67b6
5a3c
32dc
615b
228c
0b0c
be02
82c5
6354
589b
3233
6181
229e
0b12
8db2
896e
5ea2
56f2
3189
61a7
22b0
0b18
8095
93d4
59a4
5543
30df
61cd
22c2
0b1e
9ab7
a1a4
545d
538d
3034
61f2
22d3
0b24
d40b
b26d
4ed2
51d1
2f89
6218
22e5
0b29
1ae8
c5a9
4907
500d
2ede
623d
22f7
0b2f
597c
dabc
4301
4e43
2e32
6262
2308
0b35
7c80
f0fc
3cc4
4c73
2d86
6288
231a
0b3b
792d
07b5
3657
4a9d
2cda
62ad
232c
0b41
5088
1e2f
2fbd
48c0
2c2d
62d2
233e
0b46
0f15
33b6
28fd
46de
2b80
62f7
234f
0b4c
c8fd
479c
221c
44f6
2ad3
631c
2361
0b52
93d7
593f
1b1f
4308
2a25
6341
2373
0b58
8000
6812
140c
4115
2977
6365
2384
0b5e
9395
739d
0ce9
3f1c
28c8
638a
2396
0b63
c88e
7b82
05bb
3d1f
2819
63af
23a8
0b69
0e9b
7f81
fe89
3b1d
276a
63d3
23ba
0b6f
5028
7f7c
f758
3915
26bb
63f8
23cb
0b75
7905
7b71
f02e
3709
260b
641c
23dd
0b7b
7c9d
7381
e911
34f9
255b
6440
23ef
0b81
59d4
67ed
e207
32e5
24aa
6464
2400
0b86
1b60
5911
db14
30cc
23fa
6488
2412
0b8c
d47e
4767
d440
2eaf
2349
64ac
2424
0b92
9b03
337c
cd8f
2c8f
2298
64d0
2435
0b98
80a1
1df1
c706
2a6b
21e6
64f4
2447
0b9e
8d7a
0775
c0ac
2843
2134
6518
2459
0ba3
bd99
f0bc
ba85
2619
2082
653c
246a
0ba9
022a
da7f
b497
23eb
1fd0
655f
247c
0baf
4611
c570
aee5
21ba
1f1d
6583
248e
0bb5
7464
b23a
a975
1f87
1e6a
65a6
249f
0bbb
7ede
a178
a44b
1d51
1db7
65ca
24b1
0bc0
6245
93b2
9f6b
1b18
1d04
65ed
24c3
0bc6
2769
8956
9ada
18de
1c50
6610
24d4
0bcc
e069
82b8
969a
16a1
1b9c
6633
24e6
0bd2
a324
800d
92b0
1463
1ae8
6656
24f8
0bd8
8278
816c
8f1e
1223
1a34
6679
2509
0bdd
8876
86c9
8be7
0fe1
1980
669c
251b
0be3
b344
8ff8
890f
0d9e
18cb
66bf
252d
0be9
f5b5
9cb0
8696
0b5a
1816
66e2
253e
0bef
3b51
ac8a
8480
0915
1761
6704
2550
0bf5
6ea8
bf05
82ce
06d0
16ac
6727
2561
0bfa
7feb
d38e
8181
048a
15f6
6749
2573
0c00
69c9
e97d
809b
0243
1541
676c
2585
0c06
3312
0022
801c
fffd
148b
678e
2596
0c0c
eca0
16c6
8004
fdb6
13d5
67b0
25a8
0c12
ac26
2cb2
8054
fb6f
131f
67d2
25b9
0c17
8580
4135
810b
f929
1268
67f4
25cb
0c1d
8493
53a9
8229
f6e4
11b2
6816
25dd
0c23
a9aa
637b
83ac
f49f
10fb
6838
25ee
0c29
e958
7029
8595
f25b
1045
685a
2600
0c2f
3000
794d
87e0
f018
0f8e
687c
2611
0c34
67e0
7e9e
8a8d
edd7
0ed7
689d
2623
0c3a
7fc2
7ff1
8d98
eb97
0e20
68bf
2635
0c40
704b
7d3a
9101
e958
0d69
68e0
2646
0c46
3e3f
7691
94c3
e71c
0cb1
6902
2658
0c4c
f907
6c2a
98dc
e4e1
0bfa
6923
2669
0c51
b5f5
5e5a
9d48
e2a9
0b42
6944
267b
0c57
89b1
4d90
a204
e073
0a8b
6965
268d
0c5d
81dc
3a54
a70c
de3f
09d3
6986
269e
0c63
a0e2
2541
ac5d
dc0f
091b
69a7
26b0
0c69
dd32
0f01
b1f1
d9e1
0864
69c8
26c1
0c6e
243b
f848
b7c4
d7b6
07ac
69e9
26d3
0c74
601b
e1cd
bdd2
d58f
06f4
6a0a
26e4
0c7a
7e62
cc46
c415
d36b
063c
6a2a
26f6
0c80
75bc
b861
ca89
d14a
0584
6a4b
2707
0c86
48d4
a6be
d128
cf2e
04cb
6a6b
2719
0c8b
057e
97ec
d7ec
cd15
0413
6a8b
272b
0c91
c077
8c62
ded2
cb01
035b
6aac
273c
0c97
8f01
847e
e5d2
c8f0
02a3
6acc
274e
0c9d
8058
807e
ece7
c6e5
01eb
6aec
275f
0ca3
9900
8085
f40c
c4dd
0132
6b0c
2771
0ca8
d161
8490
fb3b
c2db
007a
6b2c
2782
0cae
181e
8c80
026d
c0de
ffc2
6b4c
2794
0cb4
576d
9815
099d
bee5
ff0a
6b6b
27a5
0cba
7bcf
a6f1
10c6
bcf2
fe51
6b8b
27b7
0cc0
7a10
b89c
17e1
bb05
fd99
6bab
27c8
0cc5
52b9
cc87
1ee9
b91d
fce1
6bca
27da
0ccb
11e8
e212
25d7
b73a
fc29
6be9
27eb
0cd1
cb93
f88f
2ca8
b55e
fb71
6c09
27fd
0cd7
9563
0f47
3353
b388
fab8
6c28
280e
0cdd
800a
2585
39d6
b1b7
fa00
6c47
2820
0ce2
9219
3a93
4029
afee
f948
6c66
2831
0ce8
c601
4dc8
4649
ae2a
f890
6c85
2843
0cee
0bc6
5e8a
4c30
ac6e
f7d8
6ca4
2854
0cf4
4deb
6c50
51d9
aab8
f721
6cc3
2866
0cfa
7810
76ab
5740
a909
f669
6ce1
2877
0cff
7d3b
7d49
5c60
a761
f5b1
6d00
2889
0d05
5bd5
7ff3
6136
a5c0
f4f9
6d1e
289a
0d0b
1e26
7e93
65bc
a426
f442
6d3d
28ac
0d11
d72f
7936
69f1
a294
f38a
6d5b
28bd
0d17
9cc9
7006
6dd0
a10a
f2d3
6d79
28cf
0d1c
80f2
634e
7156
9f87
f21c
6d98
28e0
0d22
8c3c
5374
7480
9e0c
f165
6db6
28f2
0d28
bb2e
40f8
774c
9c99
f0ae
6dd4
2903
0d2e
ff51
2c6f
79b7
9b2d
eff7
6df1
2915
0d34
43ab
1680
7bc0
99cb
ef40
6e0f
2926
0d39
732d
ffdb
7d64
9870
ee89
6e2d
2937
0d3f
7f37
e937
7ea3
971e
edd3
6e4b
2949
0d45
6412
d34b
7f7c
95d4
ed1d
6e68
295a
0d4b
2a1c
bec8
7fee
9493
ec66
6e86
296c
0d50
e32d
ac54
7ff8
935a
ebb0
6ea3
297d
0d56
a51f
9c83
7f9a
922b
eafb
6ec0
298f
0d5c
830f
8fd6
7ed5
9104
ea45
6edd
29a0
0d62
8779
86b2
7daa
8fe6
e98f
6efa
29b1
0d68
b102
8162
7c18
8ed1
e8da
6f17
29c3
0d6d
f2df
8010
7a23
8dc6
e825
6f34
29d4
0d73
38c7
82c6
77ca
8cc4
e770
6f51
29e6
0d79
6d33
8970
7511
8bcb
e6bb
6f6e
29f7
0d7f
7ffd
93d8
71f8
8adb
e607
6f8a
2a09
0d85
6b5c
a1a8
6e84
89f5
e552
6fa7
2a1a
0d8a
35ab
b273
6ab6
8918
e49e
6fc3
2a2b
0d90
ef72
c5af
6692
8845
e3ea
6fe0
2a3d
0d96
ae52
dac2
621b
877c
e337
6ffc
2a4e
0d9c
865b
f102
5d54
86bd
e283
7018
2a5f
0da2
83da
07bb
5842
8607
e1d0
7034
2a71
0da7
a795
1e36
52e8
855b
e11d
7050
2a82
0dad
e68c
33bd
4d4b
84ba
e06a
706c
2a94
0db3
2d59
47a2
4770
8422
dfb8
7088
2aa5
0db9
662f
5944
415b
8394
df06
70a4
2ab6
0dbf
7f8d
6816
3b11
8310
de54
70bf
2ac8
0dc4
71a2
739f
3497
8296
dda2
70db
2ad9
0dca
40b7
7b83
2df3
8227
dcf1
70f6
2aea
0dd0
fbdf
7f82
2729
81c2
dc40
7112
2afc
0dd6
b84c
7f7b
2040
8167
db8f
712d
2b0d
0ddc
8ace
7b6f
193d
8116
dadf
7148
2b1f
0de1
8169
737e
1225
80cf
da2e
7163
2b30
0de7
9f00
67e9
0afe
8093
d97f
717e
2b41
0ded
da77
590d
03cf
8061
d8cf
7199
2b53
0df3
217d
4761
fc9d
8039
d820
71b4
2b64
0df9
5e34
3376
f56d
801c
d771
71cf
2b75
0dfe
7de6
1deb
ee46
8009
d6c2
71e9
2b87
0e04
76d3
076e
e72d
8001
d614
7204
2b98
0e0a
4b27
f0b5
e028
8002
d566
721e
2ba9
0e10
0856
da78
d93d
800f
d4b8
7239
2bbb
0e15
c2f3
c56a
d272
8025
d40b
7253
2bcc
0e1b
905e
b235
cbcb
8046
d35e
726d
2bdd
0e21
802b
a174
c54f
8071
d2b2
7287
2bee
0e27
9756
93ae
bf02
80a7
d206
72a1
2c00
0e2d
cebd
8953
b8e9
80e6
d15a
72bb
2c11
0e32
1550
82b6
b30b
8131
d0ae
72d5
2c22
0e38
5553
800d
ad6a
8185
d003
72ee
2c34
0e3e
7b0f
816d
a80c
81e4
cf59
7308
2c45
0e44
7ae4
86cb
a2f6
824c
ceae
7322
2c56
0e4a
54e0
8ffb
9e2b
82bf
ce05
733b
2c68
0e4f
14b8
9cb4
99af
833d
cd5b
7354
2c79
0e55
ce2f
ac8f
9586
83c4
ccb2
736e
2c8a
0e5b
96fe
bf0b
91b3
8455
cc0a
7387
2c9b
0e61
8023
d394
8e39
84f1
cb61
73a0
2cad
0e67
90aa
e983
8b1b
8596
caba
73b9
2cbe
0e6c
c37b
0028
885c
8645
ca12
73d2
2ccf
0e72
08ef
16cc
85fe
86fe
c96b
73ea
2ce0
0e78
4ba3
2cb8
8402
87c1
c8c5
7403
2cf2
0e7e
770c
413b
826b
888e
c81f
741c
2d03
0e83
7dca
53af
813a
8964
c779
7434
2d14
0e89
5dcb
637f
806f
8a44
c6d4
744c
2d25
0e8f
20e9
702c
800b
8b2d
c630
7465
2d37
0e95
d9e4
794f
800f
8c20
c58b
747d
2d48
0e9b
9e9c
7e9f
807a
8d1c
c4e8
7495
2d59
0ea0
8152
7ff0
814d
8e22
c445
74ad
2d6a
0ea6
8b0c
7d39
8286
8f30
c3a2
74c5
2d7c
0eac
b8cc
768e
8425
9048
c300
74dd
2d8d
0eb2
fc79
6c26
8628
9169
c25e
74f4
2d9e
0eb8
413c
5e55
888e
9293
c1bd
750c
2daf
0ebd
71e8
4d8b
8b54
93c6
c11c
7524
2dc0
0ec3
7f7f
3a4e
8e79
9501
c07c
753b
2dd2
0ec9
65d2
253a
91f9
9645
bfdc
7552
2de3
0ecf
2cc9
0efa
95d3
9792
bf3d
756a
2df4
0ed5
e5f5
f841
9a02
98e7
be9e
7581
2e05
0eda
a726
e1c7
9e84
9a45
be00
7598
2e16
0ee0
83b5
cc40
a355
9baa
bd62
75af
2e28
0ee6
868b
b85c
a871
9d18
bcc5
75c6
2e39
0eec
aec9
a6b9
add4
9e8e
bc29
75dd
2e4a
0ef1
f00b
97e8
b37a
a00c
bb8d
75f3
2e5b
0ef7
3636
8c5f
b95d
a192
baf1
760a
2e6c
0efd
6bb0
847c
bf79
a31f
ba56
7620
2e7e
0f03
7fff
807e
c5ca
a4b3
b9bc
7637
2e8f
0f09
6ce2
8085
cc4a
a64f
b922
764d
2ea0
0f0e
383d
8492
d2f3
a7f3
b889
7663
2eb1
0f14
f246
8c83
d9c2
a99d
b7f1
7679
2ec2
0f1a
b089
9819
e0af
ab4f
b759
768f
2ed3
0f20
8745
a6f6
e7b5
ad07
b6c1
76a5
2ee5
0f26
8330
b8a2
eecf
aec6
b62a
76bb
2ef6
0f2b
a58c
cc8d
f5f7
b08c
b594
76d1
2f07
0f31
e3c3
e219
fd27
b258
b4fe
76e6
2f18
0f37
2aad
f895
045a
b42a
b469
76fc
2f29
0f3d
6472
0f4e
0b88
b603
b3d5
7711
2f3a
0f42
7f47
258b
12ae
b7e1
b341
7727
2f4b
0f48
72ea
3a99
19c4
b9c5
b2ae
773c
2f5c
0f4e
4328
4dce
20c6
bbaf
b21c
7751
2f6e
0f54
feb8
5e8e
27ad
bd9f
b18a
7766
2f7f
0f5a
baac
6c53
2e74
bf94
b0f8
777b
2f90
0f5f
8bfb
76ae
3515
c18e
b068
7790
2fa1
0f65
8105
7d4a
3b8c
c38d
afd8
77a5
2fb2
0f6b
9d2b
7ff3
41d2
c591
af48
77b9
2fc3
0f71
d7c1
7e92
47e3
c79a
aeba
77ce
2fd4
0f77
1ebc
7934
4dba
c9a7
ae2c
77e2
2fe5
0f7c
5c40
7003
5351
cbb9
ad9e
77f7
2ff6
0f82
7d5b
634a
58a6
cdcf
ad12
780b
3007
0f88
77da
536f
5db3
cfe9
ac86
781f
3019
0f8e
4d70
40f2
6273
d207
abfa
7833
302a
0f93
0b2c
2c69
66e5
d429
ab70
7847
303b
0f99
c578
1679
6b02
d64e
aae6
785b
304c
0f9f
91ca
ffd4
6eca
d876
aa5c
786f
305d
0fa5
800e
e930
7237
daa2
a9d4
7883
306e
0fab
95b9
d345
7548
dcd1
a94c
7896
307f
0fb0
cc20
bec3
77fb
df03
a8c5
78aa
3090
0fb6
1280
ac4f
7a4c
e137
a83e
78bd
30a1
0fbc
532e
9c7f
7c3a
e36e
a7b8
78d0
30b2
0fc2
7a3e
8fd3
7dc4
e5a7
a733
78e4
30c3
0fc8
7ba8
86b0
7ee7
e7e2
a6af
78f7
30d4
0fcd
56fc
8161
7fa5
ea1f
a62b
790a
30e5
0fd3
1786
8010
7ffa
ec5e
a5a8
791d
30f6
0fd9
d0d2
82c8
7fe9
ee9f
a526
792f
3107
0fdf
98a5
8973
7f6f
f0e1
a4a5
7942
3118
0fe4
804d
93db
7e8f
f324
a424
7955
3129
0fea
8f49
a1ad
7d48
f568
a3a4
7967
313a
0ff0
c0fd
b278
7b9c
f7ad
a325
797a
314b
0ff6
0618
c5b5
798c
f9f3
a2a6
798c
315c
0ffc
4953
dac9
7719
fc39
a229
799e
316d
1001
75f8
f109
7446
fe80
a1ac
79b0
317e
1007
7e49
07c2
7115
00c7
a130
79c2
318f
100d
5fb5
1e3d
6d88
030d
a0b4
79d4
31a0
1013
23a7
33c3
69a3
0554
a03a
79e6
31b1
1018
dc9e
47a7
6568
079a
9fc0
79f8
31c2
101e
a07b
5949
60db
09df
9f47
7a09
31d3
1024
81c3
681a
5c00
0c24
9ece
7a1b
31e4
102a
89ec
73a2
56da
0e67
9e57
7a2c
31f5
1030
b672
7b85
516e
10aa
9de0
7a3e
3206
1035
f9a0
7f83
4bc0
12eb
9d6a
7a4f
3217
103b
3ec5
7f7a
45d5
152a
9cf5
7a60
3228
1041
7094
7b6d
3fb1
1768
9c81
7a71
3239
1047
7fb8
737b
395a
19a4
9c0d
7a82
324a
104c
6785
67e5
32d4
1bde
9b9b
7a93
325b
1052
2f71
5908
2c26
1e15
9b29
7aa4
326c
1058
e8c0
475c
2553
204a
9ab8
7ab4
327d
105e
a939
336f
1e62
227d
9a47
7ac5
328e
1064
846b
1de4
1759
24ad
99d8
7ad5
329f
1069
85ad
0767
103d
26d9
9969
7ae6
32af
106f
ac9b
f0af
0913
2903
98fb
7af6
32c0
1075
ed39
da72
01e2
2b29
988f
7b06
32d1
107b
339f
c564
fab0
2d4c
9822
7b16
32e2
1080
6a1f
b230
f382
2f6b
97b7
7b26
32f3
1086
7ff0
a16f
ec5e
3187
974d
7b36
3304
108c
6e5a
93ab
e54a
339e
96e3
7b46
3315
1092
3ac8
8951
de4c
35b1
967a
7b55
3326
1098
f51b
82b5
d769
37c0
9613
7b65
3337
109d
b2c9
800d
d0a7
39ca
95ac
7b74
3348
10a3
883f
816e
ca0b
3bcf
9545
7b84
3358
10a9
8297
86cd
c39b
3dd0
94e0
7b93
3369
10af
a38e
8fff
bd5b
3fcc
947c
7ba2
337a
10b4
e0fe
9cb8
b752
41c3
9418
7bb1
338b
10ba
27fb
ac94
b183
43b4
93b5
7bc0
339c
10c0
62a8
bf11
abf4
45a0
9354
7bcf
33ad
10c6
7ef2
d39a
a6a9
4786
92f3
7bdd
33be
10cc
7424
e98a
a1a6
4966
9293
7bec
33cf
10d1
4590
002f
9cf0
4b40
9234
7bfb
33df
10d7
0190
16d3
988a
4d15
91d5
7c09
33f0
10dd
bd15
2cbe
9477
4ee3
9178
7c17
3401
10e3
8d36
4140
90bc
50aa
911b
7c26
3412
10e8
80b1
53b4
8d5a
526c
90c0
7c34
3423
10ee
9b62
6383
8a56
5426
9065
7c42
3434
10f4
d50f
702f
87b0
55da
900b
7c50
3444
10fa
1bf7
7951
856c
5786
8fb2
7c5e
3455
1100
5a41
7ea0
838c
592c
8f5b
7c6b
3466
1105
7cc0
7ff0
820f
5aca
8f03
7c79
3477
110b
78d3
7d37
80f9
5c61
8ead
7c87
3488
1111
4fb0
768c
804a
5df1
8e58
7c94
3498
1117
0e02
6c23
8002
5f79
8e04
7ca1
34a9
111c
c804
5e51
8022
60f9
8db0
7caf
34ba
1122
9344
4d85
80a9
6272
8d5e
7cbc
34cb
1128
8001
3a48
8197
63e2
8d0c
7cc9
34dc
112e
942a
2534
82eb
654a
8cbc
7cd6
34ec
1134
c989
0ef4
84a5
66ab
8c6c
7ce2
34fd
1139
0fae
f83b
86c2
6802
8c1e
7cef
350e
113f
50ff
e1c0
8942
6952
8bd0
7cfc
351f
1145
795e
cc3a
8c22
6a99
8b83
7d08
352f
114b
7c5c
b856
8f5f
6bd7
8b37
7d15
3540
1150
590d
a6b5
92f8
6d0c
8aec
7d21
3551
1156
1a51
97e4
96e9
6e39
8aa2
7d2d
3562
115c
d37a
8c5c
9b2f
6f5d
8a59
7d39
3572
1162
9a59
847a
9fc7
7078
8a11
7d45
3583
1168
8087
807d
a4ac
7189
89ca
7d51
3594
116d
8df7
8086
a9db
7292
8984
7d5d
35a5
1173
be86
8494
af50
7391
893e
7d69
35b5
1179
033f
8c86
b507
7487
88fa
7d74
35c6
117f
46f9
981d
bafa
7573
88b7
7d80
35d7
1184
74d6
a6fb
c125
7656
8874
7d8b
35e8
118a
7eb8
b8a7
c783
772f
8833
7d97
35f8
1190
6193
cc94
ce0e
77ff
87f3
7da2
3609
1196
2661
e21f
d4c2
78c5
87b3
7dad
361a
119b
df5d
f89c
db99
7981
8775
7db8
362a
11a1
a266
0f55
e28d
7a34
8737
7dc3
363b
11a7
8243
2592
e99a
7adc
86fb
7dce
364c
11ad
88da
3a9f
f0b8
7b7a
86bf
7dd8
365c
11b3
b423
4dd3
f7e3
7c0f
8685
7de3
366d
11b8
f6c9
5e93
ff14
7c99
864b
7dee
367e
11be
3c46
6c57
0646
7d1a
8613
7df8
368e
11c4
6f32
76b0
0d73
7d90
85db
7e02
369f
11ca
7fe0
7d4c
1495
7dfc
85a4
7e0c
36b0
11cf
692c
7ff3
1ba6
7e5e
856f
7e16
36c0
11d5
3213
7e91
22a1
7eb6
853a
7e20
36d1
11db
eb8f
7932
2980
7f03
8506
7e2a
36e2
11e1
ab56
7000
303e
7f46
84d4
7e34
36f2
11e6
8530
6345
36d4
7f7f
84a2
7e3e
3703
11ec
84de
536a
3d3e
7fad
8472
7e47
3714
11f2
aa77
40ec
4377
7fd2
8442
7e51
3724
11f8
ea69
2c63
4978
7feb
8413
7e5a
3735
11fe
3101
1673
4f3f
7ffb
83e6
7e63
3746
1203
6881
ffcd
54c5
7fff
83b9
7e6d
3756
1209
7fd2
e92a
5a07
7ffb
838d
7e76
3767
120f
6fc5
d33f
5f00
7feb
8363
7e7f
3777
1215
3d4c
bebd
63ab
7fd1
8339
7e88
3788
121a
f7f2
ac4a
6807
7fad
8311
7e90
3799
1220
b513
9c7b
6c0e
7f7e
82e9
7e99
37a9
1226
8948
8fcf
6fbd
7f45
82c3
7ea1
37ba
122c
820d
86ae
7312
7f02
829d
7eaa
37ca
1231
a19c
8160
760a
7eb4
8278
7eb2
37db
1237
de3d
8010
78a3
7e5c
8255
7ebb
37ec
123d
2544
82c9
7ada
7dfa
8232
7ec3
37fc
1243
60d1
8976
7cad
7d8e
8211
7ecb
380d
1249
7e8d
93df
7e1c
7d18
81f0
7ed3
381d
124e
754f
a1b1
7f24
7c97
81d1
7eda
382e
1254
47f0
b27d
7fc6
7c0c
81b3
7ee2
383e
125a
0469
c5bb
7fff
7b78
8195
7eea
384f
1260
bf87
dacf
7fd2
7ad9
8179
7ef1
385f
1265
8e80
f110
7f3d
7a31
815d
7ef9
3870
126b
806d
07c9
7e42
797e
8143
7f00
3881
1271
99a6
1e43
7ce0
78c2
812a
7f07
3891
1277
d263
33c9
7b18
77fc
8112
7f0e
38a2
127c
192e
47ad
78ee
772c
80fa
7f15
38b2
1282
5837
594e
7661
7652
80e4
7f1c
38c3
1288
7c15
681e
7375
756f
80cf
7f23
38d3
128e
79bc
73a5
702b
7483
80bb
7f2a
38e4
1294
51e5
7b87
6c86
738d
80a8
7f30
38f4
1299
10d5
7f83
688a
728d
8096
7f37
3905
129f
ca97
7f7a
6439
7185
8084
7f3d
3915
12a5
94cb
7b6b
5f96
7073
8074
7f44
3926
12ab
8004
7378
5aa7
6f58
8065
7f4a
3936
12b0
92a8
67e1
556e
6e34
8057
7f50
3947
12b6
c6f9
5903
4ff0
6d07
804b
7f56
3957
12bc
0cda
4756
4a31
6bd1
803f
7f5c
3968
12c2
4ec6
3369
4436
6a93
8034
7f62
3978
12c7
786f
1ddd
3e04
694c
802a
7f67
3988
12cd
7d01
0760
37a0
67fc
8021
7f6d
3999
12d3
5b13
f0a8
310f
66a5
8019
7f72
39a9
12d9
1d19
da6b
2a56
6544
8013
7f78
39ba
12de
d628
c55e
237b
63dc
800d
7f7d
39ca
12e4
9c1b
b22a
1c83
626b
8008
7f82
39db
12ea
80d1
a16b
1574
60f3
8005
7f87
39eb
12f0
8cb3
93a7
0e53
5f72
8002
7f8c
39fc
12f6
bc18
894e
0727
5dea
8001
7f91
3a0c
12fb
0067
82b4
fff6
5c5a
8000
7f96
3a1c
1301
4496
800d
f8c4
5ac3
8001
7f9a
3a2d
1307
73a5
816f
f198
5925
8002
7f9f
3a3d
130d
7f17
86cf
ea78
577f
8005
7fa3
3a4e
1312
6364
9002
e369
55d2
8008
7fa8
3a5e
1318
2916
9cbd
dc72
541e
800d
7fac
3a6e
131e
e21f
ac99
d597
5264
8013
7fb0
3a7f
1324
a45d
bf17
cede
50a3
8019
7fb4
3a8f
1329
82d3
d3a1
c84e
4edb
8021
7fb8
3aa0
132f
87d7
e991
c1ea
4d0d
802a
7fbc
3ab0
1335
b1dc
0036
bbb8
4b38
8034
7fbf
3ac0
133b
f3f3
16da
b5be
495e
803f
7fc3
3ad1
1340
39bf
2cc5
b000
477d
804b
7fc6
3ae1
1346
6dc2
4146
aa83
4597
8058
7fca
3af1
134c
7ff8
53b9
a54b
43ab
8066
7fcd
3b02
1352
6ac4
6387
a05c
41ba
8075
7fd0
3b12
1357
34af
7032
9bbb
3fc3
8085
7fd3
3b23
135d
ee5f
7953
976b
3dc7
8096
7fd6
3b33
1363
ad7e
7ea1
936f
3bc7
80a8
7fd9
3b43
1369
8606
7ff0
8fcb
39c1
80bb
7fdc
3b54
136e
841f
7d36
8c83
37b7
80cf
7fdf
3b64
1374
a85f
7689
8997
35a8
80e4
7fe1
3b74
137a
e79c
6c1f
870c
3395
80fb
7fe4
3b85
1380
2e5c
5e4c
84e2
317d
8112
7fe6
3b95
1386
66d5
4d80
831c
2f62
812a
7fe8
3ba5
138b
7fa3
3a42
81bb
2d43
8143
7feb
3bb5
1391
7121
252e
80c0
2b20
815e
7fed
3bc6
1397
3fc8
0eed
802d
28f9
8179
7fef
3bd6
139d
faca
f834
8000
26d0
8196
7ff0
3be6
13a2
b767
e1ba
803c
24a3
81b3
7ff2
3bf7
13a8
8a60
cc34
80de
2273
81d1
7ff4
3c07
13ae
8193
b850
81e8
2041
81f1
7ff5
3c17
13b4
9fb6
a6b0
8358
1e0b
8211
7ff7
3c27
13b9
db80
97e0
852c
1bd4
8233
7ff8
3c38
13bf
2289
8c59
8764
199a
8255
7ff9
3c48
13c5
5eee
8478
89fe
175e
8279
7ffa
3c58
13cb
7e17
807d
8cf7
1520
829d
7ffb
3c68
13d0
766b
8086
904d
12e1
82c3
7ffc
3c79
13d6
4a46
8496
93fd
10a0
82ea
7ffd
3c89
13dc
0741
8c89
9805
0e5d
8311
7ffe
3c99
13e2
c200
9821
9c61
0c1a
833a
7fff
3ca9
13e7
8fd8
a700
a10e
09d5
8363
7fff
3cba
13ed
803a
b8ad
a608
0790
838e
7fff
3cca
13f3
97f6
cc9a
ab4a
054a
83ba
7fff
3cda
13f9
cfbd
e226
b0d1
0303
83e6
7fff
3cea
13fe
1661
f8a3
b698
00bd
8414
7fff
3cfa
1404
5621
0f5b
bc9b
fe76
8442
7fff
3d0b
140a
7b5a
2598
c2d4
fc2f
8472
7fff
3d1b
1410
7a95
3aa5
c93e
f9e9
84a3
7fff
3d2b
1415
5410
4dd8
cfd5
f7a3
84d4
7fff
3d3b
141b
13a7
5e97
d693
f55e
8507
7fff
3d4b
1421
cd30
6c5b
dd72
f31a
853b
7ffe
3d5c
1427
9660
76b3
e46e
f0d7
856f
7ffe
3d6c
142c
8018
7d4d
eb7f
ee95
85a5
7ffd
3d7c
1432
9134
7ff3
f2a2
ec54
85dc
7ffc
3d8c
1438
c470
7e90
f9cf
ea15
8613
7ffb
3d9c
143e
0a04
7930
0101
e7d8
864c
7ffa
3dac
1443
4c82
6ffd
0832
e59d
8685
7ff9
3dbc
1449
7771
6341
0f5c
e364
86c0
7ff8
3dcd
144f
7d96
5364
167b
e12d
86fb
7ff6
3ddd
1455
5d0e
40e6
1d87
def9
8738
7ff5
3ded
145a
1fdd
2c5c
247b
dcc7
8775
7ff3
3dfd
1460
d8dc
166c
2b51
da98
87b4
7ff2
3e0d
1466
9de9
ffc7
3205
d86d
87f3
7ff0
3e1d
146c
812c
e923
3890
d644
8834
7fee
3e2d
1472
8b7e
d338
3eed
d41f
8875
7fec
3e3d
1477
b9b3
beb7
4517
d1fd
88b7
7fea
3e4e
147d
fd8e
ac45
4b0a
cfe0
88fb
7fe8
3e5e
1483
422a
9c77
50c0
cdc6
893f
7fe5
3e6e
1489
7265
8fcc
5634
cbb0
8984
7fe3
3e7e
148e
7f66
86ac
5b62
c99e
89cb
7fe0
3e8e
1494
6529
815f
6047
c791
8a12
7fde
3e9e
149a
2bc5
8010
64de
c588
8a5a
7fdb
3eae
14a0
e4e6
82cb
6923
c384
8aa3
7fd8
3ebe
14a5
a660
8978
6d13
c185
8aed
7fd5
3ece
14ab
8374
93e3
70aa
bf8b
8b38
7fd2
3ede
14b1
86e4
a1b6
73e7
bd96
8b84
7fcf
3eee
14b7
afa0
b283
76c6
bba7
8bd1
7fcc
3efe
14bc
f11e
c5c1
7944
b9bd
8c1e
7fc9
3f0e
14c2
3731
dad6
7b61
b7d9
8c6d
7fc5
3f1e
14c8
6c45
f116
7d19
b5fa
8cbd
7fc2
3f2e
14ce
7fff
07d0
7e6c
b422
8d0d
7fbe
3f3e
14d3
6c50
1e4a
7f59
b250
8d5f
7fba
3f4e
14d9
3743
33cf
7fdf
b084
8db1
7fb6
3f5e
14df
f132
47b2
7ffe
aebe
8e05
7fb3
3f6e
14e5
afb0
5953
7fb5
acff
8e59
7fae
3f7e
14ea
86ea
6822
7f04
ab47
8eae
7faa
3f8e
14f0
836f
73a8
7ded
a996
8f04
7fa6
3f9e
14f6
a651
7b89
7c70
a7eb
8f5b
7fa2
3fae
14fc
e4d2
7f84
7a8e
a648
8fb3
7f9d
3fbe
1501
2bb2
7f79
7849
a4ac
900c
7f99
3fce
1507
651d
7b6a
75a2
a318
9066
7f94
3fde
150d
7f64
7375
729d
a18b
90c1
7f8f
3fee
1513
726f
67dd
6f3a
a005
911c
7f8a
3ffe
1518
423c
58fe
6b7e
9e88
9179
7f85
400e
151e
fda2
4750
676a
9d12
91d6
7f80
401e
1524
b9c4
3363
6303
9ba4
9235
7f7b
402e
1529
8b87
1dd7
5e4c
9a3f
9294
7f76
403e
152f
8129
075a
5948
98e1
92f4
7f70
404e
1535
9ddc
f0a1
53fc
978c
9355
7f6b
405e
153b
d8c8
da65
4e6d
9640
93b7
7f65
406e
1540
1fc9
c558
489d
94fc
9419
7f60
407e
1546
5cff
b225
4293
93c0
947d
7f5a
408e
154c
7d92
a166
3c53
928e
94e1
7f54
409e
1552
7778
93a4
35e3
9164
9547
7f4e
40ae
1557
4c93
894c
2f46
9043
95ad
7f48
40bd
155d
0a18
82b2
2884
8f2c
9614
7f41
40cd
1563
c482
800d
21a0
8e1d
967c
7f3b
40dd
1569
913e
8170
1aa2
8d18
96e4
7f35
40ed
156e
8017
86d1
138d
8c1c
974e
7f2e
40fd
1574
9654
9005
0c69
8b29
97b8
7f28
410d
157a
cd1d
9cc1
053b
8a40
9824
7f21
411d
1580
1392
ac9e
fe09
8960
9890
7f1a
412d
1585
5400
bf1d
f6d8
888a
98fd
7f13
413c
158b
7a8f
d3a7
efaf
87bd
996a
7f0c
414c
1591
7b5f
e997
e893
86fb
99d9
7f05
415c
1597
5630
003d
e18a
8642
9a49
7efe
416c
159c
1676
16e0
da99
8593
9ab9
7ef6
417c
15a2
cfd0
2ccb
d3c7
84ee
9b2a
7eef
418c
15a8
9802
414c
cd19
8453
9b9c
7ee7
419b
15ae
803b
53be
c694
83c1
9c0f
7edf
41ab
15b3
8fce
638c
c03d
833a
9c82
7ed8
41bb
15b9
c1ee
7036
ba1a
82bd
9cf6
7ed0
41cb
15bf
072d
7956
b42f
824b
9d6c
7ec8
41db
15c5
4a35
7ea2
ae82
81e2
9de1
7ec0
41eb
15ca
7663
7ff0
a917
8183
9e58
7eb8
41fa
15d0
7e1b
7d35
a3f2
812f
9ed0
7eaf
420a
15d6
5efc
7687
9f17
80e5
9f48
7ea7
421a
15dc
229c
6c1c
9a8b
80a6
9fc1
7e9e
422a
15e1
db94
5e48
9652
8070
a03b
7e96
4239
15e7
9fc3
4d7b
926d
8045
a0b6
7e8d
4249
15ed
8196
3a3c
8ee2
8025
a131
7e84
4259
15f3
8a58
2527
8bb1
800e
a1ad
7e7c
4269
15f8
b756
0ee6
88df
8002
a22a
7e73
4278
15fe
fab5
f82d
866e
8001
a2a8
7e69
4288
1604
3fb6
e1b3
845f
8009
a326
7e60
4298
1609
7117
cc2e
82b4
801c
a3a6
7e57
42a8
160f
7fa4
b84b
816e
803a
a426
7e4e
42b7
1615
66e1
a6ab
808f
8062
a4a6
7e44
42c7
161b
2e6f
97dc
8017
8094
a528
7e3a
42d7
1620
e7b0
8c56
8006
80d0
a5aa
7e31
42e7
1626
a86e
8476
805d
8117
a62d
7e27
42f6
162c
8424
807c
811b
8168
a6b0
7e1d
4306
1632
85ff
8087
8240
81c3
a735
7e13
4316
1637
ad6e
8497
83cb
8229
a7ba
7e09
4325
163d
ee4b
8c8c
85ba
8298
a840
7dff
4335
1643
349c
9825
880c
8312
a8c6
7df4
4345
1649
6ab9
a704
8ac0
8396
a94d
7dea
4354
164e
7ff8
b8b2
8dd2
8424
a9d5
7ddf
4364
1654
6dcd
cca0
9141
84bc
aa5e
7dd5
4374
165a
39d1
e22c
9509
855e
aae7
7dca
4383
1660
f407
f8aa
9928
860a
ab71
7dbf
4393
1665
b1ed
0f62
9d9a
86c0
abfc
7db4
43a3
166b
87de
259e
a25b
8780
ac87
7da9
43b2
1671
82cf
3aab
a769
8849
ad13
7d9e
43c2
1677
a44f
4dde
acbe
891c
ada0
7d93
43d2
167c
e20b
5e9c
b257
89f9
ae2d
7d87
43e1
1682
2902
6c5e
b82e
8adf
aebb
7d7c
43f1
1688
6357
76b6
be40
8bcf
af4a
7d70
4400
168d
7f14
7d4e
c486
8cc8
afd9
7d65
4410
1693
73ae
7ff3
cafd
8dca
b069
7d59
4420
1699
44a7
7e8f
d19f
8ed6
b0fa
7d4d
442f
169f
007b
792e
d866
8feb
b18b
7d41
443f
16a4
bc29
6ff9
df4e
9109
b21d
7d35
444e
16aa
8cbc
633d
e650
9230
b2b0
7d29
445e
16b0
80cf
535f
ed66
9360
b343
7d1d
446e
16b6
9c0e
40e1
f48c
9498
b3d7
7d10
447d
16bb
d615
2c56
fbbb
95da
b46b
7d04
448d
16c1
1d05
1665
02ed
9724
b500
7cf7
449c
16c7
5b05
ffc0
0a1d
9876
b596
7ceb
44ac
16cd
7cfd
e91d
1145
99d1
b62c
7cde
44bb
16d2
7876
d332
185f
9b34
b6c3
7cd1
44cb
16d8
4ed6
beb1
1f65
9c9f
b75a
7cc4
44da
16de
0cee
ac40
2652
9e12
b7f2
7cb7
44ea
16e3
c70b
9c72
2d20
9f8d
b88b
7caa
44fa
16e9
92b2
8fc9
33c9
a110
b924
7c9d
4509
16ef
8004
86a9
3a48
a29b
b9be
7c8f
4519
16f5
94c0
815e
4098
a42d
ba58
7c82
4528
16fa
ca84
8010
46b4
a5c7
baf3
7c74
4538
1700
10c1
82cc
4c97
a768
bb8e
7c67
4547
1706
51d5
897b
523c
a910
bc2a
7c59
4557
170c
79b5
93e6
579e
aabf
bcc7
7c4b
4566
1711
7c1a
a1bb
5cb9
ac75
bd64
7c3d
4576
1717
5845
b288
6189
ae32
be02
7c2f
4585
171d
1942
c5c7
660a
aff6
bea0
7c21
4594
1723
d277
dadc
6a39
b1bf
bf3e
7c12
45a4
1728
99b2
f11d
6e11
b390
bfde
7c04
45b3
172e
806f
07d6
7191
b566
c07d
7bf6
45c3
1734
8e76
1e50
74b5
b743
c11e
7be7
45d2
1739
bf75
33d5
777a
b925
c1be
7bd8
45e2
173f
0454
47b8
79de
bb0d
c260
7bca
45f1
1745
47df
5958
7be0
bcfb
c301
7bbb
4601
174b
7546
6826
7d7e
beee
c3a4
7bac
4610
1750
7e90
73ab
7eb6
c0e6
c446
7b9d
461f
1756
60df
7b8a
7f87
c2e4
c4ea
7b8d
462f
175c
2558
7f84
7ff2
c4e6
c58d
7b7e
463e
1762
de51
7f79
7ff4
c6ee
c631
7b6f
464e
1767
a1aa
7b68
7f90
c8fa
c6d6
7b5f
465d
176d
8210
7372
7ec4
cb0a
c77b
7b50
466c
1773
8940
67d9
7d91
cd1e
c821
7b40
467c
1778
b503
58f9
7bf9
cf37
c8c7
7b30
468b
177e
f7dd
474b
79fc
d154
c96d
7b20
469b
1784
3d3a
335d
779d
d374
ca14
7b10
46aa
178a
6fbb
1dd0
74dd
d598
cabb
7b00
46b9
178f
7fd3
0753
71be
d7c0
cb63
7af0
46c9
1795
688d
f09b
6e43
d9eb
cc0b
7ae0
46d8
179b
3113
da5e
6a6f
dc18
ccb4
7acf
46e7
17a1
ea7d
c552
6645
de49
cd5d
7abf
46f7
17a6
aa87
b220
61c8
e07d
ce06
7aae
4706
17ac
84e3
a162
5cfc
e2b3
ceb0
7a9e
4715
17b2
852b
93a0
57e5
e4eb
cf5b
7a8d
4725
17b7
ab46
8949
5286
e726
d005
7a7c
4734
17bd
eb7a
82b1
4ce5
e962
d0b0
7a6b
4743
17c3
3200
800c
4705
eba1
d15c
7a5a
4753
17c9
6920
8171
40ed
ede1
d207
7a49
4762
17ce
7fdf
86d4
3a9f
f022
d2b4
7a38
4771
17d4
6f3d
9008
3422
f265
d360
7a26
4780
17da
3c58
9cc5
2d7b
f4a9
d40d
7a15
4790
17e0
f6dd
aca3
26af
f6ee
d4ba
7a03
479f
17e5
b433
bf22
1fc4
f933
d568
79f2
47ae
17eb
88e1
d3ad
18bf
fb7a
d616
79e0
47be
17f1
823f
e99e
11a6
fdc0
d6c4
79ce
47cd
17f6
a258
0043
0a7f
0007
d773
79bc
47dc
17fc
df49
16e7
034f
024d
d822
79aa
47eb
1802
264d
2cd1
fc1c
0494
d8d1
7998
47fb
1808
6186
4152
f4ed
06da
d980
7986
480a
180d
7eb5
53c3
edc7
0920
da30
7973
4819
1813
74df
6390
e6af
0b64
dae1
7961
4828
1819
470a
7039
dfac
0da8
db91
794e
4837
181f
0354
7958
d8c3
0feb
dc42
793c
4847
1824
be98
7ea3
d1fa
122d
dcf3
7929
4856
182a
8e01
7ff0
cb56
146d
dda4
7916
4865
1830
8085
7d33
c4dd
16ab
de56
7903
4874
1835
9a4d
7684
be93
18e8
df08
78f0
4883
183b
d367
6c18
b87f
1b22
dfba
78dd
4893
1841
1a3d
5e43
b2a4
1d5a
e06c
78ca
48a2
1847
58ff
4d75
ad08
1f90
e11f
78b6
48b1
184c
7c57
3a36
a7af
21c4
e1d2
78a3
48c0
1852
7965
2521
a29e
23f4
e285
788f
48cf
1858
510f
0ee0
9dd8
2622
e339
787c
48de
185d
0fc2
f826
9962
284d
e3ec
7868
48ee
1863
c99b
e1ad
953f
2a74
e4a0
7854
48fd
1869
9435
cc28
9172
2c98
e554
7840
490c
186f
8001
b845
8dfe
2eb9
e609
782c
491b
1874
9339
a6a6
8ae7
30d5
e6bd
7818
492a
187a
c7f1
97d8
882f
32ee
e772
7804
4939
1880
0ded
8c54
85d7
3502
e827
77f0
4948
1885
4f9f
8475
83e3
3713
e8dc
77db
4957
188b
78cc
807b
8253
391e
e991
77c7
4967
1891
7cc4
8088
8128
3b25
ea47
77b2
4976
1897
5a50
8499
8064
3d28
eafd
779d
4985
189c
1c0b
8c8f
8008
3f25
ebb2
7789
4994
18a2
d523
9829
8013
411e
ec69
7774
49a3
18a8
9b6e
a709
8086
4311
ed1f
775f
49b2
18ae
80b3
b8b8
8160
44fe
edd5
774a
49c1
18b3
8d2d
cca6
82a0
46e6
ee8b
7734
49d0
18b9
bd04
e233
8446
48c8
ef42
771f
49df
18bf
017c
f8b0
8650
4aa5
eff9
770a
49ee
18c4
457f
0f69
88bc
4c7b
f0b0
76f4
49fd
18ca
741b
25a5
8b89
4e4b
f167
76df
4a0c
18d0
7ef5
3ab1
8eb4
5015
f21e
76c9
4a1b
18d6
62b5
4de3
923b
51d8
f2d5
76b3
4a2a
18db
280f
5ea1
961b
5395
f38c
769e
4a39
18e1
e112
6c62
9a50
554b
f444
7688
4a48
18e7
a39c
76b8
9ed8
56fa
f4fb
7672
4a57
18ec
829b
7d50
a3ae
58a2
f5b3
765b
4a66
18f2
8838
7ff4
a8cf
5a43
f66b
7645
4a75
18f8
b2b9
7e8e
ae37
5bdc
f723
762f
4a84
18fe
f507
792b
b3e1
5d6e
f7da
7618
4a93
1903
3ab6
6ff6
b9c8
5ef9
f892
7602
4aa2
1909
6e50
6339
bfe8
607c
f94a
75eb
4ab1
190f
7ff1
535a
c63c
61f7
fa02
75d5
4ac0
1914
6a2a
40db
ccbf
636a
faba
75be
4acf
191a
33b1
2c50
d36c
64d5
fb73
75a7
4ade
1920
ed4d
165f
da3c
6637
fc2b
7590
4aed
1926
acab
ffb9
e12b
6792
fce3
7579
4afc
192b
85b3
e916
e833
68e4
fd9b
7562
4b0b
1931
8465
d32c
ef4e
6a2e
fe53
754a
4b1a
1937
a929
beab
f677
6b6f
ff0c
7533
4b29
193c
e8ac
ac3b
fda7
6ca7
ffc4
751b
4b38
1942
2f5e
9c6e
04da
6dd7
007c
7504
4b47
1948
6779
8fc6
0c08
6efe
0134
74ec
4b55
194e
7fb6
86a7
132d
701c
01ed
74d4
4b64
1953
709e
815d
1a42
7130
02a5
74bd
4b73
1959
3ed7
8011
2142
723c
035d
74a5
4b82
195f
f9b5
82cd
2827
733e
0415
748d
4b91
1964
b683
897d
2eec
7437
04ce
7474
4ba0
196a
89f4
93ea
358a
7526
0586
745c
4baf
1970
81bf
a1bf
3bfd
760c
063e
7444
4bbe
1976
a06d
b28d
4240
76e9
06f6
742b
4bcc
197b
dc8a
c5cd
484d
77bc
07ae
7413
4bdb
1981
2393
dae3
4e1f
7885
0866
73fa
4bea
1987
5fa7
f124
53b3
7944
091d
73e2
4bf9
198c
7e46
07dd
5902
79fa
09d5
73c9
4c08
1992
7600
1e57
5e0a
7aa6
0a8d
73b0
4c17
1998
4963
33db
62c5
7b47
0b44
7397
4c25
199d
062c
47be
6731
7bdf
0bfc
737e
4c34
19a3
c10e
595c
6b49
7c6d
0cb3
7365
4c43
19a9
8f53
682a
6f0a
7cf1
0d6b
734b
4c52
19af
804c
73ae
7271
7d6a
0e22
7332
4c61
19b4
9899
7b8c
757c
7dda
0ed9
7319
4c6f
19ba
d0bf
7f85
7827
7e3f
0f90
72ff
4c7e
19c0
1772
7f78
7a71
7e9a
1047
72e5
4c8d
19c5
56ed
7b66
7c59
7eeb
10fe
72cc
4c9c
19cb
7ba3
7370
7ddb
7f31
11b4
72b2
4cab
19d1
7a44
67d5
7ef8
7f6d
126a
7298
4cb9
19d7
533e
58f4
7fae
7f9f
1321
727e
4cc8
19dc
1295
4745
7ffd
7fc7
13d7
7264
4cd7
19e2
cc32
3357
7fe4
7fe4
148d
724a
4ce5
19e8
95c4
1dca
7f63
7ff7
1543
722f
4cf4
19ed
800e
074c
7e7c
7fff
15f8
7215
4d03
19f3
91c0
f094
7d2e
7ffe
16ae
71fb
4d12
19f9
c566
da58
7b7a
7ff1
1763
71e0
4d20
19ff
0b18
c54c
7963
7fdb
1818
71c5
4d2f
1a04
4d60
b21a
76ea
7fba
18cd
71ab
4d3e
1a0a
77d3
a15d
7410
7f8f
1982
7190
4d4c
1a10
7d5f
939c
70d9
7f59
1a36
7175
4d5b
1a15
5c4e
8947
6d46
7f19
1aea
715a
4d6a
1a1b
1ed0
82b0
695a
7ecf
1b9e
713f
4d78
1a21
d7d4
800c
651a
7e7a
1c52
7123
4d87
1a26
9d38
8172
6087
7e1c
1d06
7108
4d96
1a2c
8107
86d6
5ba7
7db3
1db9
70ed
4da4
1a32
8bf2
900c
567c
7d40
1e6c
70d1
4db3
1a38
ba9b
9cc9
510b
7cc3
1f1f
70b6
4dc2
1a3d
fea3
aca8
4b59
7c3b
1fd2
709a
4dd0
1a43
4317
bf28
4569
7baa
2084
707e
4ddf
1a49
72e1
d3b4
3f42
7b0f
2136
7062
4dee
1a4e
7f4a
e9a5
38e7
7a69
21e8
7046
4dfc
1a54
647f
004a
325f
79ba
229a
702a
4e0b
1a5a
2ac0
16ed
2bad
7901
234b
700e
4e19
1a5f
e3d7
2cd8
24d8
783e
23fc
6ff2
4e28
1a65
a59b
4158
1de6
7771
24ac
6fd6
4e37
1a6b
8335
53c8
16db
769b
255d
6fb9
4e45
1a71
873e
6394
0fbd
75bb
260d
6f9d
4e54
1a76
b079
703c
0893
74d2
26bd
6f80
4e62
1a7c
f231
795a
0162
73df
276c
6f64
4e71
1a82
382a
7ea4
fa30
72e2
281b
6f47
4e7f
1a87
6cd7
7fef
f303
71dd
28ca
6f2a
4e8e
1a8d
7fff
7d32
ebe0
70ce
2979
6f0d
4e9d
1a93
6bbb
7682
e4cd
6fb6
2a27
6ef0
4eab
1a98
3649
6c14
ddd0
6e95
2ad5
6ed3
4eba
1a9e
f01f
5e3f
d6ef
6d6b
2b82
6eb6
4ec8
1aa4
aed9
4d70
d030
6c38
2c2f
6e99
4ed7
1aaa
8691
3a30
c997
6afd
2cdc
6e7b
4ee5
1aaf
83b0
251a
c32a
69b9
2d88
6e5e
4ef4
1ab5
a718
0ed9
bcee
686c
2e34
6e40
4f02
1abb
e5e1
f820
b6e8
6717
2ee0
6e23
4f11
1ac0
2cb6
e1a6
b11e
65b9
2f8b
6e05
4f1f
1ac6
65c6
cc21
ab93
6453
3036
6de7
4f2e
1acc
7f7d
b840
a64d
62e6
30e1
6dc9
4f3c
1ad1
71f1
a6a1
a150
6170
318b
6dab
4f4b
1ad7
414e
97d4
9c9f
5ff2
3235
6d8d
4f59
1add
fc8d
8c51
983e
5e6c
32de
6d6f
4f68
1ae3
b8dd
8473
9432
5cdf
3387
6d50
4f76
1ae8
8b15
807b
907d
5b4a
342f
6d32
4f84
1aee
814f
8088
8d22
59ae
34d7
6d14
4f93
1af4
9e8e
849b
8a23
580b
357f
6cf5
4fa1
1af9
d9d0
8c92
8785
5660
3626
6cd7
4fb0
1aff
20d5
982d
8548
54af
36cd
6cb8
4fbe
1b05
5dbd
a70e
836e
52f6
3773
6c99
4fcd
1b0a
7dc6
b8be
81f9
5137
3819
6c7a
4fdb
1b10
7713
ccac
80ea
4f72
38be
6c5b
4fe9
1b16
4bb4
e239
8042
4da6
3963
6c3c
4ff8
1b1c
0904
f8b7
8001
4bd3
3a08
6c1d
5006
1b21
c38d
0f70
8028
49fb
3aac
6bfe
5015
1b27
90b4
25ab
80b6
481c
3b4f
6bde
5023
1b2d
8022
3ab7
81ab
4638
3bf2
6bbf
5031
1b32
96f2
4de9
8307
444e
3c95
6b9f
5040
1b38
ce1c
5ea5
84c7
425e
3d37
6b80
504e
1b3e
14a4
6c65
86ec
4069
3dd9
6b60
505c
1b43
54d1
76bb
8972
3e6f
3e7a
6b40
506b
1b49
7ade
7d51
8c59
3c70
3f1a
6b21
5079
1b4f
7b14
7ff4
8f9d
3a6c
3fba
6b01
5087
1b54
5562
7e8d
933c
3863
405a
6ae1
5096
1b5a
1565
7929
9732
3656
40f9
6ac1
50a4
1b60
ced0
6ff3
9b7e
3444
4197
6aa0
50b2
1b66
9762
6334
a01b
322e
4235
6a80
50c1
1b6b
802c
5355
a506
3014
42d3
6a60
50cf
1b71
9054
40d5
aa3a
2df6
4370
6a3f
50dd
1b77
c2e1
2c49
afb4
2bd4
440c
6a1f
50eb
1b7c
0841
1658
b56f
29af
44a8
69fe
50fa
1b82
4b16
ffb2
bb66
2786
4543
69dd
5108
1b88
76cb
e90f
c195
255b
45de
69bd
5116
1b8d
7dea
d325
c7f6
232c
4678
699c
5124
1b93
5e41
bea6
ce84
20fa
4711
697b
5133
1b99
2191
ac35
d53b
1ec6
47aa
695a
5141
1b9e
da8b
9c6a
dc14
1c8f
4843
6939
514f
1ba4
9f0d
8fc2
e30a
1a56
48db
6917
515d
1baa
816c
86a5
ea18
181b
4972
68f6
516c
1bb0
8ac6
815c
f137
15dd
4a08
68d5
517a
1bb5
b83b
8011
f863
139e
4a9e
68b3
5188
1bbb
fbca
82cf
ff94
115e
4b34
6892
5196
1bc1
40a6
8980
06c6
0f1c
4bc9
6870
51a4
1bc6
7198
93ed
0df2
0cd9
4c5d
684e
51b3
1bcc
7f8e
a1c4
1514
0a94
4cf0
682c
51c1
1bd2
663c
b293
1c24
084f
4d83
680a
51cf
1bd7
2d6d
c5d3
231d
0609
4e16
67e8
51dd
1bdd
e6a0
dae9
29fa
03c3
4ea7
67c6
51eb
1be3
a7a4
f12b
30b5
017d
4f38
67a4
51fa
1be8
83df
07e4
3748
ff36
4fc9
6782
5208
1bee
8654
1e5d
3daf
fcef
5059
6760
5216
1bf4
ae43
33e2
43e4
faa9
50e8
673d
5224
1bf9
ef5e
47c3
49e1
f863
5176
671b
5232
1bff
3598
5961
4fa3
f61e
5204
66f8
5240
1c05
6b51
682e
5525
f3d9
5291
66d6
524e
1c0b
7ffd
73b1
5a62
f196
531e
66b3
525c
1c10
6d3e
7b8e
5f55
ef53
53a9
6690
526b
1c16
38da
7f85
63fc
ed12
5435
666d
5279
1c1c
f2f3
7f77
6851
ead3
54bf
664a
5287
1c21
b112
7b64
6c52
e895
5549
6627
5295
1c27
8780
736d
6ffc
e659
55d2
6604
52a3
1c2d
830a
67d1
734a
e41f
565a
65e1
52b1
1c32
a511
58ef
763c
e1e8
56e2
65bd
52bf
1c38
e319
4740
78ce
dfb2
5769
659a
52cd
1c3e
2a08
3351
7afe
dd80
57ef
6576
52db
1c43
6405
1dc3
7cca
db50
5875
6553
52e9
1c49
7f34
0746
7e31
d923
58f9
652f
52f7
1c4f
7336
f08d
7f33
d6fa
597e
650b
5305
1c54
43bc
da51
7fcd
d4d4
5a01
64e8
5313
1c5a
ff66
c546
7fff
d2b1
5a84
64c4
5321
1c60
bb3f
b215
7fcb
d092
5b05
64a0
532f
1c65
8c45
a159
7f2f
ce76
5b87
647c
533d
1c6b
80ef
9399
7e2c
cc5f
5c07
6458
534b
1c71
9cbc
8944
7cc3
ca4c
5c87
6433
5359
1c77
d71b
82ae
7af5
c83d
5d06
640f
5367
1c7c
1e12
800c
78c3
c633
5d84
63eb
5375
1c82
5bc7
8173
7630
c42e
5e01
63c6
5383
1c88
7d37
86d8
733d
c22d
5e7e
63a2
5391
1c8d
7817
900f
6fed
c031
5efa
637d
539f
1c93
4dfb
9cce
6c42
be3b
5f75
6358
53ad
1c99
0bda
acae
683f
bc49
5ff0
6334
53bb
1c9e
c613
bf2e
63e8
ba5e
6069
630f
53c9
1ca4
9223
d3ba
5f41
b878
60e2
62ea
53d7
1caa
8009
e9ab
5a4c
b697
615a
62c5
53e5
1caf
9558
0051
550e
b4bd
61d1
62a0
53f3
1cb5
cb80
16f4
4f8b
b2e9
6248
627a
5401
1cbb
11d4
2cde
49c8
b11b
62bd
6255
540e
1cc0
52a9
415d
43c9
af53
6332
6230
541c
1cc6
7a0a
53cd
3d94
ad92
63a6
620a
542a
1ccc
7bd5
6398
372c
abd7
6419
61e5
5438
1cd1
577c
703f
3098
aa24
648c
61bf
5446
1cd7
1832
795c
29dd
a877
64fe
619a
5454
1cdd
d174
7ea5
22ff
a6d2
656e
6174
5462
1ce2
990c
7fef
1c06
a533
65de
614e
5470
1ce8
805a
7d30
14f5
a39c
664e
6128
547d
1cee
8ef7
767f
0dd4
a20d
66bc
6102
548b
1cf3
c065
6c11
06a7
a085
6729
60dc
5499
1cf9
0569
5e3a
ff75
9f05
6796
60b6
54a7
1cff
48c3
4d6b
f844
9d8c
6802
6090
54b5
1d04
75b4
3a2a
f119
9c1c
686d
606a
54c3
1d0a
7e65
2514
e9fa
9ab4
68d7
6043
54d0
1d10
6029
0ed2
e2ec
9953
6940
601d
54de
1d15
244e
f819
dbf6
97fc
69a9
5ff6
54ec
1d1b
dd46
e19f
d51e
96ac
6a10
5fd0
54fa
1d21
a0ef
cc1b
ce68
9565
6a77
5fa9
5507
1d27
81e0
b83a
c7da
9427
6add
5f82
5515
1d2c
89a9
a69c
c17a
92f2
6b42
5f5b
5523
1d32
b5e4
97d0
bb4c
91c5
6ba6
5f34
5531
1d38
f8f2
8c4e
b556
90a1
6c09
5f0d
553f
1d3d
3e2d
8471
af9c
8f87
6c6c
5ee6
554c
1d43
7041
807a
aa24
8e75
6ccd
5ebf
555a
1d49
7fc3
8089
a4f0
8d6d
6d2e
5e98
5568
1d4e
67ec
849d
a007
8c6e
6d8e
5e71
5575
1d54
3013
8c95
9b6b
8b78
6dec
5e49
5583
1d5a
e96c
9831
9721
8a8b
6e4a
5e22
5591
1d5f
a9b9
a713
932b
89a9
6ea7
5dfa
559f
1d65
8499
b8c3
8f8e
88cf
6f04
5dd3
55ac
1d6b
857a
ccb2
8c4b
8800
6f5f
5dab
55ba
1d70
ac17
e240
8967
873a
6fb9
5d83
55c8
1d76
ec8c
f8be
86e2
867e
7013
5d5c
55d5
1d7c
32ff
0f76
84bf
85cb
706b
5d34
55e3
1d81
69bd
25b2
8300
8523
70c3
5d0c
55f1
1d87
7fea
3abd
81a6
8485
711a
5ce4
55fe
1d8d
6eb2
4dee
80b3
83f0
716f
5cbc
560c
1d92
3b63
5eaa
8026
8366
71c4
5c93
561a
1d98
f5c9
6c69
8001
82e5
7218
5c6b
5627
1d9e
b355
76bd
8044
826f
726b
5c43
5635
1da3
887d
7d52
80ed
8203
72be
5c1a
5642
1da9
8274
7ff4
81fe
81a1
730f
5bf2
5650
1daf
a316
7e8c
8375
814a
735f
5bc9
565e
1db4
e055
7927
8550
80fc
73ae
5ba1
566b
1dba
2755
6fef
878f
80b9
73fd
5b78
5679
1dc0
6238
6330
8a2f
8081
744a
5b4f
5686
1dc5
7edb
5350
8d2f
8052
7497
5b26
5694
1dcb
746d
40cf
908c
802e
74e2
5afd
56a2
1dd1
4623
2c43
9442
8014
752d
5ad4
56af
1dd6
023f
1651
9850
8005
7577
5aab
56bd
1ddc
bdaa
ffac
9cb2
8000
75bf
5a82
56ca
1de2
8d84
e909
a164
8005
7607
5a59
56d8
1de7
809f
d31f
a663
8015
764e
5a2f
56e5
1ded
9af6
bea0
abab
802f
7694
5a06
56f3
1df3
d46b
ac30
b136
8053
76d9
59dc
5700
1df8
1b4c
9c66
b702
8082
771d
59b3
570e
1dfe
59c5
8fbf
bd08
80bb
7760
5989
571b
1e04
7c98
86a3
c345
80ff
77a2
5960
5729
1e09
790c
815b
c9b2
814c
77e3
5936
5736
1e0f
5038
8011
d04c
81a4
7823
590c
5744
1e15
0eaf
82d0
d70c
8206
7862
58e2
5751
1e1a
c8a1
8982
ddee
8273
78a0
58b8
575f
1e20
93a0
93f1
e4eb
82e9
78dd
588e
576c
1e26
8000
a1c8
ebfe
836a
7919
5864
577a
1e2b
93cc
b298
f321
83f4
7955
583a
5787
1e31
c8eb
c5d9
fa4f
8489
798f
5810
5795
1e37
0f01
daf0
0181
8528
79c8
57e5
57a2
1e3c
5078
f131
08b2
85d0
7a00
57bb
57af
1e42
7926
07ea
0fdc
8683
7a38
5790
57bd
1e48
7c85
1e64
16f9
873f
7a6e
5766
57ca
1e4d
598a
33e8
1e03
8806
7aa3
573b
57d8
1e53
1afc
47c9
24f6
88d6
7ad7
5711
57e5
1e59
d41e
5966
2bca
89af
7b0b
56e6
57f3
1e5e
9ac4
6831
327b
8a92
7b3d
56bb
5800
1e64
8097
73b4
3903
8b7f
7b6e
5690
580d
1e6a
8da8
7b90
3f5d
8c75
7b9f
5665
581b
1e6f
bdf0
7f86
4583
8d74
7bce
563a
5828
1e75
0291
7f77
4b72
8e7d
7bfc
560f
5835
1e7b
4667
7b62
5123
8f8f
7c29
55e4
5843
1e80
748f
736a
5693
90aa
7c56
55b9
5850
1e86
7ed0
67cd
5bbc
91ce
7c81
558d
585d
1e8b
6203
58eb
609b
92fb
7cab
5562
586b
1e91
2707
473a
652c
9430
7cd5
5537
5878
1e97
e006
334a
696c
956f
7cfd
550b
5885
1e9c
a2dd
1dbd
6d56
96b6
7d24
54df
5893
1ea2
8264
073f
70e7
9805
7d4a
54b4
58a0
1ea8
889b
f086
741d
995d
7d6f
5488
58ad
1ead
b396
da4b
76f5
9abe
7d94
545c
58bb
1eb3
f61b
c540
796d
9c26
7db7
5430
58c8
1eb9
3bac
b20f
7b82
9d97
7dd9
5404
58d5
1ebe
6edc
a154
7d34
9f10
7dfa
53d8
58e2
1ec4
7fe7
9395
7e80
a090
7e1a
53ac
58f0
1eca
698f
8942
7f66
a218
7e39
5380
58fd
1ecf
32b3
82ad
7fe5
a3a8
7e57
5354
590a
1ed5
ec3b
800c
7ffc
a53f
7e74
5328
5917
1edb
abd9
8174
7fac
a6de
7e91
52fc
5925
1ee0
8562
86da
7ef4
a883
7eac
52cf
5932
1ee6
84af
9012
7dd6
aa30
7ec6
52a3
593f
1eec
a9f6
9cd2
7c51
abe4
7ede
5276
594c
1ef1
e9bd
acb3
7a68
ad9f
7ef6
524a
5959
1ef7
305f
bf34
781d
af60
7f0d
521d
5967
1efd
681c
d3c0
756f
b128
7f23
51f0
5974
1f02
7fc8
e9b2
7263
b2f6
7f38
51c3
5981
1f08
7019
0058
6efa
b4cb
7f4c
5196
598e
1f0e
3de5
16fb
6b38
b6a5
7f5f
516a
599b
1f13
f8a0
2ce4
671e
b886
7f70
513d
59a8
1f19
b5a1
4163
62b2
ba6c
7f81
510f
59b6
1f1f
898a
53d2
5df5
bc58
7f91
50e2
59c3
1f24
81ee
639c
58ec
be49
7f9f
50b5
59d0
1f2a
a126
7042
539b
c040
7fad
5088
59dd
1f2f
dd95
795e
4e07
c23c
7fba
505b
59ea
1f35
249d
7ea6
4834
c43c
7fc5
502d
59f7
1f3b
605f
7fef
4226
c642
7fd0
5000
5a04
1f40
7e72
7d2f
3be2
c84c
7fd9
4fd2
5a11
1f46
7594
767c
356e
ca5b
7fe2
4fa5
5a1e
1f4c
4880
6c0d
2ecf
cc6f
7fe9
4f77
5a2c
1f51
0517
5e35
280a
ce86
7fef
4f49
5a39
1f57
c01e
4d65
2124
d0a1
7ff5
4f1b
5a46
1f5d
8ed1
3a24
1a24
d2c1
7ff9
4eee
5a53
1f62
8060
250d
130f
d4e3
7ffc
4ec0
5a60
1f68
993d
0ecb
0bea
d70a
7fff
4e92
5a6d
1f6e
d1c1
f812
04bb
d933
7fff
4e64
5a7a
1f73
1882
e199
fd89
db60
7fff
4e36
5a87
1f79
57b8
cc15
f658
dd90
7fff
4e07
5a94
1f7f
7be9
b835
ef30
dfc3
7ffd
4dd9
5aa1
1f84
79f1
a698
e815
e1f8
7ffa
4dab
5aae
1f8a
526b
97cd
e10d
e430
7ff6
4d7d
5abb
1f90
1182
8c4b
da1f
e669
7ff1
4d4e
5ac8
1f95
cb35
846f
d34f
e8a5
7feb
4d20
5ad5
1f9b
952b
807a
cca3
eae3
7fe4
4cf1
5ae2
1fa0
8007
8089
c621
ed23
7fdc
4cc3
5aef
1fa6
924d
849f
bfce
ef64
7fd3
4c94
5afc
1fac
c65c
8c98
b9ae
f1a6
7fc9
4c65
5b09
1fb1
0c2c
9835
b3c8
f3ea
7fbd
4c36
5b16
1fb7
4e3c
a718
ae1f
f62e
7fb1
4c08
5b23
1fbd
7834
b8c9
a8b9
f874
7fa4
4bd9
5b30
1fc2
7d26
ccb9
a399
faba
7f95
4baa
5b3d
1fc8
5b8e
e247
9ec4
fd00
7f86
4b7b
5b4a
1fce
1dc3
f8c5
9a3d
ff47
7f76
4b4c
5b56
1fd3
d6cd
0f7d
9609
018d
7f64
4b1c
5b63
1fd9
9c88
25b8
922b
03d4
7f52
4aed
5b70
1fdf
80e5
3ac3
8ea6
061a
7f3e
4abe
5b7d
1fe4
8c68
4df3
8b7c
0860
7f2a
4a8f
5b8a
1fea
bb84
5eae
88b1
0aa5
7f14
4a5f
5b97
1fef
ffb8
6c6d
8646
0ce9
7efe
4a30
5ba4
1ff5
4402
76c0
843e
0f2d
7ee6
4a00
5bb1
1ffb
735a
7d54
829a
116e
7ecd
49d1
5bbd
2000
7f2b
7ff4
815b
13af
7eb4
49a1
5bca
2006
63d2
7e8b
8083
15ee
7e99
4971
5bd7
200c
29bb
7925
8012
182b
7e7d
4942
5be4
2011
e2c9
6fec
8009
1a66
7e61
4912
5bf1
2017
a4d7
632c
8067
1c9f
7e43
48e2
5bfe
201d
82f8
534b
812c
1ed6
7e24
48b2
5c0a
2022
879b
40c9
8258
210a
7e04
4882
5c17
2028
b153
2c3d
83ea
233c
7de4
4852
5c24
202e
f345
164b
85e0
256b
7dc2
4822
5c31
2033
3923
ffa5
883a
2797
7d9f
47f2
5c3e
2039
6d68
e902
8af4
29bf
7d7b
47c1
5c4a
203e
7ffb
d319
8e0c
2be4
7d56
4791
5c57
2044
6b24
be9a
9181
2e06
7d30
4761
5c64
204a
354d
ac2b
9550
3024
7d09
4730
5c71
204f
ef0c
9c61
9974
323e
7ce1
4700
5c7d
2055
ae04
8fbc
9dec
3453
7cb8
46cf
5c8a
205b
863b
86a1
a2b3
3665
7c8e
469f
5c97
2060
83f3
815a
a7c6
3872
7c63
466e
5ca4
2066
a7e0
8011
ad20
3a7b
7c38
463d
5cb0
206c
e6f1
82d2
b2bd
3c7f
7c0b
460d
5cbd
2071
2db9
8985
b898
3e7e
7bdd
45dc
5cca
2077
666d
93f5
beae
4078
7bae
45ab
5cd6
207c
7f95
a1cd
c4f8
426d
7b7e
457a
5ce3
2082
7172
b29e
cb72
445c
7b4d
4549
5cf0
2088
405f
c5df
d217
4646
7b1b
4518
5cfc
208d
fb78
daf6
d8e1
482a
7ae8
44e7
5d09
2093
b7f7
f138
dfca
4a08
7ab4
44b6
5d16
2099
8aa5
07f1
e6cd
4be1
7a7f
4485
5d22
209e
8178
1e6a
ede5
4db3
7a49
4454
5d2f
20a4
9f43
33ee
f50c
4f7f
7a12
4422
5d3c
20aa
dad9
47ce
fc3b
5144
79da
43f1
5d48
20af
21e1
596b
036e
5303
79a1
43bf
5d55
20b5
5e79
6835
0a9d
54bb
7967
438e
5d61
20ba
7df9
73b7
11c4
566d
792c
435c
5d6e
20c0
76ad
7b91
18dd
5817
78f0
432b
5d7b
20c6
4ad4
7f87
1fe2
59ba
78b3
42f9
5d87
20cb
07ef
7f76
26cc
5b56
7876
42c8
5d94
20d1
c299
7b61
2d98
5ceb
7837
4296
5da0
20d7
902c
7367
343e
5e78
77f7
4264
5dad
20dc
8030
67c9
3aba
5ffd
77b6
4232
5db9
20e2
9791
58e6
4107
617b
7775
4200
5dc6
20e8
cf1c
4734
471f
62f0
7732
41ce
5dd3
20ed
15b5
3344
4cfe
645e
76ee
419c
5ddf
20f3
559f
1db6
529e
65c3
76aa
416a
5dec
20f8
7b2b
0738
57fb
6721
7664
4138
5df8
20fe
7ac7
f080
5d11
6876
761e
4106
5e05
2104
5493
da45
61dc
69c2
75d6
40d4
5e11
2109
1453
c53a
6657
6b06
758e
40a2
5e1e
210f
cdd1
b20a
6a80
6c41
7544
406f
5e2a
2115
96c3
a150
6e53
6d74
74fa
403d
5e37
211a
801f
9392
71cc
6e9e
74af
400a
5e43
2120
90dd
893f
74e9
6fbe
7462
3fd8
5e50
2125
c3d5
82ab
77a8
70d6
7415
3fa5
5e5c
212b
0956
800c
7a05
71e5
73c7
3f73
5e68
2131
4bf6
8175
7c00
72ea
7378
3f40
5e75
2136
7731
86dc
7d97
73e6
7328
3f0d
5e81
213c
7db7
9015
7ec8
74d9
72d7
3edb
5e8e
2142
5d85
9cd6
7f92
75c2
7285
3ea8
5e9a
2147
2086
acb8
7ff5
76a1
7233
3e75
5ea7
214d
d982
bf3a
7ff1
7777
71df
3e42
5eb3
2152
9e59
d3c7
7f85
7844
718a
3e0f
5ebf
2158
8144
e9b9
7eb1
7906
7135
3ddc
5ecc
215e
8b36
005e
7d78
79bf
70de
3da9
5ed8
2163
b921
1701
7bd8
7a6e
7087
3d76
5ee4
2169
fcdf
2cea
79d5
7b13
702f
3d43
5ef1
216f
4194
4169
776f
7bae
6fd5
3d10
5efd
2174
7217
53d7
74a8
7c3f
6f7b
3cdd
5f0a
217a
7f76
63a1
7183
7cc6
6f20
3ca9
5f16
217f
6594
7046
6e02
7d43
6ec5
3c76
5f22
2185
2c69
7960
6a28
7db6
6e68
3c43
5f2f
218b
e591
7ea7
65f8
7e1f
6e0a
3c0f
5f3b
2190
a6dd
7fef
6175
7e7d
6dab
3bdc
5f47
2196
839c
7d2e
5ca4
7ed1
6d4c
3ba8
5f53
219c
86ac
767a
5787
7f1b
6cec
3b75
5f60
21a1
af19
6c0a
5224
7f5b
6c8a
3b41
5f6c
21a7
f071
5e31
4c7e
7f90
6c28
3b0d
5f78
21ac
3693
4d60
469b
7fbb
6bc5
3ada
5f85
21b2
6be7
3a1e
407e
7fdc
6b61
3aa6
5f91
21b8
7fff
2507
3a2d
7ff2
6afd
3a72
5f9d
21bd
6cac
0ec5
33ad
7ffe
6a97
3a3e
5fa9
21c3
37e1
f80b
2d03
7fff
6a31
3a0a
5fb6
21c9
f1e0
e192
2635
7ff7
69c9
39d6
5fc2
21ce
b038
cc0f
1f47
7fe3
6961
39a2
5fce
21d4
8723
b82f
1841
7fc6
68f8
396e
5fda
21d9
8347
a693
1127
7f9e
688e
393a
5fe6
21df
a5d5
97c9
09ff
7f6c
6824
3906
5ff3
21e5
e427
8c48
02cf
7f2f
67b8
38d2
5fff
21ea
2b0e
846e
fb9c
7ee9
674c
389e
600b
21f0
64b1
8079
f46d
7e97
66de
3869
6017
21f6
7f52
808a
ed48
7e3c
6670
3835
6023
21fb
72bc
84a0
e631
7dd7
6601
3801
6030
2201
42d1
8c9b
df30
7d67
6592
37cc
603c
2206
fe51
9839
d849
7ced
6521
3798
6048
220c
ba56
a71d
d182
7c69
64b0
3763
6054
2212
8bd0
b8ce
cae1
7bdb
643e
372f
6060
2217
8112
ccbf
c46b
7b43
63cb
36fa
606c
221d
9d6c
e24d
be25
7aa1
6357
36c5
6078
2222
d822
f8cb
b815
79f5
62e2
3691
6084
2228
1f20
0f84
b23e
793f
626d
365c
6091
222e
5c87
25bf
aca7
787f
61f7
3627
609d
2233
7d70
3ac9
a753
77b6
6180
35f2
60a9
2239
77b6
4df9
a246
76e3
6108
35bd
60b5
223f
4d1e
5eb3
9d86
7606
608f
3589
60c1
2244
0ac6
6c70
9915
7520
6016
3554
60cd
224a
c51d
76c2
94f8
7430
5f9c
351f
60d9
224f
9196
7d55
9131
7337
5f21
34ea
60e5
2255
8011
7ff4
8dc4
7234
5ea5
34b4
60f1
225b
95f2
7e8a
8ab3
7128
5e29
347f
60fd
2260
cc7d
7923
8802
7013
5dac
344a
6109
2266
12e6
6fe9
85b1
6ef5
5d2e
3415
6115
226b
537c
6328
83c4
6dce
5caf
33e0
6121
2271
7a5c
5346
823a
6c9f
5c2f
33aa
612d
2277
7b8d
40c3
8117
6b66
5baf
3375
6139
227c
56b1
2c36
805b
6a25
5b2e
3340
6145
2282
1721
1644
8005
68db
5aad
330a
6151
2287
d072
ff9e
8018
6788
5a2a
32d5
615d
228d
9868
e8fb
8092
662d
59a7
329f
6169
2293
8046
d312
8173
64ca
5923
326a
6175
2298
8f7a
be94
82ba
635f
589e
3234
6181
229e
c156
ac26
8467
61ec
5819
31ff
618d
22a4
067e
9c5d
8678
6070
5793
31c9
6199
22a9
49a7
8fb9
88eb
5eed
570c
3193
61a5
22af
7620
869f
8bbe
5d63
5685
315d
61b1
22b4
7e38
8159
8ef0
5bd0
55fd
3128
61bd
22ba
5f71
8011
927d
5a37
5574
30f2
61c8
22c0
2344
82d3
9663
5896
54ea
30bc
61d4
22c5
dc3b
8987
9a9e
56ee
5460
3086
61e0
22cb
a037
93f8
9f2b
553e
53d5
3050
61ec
22d0
81b2
a1d1
a407
5388
534a
301a
61f8
22d6
8a13
b2a3
a92d
51cb
52bd
2fe4
6204
22dc
b6c7
c5e5
ae9a
5008
5230
2fae
6210
22e1
fa07
dafc
b448
4e3e
51a3
2f78
621b
22e7
3f1e
f13f
ba33
4c6e
5115
2f42
6227
22ec
70c5
07f8
c057
4a97
5086
2f0c
6233
22f2
7fb1
1e71
c6af
48ba
4ff6
2ed6
623f
22f8
6749
33f4
cd35
46d8
4f66
2e9f
624b
22fd
2f12
47d4
d3e4
44f0
4ed5
2e69
6257
2303
e85b
5970
dab7
4302
4e44
2e33
6262
2308
a8ed
6839
e1a8
410f
4db1
2dfc
626e
230e
8450
73b9
e8b1
3f17
4d1f
2dc6
627a
2314
85cb
7b93
efce
3d19
4c8b
2d8f
6286
2319
ace9
7f87
f6f7
3b17
4bf7
2d59
6291
231f
ed9e
7f76
fe28
390f
4b63
2d22
629d
2324
33fd
7b5f
055a
3703
4ace
2cec
62a9
232a
6a58
7364
0c88
34f3
4a38
2cb5
62b5
2330
7ff3
67c5
13ac
32de
49a1
2c7f
62c0
2335
6e26
58e1
1ac0
30c6
490a
2c48
62cc
233b
3a6d
472f
21be
2ea9
4873
2c11
62d8
2341
f4b5
333e
28a1
2c89
47da
2bdb
62e4
2346
b277
1db0
2f63
2a64
4742
2ba4
62ef
234c
881b
0731
35ff
283d
46a8
2b6d
62fb
2351
82ab
f079
3c6e
2612
460e
2b36
6307
2357
a3d5
da3e
42ae
23e4
4574
2aff
6312
235d
e162
c534
48b7
21b4
44d9
2ac8
631e
2362
285d
b205
4e85
1f80
443d
2a92
632a
2368
62e9
a14b
5414
1d4a
43a1
2a5b
6335
236d
7eff
938e
595e
1b12
4304
2a24
6341
2373
73f8
893d
5e61
18d7
4267
29ed
634c
2379
453a
82aa
6317
169a
41c9
29b5
6358
237e
012a
800c
677c
145c
412b
297e
6364
2384
bcbe
8176
6b8e
121c
408c
2947
636f
2389
8d09
86de
6f49
0fda
3fed
2910
637b
238f
80bc
9019
72aa
0d98
3f4d
28d9
6387
2394
9ba1
9cdb
75ae
0b54
3eac
28a2
6392
239a
d570
acbd
7853
090f
3e0b
286a
639e
23a0
1c5b
bf3f
7a97
06c9
3d6a
2833
63a9
23a5
5a8a
d3cd
7c77
0483
3cc8
27fc
63b5
23ab
7cd6
e9bf
7df2
023d
3c26
27c4
63c0
23b0
78b1
0065
7f08
fff6
3b83
278d
63cc
23b6
4f5f
1708
7fb7
fdaf
3adf
2755
63d7
23bc
0d9c
2cf1
7ffe
fb69
3a3b
271e
63e3
23c1
c7a7
416f
7fde
f923
3997
26e7
63ee
23c7
930e
53dc
7f56
f6dd
38f2
26af
63fa
23cc
8002
63a5
7e68
f498
384d
2677
6405
23d2
9461
7049
7d13
f254
37a7
2640
6411
23d8
c9e6
7962
7b58
f012
3701
2608
641c
23dd
1014
7ea8
793a
edd0
365b
25d1
6428
23e3
514f
7fee
76ba
eb90
35b4
2599
6433
23e8
797f
7d2c
73da
e952
350c
2561
643f
23ee
7c44
7677
709c
e715
3464
2529
644a
23f4
58c3
6c06
6d03
e4db
33bc
24f2
6456
23f9
19ed
5e2c
6911
e2a2
3313
24ba
6461
23ff
d31a
4d5a
64cb
e06c
326a
2482
646d
2404
9a1b
3a18
6033
de39
31c0
244a
6478
240a
807e
2500
5b4d
dc08
3116
2412
6483
2410
8e26
0ebe
561d
d9db
306c
23da
648f
2415
bede
f805
50a8
d7b0
2fc1
23a2
649a
241b
03a6
e18c
4af1
d588
2f16
236a
64a6
2420
474e
cc09
44fe
d365
2e6a
2332
64b1
2426
7500
b829
3ed2
d144
2dbf
22fa
64bc
242c
7ea9
a68e
3874
cf28
2d12
22c2
64c8
2431
6150
97c5
31e8
cd0f
2c66
228a
64d3
2437
25ff
8c45
2b34
cafb
2bb9
2252
64de
243c
def9
846c
245d
c8ea
2b0b
221a
64ea
2442
a220
8078
1d69
c6df
2a5e
21e2
64f5
2447
8230
808b
165c
c4d8
29b0
21a9
6500
244d
88ff
84a2
0f3e
c2d5
2901
2171
650c
2453
b475
8c9e
0813
c0d8
2852
2139
6517
2458
f72f
983d
00e2
bee0
27a3
2101
6522
245e
3ca0
a722
f9b0
bced
26f4
20c8
652e
2463
6f65
b8d4
f283
baff
2644
2090
6539
2469
7fdb
ccc5
eb61
b917
2594
2058
6544
246f
68f1
e254
e450
b735
24e4
201f
6550
2474
31b4
f8d2
dd55
b559
2433
1fe7
655b
247a
eb29
0f8a
d676
b382
2383
1fae
6566
247f
ab09
25c5
cfb9
b1b2
22d1
1f76
6571
2485
8514
3acf
c923
afe8
2220
1f3d
657d
248b
84fa
4dfe
c2b9
ae25
216e
1f05
6588
2490
aac4
5eb7
bc81
ac68
20bc
1ecc
6593
2496
eace
6c74
b67f
aab3
200a
1e94
659e
249b
315f
76c5
b0b9
a904
1f57
1e5b
65a9
24a1
68bc
7d57
ab33
a75c
1ea5
1e23
65b5
24a6
7fd7
7ff5
a5f2
a5bb
1df2
1dea
65c0
24ac
6f93
7e89
a0fa
a421
1d3e
1db1
65cb
24b2
3cf2
7920
9c4e
a28f
1c8b
1d79
65d6
24b7
f78c
6fe6
97f3
a105
1bd7
1d40
65e1
24bd
b4c0
6323
93ed
9f82
1b23
1d07
65ec
24c2
8922
5341
903e
9e07
1a6f
1cce
65f8
24c8
821f
40be
8ce9
9c94
19ba
1c96
6603
24cd
a1e1
2c30
89f2
9b29
1906
1c5d
660e
24d3
dea0
163d
875a
99c7
1851
1c24
6619
24d9
25a6
ff97
8523
986c
179c
1beb
6624
24de
6114
e8f5
8351
971a
16e7
1bb2
662f
24e4
7e9c
d30c
81e3
95d0
1631
1b79
663a
24e9
7525
be8e
80db
948f
157c
1b40
6645
24ef
479b
ac21
803a
9357
14c6
1b07
6650
24f5
0402
9c59
8000
9227
1410
1ace
665b
24fa
bf2e
8fb5
802e
9101
135a
1a95
6667
2500
8e50
869d
80c4
8fe3
12a4
1a5c
6672
2505
8076
8158
81c0
8ece
11ee
1a23
667d
250b
99e3
8012
8323
8dc3
1137
19ea
6688
2510
d2c3
82d4
84ea
8cc1
1080
19b1
6693
2516
1992
898a
8716
8bc8
0fca
1978
669e
251c
5881
93fc
89a3
8ad8
0f13
193f
66a9
2521
7c2e
a1d6
8c90
89f2
0e5c
1906
66b4
2527
799c
b2a8
8fda
8916
0da4
18cd
66bf
252c
5196
c5eb
937f
8843
0ced
1894
66ca
2532
1070
db03
977c
877a
0c36
185a
66d5
2537
ca39
f145
9bce
86bb
0b7e
1821
66e0
253d
9493
07ff
a071
8605
0ac7
17e8
66eb
2543
8003
1e77
a561
8559
0a0f
17af
66f6
2548
92dd
33fa
aa9a
84b8
0957
1775
6700
254e
c754
47d9
b018
8420
089f
173c
670b
2553
0d40
5974
b5d7
8392
07e8
1703
6716
2559
4f17
683d
bbd3
830f
0730
16ca
6721
255f
7892
73bc
c205
8295
0678
1690
672c
2564
7ceb
7b95
c869
8226
05c0
1657
6737
256a
5acb
7f88
cefb
81c1
0507
161d
6742
256f
1cb5
7f75
d5b4
8166
044f
15e4
674d
2575
d5c7
7b5d
dc8f
8115
0397
15ab
6758
257a
9bdb
7361
e387
80ce
02df
1571
6763
2580
80c6
67c1
ea96
8092
0227
1538
676d
2586
8ce0
58dc
f1b7
8060
016e
14fe
6778
258b
bc6f
4729
f8e3
8039
00b6
14c5
6783
2591
00cd
3338
0015
801c
fffe
148b
678e
2596
44ec
1da9
0746
8009
ff46
1452
6799
259c
73d1
072b
0e72
8001
fe8d
1418
67a4
25a1
7f0a
f072
1592
8002
fdd5
13df
67ae
25a7
6324
da38
1ca1
800f
fd1d
13a5
67b9
25ac
28b4
c52e
2398
8025
fc65
136b
67c4
25b2
e1bc
b1ff
2a73
8046
fbad
1332
67cf
25b8
a415
a147
312b
8072
faf4
12f8
67da
25bd
82be
938a
37bc
80a7
fa3c
12bf
67e4
25c3
87fb
893a
3e1f
80e7
f984
1285
67ef
25c8
b22e
82a9
4450
8132
f8cc
124b
67fa
25ce
f459
800b
4a4a
8186
f814
1212
6805
25d3
3a1b
8177
5008
81e5
f75c
11d8
680f
25d9
6df7
86e1
5585
824e
f6a5
119e
681a
25df
7ff6
901c
5abc
82c1
f5ed
1164
6825
25e4
6a8c
9cdf
5fab
833e
f535
112b
6830
25ea
3451
acc2
644c
83c6
f47e
10f1
683a
25ef
edfa
bf45
689b
8457
f3c6
10b7
6845
25f5
ad2f
d3d3
6c96
84f2
f30f
107d
6850
25fa
85e7
e9c6
703a
8598
f258
1044
685a
2600
8439
006c
7382
8647
f1a0
100a
6865
2606
a8aa
170f
766d
8700
f0e9
0fd0
6870
260b
e801
2cf7
78f8
87c3
f032
0f96
687a
2611
2ebc
4175
7b21
8890
ef7c
0f5c
6885
2616
6712
53e1
7ce6
8966
eec5
0f23
6890
261c
7faa
63a9
7e47
8a46
ee0e
0ee9
689a
2621
70f1
704c
7f41
8b30
ed58
0eaf
68a5
2627
3f6f
7965
7fd4
8c23
eca2
0e75
68af
262d
fa63
7ea9
7fff
8d1f
ebec
0e3b
68ba
2632
b712
7fee
7fc4
8e25
eb36
0e01
68c5
2638
8a38
7d2b
7f21
8f34
ea80
0dc7
68cf
263d
81a3
7675
7e16
904b
e9cb
0d8d
68da
2643
9ff9
6c02
7ca6
916d
e915
0d53
68e4
2648
dbe3
5e28
7ad1
9296
e860
0d19
68ef
264e
22eb
4d55
7899
93c9
e7ab
0cdf
68f9
2653
5f33
3a12
75fe
9505
e6f6
0ca5
6904
2659
7e29
24fa
7305
9649
e642
0c6b
690e
265f
7644
0eb7
6fae
9796
e58d
0c31
6919
2664
49f2
f7fe
6bfd
98eb
e4d9
0bf7
6923
266a
06db
e185
67f5
9a49
e425
0bbd
692e
266f
c1a7
cc03
6398
9baf
e371
0b83
6938
2675
8fa6
b824
5eeb
9d1d
e2be
0b49
6943
267a
8040
a689
59f1
9e93
e20b
0b0f
694d
2680
9832
97c1
54ae
a010
e157
0ad5
6958
2685
d01d
8c42
4f27
a196
e0a5
0a9b
6962
268b
16c6
846a
495f
a323
dff2
0a61
696d
2691
566d
8078
435c
a4b8
df40
0a27
6977
2696
7b75
808b
3d23
a654
de8e
09ed
6982
269c
7a77
84a4
36b8
a7f8
dddc
09b3
698c
26a1
53c2
8ca0
3021
a9a2
dd2b
0979
6997
26a7
1341
9841
2963
ab54
dc7a
093e
69a1
26ac
ccd2
a726
2284
ad0c
dbc9
0904
69ab
26b2
9626
b8da
1b88
aecb
db18
08ca
69b6
26b7
8014
cccb
1477
b091
da68
0890
69c0
26bd
9167
e25a
0d54
b25d
d9b8
0856
69cb
26c3
c4cb
f8d9
0627
b430
d908
081c
69d5
26c8
0a6a
0f91
fef5
b608
d859
07e2
69df
26ce
4cd4
25cc
f7c4
b7e7
d7aa
07a7
69ea
26d3
7795
3ad5
f099
b9cb
d6fb
076d
69f4
26d9
7d82
4e03
e97b
bbb5
d64d
0733
69fe
26de
5cc7
5ebc
e26f
bda5
d59f
06f9
6a09
26e4
1f79
6c77
db7b
bf9a
d4f1
06bf
6a13
26e9
d87a
76c7
d4a5
c194
d444
0685
6a1d
26ef
9da7
7d58
cdf2
c393
d397
064a
6a28
26f5
811e
7ff5
c767
c597
d2ea
0610
6a32
26fa
8ba9
7e88
c10a
c7a0
d23e
05d6
6a3c
2700
ba08
791e
bae0
c9ad
d192
059c
6a46
2705
fdf4
6fe2
b4ee
cbbf
d0e6
0562
6a51
270b
4282
631f
af39
cdd5
d03b
0527
6a5b
2710
7293
533b
a9c5
cfef
cf90
04ed
6a65
2716
7f5b
40b8
a496
d20d
cee6
04b3
6a6f
271b
64ea
2c2a
9fb2
d42f
ce3c
0479
6a7a
2721
2b65
1637
9b1c
d654
cd92
043e
6a84
2726
e482
ff91
96d7
d87d
cce9
0404
6a8e
272c
a616
e8ee
92e8
daa9
cc40
03ca
6a98
2732
835c
d306
8f51
dcd7
cb98
0390
6aa2
2737
8705
be89
8c15
df09
caf0
0355
6aad
273d
aff0
ac1c
8937
e13d
ca49
031b
6ab7
2742
f184
9c55
86b9
e374
c9a2
02e1
6ac1
2748
378d
8fb2
849d
e5ad
c8fb
02a7
6acb
274d
6c7b
869a
82e5
e7e9
c855
026c
6ad5
2753
7fff
8157
8192
ea26
c7af
0232
6adf
2758
6c19
8012
80a6
ec65
c70a
01f8
6aea
275e
36e7
82d6
8020
eea6
c665
01be
6af4
2763
f0cc
898c
8002
f0e8
c5c1
0183
6afe
2769
af60
93ff
804c
f32b
c51d
0149
6b08
276f
86c9
a1da
80fd
f56f
c47a
010f
6b12
2774
8387
b2ae
8215
f7b4
c3d7
00d5
6b1c
277a
a69a
c5f1
8393
f9fa
c334
009a
6b26
277f
e536
db09
8575
fc40
c292
0060
6b30
2785
2c12
f14c
87bb
fe87
c1f1
0026
6b3a
278a
655c
0805
8a62
00cd
c150
ffeb
6b44
2790
7f6d
1e7e
8d68
0314
c0b0
ffb1
6b4f
2795
7241
3400
90cb
055a
c010
ff77
6b59
279b
41e4
47df
9488
07a0
bf70
ff3d
6b63
27a0
fd3c
5979
989c
09e6
bed2
ff02
6b6d
27a6
b96e
6841
9d03
0c2a
be33
fec8
6b77
27ac
8b5c
73bf
a1bb
0e6e
bd96
fe8e
6b81
27b1
8137
7b97
a6bf
10b0
bcf8
fe54
6b8b
27b7
9e1e
7f88
ac0b
12f1
bc5c
fe19
6b95
27bc
d92a
7f74
b19c
1531
bbbf
fddf
6b9f
27c2
202c
7b5b
b76b
176f
bb24
fda5
6ba9
27c7
5d46
735e
bd76
19aa
ba89
fd6b
6bb3
27cd
7da6
67bd
c3b6
1be4
b9ee
fd30
6bbc
27d2
7753
58d7
ca27
1e1c
b954
fcf6
6bc6
27d8
4c40
4724
d0c3
2051
b8bb
fcbc
6bd0
27dd
09b2
3332
d786
2283
b822
fc82
6bda
27e3
c427
1da2
de6a
24b3
b78a
fc47
6be4
27e8
910b
0724
e569
26e0
b6f2
fc0d
6bee
27ee
801b
f06c
ec7d
2909
b65b
fbd3
6bf8
27f4
968e
da31
f3a1
2b30
b5c5
fb99
6c02
27f9
cd7c
c528
facf
2d52
b52f
fb5e
6c0c
27ff
13f8
b1fa
0201
2f71
b49a
fb24
6c16
2804
544e
a142
0932
318d
b405
faea
6c20
280a
7aad
9387
105b
33a4
b371
fab0
6c29
280f
7b44
8938
1777
35b7
b2de
fa75
6c33
2815
55e4
82a7
1e80
37c6
b24b
fa3b
6c3d
281a
1611
800b
2570
39d0
b1b9
fa01
6c47
2820
cf71
8178
2c42
3bd5
b128
f9c7
6c51
2825
97c7
86e3
32f1
3dd6
b097
f98d
6c5b
282b
8035
901f
3976
3fd2
b007
f952
6c64
2830
8fff
9ce3
3fcc
41c8
af77
f918
6c6e
2836
c248
acc7
45ef
43b9
aee8
f8de
6c78
283b
0793
bf4b
4bd9
45a5
ae5a
f8a4
6c82
2841
4a89
d3da
5186
478b
adcc
f86a
6c8c
2847
768a
e9cc
56f1
496c
ad3f
f82f
6c95
284c
7e09
0073
5c15
4b46
acb3
f7f5
6c9f
2852
5eb7
1715
60ef
4d1a
ac28
f7bb
6ca9
2857
223a
2cfd
657b
4ee8
ab9d
f781
6cb3
285d
db32
417a
69b4
50b0
ab13
f747
6cbc
2862
9f80
53e7
6d98
5271
aa89
f70d
6cc6
2868
8186
63ad
7123
542b
aa00
f6d3
6cd0
286d
8a80
704f
7453
55df
a978
f699
6cd9
2873
b7ab
7967
7724
578b
a8f1
f65e
6ce3
2878
fb1c
7eaa
7995
5931
a86a
f624
6ced
287e
400f
7fee
7ba4
5acf
a7e4
f5ea
6cf6
2883
7147
7d29
7d4e
5c66
a75f
f5b0
6d00
2889
7f9c
7672
7e94
5df6
a6da
f576
6d0a
288e
66a4
6bff
7f72
5f7e
a656
f53c
6d13
2894
2e10
5e23
7fea
60fe
a5d3
f502
6d1d
2899
e74b
4d50
7ffa
6276
a551
f4c8
6d27
289f
a823
3a0c
7fa2
63e6
a4cf
f48e
6d30
28a5
840a
24f3
7ee3
654f
a44e
f454
6d3a
28aa
861f
0eb1
7dbe
66af
a3ce
f41a
6d43
28b0
adbd
f7f7
7c33
6806
a34e
f3e0
6d4d
28b5
eeb1
e17f
7a43
6956
a2d0
f3a6
6d57
28bb
34f9
cbfc
77f0
6a9c
a252
f36c
6d60
28c0
6af1
b81e
753c
6bdb
a1d4
f332
6d6a
28c6
7ffa
a684
7229
6d10
a158
f2f8
6d73
28cb
6d98
97bd
6eba
6e3d
a0dc
f2be
6d7d
28d1
3976
8c3f
6af1
6f60
a062
f284
6d86
28d6
f3a1
8468
66d2
707b
9fe7
f24a
6d90
28dc
b19c
8077
6260
718c
9f6e
f210
6d99
28e1
87bb
808c
5d9e
7295
9ef6
f1d6
6da3
28e7
82e5
84a6
5890
7394
9e7e
f19c
6dad
28ec
a496
8ca3
533a
748a
9e07
f162
6db6
28f2
e26f
9845
4da1
7576
9d91
f128
6dc0
28f7
2963
a72b
47c9
7659
9d1b
f0ef
6dc9
28fd
6398
b8df
41b8
7732
9ca7
f0b5
6dd2
2902
7f21
ccd1
3b71
7801
9c33
f07b
6ddc
2908
7382
e261
34f9
78c7
9bc0
f041
6de5
290d
4450
f8df
2e57
7983
9b4e
f007
6def
2913
0015
0f98
2790
7a36
9adc
efcd
6df8
2918
bbd3
25d2
20a8
7ade
9a6c
ef94
6e02
291e
8c90
3adb
19a6
7b7c
99fc
ef5a
6e0b
2924
80db
4e09
1290
7c11
998d
ef20
6e14
2929
9c4e
5ec0
0b6a
7c9b
991f
eee6
6e1e
292f
d676
6c7b
043b
7d1b
98b2
eead
6e27
2934
1d69
76ca
fd08
7d91
9846
ee73
6e31
293a
5b4d
7d59
f5d8
7dfd
97da
ee39
6e3a
293f
7d13
7ff5
eeb1
7e5f
976f
edff
6e43
2945
7853
7e87
e797
7eb7
9705
edc6
6e4d
294a
4e85
791c
e091
7f04
969c
ed8c
6e56
2950
0c88
6fdf
d9a4
7f47
9634
ed52
6e5f
2955
c6af
631b
d2d7
7f80
95cd
ed19
6e69
295b
927d
5336
cc2e
7fae
9567
ecdf
6e72
2960
8005
40b2
c5af
7fd2
9501
eca6
6e7b
2966
94f8
2c23
bf5f
7fec
949c
ec6c
6e85
296b
cae1
1630
b943
7ffb
9438
ec32
6e8e
2971
1127
ff8a
b361
7fff
93d5
ebf9
6e97
2976
5224
e8e7
adbd
7ffb
9373
ebbf
6ea1
297c
79d5
d2ff
a85b
7feb
9312
eb86
6eaa
2981
7c00
be83
a340
7fd1
92b2
eb4c
6eb3
2987
57fb
ac17
9e70
7fac
9252
eb13
6ebc
298c
18dd
9c50
99f0
7f7e
91f4
ead9
6ec6
2992
d217
8faf
95c2
7f44
9196
eaa0
6ecf
2997
9974
8698
91e9
7f01
9139
ea66
6ed8
299d
8067
8156
8e6a
7eb3
90de
ea2d
6ee1
29a2
8ea6
8012
8b47
7e5b
9083
e9f3
6eea
29a8
bfce
82d7
8883
7df9
9029
e9ba
6ef4
29ad
04bb
898f
861f
7d8d
8fcf
e981
6efd
29b3
4833
9403
841d
7d16
8f77
e947
6f06
29b8
756f
a1df
8280
7c96
8f20
e90e
6f0f
29be
7e80
b2b3
8149
7c0b
8ec9
e8d5
6f18
29c3
609b
c5f7
8078
7b76
8e74
e89b
6f21
29c9
24f6
db10
800e
7ad7
8e1f
e862
6f2b
29ce
ddee
f153
800c
7a2f
8dcc
e829
6f34
29d4
a165
080c
8071
797c
8d79
e7f0
6f3d
29d9
81fe
1e85
813e
78bf
8d27
e7b6
6f46
29df
8967
3407
8271
77f9
8cd6
e77d
6f4f
29e4
b556
47e5
840a
7729
8c86
e744
6f58
29ea
f844
597e
8607
7650
8c37
e70b
6f61
29ef
3d94
6845
8867
756d
8be9
e6d2
6f6a
29f5
6fed
73c2
8b28
7480
8b9c
e699
6f73
29fa
7fcd
7b98
8e47
738a
8b50
e660
6f7c
2a00
6851
7f89
91c2
728a
8b04
e626
6f85
2a05
30b5
7f74
9597
7182
8aba
e5ed
6f8e
2a0b
ea18
7b59
99c1
7070
8a71
e5b4
6f98
2a10
aa3a
735b
9e3f
6f55
8a28
e57b
6fa1
2a16
84c7
67b9
a30b
6e31
89e1
e542
6faa
2a1b
8548
58d2
a823
6d04
899a
e509
6fb3
2a21
ab93
471e
ad82
6bce
8955
e4d0
6fbc
2a26
ebe0
332c
b323
6a8f
8910
e497
6fc5
2a2c
325f
1d9c
b903
6948
88cd
e45f
6fce
2a31
695a
071d
bf1c
67f9
888a
e426
6fd6
2a37
7fe4
f065
c56a
66a0
8848
e3ed
6fdf
2a3c
6f0a
da2b
cbe7
6540
8807
e3b4
6fe8
2a42
3bfd
c522
d28f
63d8
87c8
e37b
6ff1
2a47
f677
b1f5
d95b
6267
8789
e342
6ffa
2a4d
b3e1
a13d
e046
60ee
874b
e30a
7003
2a52
88bc
9383
e74b
5f6e
870e
e2d1
700c
2a58
8253
8935
ee64
5de6
86d2
e298
7015
2a5d
a29e
82a6
f58c
5c56
8698
e25f
701e
2a63
dfac
800b
fcbb
5abf
865e
e227
7027
2a68
26af
8179
03ee
5920
8625
e1ee
7030
2a6e
61c8
86e5
0b1d
577a
85ed
e1b5
7039
2a73
7ec4
9023
1243
55cd
85b6
e17d
7041
2a79
74b5
9ce7
195b
5419
8580
e144
704a
2a7e
46b4
accc
205e
525f
854b
e10c
7053
2a84
02ed
bf51
2747
509d
8517
e0d3
705c
2a89
be40
d3e0
2e10
4ed5
84e4
e09b
7065
2a8f
8dd2
e9d3
34b3
4d07
84b2
e062
706e
2a94
808f
0079
3b2c
4b33
8481
e02a
7076
2a9a
9a8b
171c
4175
4958
8451
dff1
707f
2a9f
d3c7
2d04
478a
4778
8422
dfb9
7088
2aa5
1aa2
4180
4d64
4591
83f4
df81
7091
2aaa
5948
53ec
5300
43a5
83c8
df48
7099
2ab0
7c70
63b2
5858
41b4
839c
df10
70a2
2ab5
7944
7053
5d69
3fbd
8371
ded8
70ab
2abb
50c0
7969
622e
3dc1
8347
de9f
70b4
2ac0
0f5d
7eab
66a4
3bc1
831e
de67
70bc
2ac6
c93e
7fee
6ac7
39bb
82f6
de2f
70c5
2acb
93fd
7d28
6e94
37b0
82cf
ddf7
70ce
2ad1
8000
7670
7206
35a2
82a9
ddbf
70d7
2ad6
936f
6bfb
751d
338e
8284
dd86
70df
2adc
c84e
5e1f
77d5
3177
8260
dd4e
70e8
2ae1
0e53
4d4a
7a2c
2f5c
823e
dd16
70f1
2ae7
4ff0
3a06
7c20
2d3c
821c
dcde
70f9
2aec
78ee
24ed
7daf
2b19
81fb
dca6
7102
2af2
7cad
0eaa
7ed9
28f3
81db
dc6e
710b
2af7
5a07
f7f0
7f9c
26c9
81bc
dc36
7113
2afd
1ba6
e178
7ff8
249c
819f
dbfe
711c
2b02
d4c2
cbf6
7fed
226d
8182
dbc6
7125
2b08
9b2f
b819
7f79
203a
8166
db8e
712d
2b0d
80a9
a67f
7e9f
1e05
814c
db57
7136
2b13
8d5a
97b9
7d5e
1bcd
8132
db1f
713e
2b18
bd5b
8c3c
7bb8
1993
8119
dae7
7147
2b1e
01e2
8467
79ad
1757
8102
daaf
714f
2b23
45d5
8077
7740
1519
80eb
da78
7158
2b29
7446
808d
7473
12da
80d6
da40
7161
2b2e
7ee7
84a8
7147
1099
80c1
da08
7169
2b34
6273
8ca6
6dc0
0e56
80ae
d9d1
7172
2b39
27ad
9849
69e0
0c13
809b
d999
717a
2b3f
e0af
a730
65aa
09ce
808a
d961
7183
2b44
a355
b8e5
6122
0789
807a
d92a
718b
2b4a
8286
ccd8
5c4b
0543
806a
d8f2
7194
2b4f
885c
e267
5729
02fd
805c
d8bb
719c
2b55
b30b
f8e6
51c1
00b6
804f
d883
71a5
2b5a
f56d
0f9e
4c17
fe6f
8042
d84c
71ad
2b60
3b11
25d8
462f
fc29
8037
d815
71b6
2b65
6e84
3ae1
400f
f9e2
802d
d7dd
71be
2b6a
7fee
4e0e
39ba
f79d
8024
d7a6
71c7
2b70
69f1
5ec5
3337
f558
801c
d76f
71cf
2b75
3354
6c7e
2c8b
f313
8015
d737
71d7
2b7b
ece7
76cc
25ba
f0d0
800f
d700
71e0
2b80
ac5d
7d5b
1ecb
ee8e
800a
d6c9
71e8
2b86
8595
7ff5
17c3
ec4e
8006
d692
71f1
2b8b
8480
7e86
10a8
ea0f
8003
d65b
71f9
2b91
a975
791a
097f
e7d2
8001
d624
7201
2b96
e911
6fdc
024e
e596
8000
d5ed
720a
2b9c
2fbd
6317
fb1c
e35d
8000
d5b6
7212
2ba1
67b6
5331
f3ee
e127
8001
d57f
721b
2ba7
7fbd
40ac
ecc9
def2
8004
d548
7223
2bac
706d
2c1d
e5b4
dcc1
8007
d511
722b
2bb2
3e7d
162a
deb4
da92
800b
d4da
7234
2bb7
f94e
ff83
d7cf
d866
8011
d4a3
723c
2bbd
b62f
e8e1
d10b
d63e
8017
d46c
7244
2bc2
89cc
d2f9
ca6d
d419
801f
d435
724c
2bc8
81d0
be7d
c3fa
d1f7
8027
d3ff
7255
2bcd
a0b2
ac12
bdb7
cfd9
8031
d3c8
725d
2bd3
dced
9c4c
b7ab
cdbf
803b
d391
7265
2bd8
23f6
8fac
b1d8
cbaa
8047
d35b
726e
2bde
5feb
8696
ac46
c998
8053
d324
7276
2be3
7e56
8155
a6f6
c78b
8061
d2ee
727e
2be8
75d9
8012
a1ef
c582
8070
d2b7
7286
2bee
490f
82d9
9d34
c37e
807f
d281
728f
2bf3
05c6
8992
98c9
c17f
8090
d24a
7297
2bf9
c0b5
9407
94b2
bf85
80a2
d214
729f
2bfe
8f23
a1e4
90f1
bd90
80b5
d1dd
72a7
2c04
8053
b2b8
8d8a
bba1
80c8
d1a7
72af
2c09
98d5
c5fd
8a80
b9b7
80dd
d171
72b8
2c0f
d11e
db16
87d5
b7d3
80f3
d13a
72c0
2c14
17d7
f159
858c
b5f5
810a
d104
72c8
2c1a
5738
0813
83a5
b41d
8122
d0ce
72d0
2c1f
7bbd
1e8b
8223
b24a
813b
d098
72d8
2c25
7a26
340d
8107
b07e
8155
d062
72e0
2c2a
52f0
47ea
8051
aeb9
8170
d02c
72e8
2c30
122f
5983
8003
acfa
818c
cff6
72f1
2c35
cbd5
6849
801d
ab42
81a9
cfc0
72f9
2c3b
958b
73c5
809e
a991
81c7
cf8a
7301
2c40
800b
7b9a
8186
a7e7
81e6
cf54
7309
2c45
91f4
7f8a
82d5
a643
8207
cf1e
7311
2c4b
c5c1
7f73
8488
a4a8
8228
cee8
7319
2c50
0b7e
7b58
86a0
a313
824a
ceb2
7321
2c56
4db1
7358
891a
a186
826d
ce7d
7329
2c5b
77f7
67b6
8bf4
a001
8291
ce47
7331
2c61
7d4a
58cd
8f2c
9e83
82b7
ce11
7339
2c66
5c07
4718
92c0
9d0e
82dd
cddc
7341
2c6c
1e6c
3325
96ac
9ba0
8304
cda6
7349
2c71
d773
1d95
9aed
9a3b
832c
cd70
7351
2c77
9cf6
0716
9f80
98dd
8356
cd3b
7359
2c7c
80fb
f05e
a461
9788
8380
cd05
7361
2c82
8c1e
da24
a98c
963c
83ab
ccd0
7369
2c87
baf1
c51c
aefd
94f8
83d8
cc9b
7371
2c8d
ff0a
b1ef
b4b0
93bd
8405
cc65
7379
2c92
436e
a139
ba9f
928a
8433
cc30
7381
2c97
730e
9380
c0c7
9161
8462
cbfb
7389
2c9d
7f3f
8933
c722
9040
8493
cbc5
7391
2ca2
643f
82a5
cdab
8f28
84c4
cb90
7399
2ca8
2a60
800b
d45d
8e1a
84f6
cb5b
73a1
2cad
e373
817a
db32
8d15
852a
cb26
73a9
2cb3
a552
86e7
e224
8c19
855e
caf1
73b0
2cb8
831e
9026
e92f
8b26
8593
cabc
73b8
2cbe
8761
9cec
f04d
8a3d
85ca
ca87
73c0
2cc3
b0c9
acd1
f777
895d
8601
ca52
73c8
2cc9
f297
bf57
fea8
8887
8639
ca1d
73d0
2cce
3887
d3e6
05da
87bb
8672
c9e8
73d8
2cd4
6d0d
e9da
0d08
86f9
86ad
c9b4
73e0
2cd9
7ffe
0080
142b
8640
86e8
c97f
73e7
2cde
6b83
1722
1b3d
8591
8724
c94a
73ef
2ce4
35ec
2d0a
223a
84ec
8761
c916
73f7
2ce9
efb9
4186
291a
8451
879f
c8e1
73ff
2cef
ae8a
53f1
2fda
83c0
87df
c8ac
7407
2cf4
8671
63b6
3673
8339
881f
c878
740e
2cfa
83c8
7056
3cdf
82bc
8860
c843
7416
2cff
a762
796b
431b
8249
88a2
c80f
741e
2d05
e646
7eac
4920
81e1
88e5
c7db
7426
2d0a
2d16
7fee
4eea
8182
8929
c7a6
742d
2d10
6604
7d27
5474
812e
896e
c772
7435
2d15
7f86
766d
59ba
80e4
89b4
c73e
743d
2d1a
71c3
6bf7
5eb7
80a5
89fa
c709
7445
2d20
40f5
5e1a
6368
8070
8a42
c6d5
744c
2d25
fc27
4d45
67c8
8045
8a8b
c6a1
7454
2d2b
b887
3a00
6bd4
8024
8ad5
c66d
745c
2d30
8aeb
24e7
6f89
800e
8b1f
c639
7463
2d36
815e
0ea3
72e3
8002
8b6b
c605
746b
2d3b
9ed1
f7ea
75e1
8001
8bb7
c5d1
7473
2d41
da32
e172
787f
800a
8c05
c59d
747a
2d46
2138
cbf0
7abb
801d
8c53
c569
7482
2d4c
5e03
b813
7c95
803a
8ca3
c536
748a
2d51
7dd9
a67b
7e09
8062
8cf3
c502
7491
2d56
76ee
97b5
7f17
8094
8d44
c4ce
7499
2d5c
4b61
8c3a
7fbf
80d1
8d96
c49b
74a0
2d61
089d
8465
7fff
8118
8de9
c467
74a8
2d67
c333
8076
7fd8
8169
8e3d
c433
74b0
2d6c
9082
808d
7f49
81c4
8e92
c400
74b7
2d72
8027
84a9
7e53
822a
8ee8
c3cd
74bf
2d77
972d
8ca9
7cf7
829a
8f3f
c399
74c6
2d7d
ce7b
984c
7b36
8314
8f97
c366
74ce
2d82
1509
a735
7911
8398
8fef
c332
74d5
2d87
551d
b8ea
768a
8426
9049
c2ff
74dd
2d8d
7afb
ccde
73a3
84be
90a3
c2cc
74e4
2d92
7af8
e26e
705e
8560
90fe
c299
74ec
2d98
5516
f8ed
6cbf
860c
915b
c266
74f3
2d9d
14ff
0fa5
68c8
86c2
91b8
c233
74fb
2da3
ce71
25df
647b
8782
9216
c200
7502
2da8
9727
3ae7
5fde
884b
9275
c1cd
750a
2dae
8027
4e13
5af3
891f
92d4
c19a
7511
2db3
9087
5ec9
55be
89fb
9335
c167
7519
2db8
c33c
6c82
5044
8ae2
9397
c134
7520
2dbe
08a8
76cf
4a89
8bd2
93f9
c101
7528
2dc3
4b69
7d5c
4491
8ccb
945c
c0cf
752f
2dc9
76f1
7ff5
3e62
8dcd
94c0
c09c
7536
2dce
7dd7
7e85
3801
8ed9
9525
c06a
753e
2dd4
5dfc
7918
3172
8fee
958b
c037
7545
2dd9
212e
6fd9
2abb
910c
95f2
c004
754d
2ddf
da29
6312
23e2
9233
965a
bfd2
7554
2de4
9eca
532c
1cec
9363
96c2
bfa0
755b
2de9
815d
40a6
15de
949c
972b
bf6d
7563
2def
8aef
2c17
0ebe
95dd
9796
bf3b
756a
2df4
b890
1623
0793
9727
9801
bf09
7571
2dfa
fc31
ff7c
0062
987a
986c
bed7
7579
2dff
40fe
e8da
f930
99d5
98d9
bea4
7580
2e05
71c7
d2f3
f203
9b38
9947
be72
7587
2e0a
7f86
be77
eae2
9ca3
99b5
be40
758f
2e0f
65fe
ac0d
e3d2
9e17
9a24
be0e
7596
2e15
2d0d
9c48
dcd9
9f92
9a94
bddc
759d
2e1a
e63c
8fa8
d5fd
a115
9b05
bdab
75a4
2e20
a75a
8694
cf42
a2a0
9b77
bd79
75ac
2e25
83c6
8154
c8af
a432
9be9
bd47
75b3
2e2b
8674
8013
c248
a5cc
9c5c
bd15
75ba
2e30
ae92
82da
bc14
a76d
9cd0
bce4
75c1
2e36
efc3
8994
b616
a915
9d45
bcb2
75c9
2e3b
35f5
940a
b054
aac4
9dbb
bc81
75d0
2e40
6b89
a1e8
aad3
ac7a
9e31
bc4f
75d7
2e46
7ffe
b2be
a597
ae37
9ea9
bc1e
75de
2e4b
6d08
c603
a0a4
affb
9f21
bbec
75e5
2e51
387d
db1d
9bfe
b1c5
9f9a
bbbb
75ec
2e56
f28d
f160
97a9
b395
a013
bb8a
75f4
2e5c
b0c1
081a
93a8
b56c
a08e
bb59
75fb
2e61
875d
1e92
8fff
b748
a109
bb27
7602
2e66
8320
3413
8cb1
b92b
a185
baf6
7609
2e6c
a559
47f0
89c0
bb13
a201
bac5
7610
2e71
e37d
5988
872f
bd01
a27f
ba94
7617
2e77
2a69
684d
8500
bef4
a2fd
ba63
761e
2e7c
6445
73c8
8334
c0ec
a37c
ba32
7626
2e82
7f40
7b9c
81cd
c2ea
a3fc
ba02
762d
2e87
7309
7f8a
80cc
c4ec
a47c
b9d1
7634
2e8c
4365
7f72
8032
c6f4
a4fd
b9a0
763b
2e92
feff
7b56
8000
c900
a57f
b970
7642
2e97
bae9
7355
8035
cb10
a602
b93f
7649
2e9d
8c19
67b2
80d2
cd25
a685
b90e
7650
2ea2
80fc
58c9
81d6
cf3d
a70a
b8de
7657
2ea8
9cfd
4713
833f
d15a
a78e
b8ae
765e
2ead
d77c
331f
850e
d37b
a814
b87d
7665
2eb2
1e76
1d8f
8740
d59f
a89a
b84d
766c
2eb8
5c0e
0710
89d4
d7c6
a921
b81d
7673
2ebd
7d4c
f058
8cc8
d9f1
a9a9
b7ec
767a
2ec3
77f4
da1e
9018
dc1f
aa31
b7bc
7681
2ec8
4da9
c516
93c4
de50
aaba
b78c
7688
2ece
0b74
b1ea
97c7
e083
ab44
b75c
768f
2ed3
c5b8
a134
9c1e
e2b9
abcf
b72c
7696
2ed8
91ef
937c
a0c6
e4f2
ac5a
b6fc
769d
2ede
800c
8930
a5bb
e72c
ace6
b6cd
76a4
2ee3
9591
82a3
aafa
e969
ad72
b69d
76aa
2ee9
cbde
800b
b07d
eba7
adff
b66d
76b1
2eee
1239
817b
b640
ede7
ae8d
b63d
76b8
2ef3
52f8
86e9
bc3f
f029
af1b
b60e
76bf
2ef9
7a29
9029
c275
f26c
afab
b5de
76c6
2efe
7bba
9cf0
c8dd
f4b0
b03a
b5af
76cd
2f04
5731
acd6
cf71
f6f5
b0cb
b57f
76d4
2f09
17cd
bf5d
d62d
f93a
b15c
b550
76db
2f0f
d114
d3ed
dd0b
fb80
b1ee
b521
76e1
2f14
98cf
e9e0
e404
fdc7
b280
b4f2
76e8
2f19
8052
0087
eb15
000d
b313
b4c2
76ef
2f1f
8f27
1729
f236
0254
b3a6
b493
76f6
2f24
c0be
2d10
f963
049b
b43b
b464
76fd
2f2a
05d0
418c
0095
06e1
b4cf
b435
7703
2f2f
4918
53f6
07c6
0926
b565
b406
770a
2f34
75dd
63ba
0ef1
0b6b
b5fb
b3d7
7711
2f3a
7e55
7059
1611
0daf
b692
b3a9
7718
2f3f
5fe5
796d
1d1e
0ff2
b729
b37a
771f
2f45
23ec
7ead
2413
1233
b7c1
b34b
7725
2f4a
dce3
7fed
2aec
1473
b859
b31d
772c
2f50
a0ab
7d25
31a2
16b2
b8f2
b2ee
7733
2f55
81cf
766b
382f
18ee
b98c
b2c0
7739
2f5a
89d0
6bf4
3e8f
1b29
ba26
b291
7740
2f60
b638
5e16
44bd
1d61
bac0
b263
7747
2f65
f959
4d40
4ab2
1f97
bb5c
b234
774d
2f6b
3e86
39fa
506c
21ca
bbf7
b206
7754
2f70
7072
24e0
55e4
23fb
bc94
b1d8
775b
2f75
7fbc
0e9d
5b17
2629
bd31
b1aa
7761
2f7b
67b0
f7e3
6000
2853
bdce
b17c
7768
2f80
2fb4
e16b
649b
2a7b
be6c
b14e
776f
2f86
e907
cbea
68e5
2c9f
bf0b
b120
7775
2f8b
a96d
b80d
6cda
2ebf
bfaa
b0f2
777c
2f91
847e
a676
7077
30db
c049
b0c4
7783
2f96
8598
97b1
73b9
32f4
c0e9
b097
7789
2f9b
ac65
8c37
769d
3509
c18a
b069
7790
2fa1
ecf1
8463
7921
3719
c22b
b03b
7796
2fa6
335d
8076
7b44
3924
c2cd
b00e
779d
2fac
69f7
808e
7d02
3b2b
c36f
afe0
77a3
2fb1
7fee
84ab
7e5b
3d2e
c411
afb3
77aa
2fb6
6e7f
8cac
7f4e
3f2b
c4b4
af85
77b1
2fbc
3b08
9850
7fda
4123
c558
af58
77b7
2fc1
f563
a73a
7fff
4316
c5fc
af2b
77be
2fc7
b302
b8f0
7fbc
4504
c6a0
aefe
77c4
2fcc
8858
cce4
7f11
46ec
c745
aed1
77cb
2fd1
8288
e275
7e00
48ce
c7eb
aea4
77d1
2fd7
a35c
f8f4
7c89
4aaa
c891
ae77
77d8
2fdc
e0b9
0fac
7aad
4c80
c937
ae4a
77de
2fe2
27b7
25e5
786d
4e51
c9de
ae1d
77e4
2fe7
627a
3aed
75cd
501a
ca85
adf0
77eb
2fec
7ee9
4e19
72cc
51dd
cb2c
adc4
77f1
2ff2
7442
5ece
6f6f
539a
cbd5
ad97
77f8
2ff7
45cd
6c86
6bb8
5550
cc7d
ad6a
77fe
2ffd
01d8
76d1
67aa
56ff
cd26
ad3e
7805
3002
bd52
7d5d
6347
58a7
cdcf
ad12
780b
3007
8d56
7ff5
5e95
5a47
ce79
ace5
7811
300d
80aa
7e84
5995
5be1
cf23
acb9
7818
3012
9b35
7916
544e
5d73
cfce
ac8d
781e
3018
d4cc
6fd5
4ec2
5efd
d078
ac61
7825
301d
1bb0
630e
48f6
6080
d124
ac34
782b
3022
5a0e
5327
42ef
61fb
d1cf
ac08
7831
3028
7caf
40a1
3cb2
636e
d27b
abdd
7838
302d
78ea
2c10
3644
64d9
d328
abb1
783e
3033
4fe8
161c
2faa
663c
d3d5
ab85
7844
3038
0e49
ff76
28ea
6796
d482
ab59
784b
303d
c844
e8d4
2208
68e8
d52f
ab2d
7851
3043
936a
d2ed
1b0b
6a32
d5dd
ab02
7857
3048
8000
be71
13f8
6b73
d68b
aad6
785d
304e
9403
ac08
0cd5
6cab
d73a
aaab
7864
3053
c948
9c44
05a7
6ddb
d7e9
aa7f
786a
3058
0f67
8fa5
fe75
6f01
d898
aa54
7870
305e
50c7
8692
f744
701f
d947
aa29
7876
3063
7947
8153
f01a
7133
d9f7
a9fe
787d
3069
7c6d
8013
e8fd
723f
daa7
a9d3
7883
306e
5941
82dc
e1f3
7341
db57
a9a7
7889
3073
1a98
8997
db00
743a
dc08
a97c
788f
3079
d3be
940e
d42c
7529
dcb9
a952
7895
307e
9a85
a1ed
cd7c
760f
dd6a
a927
789c
3084
808e
b2c3
c6f4
76eb
de1c
a8fc
78a2
3089
8dd7
c609
c09a
77be
dece
a8d1
78a8
308e
be48
db23
ba74
7887
df80
a8a7
78ae
3094
02f8
f167
b486
7946
e032
a87c
78b4
3099
46bd
0820
aed5
79fc
e0e5
a852
78ba
309f
74b9
1e98
a966
7aa8
e198
a827
78c0
30a4
7ec2
3419
a43d
7b49
e24b
a7fd
78c7
30a9
61c1
47f5
9f5e
7be1
e2fe
a7d3
78cd
30af
26a5
598d
9acd
7c6f
e3b2
a7a8
78d3
30b4
dfa2
6851
968e
7cf2
e466
a77e
78d9
30b9
a297
73cb
92a5
7d6c
e51a
a754
78df
30bf
8251
7b9e
8f14
7ddb
e5ce
a72a
78e5
30c4
88c0
7f8b
8bdf
7e40
e682
a700
78eb
30ca
b3e9
7f72
8907
7e9b
e737
a6d6
78f1
30cf
f681
7b54
8690
7eec
e7ec
a6ad
78f7
30d4
3c06
7352
847b
7f32
e8a1
a683
78fd
30da
6f0f
67ae
82ca
7f6e
e956
a659
7903
30df
7fe3
58c4
817e
7fa0
ea0c
a630
7909
30e5
6954
470d
8099
7fc7
eac1
a606
790f
30ea
3255
3319
801b
7fe4
eb77
a5dd
7915
30ef
ebd5
1d88
8004
7ff7
ec2d
a5b4
791b
30f5
ab8c
0709
8055
7fff
ece3
a58a
7921
30fa
8545
f051
810d
7ffe
ed9a
a561
7927
30ff
84ca
da17
822c
7ff1
ee50
a538
792d
3105
aa42
c510
83b1
7fda
ef07
a50f
7933
310a
ea22
b1e5
859b
7fb9
efbd
a4e6
7939
3110
30be
a130
87e7
7f8e
f074
a4bd
793f
3115
6857
9379
8a95
7f58
f12b
a494
7945
311a
7fce
892e
8da1
7f18
f1e2
a46b
794a
3120
6fe8
82a2
910b
7ece
f299
a443
7950
3125
3d8b
800b
94ce
7e79
f351
a41a
7956
312b
f83a
817c
98e8
7e1b
f408
a3f2
795c
3130
b54e
86ec
9d55
7db2
f4c0
a3c9
7962
3135
8963
902c
a212
7d3e
f577
a3a1
7968
313b
8200
9cf4
a71b
7cc1
f62f
a379
796e
3140
a16b
acdc
ac6c
7c3a
f6e7
a350
7973
3145
ddf8
bf62
b201
7ba8
f79e
a328
7979
314b
24ff
d3f3
b7d5
7b0d
f856
a300
797f
3150
60a2
e9e7
bde3
7a67
f90e
a2d8
7985
3156
7e82
008e
c427
79b8
f9c6
a2b0
798b
315b
756b
1730
ca9b
78ff
fa7e
a288
7990
3160
482b
2d17
d13b
783c
fb37
a261
7996
3166
04b1
4192
d800
776f
fbef
a239
799c
316b
bfc5
53fb
dee6
7698
fca7
a211
79a2
3170
8ea1
63be
e5e6
75b8
fd5f
a1ea
79a7
3176
8068
705c
ecfc
74cf
fe17
a1c2
79ad
317b
997a
796f
f421
73dc
fed0
a19b
79b3
3181
d220
7eae
fb4f
72df
ff88
a174
79b9
3186
18e7
7fed
0282
71da
0040
a14c
79be
318b
5802
7d24
09b2
70cb
00f8
a125
79c4
3191
7c03
7668
10da
6fb3
01b1
a0fe
79ca
3196
79d2
6bf0
17f5
6e92
0269
a0d7
79cf
319b
521c
5e11
1efd
6d68
0321
a0b0
79d5
31a1
111d
4d3a
25eb
6c35
03d9
a089
79db
31a6
cad8
39f4
2cbb
6af9
0492
a062
79e0
31ac
94f2
24da
3366
69b5
054a
a03c
79e6
31b1
8005
0e96
39e8
6868
0602
a015
79eb
31b6
9282
f7dc
403b
6713
06ba
9fef
79f1
31bc
c6b8
e164
465a
65b5
0772
9fc8
79f7
31c1
0c92
cbe4
4c40
644f
082a
9fa2
79fc
31c6
4e8d
b808
51e9
62e1
08e2
9f7b
7a02
31cc
7857
a671
574f
616b
0999
9f55
7a07
31d1
7d10
97ad
5c6e
5fed
0a51
9f2f
7a0d
31d6
5b46
8c34
6143
5e68
0b09
9f09
7a12
31dc
1d5f
8461
65c9
5cda
0bc0
9ee3
7a18
31e1
d66c
8075
69fc
5b46
0c78
9ebd
7a1e
31e7
9c48
808e
6dda
59a9
0d2f
9e97
7a23
31ec
80da
84ad
715f
5806
0de6
9e71
7a29
31f1
8c94
8caf
7488
565b
0e9d
9e4c
7a2e
31f7
bbdb
9854
7753
54aa
0f54
9e26
7a34
31fc
001f
a73f
79bd
52f1
100b
9e01
7a39
3201
4459
b8f6
7bc5
5132
10c2
9ddb
7a3e
3207
7386
ccea
7d68
4f6c
1179
9db6
7a44
320c
7f1f
e27b
7ea6
4da0
122f
9d90
7a49
3212
6392
f8fa
7f7e
4bce
12e5
9d6b
7a4f
3217
295a
0fb2
7fee
49f5
139c
9d46
7a54
321c
e265
25ec
7ff7
4817
1452
9d21
7a5a
3222
a48f
3af3
7f98
4632
1507
9cfc
7a5f
3227
82e3
4e1e
7ed2
4448
15bd
9cd7
7a64
322c
87be
5ed2
7da6
4259
1673
9cb2
7a6a
3232
b1a4
6c89
7c13
4064
1728
9c8e
7a6f
3237
f3ab
76d4
7a1c
3e69
17dd
9c69
7a75
323c
397f
7d5f
77c3
3c6a
1892
9c45
7a7a
3242
6d9d
7ff6
7508
3a66
1947
9c20
7a7f
3247
7ffa
7e83
71ef
385d
19fb
9bfc
7a85
324c
6aec
7913
6e7a
3650
1ab0
9bd7
7a8a
3252
34f0
6fd2
6aab
343e
1b64
9bb3
7a8f
3257
eea6
630a
6686
3228
1c18
9b8f
7a95
325d
adb5
5322
620d
300e
1ccb
9b6b
7a9a
3262
861b
409b
5d46
2df0
1d7f
9b47
7a9f
3267
840d
2c0a
5833
2bce
1e32
9b23
7aa4
326d
a82a
1616
52d8
29a9
1ee5
9aff
7aaa
3272
e755
ff6f
4d3b
2780
1f98
9adb
7aaf
3277
2e19
e8cd
475f
2554
204a
9ab8
7ab4
327d
66aa
d2e6
4149
2325
20fc
9a94
7aba
3282
7f9d
be6c
3aff
20f4
21ae
9a71
7abf
3287
7142
ac02
3484
1ebf
2260
9a4d
7ac4
328d
4006
9c40
2de0
1c88
2311
9a2a
7ac9
3292
fb12
8fa2
2716
1a4f
23c2
9a07
7ace
3297
b7a2
8690
202c
1814
2473
99e3
7ad4
329d
8a7c
8152
1929
15d7
2523
99c0
7ad9
32a2
8188
8013
1211
1398
25d4
999d
7ade
32a8
9f86
82dd
0aea
1157
2683
997a
7ae3
32ad
db3b
8999
03bb
0f15
2733
9957
7ae8
32b2
2243
9412
fc88
0cd2
27e2
9935
7aed
32b8
5ebe
a1f1
f559
0a8e
2891
9912
7af3
32bd
7e0b
b2c9
ee31
0848
2940
98ef
7af8
32c2
7686
c60f
e719
0603
29ee
98cd
7afd
32c8
4a80
db2a
e014
03bc
2a9c
98aa
7b02
32cd
0789
f16e
d92a
0176
2b4a
9888
7b07
32d2
c23f
0827
d25f
ff2f
2bf7
9866
7b0c
32d8
8ffa
1e9f
cbb8
fce9
2ca4
9844
7b11
32dd
8036
341f
c53d
faa2
2d50
9822
7b16
32e2
97cd
47fb
bef0
f85c
2dfc
9800
7b1b
32e8
cf7b
5991
b8d8
f617
2ea8
97de
7b20
32ed
161b
6855
b2fa
f3d2
2f54
97bc
7b25
32f2
55ec
73ce
ad5a
f18f
2fff
979a
7b2a
32f8
7b46
7ba0
a7fe
ef4c
30a9
9778
7b2f
32fd
7aaa
7f8b
a2e8
ed0b
3153
9757
7b34
3302
5446
7f71
9e1e
eacc
31fd
9735
7b39
3308
13ee
7b52
99a2
e88e
32a7
9714
7b3e
330d
cd72
734f
957a
e652
3350
96f3
7b43
3312
9689
67aa
91a8
e419
33f8
96d1
7b48
3318
801a
58bf
8e2f
e1e1
34a1
96b0
7b4d
331d
9110
4708
8b13
dfac
3548
968f
7b52
3322
c430
3313
8855
dd79
35f0
966e
7b57
3328
09bc
1d82
85f8
db4a
3697
964d
7b5c
332d
4c49
0702
83fd
d91d
373d
962c
7b61
3333
7757
f04a
8267
d6f3
37e3
960c
7b66
3338
7da4
da11
8137
d4cd
3889
95eb
7b6b
333d
5d3f
c50a
806d
d2aa
392e
95ca
7b70
3343
2022
b1df
800b
d08b
39d2
95aa
7b74
3348
d920
a12b
8010
ce70
3a76
9589
7b79
334d
9e17
9375
807c
cc59
3b1a
9569
7b7e
3353
8135
892b
8150
ca46
3bbd
9549
7b83
3358
8b61
82a1
828a
c837
3c60
9529
7b88
335d
b977
800a
842a
c62d
3d02
9509
7b8d
3363
fd46
817d
862e
c428
3da4
94e9
7b91
3368
41ec
86ee
8895
c227
3e45
94c9
7b96
336d
7245
9030
8b5c
c02b
3ee6
94a9
7b9b
3373
7f6c
9cf8
8e82
be35
3f86
9489
7ba0
3378
6555
ace1
9204
bc44
4026
946a
7ba5
337d
2c09
bf68
95de
ba58
40c5
944a
7ba9
3383
e52c
d3f9
9a0f
b872
4164
942b
7bae
3388
a693
e9ee
9e92
b692
4202
940c
7bb3
338d
8384
0094
a364
b4b7
42a0
93ec
7bb8
3393
86cc
1736
a880
b2e3
433d
93cd
7bbc
3398
af68
2d1d
ade4
b115
43d9
93ae
7bc1
339d
f0d6
4197
b38a
af4e
4475
938f
7bc6
33a3
36f0
5400
b96e
ad8d
4511
9370
7bca
33a8
6c1e
63c3
bf8b
abd2
45ab
9351
7bcf
33ad
7fff
7060
c5dc
aa1f
4646
9333
7bd4
33b3
6c76
7971
cc5d
a872
46df
9314
7bd8
33b8
3784
7eaf
d307
a6cd
4779
92f5
7bdd
33bd
f17a
7fed
d9d5
a52e
4811
92d7
7be2
33c3
afe8
7d22
e0c3
a398
48a9
92b8
7be6
33c8
8702
7665
e7c9
a208
4941
929a
7beb
33cd
835f
6bed
eee3
a080
49d7
927c
7bf0
33d3
a61e
5e0c
f60c
9f00
4a6e
925e
7bf4
33d8
e48c
4d35
fd3c
9d88
4b03
9240
7bf9
33dd
2b6e
39ee
046e
9c18
4b98
9222
7bfd
33e3
64f1
24d3
0b9d
9aaf
4c2d
9204
7c02
33e8
7f5c
0e8f
12c2
994f
4cc0
91e6
7c06
33ed
728f
f7d6
19d9
97f8
4d54
91c9
7c0b
33f3
4279
e15e
20da
96a8
4de6
91ab
7c10
33f8
fdea
cbde
27c1
9562
4e78
918d
7c14
33fd
ba00
b802
2e87
9424
4f09
9170
7c19
3402
8ba5
a66c
3528
92ee
4f9a
9153
7c1d
3408
811f
97a9
3b9e
91c2
502a
9136
7c22
340d
9dad
8c31
41e4
909e
50b9
9118
7c26
3412
d884
8460
47f4
8f83
5148
90fb
7c2b
3418
1f83
8074
4dca
8e72
51d6
90de
7c2f
341d
5cce
808f
5361
8d6a
5263
90c2
7c34
3422
7d84
84af
58b5
8c6b
52f0
90a5
7c38
3428
7792
8cb2
5dc1
8b75
537c
9088
7c3c
342d
4ccc
9858
6280
8a89
5407
906b
7c41
3432
0a60
a744
66f1
89a6
5492
904f
7c45
3438
c4c2
b8fb
6b0e
88cd
551c
9033
7c4a
343d
9162
ccf0
6ed4
87fd
55a5
9016
7c4e
3442
8014
e282
7241
8738
562e
8ffa
7c52
3448
962c
f901
7551
867c
56b6
8fde
7c57
344d
ccdc
0fb9
7802
85c9
573d
8fc2
7c5b
3452
134b
25f2
7a52
8521
57c3
8fa6
7c60
3458
53ca
3af9
7c3f
8483
5849
8f8a
7c64
345d
7a7a
4e23
7dc7
83ef
58ce
8f6e
7c68
3462
7b72
5ed7
7eea
8364
5953
8f52
7c6d
3468
5665
6c8d
7fa6
82e4
59d6
8f37
7c71
346d
16bc
76d6
7ffb
826e
5a59
8f1b
7c75
3472
d013
7d60
7fe8
8202
5adb
8f00
7c7a
3478
982c
7ff6
7f6d
81a0
5b5d
8ee5
7c7e
347d
8040
7e82
7e8c
8149
5bdd
8ec9
7c82
3482
8fab
7911
7d44
80fc
5c5d
8eae
7c86
3487
c1b0
6fcf
7b97
80b9
5cdc
8e93
7c8b
348d
06e5
6305
7985
8080
5d5b
8e78
7c8f
3492
49fb
531d
7711
8052
5dd9
8e5d
7c93
3497
7648
4095
743d
802e
5e56
8e43
7c97
349d
7e27
2c04
710b
8014
5ed2
8e28
7c9c
34a2
5f2c
160f
6d7e
8005
5f4d
8e0d
7ca0
34a7
22e2
ff68
6997
8000
5fc8
8df3
7ca4
34ad
dbd9
e8c6
655c
8005
6042
8dd8
7ca8
34b2
9ff3
d2e0
60ce
8015
60bb
8dbe
7cac
34b7
81a1
be66
5bf2
802f
6133
8da4
7cb1
34bd
8a3c
abfd
56cb
8054
61aa
8d8a
7cb5
34c2
b71b
9c3b
515e
8083
6221
8d70
7cb9
34c7
fa6d
8f9f
4bb0
80bc
6297
8d56
7cbd
34cc
3f77
868e
45c4
80ff
630c
8d3c
7cc1
34d2
70f6
8151
3fa0
814d
6381
8d22
7cc5
34d7
7fa9
8013
3948
81a5
63f4
8d08
7cc9
34dc
670c
82de
32c2
8207
6467
8cef
7ccd
34e2
2eb2
899c
2c12
8274
64d9
8cd5
7cd2
34e7
e7f7
9415
253f
82ea
654a
8cbc
7cd6
34ec
a8a2
a1f6
1e4e
836b
65ba
8ca3
7cda
34f2
8436
b2ce
1745
83f6
6629
8c8a
7cde
34f7
85ea
c615
1028
848b
6698
8c70
7ce2
34fc
ad37
db30
08ff
852a
6706
8c57
7ce6
3502
ee04
f174
01ce
85d2
6773
8c3f
7cea
3507
345a
082e
fa9c
8685
67df
8c26
7cee
350c
6a91
1ea5
f36e
8742
684a
8c0d
7cf2
3511
7ff6
3425
ec4a
8808
68b4
8bf4
7cf6
3517
6df2
4801
e536
88d8
691e
8bdc
7cfa
351c
3a11
5996
de38
89b2
6987
8bc3
7cfe
3521
f44f
6859
d755
8a95
69ef
8bab
7d02
3527
b226
73d0
d094
8b82
6a56
8b93
7d06
352c
87f7
7ba1
c9f8
8c78
6abc
8b7b
7d0a
3531
82c0
7f8c
c388
8d77
6b21
8b63
7d0e
3537
a41d
7f71
bd4a
8e80
6b85
8b4b
7d12
353c
e1c6
7b50
b741
8f92
6be9
8b33
7d15
3541
28be
734c
b173
90ad
6c4c
8b1b
7d19
3546
632a
67a6
abe5
91d1
6cad
8b03
7d1d
354c
7f0c
58ba
a69a
92fe
6d0e
8aec
7d21
3551
73cd
4702
a198
9434
6d6e
8ad4
7d25
3556
44e4
330d
9ce3
9573
6dce
8abd
7d29
355c
00c3
1d7b
987e
96ba
6e2c
8aa5
7d2d
3561
bc66
06fb
946c
9809
6e89
8a8e
7d31
3566
8cdc
f044
90b2
9962
6ee6
8a77
7d34
356c
80c7
da0b
8d51
9ac2
6f41
8a60
7d38
3571
9be1
c504
8a4e
9c2b
6f9c
8a49
7d3c
3576
d5d1
b1da
87a9
9d9b
6ff6
8a32
7d40
357b
1cbf
a127
8566
9f14
704e
8a1b
7d44
3581
5ad2
9371
8387
a094
70a6
8a05
7d47
3586
7ced
8929
820c
a21d
70fd
89ee
7d4b
358b
788e
829f
80f7
a3ad
7154
89d8
7d4f
3591
4f0e
800a
8049
a544
71a9
89c1
7d53
3596
0d36
817e
8002
a6e3
71fd
89ab
7d56
359b
c74b
86f0
8023
a888
7250
8995
7d5a
35a0
92d8
9033
80ab
aa35
72a3
897f
7d5e
35a6
8003
9cfd
819a
abe9
72f4
8969
7d62
35ab
9499
ace6
82f0
ada4
7345
8953
7d65
35b0
ca43
bf6e
84aa
af65
7395
893d
7d69
35b6
107a
d400
86c9
b12d
73e3
8928
7d6d
35bb
519e
e9f4
894a
b2fb
7431
8912
7d70
35c0
799f
009b
8c2b
b4d0
747e
88fd
7d74
35c6
7c2b
173d
8f69
b6ab
74ca
88e7
7d78
35cb
5879
2d23
9303
b88b
7515
88d2
7d7b
35d0
1988
419d
96f5
ba71
755f
88bd
7d7f
35d5
d2ba
5405
9b3c
bc5d
75a8
88a7
7d83
35db
99dd
63c7
9fd4
be4f
75f0
8892
7d86
35e0
8075
7063
a4ba
c046
7637
887e
7d8a
35e5
8e55
7973
a9eb
c241
767d
8869
7d8d
35eb
bf37
7eaf
af60
c442
76c2
8854
7d91
35f0
040d
7fed
b517
c648
7707
883f
7d95
35f5
47a3
7d21
bb0b
c853
774a
882b
7d98
35fa
7529
7663
c137
ca61
778c
8816
7d9c
3600
7e9a
6be9
c795
cc75
77ce
8802
7d9f
3605
610e
5e08
ce21
ce8c
780e
87ee
7da3
360a
259d
4d2f
d4d5
d0a8
784e
87da
7da6
360f
de96
39e8
dbad
d2c7
788c
87c6
7daa
3615
a1da
24cd
e2a1
d4ea
78c9
87b2
7dad
361a
821d
0e88
e9ae
d710
7906
879e
7db1
361f
8925
f7cf
f0cc
d93a
7941
878a
7db4
3625
b4c8
e157
f7f7
db67
797c
8776
7db8
362a
f796
cbd7
ff28
dd97
79b6
8763
7dbb
362f
3cfb
b7fd
065a
dfc9
79ee
874f
7dbf
3634
6f98
a667
0d87
e1fe
7a26
873c
7dc2
363a
7fd6
97a5
14a9
e436
7a5c
8729
7dc6
363f
68b6
8c2e
1bba
e670
7a92
8716
7dc9
3644
3156
845e
22b5
e8ac
7ac6
8703
7dcc
364a
eac4
8074
2994
eaea
7afa
86f0
7dd0
364f
aabc
8090
3051
ed29
7b2d
86dd
7dd3
3654
84f7
84b1
36e7
ef6b
7b5e
86ca
7dd6
3659
8516
8cb5
3d50
f1ad
7b8f
86b7
7dda
365f
ab11
985c
4388
f3f1
7bbf
86a5
7ddd
3664
eb33
a748
4989
f635
7bed
8692
7de1
3669
31be
b901
4f4f
f87a
7c1b
8680
7de4
366f
68f7
ccf6
54d4
fac0
7c47
866e
7de7
3674
7fdc
e288
5a15
fd07
7c73
865b
7deb
3679
6f60
f908
5f0d
ff4e
7c9e
8649
7dee
367e
3c97
0fc0
63b8
0194
7cc7
8637
7df1
3684
f725
25f9
6813
03db
7cf0
8625
7df4
3689
b46d
3aff
6c19
0621
7d17
8614
7df8
368e
88fc
4e29
6fc7
0867
7d3e
8602
7dfb
3693
8232
5edb
731b
0aac
7d63
85f0
7dfe
3699
a227
6c90
7612
0cf0
7d88
85df
7e01
369e
df03
76d9
78aa
0f33
7dab
85cd
7e05
36a3
2608
7d61
7adf
1175
7dce
85bc
7e08
36a8
6157
7ff6
7cb2
13b6
7def
85ab
7e0b
36ae
7eab
7e81
7e1f
15f5
7e10
859a
7e0e
36b3
74fc
790f
7f26
1832
7e2f
8589
7e12
36b8
4745
6fcb
7fc7
1a6d
7e4e
8578
7e15
36be
039c
6301
7fff
1ca6
7e6b
8567
7e18
36c3
bed6
5318
7fd1
1edd
7e87
8556
7e1b
36c8
8e21
408f
7f3b
2111
7ea3
8546
7e1e
36cd
807f
2bfd
7e3e
2343
7ebd
8535
7e21
36d3
9a21
1608
7cdb
2571
7ed6
8525
7e24
36d8
d324
ff62
7b13
279d
7eef
8515
7e28
36dd
19f7
e8c0
78e7
29c5
7f06
8504
7e2b
36e2
58cb
d2da
7659
2bea
7f1c
84f4
7e2e
36e8
7c46
be60
736c
2e0c
7f31
84e4
7e31
36ed
797c
abf8
7021
302a
7f45
84d4
7e34
36f2
5147
9c37
6c7b
3244
7f59
84c5
7e37
36f7
100a
8f9c
687e
345a
7f6b
84b5
7e3a
36fd
c9dc
868b
642c
366b
7f7c
84a5
7e3d
3702
945b
8150
5f89
3878
7f8c
8496
7e40
3707
8001
8013
5a98
3a81
7f9b
8486
7e43
370d
9313
82e0
555f
3c85
7fa9
8477
7e46
3712
c7b1
899e
4fe0
3e84
7fb6
8468
7e49
3717
0da6
9419
4a20
407e
7fc2
8459
7e4c
371c
4f67
a1fb
4425
4272
7fcc
844a
7e4f
3722
78b4
b2d3
3df2
4462
7fd6
843b
7e52
3727
7cd4
c61b
378d
464c
7fdf
842c
7e55
372c
5a82
db37
30fc
4830
7fe7
841d
7e58
3731
1c51
f17b
2a42
4a0e
7fed
840f
7e5b
3737
d566
0835
2367
4be6
7ff3
8400
7e5e
373c
9b9b
1eac
1c6f
4db8
7ff8
83f2
7e61
3741
80bb
342c
155f
4f84
7ffb
83e4
7e64
3746
8d0d
4806
0e3f
514a
7ffe
83d5
7e67
374c
bcc6
599b
0713
5308
7fff
83c7
7e6a
3751
0134
685d
ffe1
54c0
7fff
83b9
7e6d
3756
4543
73d3
f8b0
5672
7fff
83ab
7e6f
375b
73fd
7ba3
f184
581c
7ffe
839e
7e72
3761
7efe
7f8c
ea64
59bf
7ffb
8390
7e75
3766
62e3
7f70
e355
5b5b
7ff8
8382
7e78
376b
2853
7b4f
dc5e
5cef
7ff3
8375
7e7b
3770
e158
734a
d583
5e7c
7fed
8367
7e7e
3776
a3ce
67a2
cecb
6001
7fe6
835a
7e81
377b
82a9
58b5
c83b
617f
7fdf
834d
7e83
3780
881e
46fc
c1d8
62f4
7fd6
8340
7e86
3785
b27f
3306
bba7
6462
7fcc
8333
7e89
378b
f4bf
1d74
b5ae
65c8
7fc1
8326
7e8c
3790
3a76
06f5
aff0
6725
7fb5
8319
7e8e
3795
6e2c
f03d
aa74
687a
7fa8
830c
7e91
379a
7ff3
da04
a53c
69c6
7f9a
8300
7e94
37a0
6a52
c4fe
a04e
6b0a
7f8b
82f3
7e97
37a5
33f3
b1d5
9bae
6c45
7f7b
82e7
7e99
37aa
ed94
a122
975f
6d78
7f6a
82db
7e9c
37af
ace1
936e
9364
6ea1
7f58
82ce
7e9f
37b5
85c8
8926
8fc2
6fc2
7f45
82c2
7ea2
37ba
8453
829e
8c7a
70d9
7f31
82b6
7ea4
37bf
a8f5
800a
898f
71e8
7f1b
82aa
7ea7
37c4
e865
817f
8705
72ed
7f05
829f
7eaa
37ca
2f1b
86f2
84dc
73e9
7eee
8293
7eac
37cf
674f
9036
8317
74db
7ed6
8287
7eaf
37d4
7fb1
9d01
81b8
75c4
7ebc
827c
7eb1
37d9
70c0
aceb
80be
76a4
7ea2
8271
7eb4
37df
3f15
bf74
802c
777a
7e87
8265
7eb7
37e4
f9fd
d406
8000
7846
7e6a
825a
7eb9
37e9
b6be
e9fb
803d
7909
7e4d
824f
7ebc
37ee
8a0f
00a2
80e1
79c1
7e2e
8244
7ebe
37f4
81b4
1744
81eb
7a70
7e0f
8239
7ec1
37f9
a03d
2d2a
835c
7b15
7dee
822e
7ec4
37fe
dc45
41a3
8532
7bb0
7dcd
8224
7ec6
3803
234e
540a
876b
7c41
7daa
8219
7ec9
3809
5f78
63cb
8a06
7cc8
7d87
820f
7ecb
380e
7e3a
7066
8d00
7d45
7d62
8204
7ece
3813
761c
7976
9057
7db7
7d3d
81fa
7ed0
3818
499e
7eb0
9408
7e20
7d16
81f0
7ed3
381d
0674
7fec
9811
7e7e
7cee
81e6
7ed5
3823
c14d
7d1f
9c6e
7ed2
7cc6
81dc
7ed8
3828
8f75
7660
a11c
7f1c
7c9c
81d2
7eda
382d
8047
6be5
a616
7f5b
7c72
81c8
7edd
3832
986e
5e03
ab5a
7f91
7c46
81bf
7edf
3838
d07c
4d2a
b0e1
7fbb
7c19
81b5
7ee2
383d
172b
39e2
b6a9
7fdc
7bec
81ac
7ee4
3842
56b8
24c6
bcac
7ff2
7bbd
81a3
7ee6
3847
7b90
0e82
c2e6
7ffe
7b8d
8199
7ee9
384d
7a59
f7c8
c951
7fff
7b5d
8190
7eeb
3852
5375
e151
cfe8
7ff6
7b2b
8187
7eee
3857
12dc
cbd1
d6a6
7fe3
7af8
817e
7ef0
385c
cc74
b7f7
dd86
7fc5
7ac5
8175
7ef2
3862
95ed
a663
e482
7f9e
7a90
816d
7ef5
3867
8010
97a2
eb94
7f6b
7a5a
8164
7ef7
386c
919b
8c2b
f2b6
7f2f
7a24
815c
7ef9
3871
c526
845c
f9e3
7ee8
79ec
8153
7efc
3876
0ad0
8073
0115
7e96
79b4
814b
7efe
387c
4d26
8090
0846
7e3b
797a
8143
7f00
3881
77ba
84b2
0f71
7dd5
793f
813a
7f03
3886
7d6e
8cb8
168f
7d66
7904
8132
7f05
388b
5c80
9860
1d9b
7cec
78c7
812b
7f07
3891
1f16
a74d
248e
7c67
788a
8123
7f09
3896
d818
b906
2b65
7bd9
784b
811b
7f0c
389b
9d65
ccfd
3218
7b41
780c
8113
7f0e
38a0
8111
e28f
38a2
7a9f
77cc
810c
7f10
38a5
8bd4
f90f
3eff
79f3
778a
8105
7f12
38ab
ba5e
0fc7
4529
793d
7748
80fd
7f15
38b0
fe5b
25ff
4b1a
787d
7704
80f6
7f17
38b5
42d9
3b05
50cf
77b3
76c0
80ef
7f19
38ba
72c1
4e2e
5643
76e0
767b
80e8
7f1b
38c0
7f51
5ee0
5b71
7603
7635
80e1
7f1d
38c5
64ab
6c94
6055
751d
75ee
80da
7f1f
38ca
2b04
76db
64ea
742d
75a5
80d4
7f22
38cf
e41e
7d63
692e
7334
755c
80cd
7f24
38d4
a5ce
7ff6
6d1d
7231
7512
80c7
7f26
38da
8345
7e80
70b4
7125
74c7
80c0
7f28
38df
8727
790d
73f0
7010
747b
80ba
7f2a
38e4
b040
6fc8
76cd
6ef2
742f
80b4
7f2c
38e9
f1ea
62fd
794b
6dcb
73e1
80ae
7f2e
38ef
37ea
5312
7b66
6c9b
7392
80a8
7f30
38f4
6cb2
4089
7d1d
6b62
7342
80a2
7f32
38f9
7fff
2bf7
7e70
6a21
72f2
809c
7f34
38fe
6be2
1602
7f5b
68d7
72a0
8097
7f36
3903
368a
ff5b
7fe0
6784
724e
8091
7f39
3909
f066
e8b9
7ffe
6629
71fa
808c
7f3b
390e
af11
d2d3
7fb3
64c6
71a6
8087
7f3d
3913
86a8
be5a
7f02
635b
7151
8081
7f3f
3918
839f
abf3
7de9
61e7
70fb
807c
7f41
391e
a6e4
9c33
7c6b
606c
70a4
8077
7f43
3923
e59b
8f98
7a88
5ee9
704c
8072
7f45
3928
2c73
8689
7842
5d5e
6ff3
806d
7f46
392d
659a
814f
759a
5bcc
6f99
8069
7f48
3932
7f77
8014
7293
5a32
6f3e
8064
7f4a
3938
7212
82e1
6f30
5891
6ee3
8060
7f4c
393d
418c
89a1
6b73
56e9
6e86
805b
7f4e
3942
fcd5
941c
675e
5539
6e29
8057
7f50
3947
b918
a1ff
62f6
5383
6dca
8053
7f52
394c
8b32
b2d9
5e3e
51c6
6d6b
804f
7f54
3952
8145
c621
593a
5003
6d0b
804b
7f56
3957
9e60
db3d
53ed
4e39
6caa
8047
7f58
395c
d98c
f182
4e5c
4c68
6c48
8043
7f5a
3961
208f
083b
488c
4a92
6be6
803f
7f5b
3967
5d8c
1eb2
4282
48b5
6b82
803c
7f5d
396c
7db9
3432
3c41
46d2
6b1e
8038
7f5f
3971
772e
480c
35d0
44ea
6ab8
8035
7f61
3976
4bee
59a0
2f33
42fc
6a52
8032
7f63
397b
094c
6860
2870
4109
69eb
802f
7f64
3981
c3cc
73d6
218c
3f11
6983
802b
7f66
3986
90d8
7ba5
1a8d
3d13
691b
8029
7f68
398b
801f
7f8d
1379
3b11
68b1
8026
7f6a
3990
96c9
7f6f
0c55
3909
6846
8023
7f6c
3995
cdda
7b4d
0527
36fd
67db
8020
7f6d
399b
145d
7347
fdf4
34ed
676f
801e
7f6f
39a0
549b
679e
f6c4
32d8
6702
801b
7f71
39a5
7aca
58b0
ef9b
30bf
6694
8019
7f73
39aa
7b28
46f7
e87f
2ea3
6626
8017
7f74
39af
5598
3300
e176
2c82
65b6
8015
7f76
39b5
15ab
1d6e
da86
2a5e
6546
8013
7f78
39ba
cf12
06ee
d3b4
2837
64d5
8011
7f79
39bf
978b
f036
cd06
260c
6463
800f
7f7b
39c4
8030
d9fe
c681
23de
63f0
800d
7f7d
39c9
9031
c4f8
c02b
21ad
637d
800c
7f7e
39cf
c2a2
b1cf
ba08
1f7a
6308
800a
7f80
39d4
07fa
a11e
b41f
1d43
6293
8009
7f81
39d9
4adc
936a
ae72
1b0b
621d
8007
7f83
39de
76b0
8924
a908
18d0
61a6
8006
7f85
39e3
7df7
829c
a3e3
1694
612f
8005
7f86
39e9
5e72
800a
9f0a
1455
60b7
8004
7f88
39ee
21d7
8180
9a7f
1215
603e
8003
7f89
39f3
dacf
86f4
9646
0fd4
5fc4
8003
7f8b
39f8
9f3c
903a
9263
0d91
5f49
8002
7f8d
39fd
8176
9d05
8ed8
0b4d
5ece
8001
7f8e
3a03
8aa9
acf0
8ba9
0908
5e51
8001
7f90
3a08
b7ff
bf7a
88d8
06c2
5dd4
8000
7f91
3a0d
fb82
d40c
8668
047c
5d57
8000
7f93
3a12
4068
ea02
8459
0236
5cd8
8000
7f94
3a17
7177
00a9
82af
ffef
5c59
8000
7f96
3a1d
7f94
174a
816b
fda8
5bd9
8000
7f97
3a22
6667
2d30
808d
fb62
5b58
8000
7f99
3a27
2db0
41a9
8016
f91c
5ad7
8000
7f9a
3a2c
e6e7
540f
8006
f6d6
5a55
8001
7f9b
3a31
a7d8
63cf
805f
f492
59d2
8001
7f9d
3a36
83f1
7069
811e
f24e
594e
8002
7f9e
3a3c
863e
7978
8244
f00b
58ca
8003
7fa0
3a41
ae0b
7eb1
83d0
edc9
5845
8003
7fa1
3a46
ef16
7fec
85c0
eb89
57bf
8004
7fa3
3a4b
3557
7d1e
8814
e94b
5738
8005
7fa4
3a50
6b2a
765e
8ac8
e70e
56b1
8006
7fa5
3a56
7ffc
6be2
8ddb
e4d4
5629
8007
7fa7
3a5b
6d63
5dff
914b
e29c
55a1
8009
7fa8
3a60
391a
4d25
9514
e066
5517
800a
7fa9
3a65
f33b
39dc
9934
de32
548d
800c
7fab
3a6a
b14a
24c0
9da7
dc02
5403
800d
7fac
3a70
8798
0e7b
a269
d9d4
5377
800f
7fad
3a75
82fb
f7c1
a778
d7a9
52eb
8011
7faf
3a7a
a4de
e14a
acce
d582
525e
8013
7fb0
3a7f
e2d3
cbcb
b267
d35e
51d1
8015
7fb1
3a84
29c4
b7f2
b83f
d13e
5143
8017
7fb3
3a89
63d8
a65e
be51
cf21
50b4
8019
7fb4
3a8f
7f2c
979e
c499
cd09
5025
801b
7fb5
3a94
7356
8c28
cb10
caf4
4f95
801e
7fb6
3a99
43f9
845a
d1b2
c8e4
4f04
8020
7fb8
3a9e
ffae
8073
d87a
c6d9
4e73
8023
7fb9
3aa3
bb7c
8091
df62
c4d2
4de1
8026
7fba
3aa9
8c64
84b4
e664
c2cf
4d4f
8029
7fbb
3aae
80e7
8cbb
ed7b
c0d2
4cbb
802c
7fbc
3ab3
9c8f
9864
f4a0
beda
4c28
802f
7fbd
3ab8
d6d7
a752
fbcf
bce7
4b93
8032
7fbf
3abd
1dcd
b90c
0302
baf9
4afe
8035
7fc0
3ac2
5b95
cd03
0a32
b911
4a69
8039
7fc1
3ac8
7d28
e295
115a
b72f
49d2
803c
7fc2
3acd
7830
f915
1873
b553
493c
8040
7fc3
3ad2
4e34
0fcd
1f79
b37d
48a4
8043
7fc4
3ad7
0c22
2605
2666
b1ad
480c
8047
7fc5
3adc
c653
3b0b
2d33
afe3
4773
804b
7fc7
3ae1
9248
4e33
33dc
ae20
46da
804f
7fc8
3ae7
8007
5ee5
3a5b
ac63
4641
8053
7fc9
3aec
9530
6c98
40aa
aaae
45a6
8057
7fca
3af1
cb3f
76de
46c5
a8ff
450b
805b
7fcb
3af6
118c
7d64
4ca7
a757
4470
8060
7fcc
3afb
5272
7ff6
524b
a5b6
43d4
8064
7fcd
3b00
79f4
7e7f
57ad
a41d
4337
8069
7fce
3b06
7be7
790b
5cc7
a28b
429a
806e
7fcf
3b0b
57b0
6fc5
6196
a100
41fd
8073
7fd0
3b10
1878
62f9
6616
9f7e
415e
8077
7fd1
3b15
d1b7
530d
6a44
9e03
40c0
807c
7fd2
3b1a
9937
4083
6e1c
9c90
4021
8082
7fd3
3b20
805f
2bf1
719a
9b25
3f81
8087
7fd4
3b25
8ed6
15fb
74bd
99c2
3ee1
808c
7fd5
3b2a
c027
ff54
7781
9868
3e40
8092
7fd6
3b2f
0522
e8b2
79e5
9716
3d9f
8097
7fd7
3b34
4888
d2cd
7be5
95cc
3cfd
809d
7fd8
3b39
7598
be54
7d82
948b
3c5b
80a3
7fd9
3b3f
7e70
abee
7eb9
9353
3bb8
80a8
7fd9
3b44
6058
9c2f
7f89
9224
3b15
80ae
7fda
3b49
2493
8f95
7ff2
90fd
3a71
80b4
7fdb
3b4e
dd8b
8687
7ff4
8fe0
39cd
80bb
7fdc
3b53
a11f
814e
7f8e
8ecb
3928
80c1
7fdd
3b58
81ec
8014
7ec1
8dc0
3883
80c7
7fde
3b5e
898d
82e3
7d8d
8cbe
37dd
80ce
7fdf
3b63
b5a9
89a4
7bf3
8bc5
3737
80d4
7fdf
3b68
f8aa
9420
79f6
8ad6
3691
80db
7fe0
3b6d
3dee
a204
7795
89f0
35ea
80e2
7fe1
3b72
701e
b2de
74d4
8913
3543
80e9
7fe2
3b77
7fc7
c627
71b4
8841
349b
80ef
7fe3
3b7c
6816
db43
6e39
8778
33f3
80f7
7fe3
3b82
3056
f188
6a64
86b8
334a
80fe
7fe4
3b87
e9b3
0842
6639
8603
32a1
8105
7fe5
3b8c
a9ee
1eb9
61bb
8558
31f8
810c
7fe6
3b91
84ac
3438
5cee
84b6
314e
8114
7fe6
3b96
8565
4811
57d6
841e
30a4
811c
7fe7
3b9b
abe1
59a5
5276
8391
2ff9
8123
7fe8
3ba1
ec45
6864
4cd4
830d
2f4e
812b
7fe9
3ba6
32bd
73d9
46f4
8294
2ea2
8133
7fe9
3bab
6994
7ba6
40db
8224
2df7
813b
7fea
3bb0
7fe8
7f8e
3a8d
81bf
2d4a
8143
7feb
3bb5
6ed7
7f6f
340f
8165
2c9e
814b
7feb
3bba
3ba3
7b4b
2d68
8114
2bf1
8154
7fec
3bc0
f611
7344
269b
80ce
2b44
815c
7fed
3bc5
b38e
679a
1fb0
8092
2a96
8165
7fed
3bca
8897
58ab
18ab
8060
29e8
816d
7fee
3bcf
8266
46f1
1192
8039
293a
8176
7fee
3bd4
a2e4
32fa
0a6a
801b
288b
817f
7fef
3bd9
e00f
1d67
033a
8009
27dc
8188
7ff0
3bde
2711
06e7
fc08
8000
272d
8191
7ff0
3be4
620a
f02f
f4d9
8003
267e
819a
7ff1
3be9
7ed2
d9f7
edb2
800f
25ce
81a3
7ff1
3bee
748a
c4f2
e69b
8026
251d
81ac
7ff2
3bf3
465f
b1ca
df98
8047
246d
81b6
7ff2
3bf8
0287
a119
d8b0
8072
23bc
81bf
7ff3
3bfd
bde8
9367
d1e7
80a8
230b
81c9
7ff3
3c02
8da4
8921
cb43
80e8
225a
81d3
7ff4
3c08
8098
829b
c4cb
8132
21a8
81dd
7ff4
3c0d
9aca
800a
be82
8187
20f6
81e7
7ff5
3c12
d428
8181
b86e
81e6
2044
81f1
7ff5
3c17
1b06
86f6
b294
824f
1f92
81fb
7ff6
3c1c
5992
903d
acf9
82c2
1edf
8205
7ff6
3c21
7c88
9d0a
a7a1
8340
1e2c
820f
7ff7
3c26
7923
acf5
a290
83c7
1d79
821a
7ff7
3c2c
5070
bf80
9dcb
8459
1cc5
8224
7ff8
3c31
0ef7
d413
9956
84f4
1c12
822f
7ff8
3c36
c8e2
ea08
9533
859a
1b5e
823a
7ff8
3c3b
93c6
00af
9167
8649
1aaa
8245
7ff9
3c40
8000
1751
8df5
8702
19f5
8250
7ff9
3c45
93a6
2d36
8adf
87c6
1941
825b
7ffa
3c4a
c8aa
41ae
8827
8892
188c
8266
7ffa
3c50
0eb9
5414
85d1
8969
17d7
8271
7ffa
3c55
5040
63d3
83de
8a49
1722
827d
7ffb
3c5a
790f
706d
824f
8b33
166d
8288
7ffb
3c5f
7c96
797a
8125
8c26
15b7
8294
7ffb
3c64
59be
7eb2
8063
8d22
1501
829f
7ffc
3c69
1b42
7fec
8008
8e28
144b
82ab
7ffc
3c6e
d461
7d1d
8014
8f37
1395
82b7
7ffc
3c74
9af0
765b
8088
904f
12df
82c3
7ffc
3c79
809e
6bde
8163
9170
1229
82cf
7ffd
3c7e
8d88
5dfa
82a4
929a
1172
82db
7ffd
3c83
bdb3
4d1f
844b
93cd
10bc
82e8
7ffd
3c88
0249
39d6
8656
9509
1005
82f4
7ffd
3c8d
462b
24b9
88c3
964d
0f4e
8300
7ffe
3c92
7471
0e74
8b91
979a
0e97
830d
7ffe
3c98
7eda
f7bb
8ebe
98ef
0de0
831a
7ffe
3c9d
6232
e144
9245
9a4d
0d29
8327
7ffe
3ca2
274b
cbc5
9626
9bb3
0c72
8333
7ffe
3ca7
e04b
b7ec
9a5c
9d21
0bba
8340
7fff
3cac
a30f
a659
9ee5
9e97
0b03
834e
7fff
3cb1
8272
979a
a3bc
a015
0a4b
835b
7fff
3cb6
8881
8c25
a8de
a19b
0993
8368
7fff
3cbb
b35d
8459
ae47
a328
08db
8376
7fff
3cc1
f5d3
8072
b3f1
a4bd
0824
8383
7fff
3cc6
3b6c
8092
b9d9
a659
076c
8391
7fff
3ccb
6eb8
84b6
bffa
a7fd
06b4
839e
7fff
3cd0
7fea
8cbe
c64f
a9a7
05fc
83ac
7fff
3cd5
69b7
9868
ccd2
ab59
0543
83ba
7fff
3cda
32f5
a757
d37f
ad11
048b
83c8
7fff
3cdf
ec82
b912
da50
aed1
03d3
83d6
7fff
3ce4
ac0f
cd09
e13f
b096
031b
83e4
7fff
3cea
8577
e29c
e847
b262
0263
83f3
7fff
3cef
849b
f91c
ef63
b435
01ab
8401
7fff
3cf4
a9c1
0fd4
f68c
b60e
00f2
8410
7fff
3cf9
e976
260c
fdbc
b7ec
003a
841e
7fff
3cfe
301d
3b11
04ee
b9d1
ff82
842d
7fff
3d03
67f2
4e39
0c1d
bbbb
fec9
843c
7fff
3d08
7fc3
5ee9
1341
bdaa
fe11
844b
7fff
3d0d
703c
6c9b
1a56
bf9f
fd59
845a
7fff
3d13
3e24
76e0
2156
c19a
fca1
8469
7fff
3d18
f8e8
7d66
283b
c399
fbe9
8478
7fff
3d1d
b5dc
7ff6
2eff
c59d
fb30
8487
7fff
3d22
89a5
7e7e
359d
c7a6
fa78
8497
7fff
3d27
81e2
7908
3c0f
c9b3
f9c0
84a6
7fff
3d2c
a0f6
6fc2
4251
cbc5
f908
84b6
7fff
3d31
dd50
62f4
485e
cddb
f850
84c6
7fff
3d36
2458
5308
4e30
cff5
f798
84d5
7fff
3d3c
602f
407e
53c2
d213
f6e0
84e5
7fff
3d41
7e67
2bea
5911
d435
f629
84f5
7fff
3d46
75b0
15f4
5e18
d65a
f571
8505
7fff
3d4b
48bb
ff4d
62d2
d883
f4b9
8516
7fff
3d50
055f
e8ac
673d
daaf
f402
8526
7fff
3d55
c05c
d2c7
6b54
dcde
f34b
8536
7ffe
3d5a
8ef2
be4f
6f14
df10
f293
8547
7ffe
3d5f
805a
abe9
727a
e144
f1dc
8557
7ffe
3d64
9912
9c2a
7584
e37b
f125
8568
7ffe
3d6a
d17e
8f92
782e
e5b4
f06e
8579
7ffe
3d6f
183c
8685
7a77
e7ef
efb7
858a
7ffd
3d74
5783
814d
7c5e
ea2d
ef00
859b
7ffd
3d79
7bd7
8014
7ddf
ec6c
ee4a
85ac
7ffd
3d7e
7a07
82e4
7efb
eeac
ed93
85bd
7ffd
3d83
52a2
89a6
7faf
f0ee
ecdd
85ce
7ffc
3d88
11c9
9424
7ffd
f331
ec27
85e0
7ffc
3d8d
cb77
a208
7fe3
f576
eb71
85f1
7ffc
3d92
9552
b2e3
7f61
f7bb
eabb
8603
7ffb
3d98
8009
c62d
7e78
fa01
ea06
8615
7ffb
3d9d
9228
db4a
7d29
fc47
e950
8626
7ffb
3da2
c61c
f18f
7b75
fe8e
e89b
8638
7ffa
3da7
0be4
0849
795d
00d4
e7e6
864a
7ffa
3dac
4e03
1ec0
76e2
031b
e731
865c
7ffa
3db1
781b
343e
7407
0561
e67c
866f
7ff9
3db6
7d35
4817
70cf
07a7
e5c8
8681
7ff9
3dbb
5bc0
59a9
6d3b
09ec
e514
8693
7ff9
3dc0
1e08
6868
694f
0c31
e460
86a6
7ff8
3dc5
d711
73dc
650d
0e75
e3ac
86b8
7ff8
3dcb
9cb6
7ba8
607a
10b7
e2f8
86cb
7ff7
3dd0
80ee
7f8e
5b98
12f8
e245
86de
7ff7
3dd5
8c49
7f6e
566d
1537
e192
86f1
7ff7
3dda
bb48
7b49
50fb
1775
e0df
8704
7ff6
3ddf
ff70
7341
4b48
19b1
e02c
8717
7ff6
3de4
43c5
6796
4558
1beb
df7a
872a
7ff5
3de9
733b
58a7
3f30
1e22
dec8
873d
7ff5
3dee
7f33
46ec
38d5
2057
de16
8751
7ff4
3df3
63ff
32f4
324c
228a
dd65
8764
7ff4
3df8
29ff
1d61
2b9a
24ba
dcb3
8778
7ff3
3dfe
e30f
06e1
24c5
26e6
dc02
878b
7ff3
3e03
a50a
f029
1dd2
2910
db52
879f
7ff2
3e08
8308
d9f1
16c6
2b36
daa1
87b3
7ff2
3e0d
8783
c4ec
0fa9
2d59
d9f1
87c7
7ff1
3e12
b11a
b1c5
087f
2f78
d941
87db
7ff1
3e17
f2fd
a115
014e
3193
d892
87ef
7ff0
3e1c
38e3
9363
fa1b
33aa
d7e3
8803
7fef
3e21
6d43
891f
f2ee
35bd
d734
8818
7fef
3e26
7ffd
829a
ebcb
37cc
d685
882c
7fee
3e2b
6b4b
800a
e4b9
39d6
d5d7
8841
7fee
3e31
358f
8182
ddbd
3bdb
d529
8855
7fed
3e36
ef53
86f9
d6dc
3ddc
d47c
886a
7fec
3e3b
ae3b
9040
d01d
3fd8
d3cf
887f
7fec
3e40
8651
9d0e
c984
41ce
d322
8894
7feb
3e45
83e1
acfa
c317
43bf
d276
88a9
7fea
3e4a
a7ac
bf85
bcdc
45ab
d1ca
88be
7fea
3e4f
e6aa
d419
b6d7
4791
d11e
88d3
7fe9
3e54
2d76
ea0f
b10e
4971
d073
88e8
7fe8
3e59
6642
00b6
ab84
4b4b
cfc8
88fe
7fe8
3e5e
7f8f
1758
a63f
4d1f
cf1d
8913
7fe7
3e63
7193
2d3d
a142
4eed
ce73
8929
7fe6
3e69
409d
41b4
9c92
50b5
cdca
893f
7fe5
3e6e
fbc0
5419
9832
5276
cd20
8954
7fe5
3e73
b832
63d8
9427
5430
cc77
896a
7fe4
3e78
8ac2
7070
9072
55e4
cbcf
8980
7fe3
3e7d
816d
797c
8d18
5790
cb27
8996
7fe2
3e82
9f14
7eb3
8a1b
5936
ca7f
89ac
7fe2
3e87
da94
7fec
877e
5ad4
c9d8
89c3
7fe1
3e8c
219b
7d1b
8542
5c6b
c931
89d9
7fe0
3e91
5e48
7659
8369
5dfa
c88b
89f0
7fdf
3e96
7dec
6bda
81f5
5f82
c7e5
8a06
7fde
3e9b
76c7
5df5
80e7
6102
c740
8a1d
7fdd
3ea0
4b0e
4d1a
8040
627a
c69b
8a34
7fdd
3ea6
0837
39d0
8001
63eb
c5f6
8a4a
7fdc
3eab
c2d8
24b3
8029
6553
c552
8a61
7fdb
3eb0
904f
0e6e
80b8
66b3
c4af
8a78
7fda
3eb5
802c
f7b4
81af
680a
c40c
8a8f
7fd9
3eba
9768
e13d
830b
6959
c369
8aa7
7fd8
3ebf
ceda
cbbf
84cd
6aa0
c2c7
8abe
7fd7
3ec4
156f
b7e6
86f3
6bde
c226
8ad5
7fd6
3ec9
556a
a654
897a
6d14
c185
8aed
7fd5
3ece
7b17
9796
8c61
6e40
c0e4
8b05
7fd4
3ed3
7adb
8c23
8fa6
6f64
c044
8b1c
7fd4
3ed8
54c9
8457
9346
707e
bfa4
8b34
7fd3
3edd
149a
8072
973e
7190
bf05
8b4c
7fd2
3ee3
ce13
8092
9b8b
7298
be67
8b64
7fd1
3ee8
96ec
84b8
a029
7397
bdc9
8b7c
7fd0
3eed
8022
8cc1
a515
748c
bd2b
8b94
7fcf
3ef2
90b9
986c
aa4a
7579
bc8f
8bac
7fce
3ef7
c396
a75c
afc4
765b
bbf2
8bc5
7fcd
3efc
090e
b917
b580
7734
bb56
8bdd
7fcb
3f01
4bbc
cd0f
bb77
7804
babb
8bf6
7fca
3f06
7717
e2a2
c1a7
78ca
ba21
8c0e
7fc9
3f0b
7dc5
f923
c808
7985
b986
8c27
7fc8
3f10
5db6
0fdb
ce97
7a38
b8ed
8c40
7fc7
3f15
20cb
2612
d54e
7ae0
b854
8c59
7fc6
3f1a
d9c7
3b17
dc28
7b7e
b7bc
8c72
7fc5
3f1f
9e88
4e3e
e31e
7c12
b724
8c8b
7fc4
3f24
814e
5eee
ea2c
7c9d
b68d
8ca4
7fc3
3f2a
8b19
6c9f
f14c
7d1d
b5f6
8cbe
7fc2
3f2f
b8e5
76e3
f877
7d93
b560
8cd7
7fc1
3f34
fc97
7d67
ffa9
7dff
b4cb
8cf0
7fbf
3f39
4157
7ff7
06db
7e60
b436
8d0a
7fbe
3f3e
71f6
7e7d
0e07
7eb8
b3a2
8d24
7fbd
3f43
7f7d
7906
1528
7f05
b30e
8d3d
7fbc
3f48
65c0
6fbe
1c38
7f48
b27b
8d57
7fbb
3f4d
2cac
62f0
2331
7f80
b1e9
8d71
7fb9
3f52
e5d7
5303
2a0d
7fae
b157
8d8b
7fb8
3f57
a710
4078
30c8
7fd2
b0c6
8da5
7fb7
3f5c
83ad
2be4
375b
7fec
b036
8dc0
7fb6
3f61
8695
15ee
3dc1
7ffb
afa6
8dda
7fb5
3f66
aee1
ff47
43f5
7fff
af17
8df4
7fb3
3f6b
f029
e8a5
49f2
7ffa
ae88
8e0f
7fb2
3f70
3652
d2c0
4fb4
7feb
adfa
8e29
7fb1
3f75
6bc0
be49
5534
7fd0
ad6d
8e44
7faf
3f7b
7fff
abe4
5a70
7fac
ace1
8e5f
7fae
3f80
6cd2
9c26
5f63
7f7d
ac55
8e7a
7fad
3f85
3821
8f8f
6409
7f44
abca
8e95
7fac
3f8a
f227
8683
685d
7f00
ab40
8eb0
7faa
3f8f
b071
814c
6c5d
7eb2
aab6
8ecb
7fa9
3f94
873b
8014
7006
7e5a
aa2d
8ee6
7fa8
3f99
8337
82e6
7353
7df8
a9a4
8f02
7fa6
3f9e
a5a2
89a9
7644
7d8b
a91d
8f1d
7fa5
3fa3
e3e1
9427
78d4
7d15
a896
8f38
7fa3
3fa8
2aca
a20d
7b03
7c94
a80f
8f54
7fa2
3fad
6485
b2e9
7ccf
7c09
a78a
8f70
7fa1
3fb2
7f4b
c633
7e35
7b74
a705
8f8c
7f9f
3fb7
72dc
db50
7f35
7ad5
a681
8fa7
7f9e
3fbc
430e
f196
7fce
7a2d
a5fe
8fc3
7f9c
3fc1
fe99
084f
7fff
797a
a57b
8fdf
7f9b
3fc6
ba92
1ec6
7fca
78bd
a4f9
8ffc
7f9a
3fcb
8bee
3444
7f2d
77f7
a478
9018
7f98
3fd0
8109
481c
7e29
7727
a3f7
9034
7f97
3fd6
9d3e
59ae
7cbe
764d
a378
9051
7f95
3fdb
d7de
686c
7aef
756a
a2f9
906d
7f94
3fe0
1eda
73df
78bd
747d
a27b
908a
7f92
3fe5
5c55
7baa
7628
7387
a1fd
90a6
7f91
3fea
7d61
7f8f
7334
7287
a181
90c3
7f8f
3fef
77d0
7f6d
6fe3
717e
a105
90e0
7f8e
3ff4
4d58
7b47
6c37
706c
a089
90fd
7f8c
3ff9
0b0e
733e
6833
6f51
a00f
911a
7f8a
3ffe
c55c
6792
63dc
6e2d
9f96
9137
7f89
4003
91ba
58a2
5f33
6d00
9f1d
9154
7f87
4008
800f
46e6
5a3d
6bca
9ea5
9172
7f86
400d
95ca
32ee
54ff
6a8c
9e2d
918f
7f84
4012
cc3c
1d5a
4f7b
6944
9db7
91ad
7f83
4017
129f
06da
49b7
67f5
9d41
91ca
7f81
401c
5346
f022
43b8
669c
9ccd
91e8
7f7f
4021
7a47
d9ea
3d82
653c
9c58
9206
7f7e
4026
7ba0
c4e6
371a
63d3
9be5
9224
7f7c
402b
56e6
b1bf
3085
6263
9b73
9242
7f7a
4030
1768
a110
29c9
60ea
9b01
9260
7f79
4035
d0b5
9360
22ec
5f69
9a90
927e
7f77
403a
9893
891c
1bf2
5de1
9a20
929c
7f75
403f
804b
8298
14e1
5c51
99b1
92ba
7f74
4045
8f58
8009
0dbf
5aba
9943
92d9
7f72
404a
c117
8183
0693
591b
98d5
92f7
7f70
404f
0637
86fb
ff61
5775
9869
9316
7f6e
4054
496c
9043
f82f
55c8
97fd
9334
7f6d
4059
7604
9d12
f104
5414
9792
9353
7f6b
405e
7e44
ad00
e9e5
5259
9728
9372
7f69
4063
5fa1
bf8b
e2d8
5098
96bf
9391
7f67
4068
2389
d41f
dbe3
4ed0
9656
93b0
7f66
406d
dc80
ea16
d50a
4d02
95ef
93cf
7f64
4072
a066
00bd
ce55
4b2d
9588
93ee
7f62
4077
81be
175e
c7c8
4953
9522
940d
7f60
407c
89f8
2d43
c168
4772
94bd
942d
7f5e
4081
b68c
41ba
bb3b
458c
9459
944c
7f5d
4086
f9bf
541f
b545
43a0
93f6
946c
7f5b
408b
3ee0
63dc
af8c
41ae
9393
948b
7f59
4090
70a3
7073
aa14
3fb7
9332
94ab
7f57
4095
7fb6
797e
a4e2
3dbc
92d1
94cb
7f55
409a
6773
7eb4
9ff9
3bbb
9271
94eb
7f53
409f
2f55
7feb
9b5e
39b5
9213
950b
7f51
40a4
e8a2
7d1a
9715
37aa
91b5
952b
7f4f
40a9
a922
7656
9320
359b
9158
954b
7f4e
40ae
8463
6bd7
8f84
3388
90fb
956b
7f4c
40b3
85b6
5df1
8c43
3171
90a0
958b
7f4a
40b8
acb2
4d14
895f
2f55
9046
95ac
7f48
40bd
ed57
39ca
86db
2d36
8fec
95cc
7f46
40c2
33bb
24ac
84ba
2b13
8f94
95ed
7f44
40c7
6a30
0e67
82fc
28ed
8f3c
960d
7f42
40cc
7ff1
f7ad
81a3
26c3
8ee5
962e
7f40
40d1
6e4b
e137
80b1
2496
8e90
964f
7f3e
40d6
3aad
cbb9
8025
2266
8e3b
9670
7f3c
40db
f4fc
b7e1
8001
2033
8de7
9691
7f3a
40e0
b2b1
a64f
8045
1dfe
8d94
96b2
7f38
40e6
8834
9792
80f0
1bc7
8d42
96d3
7f36
40eb
829d
8c20
8202
198d
8cf0
96f4
7f34
40f0
a3a3
8455
837a
1751
8ca0
9716
7f32
40f5
e11c
8071
8556
1513
8c51
9737
7f30
40fa
2818
8093
8796
12d3
8c02
9759
7f2d
40ff
62bb
84ba
8a38
1092
8bb5
977a
7f2b
4104
7ef6
8cc4
8d38
0e50
8b68
979c
7f29
4109
7417
9870
9096
0c0c
8b1d
97be
7f27
410e
4576
a761
944e
09c8
8ad2
97e0
7f25
4113
0172
b91d
985c
0782
8a88
9802
7f23
4118
bcfb
cd15
9cbf
053c
8a40
9824
7f21
411d
8d28
e2a9
a172
02f6
89f8
9846
7f1f
4122
80b4
f92a
a672
00af
89b1
9868
7f1c
4127
9b75
0fe1
abba
fe68
896b
988a
7f1a
412c
d52c
2619
b146
fc22
8926
98ac
7f18
4131
1c15
3b1d
b712
f9dc
88e2
98cf
7f16
4136
5a57
4e43
bd1a
f796
88a0
98f1
7f14
413b
7cc7
5ef2
c357
f551
885e
9914
7f11
4140
78c8
6ca2
c9c5
f30d
881c
9937
7f0f
4145
4f97
76e5
d05f
f0c9
87dc
9959
7f0d
414a
0de3
7d68
d720
ee87
879d
997c
7f0b
414f
c7e8
7ff7
de02
ec47
875f
999f
7f09
4154
9333
7e7c
e4ff
ea08
8722
99c2
7f06
4159
8001
7904
ec12
e7cb
86e6
99e5
7f04
415e
943a
6fbb
f336
e590
86ab
9a09
7f02
4163
c9a4
62ec
fa63
e357
8670
9a2c
7eff
4168
0fcd
52fe
0195
e120
8637
9a4f
7efd
416d
5117
4072
08c6
deec
85ff
9a73
7efb
4172
7968
2bde
0ff0
dcba
85c8
9a96
7ef8
4177
7c55
15e7
170d
da8c
8592
9aba
7ef6
417c
58f7
ff40
1e17
d860
855c
9add
7ef4
4181
1a33
e89f
2509
d637
8528
9b01
7ef1
4186
d35d
d2ba
2bdd
d412
84f5
9b25
7eef
418b
9a47
be43
328e
d1f1
84c2
9b49
7eed
4190
8084
abdf
3915
cfd3
8491
9b6d
7eea
4195
8e05
9c22
3f6f
cdb9
8461
9b91
7ee8
419a
bea1
8f8b
4595
cba3
8432
9bb5
7ee5
419f
035e
8681
4b82
c992
8403
9bd9
7ee3
41a4
4712
814b
5133
c785
83d6
9bfe
7ee1
41a9
74e3
8015
56a2
c57c
83aa
9c22
7ede
41ae
7eb4
82e7
5bca
c378
837f
9c47
7edc
41b3
617f
89ab
60a9
c179
8354
9c6b
7ed9
41b8
2643
942b
6539
bf7f
832b
9c90
7ed7
41bd
df3f
a211
6977
bd8b
8303
9cb5
7ed4
41c2
a251
b2ee
6d60
bb9b
82dc
9cd9
7ed2
41c7
823d
c639
70f1
b9b2
82b5
9cfe
7ecf
41cc
88e5
db57
7426
b7ce
8290
9d23
7ecd
41d1
b43b
f19c
76fd
b5ef
826c
9d48
7eca
41d6
f6e8
0856
7973
b417
8249
9d6d
7ec8
41db
3c61
1ecd
7b88
b245
8227
9d93
7ec5
41e0
6f42
344a
7d38
b079
8206
9db8
7ec3
41e5
7fdf
4822
7e83
aeb4
81e5
9ddd
7ec0
41ea
691a
59b3
7f68
acf5
81c6
9e03
7ebe
41ef
31f7
6870
7fe6
ab3d
81a8
9e28
7ebb
41f4
eb70
73e2
7ffc
a98c
818b
9e4e
7eb8
41f9
ab3f
7bac
7faa
a7e2
816f
9e74
7eb6
41fe
8528
7f8f
7ef1
a63f
8154
9e99
7eb3
4203
84e6
7f6d
7dd2
a4a3
813a
9ebf
7eb1
4208
aa8e
7b45
7c4c
a30e
8121
9ee5
7eae
420d
ea87
733b
7a62
a182
8109
9f0b
7eab
4212
311d
678e
7815
9ffc
80f2
9f31
7ea9
4217
6892
589d
7567
9e7f
80dd
9f57
7ea6
421c
7fd3
46e0
725a
9d09
80c8
9f7e
7ea3
4221
6fb6
32e7
6ef0
9b9c
80b4
9fa4
7ea1
4226
3d31
1d54
6b2d
9a36
80a1
9fca
7e9e
422b
f7d3
06d3
6712
98d9
808f
9ff1
7e9b
4230
b4fa
f01b
62a4
9784
807f
a017
7e98
4235
893c
d9e4
5de7
9638
806f
a03e
7e96
423a
8212
c4e0
58dd
94f4
8060
a065
7e93
423f
a1b1
b1ba
538c
93b9
8053
a08b
7e90
4244
de5b
a10c
4df7
9287
8046
a0b2
7e8d
4249
2562
935c
4823
915d
803b
a0d9
7e8b
424e
60e5
891a
4214
903d
8030
a100
7e88
4253
7e91
8297
3bd0
8f25
8027
a127
7e85
4258
7542
8009
355b
8e17
801e
a14f
7e82
425d
47d6
8185
2ebc
8d12
8017
a176
7e80
4262
044a
86fd
27f6
8c16
8011
a19d
7e7d
4267
bf6c
9047
2110
8b23
800b
a1c5
7e7a
426c
8e71
9d16
1a10
8a3a
8007
a1ec
7e77
4271
8070
ad05
12fa
895b
8004
a214
7e74
4276
99b8
bf91
0bd5
8885
8001
a23b
7e71
427b
d280
d426
04a7
87b9
8000
a263
7e6e
4280
194c
ea1c
fd74
86f6
8000
a28b
7e6c
4285
584d
00c4
f644
863e
8001
a2b2
7e69
428a
7c1c
1765
ef1b
858f
8003
a2da
7e66
428f
79b2
2d49
e801
84ea
8006
a302
7e63
4293
51cd
41c0
e0f9
844f
800a
a32b
7e60
4298
10b7
5424
da0b
83be
800f
a353
7e5d
429d
ca7b
63e0
d33c
8337
8015
a37b
7e5a
42a2
94ba
7076
cc90
82bb
801c
a3a3
7e57
42a7
8004
7980
c60f
8248
8024
a3cc
7e54
42ac
92b8
7eb5
bfbc
81e0
802d
a3f4
7e51
42b1
c714
7feb
b99d
8181
8038
a41d
7e4e
42b6
0cf8
7d18
b3b7
812d
8043
a445
7e4b
42bb
4ede
7653
ae0f
80e4
804f
a46e
7e48
42c0
7879
6bd3
a8aa
80a4
805c
a497
7e45
42c5
7cfa
5dec
a38b
806f
806b
a4bf
7e42
42ca
5afe
4d0f
9eb6
8044
807a
a4e8
7e3f
42cf
1cfb
39c4
9a31
8024
808a
a511
7e3c
42d4
d60b
24a6
95fe
800e
809c
a53a
7e39
42d9
9c08
0e60
9221
8002
80ae
a563
7e36
42de
80ce
f7a6
8e9c
8001
80c2
a58d
7e33
42e3
8cc1
e130
8b74
800a
80d6
a5b6
7e30
42e8
bc32
cbb3
88a9
801d
80ec
a5df
7e2d
42ed
0085
b7db
8640
803b
8103
a609
7e2a
42f2
44b0
a64a
8439
8063
811a
a632
7e26
42f7
73b2
978e
8296
8095
8133
a65c
7e23
42fc
7f13
8c1d
8158
80d2
814c
a685
7e20
4301
6351
8453
8081
8119
8167
a6af
7e1d
4306
28f8
8071
8011
816a
8183
a6d9
7e1a
430b
e202
8094
8009
81c6
81a0
a703
7e17
4310
a448
84bb
8069
822b
81bd
a72d
7e14
4315
82cd
8cc7
812f
829b
81dc
a757
7e10
431a
87e2
9874
825c
8315
81fc
a781
7e0d
431f
b1f5
a766
83ef
8399
821d
a7ab
7e0a
4324
f411
b923
85e7
8428
823f
a7d5
7e07
4329
39da
cd1c
8841
84c0
8262
a7ff
7e04
432e
6dd2
e2b0
8afc
8562
8285
a82a
7e00
4332
7ff7
f930
8e16
860e
82aa
a854
7dfd
4337
6ab3
0fe8
918c
86c4
82d0
a87f
7dfa
433c
3493
261f
955b
8784
82f7
a8a9
7df6
4341
ee41
3b23
9981
884e
831f
a8d4
7df3
4346
ad66
4e49
9df9
8921
8348
a8fe
7df0
434b
85fc
5ef7
a2c1
89fe
8372
a929
7ded
4350
8426
6ca6
a7d5
8ae5
839d
a954
7de9
4355
a875
76e8
ad2f
8bd4
83c9
a97f
7de6
435a
e7ba
7d6a
b2cd
8cce
83f6
a9aa
7de3
435f
2e79
7ff7
b8a9
8dd0
8424
a9d5
7ddf
4364
66e8
7e7b
bec0
8edc
8453
aa00
7ddc
4369
7fa5
7902
c50a
8ff2
8483
aa2b
7dd9
436e
7112
6fb8
cb85
9110
84b4
aa57
7dd5
4373
3fad
62e8
d22a
9237
84e6
aa82
7dd2
4378
faab
52f9
d8f4
9367
8519
aaad
7dce
437d
b74e
406c
dfde
94a0
854d
aad9
7dcb
4382
8a54
2bd7
e6e2
95e1
8582
ab04
7dc8
4387
8198
15e0
edfa
972b
85b8
ab30
7dc4
438c
9fca
ff39
f520
987e
85ef
ab5c
7dc1
4391
db9e
e898
fc50
99d9
8627
ab87
7dbd
4396
22a6
d2b4
0382
9b3c
8660
abb3
7dba
439b
5f03
be3d
0ab2
9ca7
869a
abdf
7db6
439f
7e1d
abda
11d9
9e1b
86d4
ac0b
7db3
43a4
765f
9c1e
18f1
9f96
8710
ac37
7daf
43a9
4a2d
8f88
1ff5
a119
874d
ac63
7dac
43ae
0722
867f
26e0
a2a4
878b
ac8f
7da8
43b3
c1e5
814a
2dab
a437
87ca
acbc
7da5
43b8
8fc9
8015
3451
a5d0
880a
ace8
7da1
43bd
803c
82e8
3acd
a772
884a
ad14
7d9e
43c2
9808
89ae
4119
a91a
888c
ad41
7d9a
43c7
cfda
942f
4730
aac9
88cf
ad6d
7d97
43cc
1680
a216
4d0e
ac7f
8912
ad9a
7d93
43d1
5638
b2f4
52ad
ae3c
8957
adc6
7d90
43d6
7b62
c63f
580a
b000
899d
adf3
7d8c
43db
7a8c
db5d
5d1f
b1ca
89e3
ae20
7d88
43e0
53f9
f1a3
61e9
b39b
8a2b
ae4d
7d85
43e5
1388
085d
6664
b571
8a73
ae79
7d81
43ea
cd14
1ed3
6a8b
b74e
8abd
aea6
7d7e
43ef
964f
3451
6e5d
b930
8b07
aed3
7d7a
43f3
8016
4828
71d5
bb19
8b52
af00
7d76
43f8
9143
59b8
74f1
bd06
8b9e
af2e
7d73
43fd
c48b
6874
77af
befa
8bec
af5b
7d6f
4402
0a22
73e5
7a0b
c0f2
8c3a
af88
7d6b
4407
4c9b
7bad
7c05
c2f0
8c89
afb5
7d68
440c
777c
7f90
7d9b
c4f2
8cd9
afe3
7d64
4411
7d90
7f6c
7ecb
c6fa
8d2a
b010
7d60
4416
5cf8
7b44
7f94
c906
8d7c
b03e
7d5d
441b
1fbf
7338
7ff6
cb16
8dce
b06c
7d59
4420
d8be
678a
7ff0
cd2b
8e22
b099
7d55
4425
9dd5
5898
7f83
cf44
8e77
b0c7
7d51
442a
8128
46db
7eaf
d160
8ecc
b0f5
7d4e
442f
8b8b
32e1
7d74
d381
8f23
b123
7d4a
4434
b9cc
1d4d
7bd3
d5a5
8f7a
b151
7d46
4439
fdad
06cc
79cf
d7cd
8fd2
b17f
7d42
443d
4244
f015
7767
d9f8
902c
b1ad
7d3e
4442
7273
d9de
749f
dc25
9086
b1db
7d3b
4447
7f63
c4da
7179
de56
90e1
b209
7d37
444c
6516
b1b5
6df7
e08a
913d
b237
7d33
4451
2ba8
a107
6a1c
e2c0
9199
b265
7d2f
4456
e4c8
9358
65eb
e4f8
91f7
b294
7d2b
445b
a64a
8917
6168
e733
9256
b2c2
7d27
4460
836d
8296
5c95
e970
92b5
b2f1
7d24
4465
86ee
8009
5778
ebae
9315
b31f
7d20
446a
afb8
8186
5214
edee
9377
b34e
7d1c
446f
f13c
86ff
4c6e
f030
93d9
b37d
7d18
4474
374d
904a
4689
f273
943c
b3ab
7d14
4479
6c55
9d1b
406c
f4b6
94a0
b3da
7d10
447e
7fff
ad0a
3a1b
f6fb
9504
b409
7d0c
4482
6c3f
bf97
339a
f941
956a
b438
7d08
4487
3728
d42c
2cf0
fb87
95d0
b467
7d04
448c
f114
ea23
2621
fdce
9638
b496
7d00
4491
af98
00ca
1f33
0014
96a0
b4c5
7cfc
4496
86e0
176b
182d
025b
9709
b4f4
7cf8
449b
8376
2d4f
1112
04a1
9773
b523
7cf4
44a0
a667
41c6
09ea
06e7
97de
b553
7cf0
44a5
e4f0
5429
02ba
092d
9849
b582
7cec
44aa
2bcf
63e4
fb88
0b72
98b6
b5b2
7ce8
44af
6530
7079
f459
0db6
9923
b5e1
7ce4
44b4
7f67
7982
ed33
0ff8
9991
b611
7ce0
44b9
7261
7eb6
e61d
123a
9a00
b640
7cdc
44bd
4221
7feb
df1c
147a
9a70
b670
7cd8
44c2
fd84
7d17
d836
16b8
9ae0
b6a0
7cd4
44c7
b9aa
7651
d16f
18f5
9b51
b6cf
7cd0
44cc
8b7a
6bd0
cacf
1b2f
9bc4
b6ff
7ccc
44d1
812d
5de8
c459
1d68
9c37
b72f
7cc8
44d6
9def
4d0a
be14
1f9d
9caa
b75f
7cc4
44db
d8e5
39be
b804
21d1
9d1f
b78f
7cc0
44e0
1fe7
249f
b22e
2401
9d95
b7bf
7cbb
44e5
5d15
0e5a
ac97
262f
9e0b
b7ef
7cb7
44ea
7d98
f7a0
a744
285a
9e82
b81f
7cb3
44ef
776d
e12a
a238
2a81
9efa
b850
7caf
44f4
4c7a
cbac
9d79
2ca5
9f72
b880
7cab
44f8
09fa
b7d6
9909
2ec5
9feb
b8b0
7ca7
44fd
c467
a646
94ed
30e2
a066
b8e1
7ca2
4502
912f
978a
9127
32fa
a0e1
b911
7c9e
4507
8018
8c1a
8dbb
350f
a15c
b942
7c9a
450c
9666
8452
8aab
371f
a1d9
b972
7c96
4511
cd3a
8070
87fb
392a
a256
b9a3
7c92
4516
13b1
8094
85ab
3b31
a2d4
b9d4
7c8d
451b
5417
84bd
83bf
3d34
a353
ba04
7c89
4520
7a98
8cca
8237
3f31
a3d2
ba35
7c85
4525
7b57
9878
8115
4129
a452
ba66
7c81
4529
5619
a76a
8059
431c
a4d3
ba97
7c7c
452e
1657
b928
8005
4509
a555
bac8
7c78
4533
cfb4
cd22
8019
46f1
a5d7
baf9
7c74
4538
97f0
e2b6
8094
48d3
a65b
bb2a
7c6f
453d
8039
f937
8176
4ab0
a6de
bb5b
7c6b
4542
8fdd
0fef
82be
4c86
a763
bb8d
7c67
4547
c209
2626
846c
4e56
a7e8
bbbe
7c62
454c
074b
3b29
867e
5020
a86e
bbef
7c5e
4551
4a4e
4e4e
88f2
51e3
a8f5
bc21
7c5a
4556
766f
5efb
8bc7
539f
a97d
bc52
7c55
455a
7e15
6ca9
8efa
5555
aa05
bc83
7c51
455f
5ee7
76ea
9288
5704
aa8e
bcb5
7c4c
4564
227f
7d6b
966f
58ac
ab17
bce7
7c48
4569
db77
7ff7
9aab
5a4c
aba1
bd18
7c44
456e
9faf
7e7a
9f39
5be6
ac2c
bd4a
7c3f
4573
8191
7900
a415
5d77
acb8
bd7c
7c3b
4578
8a64
6fb4
a93c
5f02
ad44
bdae
7c36
457d
b76f
62e3
aea9
6084
add1
bddf
7c32
4582
fad4
52f4
b458
61ff
ae5f
be11
7c2d
4587
3fd1
4066
ba45
6372
aeed
be43
7c29
458b
7126
2bd1
c069
64dd
af7c
be75
7c24
4590
7fa2
15da
c6c1
6640
b00b
bea7
7c20
4595
66cf
ff32
cd48
679a
b09c
beda
7c1b
459a
2e53
e891
d3f7
68ec
b12d
bf0c
7c17
459f
e792
d2ad
daca
6a35
b1be
bf3e
7c12
45a4
a857
be37
e1bc
6b76
b250
bf70
7c0e
45a9
841c
abd5
e8c5
6caf
b2e3
bfa3
7c09
45ae
8609
9c1a
efe2
6dde
b376
bfd5
7c05
45b3
ad86
8f85
f70c
6f05
b40a
c007
7c00
45b7
ee69
867d
fe3c
7022
b49f
c03a
7bfc
45bc
34b8
8149
056f
7136
b534
c06c
7bf7
45c1
6aca
8015
0c9c
7242
b5ca
c09f
7bf2
45c6
7ff8
82ea
13c0
7344
b660
c0d2
7bee
45cb
6dbd
89b0
1ad4
743d
b6f7
c104
7be9
45d0
39b6
9432
21d2
752c
b78f
c137
7be5
45d5
f3e8
a21b
28b4
7612
b827
c16a
7be0
45da
b1d4
b2f9
2f76
76ee
b8c0
c19d
7bdb
45df
87d4
c645
3611
77c1
b959
c1d0
7bd7
45e3
82d6
db64
3c81
7889
b9f3
c203
7bd2
45e8
a464
f1aa
42bf
7949
ba8e
c236
7bcd
45ed
e229
0864
48c8
79fe
bb29
c269
7bc9
45f2
291f
1eda
4e95
7aa9
bbc5
c29c
7bc4
45f7
636b
3457
5423
7b4b
bc61
c2cf
7bbf
45fc
7f18
482d
596d
7be3
bcfe
c302
7bbb
4601
73a1
59bd
5e6f
7c70
bd9b
c335
7bb6
4606
448d
6878
6324
7cf4
be39
c369
7bb1
460a
005c
73e7
6788
7d6d
bed7
c39c
7bac
460f
bc0f
7baf
6b99
7ddc
bf76
c3d0
7ba8
4614
8caf
7f90
6f53
7e41
c015
c403
7ba3
4619
80d2
7f6b
72b3
7e9c
c0b5
c436
7b9e
461e
9c21
7b42
75b6
7eec
c156
c46a
7b99
4623
d632
7335
785a
7f33
c1f6
c49e
7b94
4628
1d23
6786
7a9d
7f6f
c298
c4d1
7b90
462d
5b1a
5893
7c7c
7fa0
c33a
c505
7b8b
4631
7d03
46d5
7df6
7fc8
c3dc
c539
7b86
4636
786c
32db
7f0a
7fe5
c47f
c56c
7b81
463b
4ebe
1d47
7fb8
7ff7
c523
c5a0
7b7c
4640
0cd0
06c6
7ffe
7fff
c5c6
c5d4
7b77
4645
c6ef
f00e
7fdd
7ffd
c66b
c608
7b73
464a
92a2
d9d7
7f54
7ff1
c710
c63c
7b6e
464f
8004
c4d4
7e64
7fda
c7b5
c670
7b69
4654
94d1
b1af
7d0e
7fb9
c85a
c6a4
7b64
4658
caa0
a103
7b53
7f8e
c901
c6d8
7b5f
465d
10df
9355
7934
7f58
c9a7
c70c
7b5a
4662
51ed
8915
76b2
7f18
ca4e
c741
7b55
4667
79bf
8294
73d1
7ecd
caf6
c775
7b50
466c
7c12
8009
7092
7e78
cb9e
c7a9
7b4b
4671
582f
8187
6cf8
7e19
cc46
c7de
7b46
4676
1924
8701
6905
7db0
ccef
c812
7b41
467a
d25a
904d
64be
7d3d
cd98
c846
7b3c
467f
999f
9d1f
6025
7cc0
ce42
c87b
7b37
4684
806d
ad0f
5b3e
7c38
ceec
c8af
7b32
4689
8e84
bf9d
560e
7ba6
cf96
c8e4
7b2d
468e
bf8f
d432
5098
7b0b
d041
c919
7b28
4693
0473
ea29
4ae0
7a65
d0ec
c94d
7b23
4698
47f8
00d1
44ec
79b6
d197
c982
7b1e
469d
7553
1772
3ec0
78fc
d243
c9b7
7b19
46a1
7e8b
2d56
3862
7839
d2f0
c9eb
7b14
46a6
60ca
41cb
31d6
776c
d39c
ca20
7b0f
46ab
253b
542e
2b21
7696
d449
ca55
7b0a
46b0
de33
63e9
244a
75b6
d4f7
ca8a
7b05
46b5
a195
707d
1d55
74cc
d5a4
cabf
7b00
46ba
820b
7984
1648
73d9
d652
caf4
7afb
46bf
894c
7eb7
0f2a
72dc
d701
cb29
7af6
46c3
b51c
7feb
07ff
71d7
d7b0
cb5e
7af1
46c8
f7fc
7d15
00cd
70c8
d85f
cb93
7aeb
46cd
3d55
764e
f99b
6fb0
d90e
cbc9
7ae6
46d2
6fca
6bcc
f26e
6e8e
d9be
cbfe
7ae1
46d7
7fd1
5de3
eb4d
6d64
da6e
cc33
7adc
46dc
687b
4d04
e43c
6c31
db1e
cc68
7ad7
46e0
30f7
39b8
dd41
6af6
dbcf
cc9e
7ad2
46e5
ea5f
2499
d662
69b1
dc7f
ccd3
7acc
46ea
aa70
0e53
cfa6
6864
dd31
cd09
7ac7
46ef
84db
f799
c910
670f
dde2
cd3e
7ac2
46f4
8533
e123
c2a7
65b1
de94
cd74
7abd
46f9
ab5d
cba6
bc6f
644b
df46
cda9
7ab8
46fe
eb99
b7d0
b66e
62dd
dff8
cddf
7ab2
4702
321c
a641
b0a9
6167
e0ab
ce14
7aad
4707
6931
9786
ab24
5fe9
e15d
ce4a
7aa8
470c
7fe0
8c17
a5e3
5e63
e210
ce80
7aa3
4711
6f2d
8450
a0ec
5cd6
e2c4
ceb5
7a9d
4716
3c3d
806f
9c41
5b41
e377
ceeb
7a98
471b
f6bf
8095
97e7
59a5
e42b
cf21
7a93
4720
b41a
84bf
93e2
5801
e4df
cf57
7a8d
4724
88d6
8ccc
9034
5656
e593
cf8d
7a88
4729
8245
987c
8ce0
54a5
e648
cfc3
7a83
472e
a26d
a76f
89ea
52ec
e6fc
cff9
7a7d
4733
df67
b92e
8753
512d
e7b1
d02f
7a78
4738
266a
cd28
851e
4f67
e866
d065
7a73
473d
6199
e2bd
834c
4d9b
e91b
d09b
7a6d
4741
7eb9
f93e
81df
4bc8
e9d1
d0d1
7a68
4746
74d2
0ff5
80d8
49f0
ea86
d107
7a62
474b
46f0
262c
8039
4811
eb3c
d13e
7a5d
4750
0335
3b2f
8000
462d
ebf2
d174
7a58
4755
be7d
4e53
802f
4442
eca8
d1aa
7a52
475a
8df3
5f00
80c6
4253
ed5e
d1e1
7a4d
475e
8088
6cad
81c4
405e
ee15
d217
7a47
4763
9a60
76ed
8327
3e63
eecb
d24d
7a42
4768
d384
7d6c
84f0
3c64
ef82
d284
7a3c
476d
1a5b
7ff7
871c
3a60
f039
d2ba
7a37
4772
5915
7e79
89ab
3857
f0ef
d2f1
7a31
4777
7c5f
78fd
8c99
364a
f1a6
d327
7a2c
477b
795b
6fb1
8fe4
3438
f25e
d35e
7a27
4780
50f7
62df
938a
3222
f315
d395
7a21
4785
0fa4
52ee
9788
3007
f3cc
d3cb
7a1b
478a
c97f
4060
9bdb
2de9
f484
d402
7a16
478f
9424
2bcb
a07e
2bc8
f53b
d439
7a10
4794
8001
15d3
a56f
29a2
f5f3
d46f
7a0b
4798
9349
ff2c
aaa9
277a
f6ab
d4a6
7a05
479d
c80d
e88b
b028
254e
f763
d4dd
7a00
47a2
0e0c
d2a7
b5e8
231f
f81a
d514
79fa
47a7
4fb8
be32
bbe4
20ed
f8d2
d54b
79f5
47ac
78d6
abd0
c217
1eb9
f98a
d582
79ef
47b1
7cbd
9c15
c87c
1c82
fa42
d5b9
79e9
47b5
5a3a
8f82
cf0e
1a49
fafb
d5f0
79e4
47ba
1bed
867a
d5c7
180d
fbb3
d627
79de
47bf
d506
8148
dca3
15d0
fc6b
d65e
79d8
47c4
9b5b
8015
e39b
1391
fd23
d695
79d3
47c9
80b0
82eb
eaab
1150
fddb
d6cc
79cd
47ce
8d3a
89b3
f1cb
0f0e
fe94
d703
79c7
47d2
bd1e
9436
f8f7
0ccb
ff4c
d73b
79c2
47d7
019b
a21f
0029
0a87
0004
d772
79bc
47dc
4599
b2fe
075b
0842
00bc
d7a9
79b6
47e1
7428
c64b
0e86
05fc
0175
d7e0
79b1
47e6
7ef1
db6a
15a6
03b6
022d
d818
79ab
47ea
62a1
f1b1
1cb5
016f
02e5
d84f
79a5
47ef
27f1
086a
23ac
ff28
039d
d887
799f
47f4
e0f4
1ee0
2a86
fce2
0456
d8be
799a
47f9
a387
345d
313e
fa9b
050e
d8f6
7994
47fe
8295
4833
37ce
f855
05c6
d92d
798e
4803
8843
59c2
3e31
f610
067e
d965
7988
4807
b2d1
687c
4462
f3cc
0736
d99c
7983
480c
f525
73ea
4a5b
f188
07ee
d9d4
797d
4811
3ad1
7bb1
5018
ef46
08a6
da0b
7977
4816
6e60
7f91
5594
ed05
095d
da43
7971
481b
7ff0
7f6b
5acb
eac5
0a15
da7b
796b
481f
6a19
7b40
5fb8
e888
0acd
dab3
7966
4824
3395
7332
6458
e64c
0b84
daea
7960
4829
ed2e
6782
68a7
e412
0c3c
db22
795a
482e
ac93
588e
6ca1
e1da
0cf3
db5a
7954
4833
85aa
46cf
7043
dfa5
0dab
db92
794e
4838
846d
32d5
738b
dd73
0e62
dbca
7948
483c
a940
1d40
7675
db43
0f19
dc01
7942
4841
e8ca
06bf
78fe
d917
0fd0
dc39
793c
4846
2f7b
f007
7b26
d6ed
1086
dc71
7937
484b
678b
d9d1
7ceb
d4c7
113d
dca9
7931
4850
7fb8
c4ce
7e4a
d2a4
11f4
dce1
792b
4854
7090
b1aa
7f43
d085
12aa
dd19
7925
4859
3ebc
a0fe
7fd5
ce6a
1360
dd52
791f
485e
f996
9351
7fff
cc53
1416
dd8a
7919
4863
b66a
8912
7fc3
ca40
14cc
ddc2
7913
4868
89e8
8293
7f1e
c831
1582
ddfa
790d
486c
81c4
8009
7e13
c627
1637
de32
7907
4871
a082
8188
7ca1
c422
16ed
de6a
7901
4876
dca8
8704
7acb
c221
17a2
dea3
78fb
487b
23b1
9051
7892
c025
1857
dedb
78f5
4880
5fbc
9d23
75f7
be2f
190c
df13
78ef
4884
7e4b
ad14
72fc
bc3e
19c0
df4b
78e9
4889
75f5
bfa2
6fa4
ba52
1a75
df84
78e3
488e
494a
d439
6bf2
b86c
1b29
dfbc
78dd
4893
060e
ea30
67e9
b68c
1bdd
dff5
78d7
4898
c0f4
00d8
638b
b4b2
1c91
e02d
78d0
489c
8f45
1779
5edd
b2de
1d44
e065
78ca
48a1
804e
2d5c
59e2
b110
1df7
e09e
78c4
48a6
98ab
41d1
549f
af49
1eab
e0d6
78be
48ab
d0db
5433
4f17
ad88
1f5d
e10f
78b8
48b0
1790
63ed
494e
abcd
2010
e148
78b2
48b4
5704
7080
434b
aa1a
20c2
e180
78ac
48b9
7bab
7987
3d11
a86d
2174
e1b9
78a6
48be
7a3b
7eb8
36a6
a6c8
2226
e1f1
789f
48c3
5327
7fea
300e
a52a
22d7
e22a
7899
48c8
1276
7d14
2950
a393
2388
e263
7893
48cc
cc16
764c
2270
a204
2439
e29b
788d
48d1
95b3
6bc8
1b74
a07c
24ea
e2d4
7887
48d6
800d
5ddf
1462
9efc
259a
e30d
7880
48db
91cf
4cff
0d40
9d84
264a
e346
787a
48e0
c581
39b2
0613
9c13
26fa
e37e
7874
48e4
0b37
2493
fee1
9aab
27a9
e3b7
786e
48e9
4d78
0e4c
f7af
994b
2858
e3f0
7868
48ee
77de
f792
f085
97f4
2907
e429
7861
48f3
7d59
e11c
e967
96a5
29b5
e462
785b
48f8
5c39
cba0
e25b
955e
2a63
e49b
7855
48fc
1eb2
b7cb
db68
9420
2b11
e4d4
784e
4901
d7b7
a63c
d492
92eb
2bbe
e50d
7848
4906
9d24
9782
cddf
91be
2c6b
e546
7842
490b
8104
8c14
c755
909b
2d18
e57f
783c
490f
8bff
844e
c0f8
8f80
2dc4
e5b8
7835
4914
bab5
806f
bacf
8e6f
2e70
e5f1
782f
4919
fec2
8095
b4dd
8d67
2f1c
e62a
7829
491e
4331
84c1
af29
8c68
2fc7
e663
7822
4923
72ee
8ccf
a9b5
8b72
3072
e69c
781c
4927
7f46
9880
a488
8a86
311c
e6d5
7815
492c
646c
a774
9fa5
89a3
31c6
e70e
780f
4931
2aa3
b933
9b0f
88ca
3270
e747
7809
4936
e3b9
cd2e
96cc
87fb
3319
e781
7802
493a
a585
e2c3
92dd
8735
33c1
e7ba
77fc
493f
832e
f945
8f47
8679
346a
e7f3
77f5
4944
8749
0ffc
8c0c
85c7
3512
e82c
77ef
4949
b091
2633
892f
851f
35b9
e865
77e9
494e
f250
3b35
86b2
8481
3660
e89f
77e2
4952
3846
4e59
8497
83ed
3707
e8d8
77dc
4957
6ce8
5f04
82e0
8363
37ad
e911
77d5
495c
7fff
6cb0
818f
82e3
3853
e94b
77cf
4961
6baa
76ef
80a3
826d
38f8
e984
77c8
4965
362d
7d6e
801f
8201
399d
e9bd
77c2
496a
f001
7ff7
8003
819f
3a41
e9f7
77bb
496f
aec1
7e78
804d
8148
3ae5
ea30
77b5
4974
8688
78fb
8100
80fb
3b88
ea6a
77ae
4979
83b7
6fae
8219
80b8
3c2b
eaa3
77a8
497d
a72e
62db
8398
8080
3ccd
eadd
77a1
4982
e5ff
52e9
857b
8051
3d6f
eb16
779a
4987
2cd3
405b
87c2
802d
3e11
eb50
7794
498c
65d8
2bc4
8a6a
8014
3eb2
eb89
778d
4990
7f80
15cd
8d71
8005
3f52
ebc3
7787
4995
71e3
ff25
90d5
8000
3ff2
ebfc
7780
499a
4133
e884
9493
8006
4091
ec36
777a
499f
fc6f
d2a1
98a8
8016
4130
ec6f
7773
49a3
b8c3
be2c
9d10
8030
41ce
eca9
776c
49a8
8b08
abcb
a1c9
8054
426c
ece2
7766
49ad
8154
9c11
a6ce
8083
4309
ed1c
775f
49b2
9ea2
8f7f
ac1b
80bd
43a6
ed56
7758
49b7
d9ee
8678
b1ac
8100
4442
ed8f
7752
49bb
20f3
8147
b77c
814e
44de
edc9
774b
49c0
5dd2
8016
bd87
81a6
4579
ee03
7744
49c5
7dcc
82ed
c3c8
8209
4613
ee3c
773e
49ca
7708
89b6
ca39
8275
46ad
ee76
7737
49ce
4b9b
943a
d0d6
82ec
4747
eeb0
7730
49d3
08e5
a224
d79a
836d
47df
eeea
7729
49d8
c372
b304
de7e
83f8
4878
ef23
7723
49dd
90a5
c651
e57d
848d
490f
ef5d
771c
49e1
8024
db71
ec91
852c
49a6
ef97
7715
49e6
9703
f1b7
f3b5
85d4
4a3d
efd1
770f
49eb
ce39
0871
fae3
8687
4ad3
f00b
7708
49f0
14c2
1ee7
0216
8744
4b68
f044
7701
49f4
54e8
3463
0946
880a
4bfc
f07e
76fa
49f9
7ae7
4838
1070
88da
4c90
f0b8
76f3
49fe
7b0c
59c6
178b
89b4
4d24
f0f2
76ed
4a03
554b
6880
1e94
8a98
4db6
f12c
76e6
4a07
1546
73ed
2584
8b84
4e48
f166
76df
4a0c
ceb4
7bb3
2c56
8c7b
4eda
f1a0
76d8
4a11
9750
7f91
3304
8d7a
4f6b
f1d9
76d1
4a16
802a
7f6a
3988
8e83
4ffb
f213
76ca
4a1a
9063
7b3e
3fde
8f95
508b
f24d
76c3
4a1f
c2fc
732f
4600
90b0
5119
f287
76bd
4a24
0860
677e
4bea
91d5
51a8
f2c1
76b6
4a29
4b2f
5889
5196
9302
5235
f2fb
76af
4a2d
76d7
46ca
5700
9438
52c2
f335
76a8
4a32
7de5
32cf
5c24
9576
534e
f36f
76a1
4a37
5e2d
1d39
60fd
96be
53da
f3a9
769a
4a3c
2174
06b8
6587
980d
5465
f3e3
7693
4a40
da6d
f001
69c0
9966
54ef
f41d
768c
4a45
9ef9
d9ca
6da3
9ac6
5579
f457
7685
4a4a
8167
c4c8
712d
9c2f
5601
f491
767e
4a4f
8ad2
b1a5
745b
9da0
5689
f4cb
7677
4a53
b854
a0fa
772c
9f18
5711
f505
7670
4a58
fbe9
934e
799c
a099
5798
f53f
7669
4a5d
40c0
8910
7ba9
a221
581e
f579
7662
4a62
71a6
8292
7d53
a3b1
58a3
f5b3
765b
4a66
7f8c
8009
7e97
a549
5927
f5ee
7654
4a6b
6629
8189
7f74
a6e7
59ab
f628
764d
4a70
2d50
8706
7feb
a88d
5a2e
f662
7646
4a75
e682
9054
7ff9
aa3a
5ab1
f69c
763f
4a79
a78e
9d27
7fa1
abee
5b33
f6d6
7638
4a7e
83d7
ad19
7ee1
ada9
5bb3
f710
7631
4a83
865e
bfa8
7dba
af6b
5c34
f74a
762a
4a88
ae5a
d43f
7c2e
b133
5cb3
f784
7623
4a8c
ef7c
ea37
7a3d
b301
5d32
f7bf
761c
4a91
35b4
00df
77e9
b4d5
5db0
f7f9
7615
4a96
6b62
177f
7534
b6b0
5e2d
f833
760e
4a9b
7ffd
2d62
7220
b891
5ea9
f86d
7606
4a9f
6d2e
41d7
6eb0
ba77
5f25
f8a7
75ff
4aa4
38be
5438
6ae6
bc63
5fa0
f8e1
75f8
4aa9
f2d5
63f1
66c6
be55
601a
f91c
75f1
4aad
b0fa
7083
6253
c04b
6093
f956
75ea
4ab2
8775
7989
5d90
c247
610c
f990
75e3
4ab7
8311
7eb9
5881
c448
6184
f9ca
75db
4abc
a527
7fea
532a
c64e
61fb
fa04
75d4
4ac0
e337
7d13
4d91
c859
6271
fa3f
75cd
4ac5
2a25
7649
47b8
ca68
62e6
fa79
75c6
4aca
6419
6bc5
41a6
cc7b
635b
fab3
75bf
4acf
7f38
5dda
3b5e
ce92
63ce
faed
75b7
4ad3
7329
4cfa
34e7
d0ae
6441
fb27
75b0
4ad8
43a2
39ac
2e44
d2cd
64b4
fb62
75a9
4add
ff47
248c
277c
d4f0
6525
fb9c
75a2
4ae1
bb25
0e45
2094
d717
6595
fbd6
759a
4ae6
8c38
f78c
1992
d940
6605
fc10
7593
4aeb
80f3
e116
127b
db6d
6674
fc4b
758c
4af0
9ccf
cb9a
0b55
dd9d
66e2
fc85
7585
4af4
d738
b7c5
0426
dfd0
674f
fcbf
757d
4af9
1e30
a637
fcf4
e205
67bc
fcf9
7576
4afe
5bdc
977e
f5c4
e43d
6827
fd34
756f
4b03
7d3e
8c11
ee9c
e677
6892
fd6e
7567
4b07
780d
844c
e783
e8b3
68fc
fda8
7560
4b0c
4de2
806e
e07d
eaf1
6965
fde2
7559
4b11
0bbc
8096
d991
ed30
69cd
fe1d
7551
4b15
c5f8
84c3
d2c3
ef71
6a34
fe57
754a
4b1a
9213
8cd2
cc1b
f1b4
6a9b
fe91
7542
4b1f
800a
9884
c59c
f3f7
6b00
fecb
753b
4b24
9569
a779
bf4d
f63c
6b65
ff06
7534
4b28
cb9c
b939
b932
f881
6bc9
ff40
752c
4b2d
11f2
cd34
b350
fac7
6c2c
ff7a
7525
4b32
52c1
e2ca
adad
fd0e
6c8e
ffb5
751d
4b36
7a13
f94b
a84c
ff54
6cef
ffef
7516
4b3b
7bcd
1003
a332
019b
6d4f
0029
750e
4b40
5765
2639
9e63
03e2
6daf
0063
7507
4b45
1814
3b3b
99e3
0628
6e0d
009e
7500
4b49
d157
4e5e
95b6
086e
6e6b
00d8
74f8
4b4e
98fa
5f09
91df
0ab3
6ec8
0112
74f1
4b53
8057
6cb4
8e61
0cf7
6f23
014c
74e9
4b57
8f06
76f2
8b3f
0f3a
6f7e
0187
74e2
4b5c
c080
7d6f
887b
117c
6fd8
01c1
74da
4b61
0588
7ff8
8618
13bc
7032
01fb
74d2
4b66
48dd
7e77
8418
15fb
708a
0236
74cb
4b6a
75c0
78f9
827c
1838
70e1
0270
74c3
4b6f
7e60
6fab
8146
1a74
7138
02aa
74bc
4b74
6014
62d6
8076
1cad
718d
02e4
74b4
4b78
2431
52e4
800d
1ee3
71e2
031f
74ad
4b7d
dd28
4055
800c
2118
7235
0359
74a5
4b82
a0db
2bbe
8073
2349
7288
0393
749e
4b87
81db
15c6
8141
2578
72da
03cd
7496
4b8b
89b4
ff1e
8275
27a3
732b
0408
748e
4b90
b5fd
e87d
840f
29cc
737b
0442
7487
4b95
f911
d29a
860d
2bf1
73ca
047c
747f
4b99
3e47
be26
886e
2e12
7418
04b6
7477
4b9e
7050
abc5
8b30
3030
7465
04f0
7470
4ba3
7fc1
9c0d
8e50
324a
74b1
052b
7468
4ba7
67da
8f7b
91cd
3460
74fc
0565
7460
4bac
2ff7
8676
95a2
3671
7547
059f
7459
4bb1
e94e
8146
99ce
387e
7590
05d9
7451
4bb6
a9a2
8016
9e4c
3a87
75d9
0614
7449
4bba
8491
82ee
a319
3c8b
7620
064e
7442
4bbf
8583
89b8
a832
3e8a
7666
0688
743a
4bc4
ac2e
943d
ad91
4084
76ac
06c2
7432
4bc8
ecaa
a228
b334
4278
76f1
06fc
742b
4bcd
331b
b309
b914
4468
7734
0737
7423
4bd2
69ce
c657
bf2e
4651
7777
0771
741b
4bd6
7feb
db77
c57c
4835
77b9
07ab
7413
4bdb
6ea3
f1be
cbfa
4a13
77f9
07e5
740c
4be0
3b48
0878
d2a2
4bec
7839
081f
7404
4be4
f5aa
1eed
d96e
4dbe
7878
0859
73fc
4be9
b33c
3469
e05a
4f89
78b6
0893
73f4
4bee
8872
483e
e75f
514f
78f2
08ce
73ec
4bf3
827a
59cb
ee79
530d
792e
0908
73e5
4bf7
a32b
6883
f5a0
54c5
7969
0942
73dd
4bfc
e073
73f0
fcd0
5677
79a3
097c
73d5
4c01
2772
7bb4
0402
5821
79dc
09b6
73cd
4c05
624c
7f92
0b32
59c4
7a14
09f0
73c5
4c0a
7edf
7f6a
1258
5b60
7a4b
0a2a
73bd
4c0f
7460
7b3c
196f
5cf4
7a81
0a64
73b5
4c13
4609
732c
2072
5e81
7ab5
0a9e
73ae
4c18
0220
677a
275a
6006
7ae9
0ad8
73a6
4c1d
bd90
5885
2e23
6183
7b1c
0b13
739e
4c21
8d76
46c4
34c6
62f9
7b4e
0b4d
7396
4c26
80a2
32c9
3b3e
6466
7b7f
0b87
738e
4c2b
9b09
1d33
4187
65cc
7baf
0bc1
7386
4c2f
d488
06b1
479b
6729
7bde
0bfb
737e
4c34
1b6a
effa
4d74
687e
7c0c
0c35
7376
4c39
59db
d9c4
530f
69ca
7c39
0c6f
736e
4c3e
7c9f
c4c2
5867
6b0e
7c65
0ca9
7366
4c42
7902
b19f
5d77
6c49
7c90
0ce3
735e
4c47
5020
a0f5
623c
6d7b
7cba
0d1d
7356
4c4c
0e91
934a
66b1
6ea4
7ce3
0d57
734e
4c50
c885
890d
6ad2
6fc5
7d0b
0d91
7346
4c55
9390
8290
6e9e
70dc
7d31
0dca
733e
4c5a
8000
8008
7210
71eb
7d57
0e04
7336
4c5e
93dc
818a
7525
72f0
7d7c
0e3e
732e
4c63
c907
8708
77dc
73ec
7da0
0e78
7326
4c68
0f1f
9057
7a32
74de
7dc3
0eb2
731e
4c6c
5090
9d2c
7c25
75c7
7de5
0eec
7316
4c71
7930
ad1e
7db3
76a6
7e05
0f26
730e
4c76
7c7e
bfae
7edc
777c
7e25
0f60
7306
4c7a
5974
d445
7f9e
7848
7e44
0f9a
72fe
4c7f
1ade
ea3d
7ff9
790b
7e62
0fd3
72f6
4c84
d401
00e5
7fec
79c3
7e7e
100d
72ee
4c88
9ab1
1786
7f77
7a72
7e9a
1047
72e5
4c8d
8094
2d69
7e9c
7b17
7eb5
1081
72dd
4c92
8db6
41dd
7d5a
7bb2
7ece
10bb
72d5
4c96
be0b
543d
7bb2
7c43
7ee7
10f4
72cd
4c9b
02b0
63f5
79a7
7cc9
7efe
112e
72c5
4ca0
4681
7086
7739
7d46
7f15
1168
72bd
4ca4
749b
798b
746a
7db9
7f2b
11a2
72b4
4ca9
7ecc
7eba
713e
7e21
7f3f
11db
72ac
4cae
61f0
7fea
6db5
7e7f
7f52
1215
72a4
4cb2
26ea
7d11
69d4
7ed3
7f65
124f
729c
4cb7
dfe8
7647
659d
7f1d
7f76
1288
7294
4cbc
a2c8
6bc1
6114
7f5c
7f87
12c2
728b
4cc0
825e
5dd5
5c3d
7f91
7f96
12fc
7283
4cc5
88a6
4cf4
571a
7fbc
7fa4
1335
727b
4cca
b3af
39a6
51b2
7fdc
7fb2
136f
7273
4cce
f63a
2486
4c07
7ff2
7fbe
13a8
726b
4cd3
3bc7
0e3f
461e
7ffe
7fc9
13e2
7262
4cd8
6eeb
f785
3ffd
7fff
7fd3
141c
725a
4cdc
7fe6
e10f
39a8
7ff6
7fdc
1455
7252
4ce1
697d
cb94
3324
7fe3
7fe4
148f
7249
4ce6
3297
b7bf
2c77
7fc5
7feb
14c8
7241
4cea
ec1c
a632
25a6
7f9d
7ff1
1502
7239
4cef
abc2
977b
1eb7
7f6b
7ff6
153b
7230
4cf4
8559
8c0f
17af
7f2e
7ffa
1574
7228
4cf8
84b7
844b
1093
7ee7
7ffd
15ae
7220
4cfd
aa0d
806e
096a
7e95
7fff
15e7
7217
4d02
e9db
8097
023a
7e3a
7fff
1621
720f
4d06
307c
84c5
fb07
7dd4
7fff
165a
7207
4d0b
682d
8cd5
f3d9
7d64
7fff
1693
71fe
4d10
7fca
9888
ecb5
7cea
7ffc
16cd
71f6
4d14
700b
a77e
e5a0
7c66
7ff9
1706
71ee
4d19
3dca
b93f
dea0
7bd8
7ff5
173f
71e5
4d1d
f881
cd3b
d7bc
7b3f
7fef
1779
71dd
4d22
b588
e2d0
d0f8
7a9d
7fe9
17b2
71d4
4d27
897e
f952
ca5a
79f1
7fe1
17eb
71cc
4d2b
81f3
1009
c3e8
793b
7fd9
1825
71c3
4d30
a13b
263f
bda6
787b
7fcf
185e
71bb
4d35
ddb3
3b41
b79a
77b1
7fc5
1897
71b3
4d39
24bb
4e63
b1c8
76de
7fb9
18d0
71aa
4d3e
6073
5f0d
ac36
7601
7fad
1909
71a2
4d43
7e77
6cb8
a6e8
751a
7f9f
1942
7199
4d47
7588
76f4
a1e1
742a
7f90
197c
7191
4d4c
4866
7d70
9d27
7331
7f81
19b5
7188
4d51
04f9
7ff8
98bd
722e
7f70
19ee
7180
4d55
c003
7e76
94a7
7122
7f5e
1a27
7177
4d5a
8ec2
78f7
90e7
700d
7f4b
1a60
716f
4d5f
8062
6fa7
8d81
6eef
7f37
1a99
7166
4d63
994f
62d2
8a78
6dc7
7f22
1ad2
715d
4d68
d1dd
52df
87ce
6c97
7f0d
1b0b
7155
4d6c
18a1
404f
8586
6b5f
7ef6
1b44
714c
4d71
57ce
2bb8
83a0
6a1d
7ede
1b7d
7144
4d76
7bf1
15bf
821f
68d3
7ec5
1bb6
713b
4d7a
79e8
ff17
8104
6780
7eab
1bee
7133
4d7f
5253
e877
8050
6625
7e90
1c27
712a
4d84
1164
d294
8003
64c2
7e74
1c60
7121
4d88
cb19
be20
801e
6356
7e56
1c99
7119
4d8d
951a
abc0
80a0
61e3
7e38
1cd2
7110
4d92
8007
9c09
8189
6068
7e19
1d0a
7107
4d96
925d
8f78
82d9
5ee4
7df9
1d43
70ff
4d9b
c678
8674
848e
5d59
7dd8
1d7c
70f6
4d9f
0c4b
8146
86a7
5bc7
7db6
1db5
70ed
4da4
4e54
8016
8922
5a2d
7d92
1ded
70e5
4da9
783e
82f0
8bfd
588c
7d6e
1e26
70dc
4dad
7d20
89bb
8f36
56e4
7d49
1e5f
70d3
4db2
5b78
9441
92ca
5534
7d23
1e97
70cb
4db7
1da5
a22d
96b7
537e
7cfb
1ed0
70c2
4dbb
d6b0
b30f
9af9
51c1
7cd3
1f08
70b9
4dc0
9c75
c65d
9f8d
4ffd
7caa
1f41
70b0
4dc5
80e2
db7e
a46f
4e33
7c80
1f79
70a8
4dc9
8c75
f1c5
a99b
4c63
7c54
1fb2
709f
4dce
bb9e
087f
af0d
4a8c
7c28
1fea
7096
4dd2
ffd7
1ef4
b4c0
48af
7bfb
2023
708d
4dd7
441c
346f
bab0
46cd
7bcc
205b
7085
4ddc
7367
4843
c0d9
44e5
7b9d
2093
707c
4de0
7f28
59d0
c734
42f7
7b6d
20cc
7073
4de5
63bf
6887
cdbe
4103
7b3b
2104
706a
4dea
299e
73f3
d470
3f0b
7b09
213c
7061
4dee
e2ab
7bb6
db45
3d0d
7ad6
2175
7059
4df3
a4c2
7f93
e238
3b0b
7aa1
21ad
7050
4df7
82f2
7f69
e944
3903
7a6c
21e5
7047
4dfc
87a6
7b3b
f061
36f7
7a36
221d
703e
4e01
b16b
7329
f78c
34e7
79fe
2255
7035
4e05
f364
6776
febd
32d2
79c6
228d
702c
4e0a
393f
5880
05ef
30b9
798d
22c5
7023
4e0e
6d78
46bf
0d1c
2e9c
7953
22fe
701b
4e13
7ffb
32c2
143f
2c7c
7917
2336
7012
4e18
6b13
1d2c
1b51
2a58
78db
236e
7009
4e1c
3531
06ab
224d
2830
789e
23a6
7000
4e21
eeee
eff3
292e
2605
7860
23de
6ff7
4e26
adec
d9bd
2fed
23d7
7821
2415
6fee
4e2a
8631
c4bc
3685
21a7
77e1
244d
6fe5
4e2f
83fb
b19a
3cf2
1f73
77a0
2485
6fdc
4e33
a7f6
a0f1
432c
1d3d
775e
24bd
6fd3
4e38
e70f
9347
4931
1b04
771b
24f5
6fca
4e3d
2dd6
890b
4efa
18ca
76d7
252d
6fc1
4e41
667f
828f
5484
168d
7692
2564
6fb8
4e46
7f97
8008
59c9
144f
764c
259c
6faf
4e4a
7164
818b
5ec5
120f
7605
25d4
6fa6
4e4f
4044
870a
6375
0fcd
75bd
260b
6f9d
4e54
fb59
905a
67d4
0d8a
7574
2643
6f94
4e58
b7dd
9d30
6bdf
0b46
752b
267b
6f8b
4e5d
8a99
ad23
6f93
0901
74e0
26b2
6f82
4e62
817d
bfb4
72ec
06bc
7494
26ea
6f79
4e66
9f57
d44c
75e9
0476
7448
2721
6f70
4e6b
daf7
ea44
7886
022f
73fa
2759
6f67
4e6f
21fe
00ec
7ac1
ffe8
73ac
2790
6f5e
4e74
5e8e
178d
7c99
fda2
735c
27c8
6f55
4e79
7dfe
2d6f
7e0d
fb5b
730c
27ff
6f4c
4e7d
76a1
41e3
7f1a
f915
72bb
2836
6f43
4e82
4abb
5442
7fc0
f6d0
7269
286e
6f39
4e86
07d1
63f9
7fff
f48b
7216
28a5
6f30
4e8b
c27e
7089
7fd7
f247
71c2
28dc
6f27
4e90
901d
798d
7f47
f004
716d
2913
6f1e
4e94
8032
7ebb
7e50
edc3
7117
294a
6f15
4e99
97a3
7fea
7cf3
eb83
70c0
2982
6f0c
4e9d
cf38
7d10
7b30
e944
7068
29b9
6f03
4ea2
15d4
7644
790a
e708
7010
29f0
6ef9
4ea7
55b6
6bbd
7682
e4cd
6fb6
2a27
6ef0
4eab
7b33
5dd1
739a
e295
6f5c
2a5e
6ee7
4eb0
7abe
4cef
7055
e05f
6f01
2a95
6ede
4eb4
547c
39a0
6cb4
de2c
6ea4
2acc
6ed5
4eb9
1435
247f
68bc
dbfb
6e47
2b03
6ecb
4ebe
cdb4
0e38
646f
d9ce
6de9
2b39
6ec2
4ec2
96b1
f77e
5fd0
d7a3
6d8a
2b70
6eb9
4ec7
801d
e109
5ae4
d57c
6d2b
2ba7
6eb0
4ecb
90ec
cb8e
55af
d358
6cca
2bde
6ea6
4ed0
c3f1
b7ba
5034
d138
6c68
2c15
6e9d
4ed4
0974
a62e
4a78
cf1b
6c06
2c4b
6e94
4ed9
4c0f
9777
4480
cd03
6ba3
2c82
6e8b
4ede
773d
8c0c
3e50
caee
6b3f
2cb9
6e81
4ee2
7db1
8449
37ef
c8de
6ad9
2cef
6e78
4ee7
5d70
806d
315f
c6d3
6a74
2d26
6e6f
4eeb
2068
8097
2aa8
c4cc
6a0d
2d5c
6e65
4ef0
d965
84c6
23ce
c2c9
69a5
2d93
6e5c
4ef5
9e45
8cd8
1cd8
c0cc
693d
2dc9
6e53
4ef9
813f
988c
15ca
bed4
68d3
2dff
6e49
4efe
8b43
a783
0eaa
bce1
6869
2e36
6e40
4f02
b93b
b944
077f
baf4
67fe
2e6c
6e37
4f07
fcfe
cd41
004d
b90c
6792
2ea2
6e2d
4f0c
41af
e2d7
f91b
b72a
6726
2ed9
6e24
4f10
7225
f959
f1ef
b54e
66b8
2f0f
6e1a
4f15
7f73
1010
eace
b377
664a
2f45
6e11
4f19
6581
2646
e3be
b1a7
65db
2f7b
6e08
4f1e
2c4c
3b47
dcc6
afde
656b
2fb1
6dfe
4f22
e573
4e69
d5e9
ae1b
64fa
2fe7
6df5
4f27
a6c7
5f12
cf2f
ac5e
6488
301d
6deb
4f2c
8395
6cbb
c89c
aaa9
6416
3053
6de2
4f30
86b5
76f7
c236
a8fa
63a2
3089
6dd8
4f35
af31
7d72
bc02
a752
632e
30bf
6dcf
4f39
f08f
7ff8
b605
a5b1
62b9
30f5
6dc5
4f3e
36af
7e75
b044
a418
6244
312b
6dbc
4f42
6bf8
78f5
aac4
a286
61cd
3161
6db2
4f47
7fff
6fa4
a588
a0fc
6156
3196
6da9
4f4c
6c9c
62ce
a096
9f79
60de
31cc
6d9f
4f50
37c5
52da
9bf1
9dff
6065
3202
6d96
4f55
f1c1
4049
979d
9c8c
5feb
3237
6d8c
4f59
b020
2bb1
939d
9b21
5f71
326d
6d83
4f5e
8719
15b9
8ff5
99be
5ef6
32a2
6d79
4f62
834e
ff11
8ca8
9864
5e7a
32d8
6d70
4f67
a5eb
e870
89b8
9712
5dfd
330d
6d66
4f6c
e446
d28e
8728
95c9
5d80
3343
6d5d
4f70
2b2b
be1b
84fa
9488
5d02
3378
6d53
4f75
64c4
abbb
832f
9350
5c83
33ae
6d4a
4f79
7f55
9c04
81c9
9220
5c03
33e3
6d40
4f7e
72af
8f75
80ca
90fa
5b82
3418
6d36
4f82
42b6
8672
8031
8fdc
5b01
344d
6d2d
4f87
fe32
8145
8000
8ec8
5a7f
3482
6d23
4f8c
ba3c
8016
8036
8dbd
59fd
34b8
6d19
4f90
8bc3
82f1
80d4
8cbb
5979
34ed
6d10
4f95
8116
89bd
81d9
8bc2
58f5
3522
6d06
4f99
9d7f
9444
8344
8ad3
5870
3557
6cfc
4f9e
d83f
a231
8514
89ed
57eb
358c
6cf3
4fa2
1f3d
b314
8747
8911
5764
35c0
6ce9
4fa7
5c9c
c663
89dc
883e
56dd
35f5
6cdf
4fac
7d76
db84
8cd0
8775
5656
362a
6cd6
4fb0
77ab
f1cb
9022
86b6
55cd
365f
6ccc
4fb5
4d06
0885
93cf
8601
5544
3694
6cc2
4fb9
0aa8
1efa
97d3
8556
54ba
36c8
6cb9
4fbe
c501
3475
9c2b
84b4
5430
36fd
6caf
4fc2
9186
4849
a0d4
841d
53a5
3732
6ca5
4fc7
8012
59d5
a5ca
838f
5319
3766
6c9b
4fcb
9604
688b
ab09
830c
528c
379b
6c92
4fd0
cc9a
73f6
b08d
8292
51ff
37cf
6c88
4fd5
1304
7bb8
b651
8223
5171
3804
6c7e
4fd9
5394
7f93
bc51
81be
50e3
3838
6c74
4fde
7a65
7f68
c287
8164
5054
386c
6c6b
4fe2
7b85
7b39
c8f0
8113
4fc4
38a1
6c61
4fe7
569a
7326
cf84
80cd
4f34
38d5
6c57
4feb
1703
6772
d640
8091
4ea3
3909
6c4d
4ff0
d056
587b
dd1e
805f
4e11
393d
6c43
4ff4
9856
46b9
e418
8038
4d7e
3971
6c39
4ff9
8044
32bc
eb29
801b
4ceb
39a5
6c30
4ffe
8f89
1d26
f24b
8009
4c58
39d9
6c26
5002
c171
06a4
f977
8000
4bc4
3a0d
6c1c
5007
069d
efed
00a9
8003
4b2f
3a41
6c12
500b
49c0
d9b7
07db
800f
4a99
3a75
6c08
5010
762c
c4b6
0f06
8026
4a03
3aa9
6bfe
5014
7e33
b195
1625
8047
496d
3add
6bf4
5019
5f5c
a0ec
1d32
8073
48d5
3b10
6bea
501d
2327
9343
2427
80a9
483e
3b44
6be1
5022
dc1e
8908
2aff
80e9
47a5
3b78
6bd7
5026
a022
828e
31b4
8133
470c
3bab
6bcd
502b
81ad
8008
3842
8188
4673
3bdf
6bc3
5030
8a1f
818c
3ea1
81e7
45d9
3c12
6bb9
5034
b6e0
870c
44ce
8250
453e
3c46
6baf
5039
fa26
905e
4ac3
82c4
44a3
3c79
6ba5
503d
3f39
9d34
507c
8341
4407
3cac
6b9b
5042
70d4
ad29
55f3
83c9
436a
3ce0
6b91
5046
7faf
bfba
5b25
845a
42ce
3d13
6b87
504b
6737
d452
600d
84f6
4230
3d46
6b7d
504f
2ef5
ea4b
64a8
859c
4192
3d79
6b73
5054
e83d
00f3
68f1
864b
40f4
3dac
6b69
5058
a8d7
1793
6ce5
8705
4055
3ddf
6b5f
505d
8448
2d75
7081
87c8
3fb5
3e12
6b55
5061
85d4
41e8
73c2
8895
3f15
3e45
6b4b
5066
ad00
5447
76a5
896b
3e74
3e78
6b41
506b
edbd
63fe
7928
8a4c
3dd3
3eab
6b37
506f
3419
708d
7b49
8b35
3d32
3ede
6b2d
5074
6a69
798f
7d06
8c28
3c90
3f10
6b23
5078
7ff4
7ebc
7e5f
8d25
3bed
3f43
6b18
507d
6e17
7fe9
7f51
8e2b
3b4a
3f76
6b0e
5081
3a51
7d0e
7fdb
8f3a
3aa6
3fa8
6b04
5086
f496
7641
7fff
9052
3a02
3fdb
6afa
508a
b25f
6bba
7fba
9173
395e
400d
6af0
508f
8810
5dcc
7f0f
929d
38b9
4040
6ae6
5093
82b2
4ce9
7dfc
93d1
3813
4072
6adc
5098
a3eb
399a
7c84
950c
376e
40a4
6ad2
509c
e180
2479
7aa7
9651
36c7
40d7
6ac7
50a1
287a
0e31
7866
979e
3620
4109
6abd
50a5
62fd
f777
75c4
98f3
3579
413b
6ab3
50aa
7f03
e102
72c3
9a51
34d2
416d
6aa9
50ae
73eb
cb87
6f65
9bb7
342a
419f
6a9f
50b3
4520
b7b4
6bad
9d25
3381
41d1
6a95
50b7
010b
a629
679e
9e9b
32d8
4203
6a8a
50bc
bca4
9773
633a
a019
322f
4235
6a80
50c1
8cfb
8c09
5e87
a19f
3185
4267
6a76
50c5
80bf
8447
5987
a32d
30db
4299
6a6c
50ca
9bb4
806d
543e
a4c2
3031
42ca
6a61
50ce
d58d
8098
4eb1
a65e
2f86
42fc
6a57
50d3
1c79
84c8
48e5
a801
2eda
432e
6a4d
50d7
5a9f
8cdb
42de
a9ac
2e2f
435f
6a43
50dc
7cdd
9890
3ca0
ab5e
2d83
4391
6a38
50e0
78a6
a788
3632
ad16
2cd6
43c2
6a2e
50e5
4f47
b94a
2f97
aed6
2c29
43f4
6a24
50e9
0d7d
cd47
28d6
b09c
2b7c
4425
6a19
50ee
c78c
e2de
21f4
b268
2acf
4456
6a0f
50f2
92fd
f95f
1af7
b43a
2a21
4488
6a05
50f7
8002
1017
13e4
b613
2973
44b9
69fa
50fb
9472
264c
0cc0
b7f2
28c4
44ea
69f0
5100
ca01
3b4d
0592
b9d6
2815
451b
69e6
5104
1032
4e6e
fe60
bbc0
2766
454c
69db
5109
5166
5f16
f72f
bdb0
26b7
457d
69d1
510d
7988
6cbf
f006
bfa5
2607
45ae
69c7
5112
7c3c
76f9
e8e9
c19f
2557
45df
69bc
5116
58ad
7d73
e1df
c39f
24a7
4610
69b2
511b
19cf
7ff8
daed
c5a3
23f6
4640
69a8
511f
d2fd
7e74
d419
c7ac
2345
4671
699d
5124
9a09
78f2
cd69
c9b9
2294
46a2
6993
5128
807b
6fa1
c6e2
cbcb
21e2
46d2
6988
512d
8e34
62ca
c089
cde1
2130
4703
697e
5131
bef9
52d5
ba63
cffc
207e
4733
6973
5136
03c5
4043
b475
d21a
1fcc
4764
6969
513a
4767
2bab
aec5
d43c
1f19
4794
695f
513f
750c
15b2
a957
d661
1e66
47c4
6954
5143
7ea5
ff0a
a42e
d88a
1db3
47f4
694a
5148
613c
e869
9f50
dab5
1d00
4825
693f
514c
25e1
d288
9ac1
dce4
1c4c
4855
6935
5151
dedc
be15
9683
df16
1b98
4885
692a
5155
a20b
abb6
929a
e14b
1ae4
48b5
6920
515a
822a
9c00
8f0a
e381
1a30
48e5
6915
515e
890b
8f72
8bd6
e5bb
197c
4914
690b
5163
b48e
8670
8900
e7f6
18c7
4944
6900
5167
f74e
8144
8689
ea33
1812
4974
68f5
516c
3cbb
8017
8475
ec72
175d
49a4
68eb
5170
6f74
82f2
82c6
eeb3
16a8
49d3
68e0
5175
7fda
89c0
817b
f0f5
15f2
4a03
68d6
5179
68df
9448
8097
f338
153d
4a32
68cb
517e
3198
a236
801a
f57c
1487
4a62
68c1
5182
eb0b
b319
8004
f7c2
13d1
4a91
68b6
5187
aaf2
c669
8057
fa07
131b
4ac1
68ab
518b
850b
db8b
8110
fc4e
1264
4af0
68a1
5190
8502
f1d2
8230
fe94
11ae
4b1f
6896
5194
aadb
088c
83b6
00db
10f7
4b4e
688c
5199
eaec
1f01
85a1
0322
1041
4b7d
6881
519d
317c
347c
87ee
0568
0f8a
4bac
6876
51a2
68ce
484e
8a9d
07ae
0ed3
4bdb
686c
51a6
7fd8
59da
8dab
09f3
0e1c
4c0a
6861
51ab
6f83
688f
9115
0c38
0d65
4c39
6856
51af
3cd7
73f9
94d9
0e7b
0cad
4c68
684c
51b4
f76d
7bba
98f4
10be
0bf6
4c97
6841
51b8
b4a7
7f94
9d62
12ff
0b3e
4cc5
6836
51bd
8916
7f68
a220
153e
0a87
4cf4
682c
51c1
8225
7b37
a72a
177c
09cf
4d22
6821
51c6
a1f6
7323
ac7c
19b8
0917
4d51
6816
51ca
debe
676e
b211
1bf1
085f
4d7f
680b
51cf
25c4
5876
b7e6
1e29
07a8
4dae
6801
51d3
6128
46b3
bdf5
205e
06f0
4ddc
67f6
51d8
7ea0
32b6
c439
2290
0638
4e0a
67eb
51dc
7519
1d1f
caae
24c0
057f
4e38
67e0
51e1
4781
069d
d14e
26ed
04c7
4e66
67d6
51e5
03e4
efe6
d813
2916
040f
4e94
67cb
51ea
bf14
d9b0
def9
2b3c
0357
4ec2
67c0
51ee
8e42
c4b0
e5fa
2d5f
029f
4ef0
67b5
51f2
8079
b18f
ed10
2f7e
01e7
4f1e
67aa
51f7
99f6
a0e7
f435
3199
012e
4f4c
67a0
51fb
d2e0
9340
fb64
33b0
0076
4f7a
6795
5200
19b0
8906
0296
35c3
ffbe
4fa7
678a
5204
5897
828c
09c6
37d2
ff06
4fd5
677f
5209
7c35
8008
10ef
39dc
fe4d
5002
6774
520d
7992
818d
1809
3be1
fd95
5030
6769
5212
517e
870f
1f11
3de2
fcdd
505d
675f
5216
1051
9061
25ff
3fdd
fc25
508a
6754
521b
ca1d
9d39
2cce
41d4
fb6c
50b8
6749
521f
9482
ad2e
3379
43c5
fab4
50e5
673e
5224
8002
bfc0
39fb
45b0
f9fc
5112
6733
5228
92ed
d458
404d
4796
f944
513f
6728
522d
c770
ea51
466b
4977
f88c
516c
671d
5231
0d5e
00fa
4c51
4b51
f7d4
5199
6712
5236
4f2f
179a
51f9
4d25
f71c
51c6
6707
523a
789c
2d7c
575e
4ef3
f665
51f3
66fc
523e
7ce4
41ee
5c7d
50ba
f5ad
521f
66f1
5243
5ab5
544c
6150
527b
f4f5
524c
66e7
5247
1c97
6402
65d5
5435
f43e
5279
66dc
524c
d5aa
7090
6a08
55e9
f386
52a5
66d1
5250
9bc8
7991
6de5
5795
f2cf
52d2
66c6
5255
80c3
7ebd
7169
593b
f218
52fe
66bb
5259
8cee
7fe9
7491
5ad9
f161
532a
66b0
525e
bc89
7d0d
775a
5c6f
f0aa
5357
66a5
5262
00ec
763f
79c4
5dff
eff3
5383
669a
5267
4506
6bb6
7bca
5f86
ef3c
53af
668f
526b
73de
5dc8
7d6c
6106
ee85
53db
6684
5270
7f07
4ce4
7ea9
627f
edcf
5407
6679
5274
6310
3994
7f80
63ef
ed19
5433
666d
5278
2897
2472
7fef
6557
ec62
545f
6662
527d
e19e
0e2b
7ff7
66b7
ebac
548b
6657
5281
a400
f771
7f97
680e
eaf7
54b6
664c
5286
82b8
e0fc
7ecf
695d
ea41
54e2
6641
528a
8805
cb81
7da2
6aa4
e98b
550e
6636
528f
b246
b7af
7c0e
6be2
e8d6
5539
662b
5293
f477
a624
7a16
6d17
e821
5564
6620
5298
3a36
976f
77bc
6e43
e76c
5590
6615
529c
6e07
8c06
7500
6f67
e6b7
55bb
660a
52a1
7ff5
8446
71e6
7081
e603
55e6
65ff
52a5
6a7a
806c
6e6f
7193
e54e
5612
65f3
52a9
3435
8099
6a9f
729b
e49a
563d
65e8
52ae
eddb
84ca
6679
739a
e3e6
5668
65dd
52b2
ad18
8cde
6200
748f
e333
5693
65d2
52b7
85dd
9894
5d38
757b
e27f
56be
65c7
52bb
8440
a78d
5824
765e
e1cc
56e8
65bc
52c0
a8c0
b94f
52c9
7737
e119
5713
65b0
52c4
e81f
cd4d
4d2b
7806
e067
573e
65a5
52c9
2ed8
e2e4
474e
78cc
dfb4
5768
659a
52cd
6724
f966
4138
7988
df02
5793
658f
52d1
7fac
101e
3aed
7a3a
de50
57bd
6584
52d6
70e2
2653
3472
7ae2
dd9e
57e8
6578
52da
3f54
3b53
2dcc
7b80
dced
5812
656d
52df
fa45
4e73
2702
7c14
dc3c
583c
6562
52e3
b6f9
5f1b
2018
7c9e
db8b
5867
6557
52e8
8a2b
6cc2
1914
7d1e
dadb
5891
654b
52ec
81a8
76fc
11fc
7d94
da2a
58bb
6540
52f1
a00e
7d74
0ad6
7e00
d97b
58e5
6535
52f5
dc00
7ff8
03a6
7e61
d8cb
590f
652a
52f9
2309
7e73
fc74
7eb9
d81c
5938
651e
52fe
5f48
78f0
f544
7f06
d76d
5962
6513
5302
7e2e
6f9d
ee1d
7f48
d6be
598c
6508
5307
7638
62c5
e705
7f81
d610
59b5
64fc
530b
49d9
52d0
e001
7faf
d562
59df
64f1
5310
06bc
403d
d916
7fd3
d4b4
5a08
64e6
5314
c18c
2ba5
d24c
7fec
d407
5a32
64da
5318
8f98
15ab
cba6
7ffb
d35a
5a5b
64cf
531d
8042
ff03
c52a
7fff
d2ae
5a84
64c4
5321
9844
e863
bede
7ffa
d202
5aad
64b8
5326
d039
d281
b8c7
7fea
d156
5ad7
64ad
532a
16e5
be0f
b2ea
7fd0
d0ab
5b00
64a1
532f
5683
abb1
ad4b
7fab
d000
5b28
6496
5333
7b7d
9bfc
a7ef
7f7c
cf55
5b51
648b
5337
7a6e
8f6e
a2da
7f43
ceab
5b7a
647f
533c
53ab
866e
9e10
7eff
ce01
5ba3
6474
5340
1323
8143
9996
7eb1
cd57
5bcc
6468
5345
ccb6
8017
956f
7e59
ccae
5bf4
645d
5349
9615
82f4
919e
7df7
cc06
5c1d
6452
534e
8013
89c2
8e26
7d8a
cb5e
5c45
6446
5352
9177
944c
8b0a
7d13
cab6
5c6d
643b
5356
c4e6
a23b
884d
7c92
ca0f
5c96
642f
535b
0a89
b31f
85f1
7c08
c968
5cbe
6424
535f
4ced
c66f
83f8
7b72
c8c1
5ce6
6418
5364
77a0
db91
8263
7ad3
c81b
5d0e
640d
5368
7d7c
f1d9
8134
7a2a
c776
5d36
6401
536d
5cb2
0893
806b
7978
c6d1
5d5e
63f6
5371
1f5b
1f08
800a
78bb
c62c
5d86
63ea
5375
d85d
3482
8010
77f5
c588
5dad
63df
537a
9d93
4854
807e
7724
c4e4
5dd5
63d3
537e
811a
59de
8153
764b
c441
5dfd
63c8
5383
8bb6
6893
828e
7567
c39e
5e24
63bc
5387
ba22
73fb
842f
747a
c2fc
5e4c
63b1
538b
fe13
7bbb
8635
7384
c25a
5e73
63a5
5390
429c
7f94
889c
7284
c1b9
5e9a
6399
5394
72a1
7f67
8b65
717b
c118
5ec2
638e
5399
7f58
7b35
8e8c
7069
c078
5ee9
6382
539d
64d7
7320
920e
6f4e
bfd8
5f10
6377
53a2
2b48
676a
95ea
6e2a
bf39
5f37
636b
53a6
e464
5871
9a1b
6cfd
be9a
5f5e
635f
53aa
a601
46ae
9e9f
6bc7
bdfc
5f84
6354
53af
8355
32b0
a372
6a88
bd5f
5fab
6348
53b3
870f
1d19
a88f
6941
bcc2
5fd2
633d
53b8
b008
0696
adf4
67f1
bc25
5ff8
6331
53bc
f1a2
efdf
b39b
6698
bb89
601f
6325
53c0
37a9
d9aa
b97f
6538
baee
6045
631a
53c5
6c8b
c4aa
bf9d
63cf
ba53
606c
630e
53c9
7fff
b18a
c5ef
625e
b9b9
6092
6302
53ce
6c08
a0e3
cc6f
60e5
b91f
60b8
62f7
53d2
36cb
933c
d31a
5f65
b886
60de
62eb
53d6
f0ae
8903
d9e9
5ddc
b7ed
6104
62df
53db
af48
828b
e0d6
5c4c
b755
612a
62d3
53df
86bf
8008
e7dd
5ab5
b6be
6150
62c8
53e4
838e
818e
eef8
5916
b627
6176
62bc
53e8
a6b0
8711
f620
5770
b591
619c
62b0
53ec
e554
9064
fd50
55c3
b4fb
61c2
62a5
53f1
2c2f
9d3d
0483
540f
b466
61e7
6299
53f5
656e
ad33
0bb1
5254
b3d2
620d
628d
53fa
7f70
bfc5
12d7
5093
b33e
6232
6281
53fe
7233
d45f
19ed
4ecb
b2ab
6257
6276
5402
41c9
ea58
20ee
4cfc
b218
627d
626a
5407
fd1d
0100
27d4
4b28
b186
62a2
625e
540b
b954
17a0
2e9a
494d
b0f5
62c7
6252
5410
8b50
2d82
353b
476c
b065
62ec
6246
5414
813b
41f4
3bb0
4586
afd5
6311
623b
5418
9e31
5451
41f5
439a
af45
6336
622f
541d
d947
6406
4805
41a8
aeb7
635b
6223
5421
204a
7093
4dda
3fb2
ae29
637f
6217
5426
5d5b
7993
5371
3db6
ad9b
63a4
620b
542a
7dab
7ebe
58c3
3bb5
ad0f
63c8
61ff
542e
7748
7fe9
5dce
39af
ac83
63ed
61f4
5433
4c28
7d0b
628e
37a4
abf7
6411
61e8
5437
0993
763c
66fd
3595
ab6d
6435
61dc
543b
c40c
6bb2
6b19
3382
aae3
645a
61d0
5440
90fb
5dc3
6ede
316b
aa59
647e
61c4
5444
801c
4cdf
724a
2f4f
a9d1
64a2
61b8
5449
96a0
398e
7559
2d30
a949
64c6
61ac
544d
cd98
246c
7809
2b0d
a8c2
64ea
61a0
5451
1416
0e24
7a58
28e6
a83b
650e
6194
5456
5465
f76a
7c44
26bc
a7b5
6531
6188
545a
7ab5
e0f5
7dcb
2490
a730
6555
617d
545f
7b3b
cb7b
7eed
2260
a6ac
6578
6171
5463
55cd
b7a9
7fa8
202d
a628
659c
6165
5467
15f2
a61f
7ffb
1df8
a5a5
65bf
6159
546c
cf55
976b
7fe7
1bc0
a523
65e3
614d
5470
97b5
8c03
7f6c
1986
a4a2
6606
6141
5474
8034
8444
7e89
174a
a421
6629
6135
5479
900e
806c
7d40
150c
a3a1
664c
6129
547d
c263
8099
7b91
12cd
a322
666f
611d
5482
07b2
84cc
797f
108b
a2a4
6692
6111
5486
4aa2
8ce1
770a
0e49
a226
66b5
6105
548a
7695
9898
7435
0c05
a1a9
66d8
60f9
548f
7e04
a791
7102
09c1
a12d
66fa
60ed
5493
5ea2
b955
6d73
077b
a0b2
671d
60e1
5497
221c
cd53
698c
0535
a037
673f
60d5
549c
db14
e2eb
654f
02ef
9fbd
6762
60c9
54a0
9f6b
f96d
60c0
00a8
9f44
6784
60bc
54a5
8181
1024
5be3
fe62
9ecc
67a6
60b0
54a9
8a8d
2659
56bc
fc1b
9e54
67c8
60a4
54ad
b7c4
3b59
514f
f9d5
9dde
67ea
6098
54b2
fb3b
4e79
4b9f
f78f
9d68
680c
608c
54b6
4029
5f1f
45b3
f54a
9cf3
682e
6080
54ba
7155
6cc6
3f8e
f306
9c7e
6850
6074
54bf
7f9a
76fe
3935
f0c3
9c0b
6872
6068
54c3
6692
7d76
32af
ee81
9b98
6893
605c
54c8
2df3
7ff8
2bff
ec40
9b26
68b5
6050
54cc
e72d
7e72
252c
ea01
9ab5
68d7
6043
54d0
a80d
78ee
1e3a
e7c4
9a45
68f8
6037
54d5
8402
6f9a
1731
e589
99d5
6919
602b
54d9
8628
62c1
1014
e350
9967
693a
601f
54dd
add4
52cb
08ea
e119
98f9
695c
6013
54e2
eecf
4038
01b9
dee5
988c
697d
6007
54e6
3515
2b9e
fa87
dcb4
9820
699e
5ffa
54ea
6b02
15a5
f359
da85
97b5
69be
5fee
54ef
7ffa
fefc
ec36
d859
974a
69df
5fe2
54f3
6d88
e85c
e522
d631
96e1
6a00
5fd6
54f8
395a
d27b
de24
d40c
9678
6a21
5fca
54fc
f382
be09
d742
d1eb
9610
6a41
5fbd
5500
b183
abac
d081
cfcd
95a9
6a62
5fb1
5505
87b0
9bf8
c9e6
cdb3
9543
6a82
5fa5
5509
82eb
8f6b
c376
cb9d
94de
6aa2
5f99
550d
a4ac
866c
bd38
c98c
9479
6ac2
5f8c
5512
e28d
8142
b730
c77f
9416
6ae2
5f80
5516
2980
8017
b163
c576
93b3
6b02
5f74
551a
63ab
82f5
abd5
c372
9351
6b22
5f68
551f
7f24
89c5
a68c
c173
92f1
6b42
5f5b
5523
7375
944f
a18b
bf79
9291
6b62
5f4f
5527
4436
a23f
9cd6
bd85
9231
6b82
5f43
552c
fff6
b324
9872
bb96
91d3
6ba1
5f36
5530
