0000
0000
0000
0000
0000
0000
0000
0000
3464
1105
0565
01b5
008a
002c
000e
0004
5f9b
21bc
0ac8
036a
0114
0057
001c
0009
7a11
31da
1026
051f
019f
0083
0029
000d
7f24
4116
157d
06d3
0229
00af
0037
0011
6df0
4f29
1aca
0887
02b3
00da
0045
0016
497a
5bd5
200b
0a3b
033d
0106
0053
001a
1823
66df
253d
0bee
03c7
0132
0061
001f
e292
7016
2a5e
0da1
0451
015e
006f
0023
b229
774f
2f6c
0f53
04db
0189
007c
0027
8f64
7c6a
3464
1105
0565
01b5
008a
002c
8059
7f4f
3945
12b5
05ef
01e1
0098
0030
87ac
7ff2
3e0b
1465
0679
020c
00a6
0034
a414
7e4f
42b5
1614
0703
0238
00b4
0039
d097
7a6e
4741
17c2
078d
0264
00c1
003d
0568
7460
4bac
196f
0817
028f
00cf
0042
3947
6c41
4ff5
1b1b
08a1
02bb
00dd
0046
631d
6237
541a
1cc5
092b
02e7
00eb
004a
7b95
566d
5818
1e6e
09b5
0312
00f9
004f
7e67
491b
5bee
2016
0a3f
033e
0107
0053
6b12
3a7d
5f9b
21bc
0ac8
036a
0114
0057
44fb
2ad5
631b
2361
0b52
0396
0122
005c
12ce
1a6a
666f
2504
0bdc
03c1
0130
0060
dd56
0987
6994
26a5
0c65
03ed
013e
0065
adf0
f878
6c89
2845
0cef
0419
014c
0069
8ceb
e78c
6f4d
29e3
0d78
0444
0159
006d
8010
d70f
71de
2b7f
0e02
0470
0167
0072
899f
c74d
743b
2d19
0e8b
049c
0175
0076
a7ec
b88b
7663
2eb1
0f14
04c7
0183
007a
d5a8
ab0f
7855
3047
0f9d
04f3
0191
007f
0ace
9f15
7a11
31da
1026
051f
019f
0083
3e10
94d3
7b95
336b
10af
054a
01ac
0087
6673
8c79
7ce0
34fa
1138
0576
01ba
008c
7ce2
862c
7df3
3687
11c1
05a2
01c8
0090
7d6f
8208
7ecd
3811
124a
05cd
01d6
0095
6803
8021
7f6d
3999
12d3
05f9
01e4
0099
405d
8080
7fd3
3b1e
135b
0624
01f1
009d
0d71
8322
7ffe
3ca0
13e4
0650
01ff
00a2
d829
87fb
7ff0
3e1f
146c
067c
020d
00a6
a9dd
8ef6
7fa7
3f9c
14f5
06a7
021b
00aa
8aa8
97f3
7f24
4116
157d
06d3
0229
00af
8002
a2c9
7e67
428c
1605
06ff
0237
00b3
8bc9
af47
7d71
4400
168d
072a
0244
00b8
abed
bd33
7c41
4571
1715
0756
0252
00bc
dacc
cc50
7ad9
46de
179d
0782
0260
00c0
102f
dc57
7939
4848
1825
07ad
026e
00c5
42bd
ed00
7762
49af
18ad
07d9
027c
00c9
6999
fe00
7555
4b13
1934
0804
0289
00cd
7df5
0f08
7312
4c73
19bc
0830
0297
00d2
7c3f
1fcd
709b
4dd0
1a43
085c
02a5
00d6
64c4
3001
6df0
4f29
1aca
0887
02b3
00da
3ba2
3f5a
6b14
507f
1b51
08b3
02c1
00df
080d
4d94
6807
51d1
1bd8
08de
02ce
00e3
d30f
5a6d
64ca
531f
1c5f
090a
02dc
00e8
a5f0
65ab
615f
5469
1ce5
0936
02ea
00ec
8899
6f1b
5dc9
55b0
1d6c
0961
02f8
00f0
802e
7692
5a07
56f2
1df2
098d
0306
00f5
8e28
7bee
561d
5831
1e79
09b8
0314
00f9
b014
7f16
520b
596c
1eff
09e4
0321
00fd
e001
7ffd
4dd4
5aa2
1f85
0a0f
032f
0102
1589
7e9e
497a
5bd5
200b
0a3b
033d
0106
474b
7aff
44fe
5d03
2090
0a67
034b
010b
6c8f
7532
4063
5e2d
2116
0a92
0359
010f
7ece
6d4f
3baa
5f53
219b
0abe
0366
0113
7ad6
637c
36d6
6075
2221
0ae9
0374
0118
6158
57e5
31ea
6192
22a6
0b15
0382
011c
36cb
4abe
2ce6
62aa
232b
0b40
0390
0120
02a5
3c43
27ce
63be
23af
0b6c
039e
0125
ce09
2cb6
22a4
64ce
2434
0b97
03ac
0129
a22d
1c5e
1d6b
65d9
24b9
0bc3
03b9
012e
86c2
0b85
1823
66df
253d
0bee
03c7
0132
8095
fa78
12d1
67e1
25c1
0c1a
03d5
0136
90bb
e984
0d77
68de
2645
0c45
03e3
013b
b460
d8f6
0816
69d6
26c9
0c71
03f1
013f
e545
c91a
02b1
6ac9
274c
0c9c
03fe
0143
1ad9
ba37
fd4c
6bb8
27d0
0cc8
040c
0148
4bb9
ac91
f7e7
6ca1
2853
0cf3
041a
014c
6f54
a067
f286
6d86
28d6
0d1f
0428
0150
7f6e
95ef
ed2c
6e66
2959
0d4a
0436
0155
7934
8d59
e7da
6f40
29dc
0d76
0443
0159
5dbe
86cd
e292
7016
2a5e
0da1
0451
015e
31dc
8267
dd59
70e6
2ae0
0dcd
045f
0162
fd3c
803c
d82f
71b2
2b62
0df8
046d
0166
c919
8056
d317
7278
2be4
0e23
047b
016b
9e95
82b5
ce14
7339
2c66
0e4f
0488
016f
8522
874d
c927
73f4
2ce8
0e7a
0496
0173
8136
8e09
c453
74ab
2d69
0ea6
04a4
0178
9381
96cc
bf9b
755c
2dea
0ed1
04b2
017c
b8ce
a16d
bb00
7608
2e6b
0efd
04c0
0181
ea95
adbc
b684
76ae
2eeb
0f28
04ce
0185
201c
bb80
b229
774f
2f6c
0f53
04db
0189
5004
ca7d
adf3
77eb
2fec
0f7f
04e9
018e
71e6
da6c
a9e1
7881
306c
0faa
04f7
0192
7fd3
eb06
a5f7
7911
30ec
0fd5
0505
0196
775c
fc00
a235
799c
316c
1001
0513
019b
59fa
0d0b
9e9f
7a22
31eb
102c
0520
019f
2cd5
1ddc
9b34
7aa2
326a
1057
052e
01a3
f7d5
2e24
97f8
7b1c
32e9
1083
053c
01a8
c443
3d9b
94eb
7b91
3368
10ae
054a
01ac
9b29
4bfa
920e
7c00
33e6
10d9
0558
01b1
83ba
5900
8f64
7c6a
3464
1105
0565
01b5
8211
6471
8ced
7cce
34e2
1130
0573
01b9
9678
6e19
8aaa
7d2c
3560
115b
0581
01be
bd5d
75cd
889d
7d84
35dd
1187
058f
01c2
efef
7b6a
86c6
7dd7
365b
11b2
059d
01c6
2551
7ed5
8526
7e24
36d8
11dd
05aa
01cb
542a
7fff
83be
7e6c
3754
1208
05b8
01cf
7444
7ee5
828f
7ead
37d1
1234
05c6
01d4
7ffe
7b89
8199
7ee9
384d
125f
05d4
01d8
754c
75fc
80dc
7f1f
38c9
128a
05e2
01dc
560d
6e56
8059
7f4f
3945
12b5
05ef
01e1
27ba
64bb
8010
7f7a
39c0
12e1
05fd
01e5
f271
5956
8002
7f9e
3a3b
130c
060b
01e9
bf88
4c5b
802e
7fbd
3ab6
1337
0619
01ee
97eb
3e05
8094
7fd6
3b31
1362
0627
01f2
828b
2e95
8134
7fe9
3bab
138d
0634
01f6
8325
1e51
820d
7ff7
3c25
13b9
0642
01fb
99a0
0d83
8320
7ffe
3c9f
13e4
0650
01ff
c20a
fc78
846c
7fff
3d19
140f
065e
0204
f550
eb7d
85f0
7ffc
3d92
143a
066c
0208
2a75
dadf
87ac
7ff2
3e0b
1465
0679
020c
582a
caea
899e
7fe2
3e84
1490
0687
0211
766c
bbe6
8bc7
7fcc
3efc
14bc
0695
0215
7fef
ae18
8e24
7fb1
3f74
14e7
06a3
0219
7307
a1be
90b5
7f90
3fec
1512
06b1
021e
51f8
9711
9379
7f69
4064
153d
06be
0222
228d
8e41
966e
7f3c
40db
1568
06cc
0227
ed14
8775
9993
7f09
4152
1593
06da
022b
baeb
82ce
9ce7
7ed1
41c9
15be
06e8
022f
94dd
805f
a067
7e93
423f
15e9
06f6
0234
8195
8035
a414
7e4f
42b5
1614
0703
0238
8472
8250
a7ea
7e05
432b
163f
0711
023c
9cf6
86a6
abe8
7db6
43a1
166a
071f
0241
c6d4
8d24
b00d
7d61
4416
1695
072d
0245
fab6
95ac
b456
7d06
448b
16c0
073b
024a
2f85
a017
b8c1
7ca5
44ff
16eb
0748
024e
5c01
ac36
bd4d
7c3f
4573
1716
0756
0252
785e
b9d2
c1f8
7bd3
45e7
1741
0764
0257
7fa5
c8ad
c6be
7b62
465b
176c
0772
025b
708e
d883
cb9f
7aea
46ce
1797
0780
025f
4dbe
e90d
d097
7a6e
4741
17c2
078d
0264
1d50
fa00
d5a5
79eb
47b4
17ed
079b
0268
e7bf
0b0d
dac6
7964
4826
1818
07a9
026c
b66d
1be9
dff8
78d6
4898
1843
07b7
0271
9200
2c45
e539
7843
490a
186e
07c5
0275
80d9
3bd8
ea86
77ab
497b
1899
07d2
027a
85f8
4a5c
efdd
770d
49ec
18c4
07e0
027e
a07a
578d
f53b
766a
4a5d
18ee
07ee
0282
cbb7
6330
fa9e
75c1
4acd
1919
07fc
0287
001e
6d10
0003
7513
4b3d
1944
080a
028b
3480
7501
0568
7460
4bac
196f
0817
028f
5faf
7ade
0acb
73a7
4c1c
199a
0825
0294
7a1a
7e8c
1029
72ea
4c8b
19c5
0833
0298
7f20
7ffb
1580
7226
4cf9
19ef
0841
029d
6de1
7f24
1acd
715e
4d67
1a1a
084e
02a1
4961
7c0c
200e
7091
4dd5
1a45
085c
02a5
1806
76bf
2540
6fbe
4e43
1a70
086a
02aa
e275
6f57
2a61
6ee6
4eb0
1a9a
0878
02ae
b211
65f4
2f6f
6e0a
4f1d
1ac5
0886
02b2
8f55
5ac2
3467
6d28
4f89
1af0
0893
02b7
8057
4df4
3947
6c41
4ff5
1b1b
08a1
02bb
87b6
3fc3
3e0e
6b56
5061
1b45
08af
02bf
a429
3070
42b8
6a65
50cc
1b70
08bd
02c4
d0b3
2042
4744
6970
5137
1b9b
08cb
02c8
0587
0f80
4baf
6876
51a2
1bc5
08d8
02cd
3963
fe78
4ff8
6777
520c
1bf0
08e6
02d1
6330
ed77
541c
6673
5276
1c1b
08f4
02d5
7b9d
dccb
581a
656b
52e0
1c45
0902
02da
7e62
ccbe
5bf0
645e
5349
1c70
0910
02de
6b01
bd9a
5f9d
634d
53b1
1c9a
091d
02e2
44e2
afa4
631d
6237
541a
1cc5
092b
02e7
12b0
a31c
6671
611c
5482
1cf0
0939
02eb
dd39
983a
6996
5ffd
54e9
1d1a
0947
02f0
add9
8f2f
6c8b
5eda
5551
1d45
0954
02f4
8cde
8825
6f4e
5db2
55b7
1d6f
0962
02f8
800f
833c
71df
5c87
561e
1d9a
0970
02fd
89ab
808a
743c
5b57
5684
1dc4
097e
0301
a802
801c
7664
5a22
56ea
1def
098c
0305
d5c4
81f3
7856
58ea
574f
1e19
0999
030a
0aed
8607
7a12
57ae
57b4
1e44
09a7
030e
3e2b
8c45
7b95
566d
5818
1e6e
09b5
0312
6685
9492
7ce1
5529
587c
1e99
09c3
0317
7ce8
9ec6
7df4
53e1
58e0
1ec3
09d0
031b
7d69
aab5
7ecd
5295
5943
1eed
09de
0320
67f1
b828
7f6d
5145
59a6
1f18
09ec
0324
4043
c6e1
7fd3
4ff2
5a08
1f42
09fa
0328
0d52
d69d
7ffe
4e9b
5a6a
1f6d
0a08
032d
d80c
e716
7fef
4d40
5acc
1f97
0a15
0331
a9c6
f800
7fa7
4be2
5b2d
1fc1
0a23
0335
8a9b
090e
7f23
4a80
5b8e
1fec
0a31
033a
8002
19f4
7e67
491b
5bee
2016
0a3f
033e
8bd6
2a63
7d70
47b3
5c4e
2040
0a4c
0343
ac04
3a12
7c41
4647
5cae
206a
0a5a
0347
dae9
48b8
7ad8
44d9
5d0d
2095
0a68
034b
104e
5614
7938
4367
5d6b
20bf
0a76
0350
42d7
61e9
7761
41f2
5dca
20e9
0a84
0354
69aa
6c01
7554
407a
5e28
2113
0a91
0358
7dfa
742e
7311
3eff
5e85
213e
0a9f
035d
7c38
7a4a
7099
3d81
5ee2
2168
0aad
0361
64b2
7e3b
6def
3c00
5f3e
2192
0abb
0365
3b87
7fee
6b12
3a7d
5f9b
21bc
0ac8
036a
07ee
7f5b
6805
38f7
5ff6
21e6
0ad6
036e
d2f2
7c86
64c8
376e
6051
2210
0ae4
0373
a5db
777b
615e
35e3
60ac
223b
0af2
0377
888e
7050
5dc7
3456
6107
2265
0aff
037b
8030
6727
5a05
32c6
6160
228f
0b0d
0380
8e36
5c29
561b
3133
61ba
22b9
0b1b
0384
b02c
4f88
5209
2f9f
6213
22e3
0b29
0388
e01e
417d
4dd2
2e08
626c
230d
0b36
038d
15a7
3249
4977
2c6f
62c4
2337
0b44
0391
4764
2230
44fb
2ad5
631b
2361
0b52
0396
6ca0
117c
4060
2938
6373
238b
0b60
039a
7ed3
0079
3ba7
2799
63c9
23b5
0b6e
039e
7acd
ef73
36d3
25f9
6420
23df
0b7b
03a3
6144
deb8
31e7
2457
6475
2409
0b89
03a7
36b0
ce95
2ce3
22b3
64cb
2433
0b97
03ab
0287
bf52
27cb
210e
6520
245d
0ba5
03b0
cded
b136
22a1
1f67
6574
2486
0bb2
03b4
a218
a47f
1d68
1dbe
65c8
24b0
0bc0
03b8
86b8
9969
1820
1c15
661c
24da
0bce
03bd
8098
9025
12ce
1a6a
666f
2504
0bdc
03c1
90ca
88dd
0d74
18be
66c2
252e
0be9
03c6
b478
83b3
0813
1710
6714
2558
0bf7
03ca
e563
80be
02ae
1562
6765
2581
0c05
03ce
1af6
800b
fd49
13b3
67b7
25ab
0c13
03d3
4bd1
819e
f7e4
1202
6807
25d5
0c20
03d7
6f63
856f
f283
1051
6858
25ff
0c2e
03db
7f71
8b6e
ed29
0ea0
68a8
2628
0c3c
03e0
792b
937f
e7d7
0ced
68f7
2652
0c4a
03e4
5daa
9d7c
e290
0b3a
6946
267c
0c57
03e9
31c0
a93a
dd56
0987
6994
26a5
0c65
03ed
fd1e
b682
d82c
07d3
69e2
26cf
0c73
03f1
c8fe
c518
d314
061e
6a2f
26f9
0c81
03f6
9e81
d4ba
ce11
046a
6a7c
2722
0c8e
03fa
8519
e520
c924
02b5
6ac9
274c
0c9c
03fe
813a
f601
c451
0100
6b15
2776
0caa
0403
9391
070f
bf98
ff4b
6b60
279f
0cb8
0407
b8e7
17fd
bafd
fd96
6bab
27c9
0cc5
040b
eab3
287e
b681
fbe1
6bf6
27f2
0cd3
0410
203a
3847
b227
fa2d
6c40
281c
0ce1
0414
501b
4710
adf0
f878
6c89
2845
0cef
0419
71f4
5496
a9df
f6c4
6cd2
286f
0cfc
041d
7fd5
609c
a5f4
f511
6d1b
2898
0d0a
0421
7751
6aea
a233
f35e
6d63
28c1
0d18
0426
59e5
7353
9e9d
f1ab
6daa
28eb
0d26
042a
2cb9
79af
9b32
eff9
6df1
2914
0d33
042e
f7b7
7de2
97f6
ee48
6e38
293e
0d41
0433
c428
7fd9
94e9
ec98
6e7e
2967
0d4f
0437
9b16
7f8b
920d
eae8
6ec3
2990
0d5d
043b
83b2
7cf9
8f62
e93a
6f08
29ba
0d6a
0440
8216
782f
8ceb
e78c
6f4d
29e3
0d78
0444
9689
7142
8aa9
e5e0
6f91
2a0c
0d86
0449
bd77
6853
889c
e435
6fd4
2a36
0d94
044d
f00d
5d89
86c5
e28b
7017
2a5f
0da1
0451
256e
5117
8525
e0e2
705a
2a88
0daf
0456
5441
4333
83bd
df3b
709b
2ab1
0dbd
045a
7450
341f
828e
dd96
70dd
2ada
0dcb
045e
7fff
241d
8198
dbf2
711e
2b04
0dd8
0463
7540
1377
80db
da4f
715e
2b2d
0de6
0467
55f7
0279
8059
d8ae
719e
2b56
0df4
046c
279d
f16f
8010
d70f
71de
2b7f
0e02
0470
f253
e0a8
8002
d572
721c
2ba8
0e0f
0474
bf6e
d06f
802e
d3d7
725b
2bd1
0e1d
0479
97da
c10e
8094
d23e
7299
2bfa
0e2b
047d
8284
b2cc
8134
d0a7
72d6
2c23
0e38
0481
832c
a5e8
820e
cf12
7313
2c4c
0e46
0486
99b2
9a9e
8321
cd7f
734f
2c75
0e54
048a
c225
9121
846d
cbef
738b
2c9e
0e62
048e
f56e
899c
85f1
ca61
73c6
2cc7
0e6f
0493
2a92
8431
87ad
c8d6
7401
2cf0
0e7d
0497
5840
80f9
899f
c74d
743b
2d19
0e8b
049c
7678
8002
8bc8
c5c6
7474
2d42
0e99
04a0
7fee
8151
8e25
c442
74ad
2d6b
0ea6
04a4
72fa
84df
90b6
c2c1
74e6
2d93
0eb4
04a9
51e1
8a9e
937a
c143
751e
2dbc
0ec2
04ad
2270
9272
966f
bfc7
7555
2de5
0ecf
04b1
ecf6
9c38
9995
be4f
758c
2e0e
0edd
04b6
bad2
a7c4
9ce9
bcd9
75c3
2e37
0eeb
04ba
94cd
b4e1
a06a
bb67
75f9
2e5f
0ef9
04be
8190
c353
a416
b9f8
762e
2e88
0f06
04c3
847a
d2d9
a7ec
b88b
7663
2eb1
0f14
04c7
9d09
e32c
abeb
b723
7697
2ed9
0f22
04cc
c6ef
f403
b00f
b5bd
76cb
2f02
0f30
04d0
fad4
050f
b458
b45b
76fe
2f2b
0f3d
04d4
2fa1
1605
b8c4
b2fc
7731
2f53
0f4b
04d9
5c16
2697
bd50
b1a1
7763
2f7c
0f59
04dd
7869
3679
c1fa
b049
7794
2fa5
0f66
04e1
7fa2
4564
c6c1
aef5
77c5
2fcd
0f74
04e6
707f
5313
cba1
ada5
77f6
2ff6
0f82
04ea
4da6
5f49
d09a
ac58
7826
301e
0f90
04ef
1d32
69cd
d5a8
ab0f
7855
3047
0f9d
04f3
e7a1
7271
dac9
a9ca
7884
306f
0fab
04f7
b655
790c
dffb
a889
78b2
3097
0fb9
04fc
91f1
7d82
e53c
a74c
78e0
30c0
0fc6
0500
80d5
7fbc
ea89
a613
790d
30e8
0fd4
0504
8602
7fb2
efe0
a4de
793a
3111
0fe2
0509
a08e
7d64
f53e
a3ad
7966
3139
0ff0
050d
cbd3
78db
faa1
a281
7991
3161
0ffd
0511
003d
722d
0006
a159
79bc
318a
100b
0516
349c
6978
056b
a035
79e7
31b2
1019
051a
5fc3
5ee4
0ace
9f15
7a11
31da
1026
051f
7a23
52a1
102c
9dfa
7a3a
3202
1034
0523
7f1d
44e5
1583
9ce3
7a63
322b
1042
0527
6dd1
35f1
1ad0
9bd1
7a8b
3253
1050
052c
4948
2607
2011
9ac3
7ab3
327b
105d
0530
17e8
1571
2543
99ba
7ada
32a3
106b
0534
e257
0479
2a64
98b6
7b00
32cb
1079
0539
b1f9
f36d
2f72
97b6
7b26
32f3
1086
053d
8f47
e29a
346a
96bb
7b4c
331b
1094
0541
8055
d24c
394a
95c5
7b70
3343
10a2
0546
87c1
c2ce
3e10
94d3
7b95
336b
10af
054a
a43e
b467
42ba
93e7
7bb8
3393
10bd
054f
d0cf
a757
4746
92ff
7bdc
33bb
10cb
0553
05a5
9bda
4bb1
921d
7bfe
33e3
10d9
0557
397e
9225
4ffa
913f
7c20
340b
10e6
055c
6344
8a62
541e
9067
7c42
3433
10f4
0560
7ba5
84b7
581c
8f93
7c62
345b
1102
0564
7e5d
813b
5bf2
8ec5
7c83
3483
110f
0569
6af1
8000
5f9f
8dfc
7ca3
34ab
111d
056d
44c8
810b
631f
8d38
7cc2
34d3
112b
0572
1292
8457
6673
8c79
7ce0
34fa
1138
0576
dd1b
89d5
6997
8bbf
7cfe
3522
1146
057a
adc2
916d
6c8c
8b0b
7d1c
354a
1154
057f
8cd1
9afa
6f50
8a5c
7d39
3572
1161
0583
800e
a654
71e0
89b3
7d55
3599
116f
0587
89b7
b344
743d
890f
7d71
35c1
117d
058c
a818
c192
7665
8870
7d8c
35e9
118b
0590
d5e1
d0fb
7857
87d7
7da7
3610
1198
0594
0b0b
e13a
7a13
8743
7dc1
3638
11a6
0599
3e45
f205
7b96
86b4
7dda
365f
11b4
059d
6697
030f
7ce2
862c
7df3
3687
11c1
05a2
7cef
140c
7df4
85a8
7e0c
36af
11cf
05a6
7d63
24ad
7ece
852b
7e23
36d6
11dd
05aa
67e0
34a8
7f6d
84b3
7e3b
36fe
11ea
05af
4029
43b3
7fd3
8440
7e51
3725
11f8
05b3
0d34
518b
7ffe
83d3
7e67
374c
1206
05b7
d7ef
5df0
7fef
836c
7e7d
3774
1213
05bc
a9b0
68aa
7fa6
830b
7e92
379b
1221
05c0
8a8f
7188
7f23
82af
7ea6
37c2
122f
05c4
8003
7862
7e66
8259
7eba
37ea
123c
05c9
8be3
7d19
7d6f
8208
7ecd
3811
124a
05cd
ac1b
7f97
7c40
81bd
7edf
3838
1258
05d2
db06
7fd1
7ad8
8179
7ef1
3860
1265
05d6
106c
7dc7
7937
8139
7f03
3887
1273
05da
42f1
7980
7760
8100
7f14
38ae
1281
05df
69bb
7311
7552
80cc
7f24
38d5
128e
05e3
7e00
6a97
730f
809f
7f34
38fc
129c
05e7
7c30
6039
7098
8076
7f43
3923
12aa
05ec
649f
5425
6ded
8054
7f51
394b
12b7
05f0
3b6c
4693
6b10
8038
7f5f
3972
12c5
05f4
07d0
37c0
6803
8021
7f6d
3999
12d3
05f9
d2d6
27ef
64c6
8010
7f79
39c0
12e0
05fd
a5c5
1769
615c
8006
7f86
39e7
12ee
0602
8884
0679
5dc5
8000
7f91
3a0e
12fc
0606
8031
f56b
5a03
8001
7f9c
3a35
1309
060a
8e44
e48d
5618
8008
7fa7
3a5b
1317
060f
b044
d42c
5206
8014
7fb1
3a82
1325
0613
e03c
c492
4dcf
8026
7fba
3aa9
1332
0617
15c5
b607
4975
803e
7fc3
3ad0
1340
061c
477d
a8cb
44f9
805c
7fcb
3af7
134e
0620
6cb0
9d1c
405d
8080
7fd3
3b1e
135b
0624
7ed7
932f
3ba5
80a9
7fda
3b44
1369
0629
7ac5
8b30
36d1
80d8
7fe0
3b6b
1377
062d
6130
8544
31e4
810d
7fe6
3b92
1384
0632
3694
8186
2ce0
8148
7feb
3bb8
1392
0636
0269
8007
27c8
8189
7ff0
3bdf
13a0
063a
cdd1
80ce
229e
81cf
7ff4
3c06
13ad
063f
a204
83d7
1d65
821b
7ff7
3c2c
13bb
0643
86ae
8914
181d
826d
7ffa
3c53
13c9
0647
809b
906e
12cb
82c4
7ffc
3c79
13d6
064c
90d9
99c3
0d71
8322
7ffe
3ca0
13e4
0650
b491
a4e9
0810
8384
7fff
3cc6
13f2
0654
e580
b1ad
02ab
83ed
7fff
3ced
13ff
0659
1b14
bfd4
fd46
845b
7fff
3d13
140d
065d
4bea
cf20
f7e1
84cf
7fff
3d39
141b
0662
6f72
df4a
f280
8549
7ffe
3d60
1428
0666
7f74
f008
ed26
85c8
7ffc
3d86
1436
066a
7921
010f
e7d4
864c
7ffa
3dac
1444
066f
5d95
1211
e28d
86d6
7ff7
3dd3
1451
0673
31a4
22c1
dd53
8766
7ff4
3df9
145f
0677
fd00
32d3
d829
87fb
7ff0
3e1f
146c
067c
c8e3
41ff
d311
8896
7feb
3e45
147a
0680
9e6d
4ffe
ce0e
8936
7fe6
3e6c
1488
0684
8511
5c91
c922
89db
7fe0
3e92
1495
0689
813e
6780
c44e
8a86
7fd9
3eb8
14a3
068d
93a1
7098
bf96
8b36
7fd2
3ede
14b1
0692
b901
77b0
bafb
8bec
7fcb
3f04
14be
0696
ead1
7ca9
b67f
8ca7
7fc3
3f2a
14cc
069a
2057
7f6a
b225
8d67
7fba
3f50
14da
069f
5033
7fe9
adee
8e2c
7fb1
3f76
14e7
06a3
7201
7e22
a9dd
8ef6
7fa7
3f9c
14f5
06a7
7fd7
7a1d
a5f2
8fc6
7f9c
3fc2
1502
06ac
7746
73ee
a231
909a
7f91
3fe8
1510
06b0
59cf
6bb0
9e9b
9174
7f86
400d
151e
06b4
2c9c
6188
9b30
9253
7f79
4033
152b
06b9
f798
55a5
97f4
9337
7f6d
4059
1539
06bd
c40e
483c
94e7
9420
7f5f
407f
1547
06c2
9b04
398b
920b
950d
7f51
40a5
1554
06c6
83ab
29d5
8f61
9600
7f43
40ca
1562
06ca
821b
1960
8cea
96f7
7f34
40f0
156f
06cf
969a
0878
8aa8
97f3
7f24
4116
157d
06d3
bd91
f76a
889a
98f4
7f14
413b
158b
06d7
f02b
e682
86c4
99fa
7f03
4161
1598
06dc
258b
d60f
8524
9b04
7ef1
4186
15a6
06e0
5458
c65a
83bd
9c13
7edf
41ac
15b4
06e4
745d
b7ab
828e
9d26
7ecd
41d1
15c1
06e9
7fff
aa45
8198
9e3e
7eb9
41f7
15cf
06ed
7534
9e65
80db
9f5a
7ea6
421c
15dc
06f2
55e0
9440
8059
a07b
7e91
4242
15ea
06f6
2780
8c05
8010
a1a0
7e7c
4267
15f8
06fa
f235
85da
8002
a2c9
7e67
428c
1605
06ff
bf54
81d9
802e
a3f7
7e51
42b2
1613
0703
97c8
8016
8094
a528
7e3a
42d7
1620
0707
827f
8099
8134
a65e
7e23
42fc
162e
070c
8332
835e
820e
a798
7e0b
4321
163c
0710
99c4
885a
8322
a8d6
7df3
4347
1649
0714
c23f
8f76
846e
aa18
7dda
436c
1657
0719
f58c
9892
85f2
ab5e
7dc1
4391
1665
071d
2aae
a384
87ae
aca8
7da7
43b6
1672
0722
5856
b01a
89a1
adf5
7d8c
43db
1680
0726
7683
be1b
8bc9
af47
7d71
4400
168d
072a
7fed
cd48
8e27
b09c
7d55
4425
169b
072f
72ed
dd5b
90b8
b1f4
7d39
444a
16a9
0733
51ca
ee0c
937c
b350
7d1c
446f
16b6
0737
2252
ff0f
9671
b4b0
7cfe
4494
16c4
073c
ecd8
1016
9996
b613
7ce0
44b9
16d1
0740
bab8
20d3
9cea
b779
7cc1
44de
16df
0744
94bc
30fc
a06c
b8e3
7ca2
4502
16ed
0749
818b
4045
a418
ba50
7c82
4527
16fa
074d
8482
4e6b
a7ef
bbc0
7c62
454c
1708
0752
9d1c
5b2c
abed
bd33
7c41
4571
1715
0756
c70a
664f
b012
beaa
7c20
4595
1723
075a
faf3
6fa1
b45b
c023
7bfe
45ba
1730
075f
2fbe
76f7
b8c7
c19f
7bdb
45df
173e
0763
5c2b
7c30
bd53
c31e
7bb8
4603
174c
0767
7873
7f35
c1fd
c4a0
7b94
4628
1759
076c
7fa0
7ff8
c6c3
c624
7b70
464c
1767
0770
7071
7e75
cba4
c7ab
7b4b
4671
1774
0774
4d8e
7ab3
d09d
c935
7b26
4695
1782
0779
1d15
74c4
d5ab
cac1
7b00
46ba
1790
077d
e783
6cc1
dacc
cc50
7ad9
46de
179d
0782
b63c
62d1
dffe
cde0
7ab2
4703
17ab
0786
91e1
571f
e53f
cf74
7a8b
4727
17b8
078a
80d2
49e1
ea8c
d109
7a62
474b
17c6
078f
860b
3b53
efe3
d2a1
7a3a
4770
17d3
0793
a0a2
2bb8
f541
d43a
7a10
4794
17e1
0797
cbef
1b56
faa4
d5d6
79e6
47b8
17ef
079c
005b
0a77
0009
d773
79bc
47dc
17fc
07a0
34b7
f969
056e
d913
7991
4800
180a
07a4
5fd7
e879
0ad1
dab4
7965
4824
1817
07a9
7a2c
d7f4
102f
dc57
7939
4848
1825
07ad
7f19
c825
1586
ddfb
790d
486d
1832
07b2
6dc2
b954
1ad3
dfa1
78e0
4891
1840
07b6
492f
abc4
2014
e149
78b2
48b5
184e
07ba
17ca
9fb3
2546
e2f2
7883
48d8
185b
07bf
e23a
9558
2a67
e49c
7855
48fc
1869
07c3
b1e1
8ce2
2f74
e647
7825
4920
1876
07c7
8f39
8676
346d
e7f4
77f5
4944
1884
07cc
8052
8234
394d
e9a2
77c5
4968
1891
07d0
87cb
802d
3e13
eb50
7794
498c
189f
07d4
a453
806b
42bd
ed00
7762
49af
18ad
07d9
d0eb
82ed
4749
eeb1
7730
49d3
18ba
07dd
05c3
87a8
4bb4
f062
76fd
49f7
18c8
07e2
3999
8e86
4ffc
f214
76ca
4a1b
18d5
07e6
6357
9767
5421
f3c7
7697
4a3e
18e3
07ea
7bad
a224
581f
f57a
7662
4a62
18f0
07ef
7e58
ae8c
5bf5
f72e
762d
4a85
18fe
07f3
6ae0
bc66
5fa1
f8e2
75f8
4aa9
190b
07f7
44af
cb73
6321
fa96
75c2
4acc
1919
07fc
1274
db6f
6674
fc4b
758c
4af0
1927
0800
dcfe
ec12
6999
fe00
7555
4b13
1934
0804
adaa
fd0f
6c8e
ffb5
751d
4b36
1942
0809
8cc4
0e19
6f51
016a
74e5
4b5a
194f
080d
800d
1ee3
71e2
031f
74ad
4b7d
195d
0811
89c2
2f21
743e
04d3
7474
4ba0
196a
0816
a82e
3e88
7666
0688
743a
4bc4
1978
081a
d5fe
4cd4
7858
083c
7400
4be7
1985
081f
0b29
59c2
7a13
09f0
73c5
4c0a
1993
0823
3e60
6518
7b97
0ba3
738a
4c2d
19a0
0827
66a9
6ea2
7ce2
0d56
734e
4c50
19ae
082c
7cf6
7636
7df5
0f08
7312
4c73
19bc
0830
7d5d
7bb0
7ece
10ba
72d5
4c96
19c9
0834
67ce
7ef8
7f6e
126b
7298
4cb9
19d7
0839
400f
7fff
7fd3
141b
725a
4cdc
19e4
083d
0d16
7ec0
7ffe
15ca
721c
4cff
19f2
0841
d7d3
7b41
7fef
1778
71dd
4d22
19ff
0846
a999
7592
7fa6
1925
719d
4d45
1a0d
084a
8a83
6dcc
7f23
1ad1
715e
4d68
1a1a
084f
8003
6413
7e66
1c7c
711d
4d8b
1a28
0853
8bef
5893
7d6f
1e25
70dc
4dad
1a35
0857
ac32
4b81
7c3f
1fcd
709b
4dd0
1a43
085c
db23
3d17
7ad7
2173
7059
4df3
1a50
0860
108a
2d98
7936
2318
7016
4e15
1a5e
0864
430b
1d49
775f
24bc
6fd3
4e38
1a6b
0869
69cd
0c75
7551
265e
6f90
4e5a
1a79
086d
7e05
fb69
730e
27fe
6f4c
4e7d
1a86
0871
7c29
ea72
7096
299c
6f07
4ea0
1a94
0876
648c
d9dc
6dec
2b38
6ec2
4ec2
1aa1
087a
3b51
c9f4
6b0f
2cd2
6e7d
4ee4
1aaf
087f
07b2
bb01
6801
2e6b
6e37
4f07
1abc
0883
d2b9
ad49
64c4
3001
6df0
4f29
1aca
0887
a5b0
a108
615a
3195
6da9
4f4b
1ad8
088c
8879
9677
5dc2
3326
6d62
4f6e
1ae5
0890
8033
8dc5
5a01
34b6
6d1a
4f90
1af3
0894
8e52
871b
5616
3643
6cd1
4fb2
1b00
0899
b05b
8296
5204
37cd
6c88
4fd4
1b0e
089d
e059
804c
4dcd
3955
6c3f
4ff7
1b1b
08a1
15e3
8046
4972
3adb
6bf5
5019
1b29
08a6
4797
8284
44f6
3c5d
6baa
503b
1b36
08aa
6cc0
86fd
405b
3ddd
6b5f
505d
1b44
08ae
7edb
8d9c
3ba2
3f5a
6b14
507f
1b51
08b3
7abc
9643
36ce
40d5
6ac8
50a1
1b5f
08b7
611c
a0cb
31e1
424c
6a7b
50c3
1b6c
08bc
3679
ad04
2cde
43c0
6a2e
50e4
1b7a
08c0
024a
bab5
27c6
4531
69e1
5106
1b87
08c4
cdb5
c9a2
229c
469f
6993
5128
1b95
08c9
a1ef
d986
1d62
480a
6945
514a
1ba2
08cd
86a5
ea18
181a
4972
68f6
516c
1bb0
08d1
809e
fb0f
12c8
4ad6
68a7
518d
1bbd
08d6
90e8
0c1b
0d6e
4c37
6857
51af
1bcb
08da
b4a9
1cf1
080d
4d94
6807
51d1
1bd8
08de
e59e
2d43
02a8
4eee
67b6
51f2
1be5
08e3
1b32
3cc8
fd43
5044
6765
5214
1bf3
08e7
4c02
4b38
f7de
5197
6713
5235
1c00
08eb
6f81
5852
f27d
52e5
66c1
5257
1c0e
08f0
7f77
63db
ed23
5431
666e
5278
1c1b
08f4
7917
6d9d
e7d1
5578
661b
529a
1c29
08f9
5d80
756e
e28a
56bb
65c7
52bb
1c36
08fd
3188
7b29
dd50
57fa
6573
52dc
1c44
0901
fce1
7eb4
d826
5936
651f
52fe
1c51
0906
c8c7
7fff
d30f
5a6d
64ca
531f
1c5f
090a
9e5a
7f04
ce0b
5ba0
6475
5340
1c6c
090e
8508
7bc8
c91f
5ccf
641f
5361
1c7a
0913
8142
7659
c44b
5dfa
63c8
5382
1c87
0917
93b1
6ed0
bf93
5f21
6372
53a3
1c95
091b
b91a
654f
baf8
6043
631a
53c4
1ca2
0920
eaef
5a02
b67c
6161
62c3
53e6
1cb0
0924
2074
4d1c
b222
627a
626b
5407
1cbd
0929
504b
3ed7
adec
638f
6212
5427
1ccb
092d
720f
2f75
a9da
649f
61b9
5448
1cd8
0931
7fd8
1f3b
a5f0
65ab
615f
5469
1ce5
0936
773b
0e73
a22f
66b2
6106
548a
1cf3
093a
59b9
fd69
9e99
67b5
60ab
54ab
1d00
093e
2c80
ec6b
9b2f
68b3
6050
54cc
1d0e
0943
f77a
dbc6
97f2
69ac
5ff5
54ec
1d1b
0947
c3f3
cbc6
94e6
6aa0
5f9a
550d
1d29
094b
9af1
bcb3
9209
6b8f
5f3d
552e
1d36
0950
83a4
aed2
8f5f
6c79
5ee1
554e
1d44
0954
8221
a262
8ce9
6d5f
5e84
556f
1d51
0958
96ac
979c
8aa6
6e3f
5e27
558f
1d5f
095d
bdab
8eb0
8899
6f1b
5dc9
55b0
1d6c
0961
f049
87c7
86c3
6ff1
5d6a
55d0
1d79
0966
25a8
8301
8523
70c3
5d0c
55f1
1d87
096a
546e
8073
83bc
718f
5cad
5611
1d94
096e
7469
8028
828d
7256
5c4d
5631
1da2
0973
7fff
8223
8197
7318
5bed
5652
1daf
0977
7528
865a
80db
73d4
5b8d
5672
1dbd
097b
55ca
8cba
8058
748c
5b2c
5692
1dca
0980
2764
9526
8010
753e
5acb
56b2
1dd8
0984
f217
9f78
8002
75ea
5a69
56d2
1de5
0988
bf3a
ab80
802e
7692
5a07
56f2
1df2
098d
97b6
b909
8094
7734
59a5
5712
1e00
0991
8279
c7d4
8135
77d0
5942
5732
1e0d
0995
8339
d79e
820f
7867
58df
5752
1e1b
099a
99d6
e820
8322
78f9
587b
5772
1e28
099e
c25a
f90f
846e
7985
5817
5792
1e36
09a3
f5ab
0a1d
85f3
7a0b
57b3
57b2
1e43
09a7
2acb
1afd
87af
7a8c
574e
57d2
1e50
09ab
586c
2b62
89a2
7b08
56e8
57f2
1e5e
09b0
768e
3b03
8bca
7b7d
5683
5811
1e6b
09b4
7fec
4997
8e28
7bee
561d
5831
1e79
09b8
72df
56dc
90b9
7c58
55b6
5851
1e86
09bd
51b2
6297
937d
7cbd
554f
5870
1e94
09c1
2235
6c91
9673
7d1c
54e8
5890
1ea1
09c5
ecba
749e
9998
7d76
5481
58af
1eae
09ca
ba9f
7a99
9cec
7dc9
5419
58cf
1ebc
09ce
94ac
7e67
a06e
7e17
53b0
58ee
1ec9
09d2
8187
7ff6
a41a
7e60
5348
590e
1ed7
09d7
848a
7f3f
a7f1
7ea2
52de
592d
1ee4
09db
9d30
7c46
abef
7edf
5275
594d
1ef1
09e0
c725
7718
b014
7f16
520b
596c
1eff
09e4
fb11
6fcd
b45d
7f47
51a1
598b
1f0c
09e8
2fda
6685
b8c9
7f73
5136
59aa
1f1a
09ed
5c40
5b6c
bd55
7f98
50cb
59c9
1f27
09f1
787d
4eb3
c200
7fb8
5060
59e9
1f34
09f5
7f9e
4094
c6c6
7fd2
4ff4
5a08
1f42
09fa
7062
314f
cba7
7fe6
4f88
5a27
1f4f
09fe
4d76
212b
d09f
7ff5
4f1c
5a46
1f5d
0a02
1cf7
106f
d5ad
7ffd
4eaf
5a65
1f6a
0a07
e765
ff69
dacf
7fff
4e42
5a84
1f77
0a0b
b623
ee66
e001
7ffd
4dd4
5aa2
1f85
0a0f
91d2
ddb3
e542
7ff4
4d66
5ac1
1f92
0a14
80ce
cd9b
ea8f
7fe5
4cf8
5ae0
1fa0
0a18
8614
be69
efe6
7fd1
4c89
5aff
1fad
0a1d
a0b6
b061
f544
7fb6
4c1a
5b1e
1fba
0a21
cc0b
a3c2
faa7
7f96
4bab
5b3c
1fc8
0a25
0079
98c7
000c
7f70
4b3c
5b5b
1fd5
0a2a
34d3
8fa2
0572
7f44
4acc
5b79
1fe3
0a2e
5feb
887b
0ad4
7f12
4a5b
5b98
1ff0
0a32
7a35
8373
1032
7edb
49eb
5bb6
1ffd
0a37
7f16
80a2
1589
7e9e
497a
5bd5
200b
0a3b
6db2
8013
1ad6
7e5b
4908
5bf3
2018
0a3f
4916
81ca
2016
7e12
4897
5c12
2025
0a44
17ac
85bf
2548
7dc4
4825
5c30
2033
0a48
e21c
8bdf
2a69
7d70
47b2
5c4e
2040
0a4c
b1c9
940f
2f77
7d16
4740
5c6d
204e
0a51
8f2a
9e2a
346f
7cb6
46cd
5c8b
205b
0a55
8050
aa02
3950
7c51
465a
5ca9
2068
0a5a
87d5
b760
3e16
7be6
45e6
5cc7
2076
0a5e
a468
c609
42c0
7b76
4572
5ce5
2083
0a62
d108
d5b9
474b
7aff
44fe
5d03
2090
0a67
05e2
e62a
4bb6
7a84
4489
5d21
209e
0a6b
39b4
f70f
4fff
7a02
4414
5d3f
20ab
0a6f
636a
081e
5423
797b
439f
5d5d
20b9
0a74
7bb5
1907
5821
78ef
432a
5d7b
20c6
0a78
7e53
297f
5bf7
785d
42b4
5d99
20d3
0a7c
6acf
393a
5fa3
77c6
423e
5db7
20e1
0a81
4495
47f1
6323
7729
41c7
5dd4
20ee
0a85
1256
5561
6676
7686
4151
5df2
20fb
0a89
dce1
614d
699b
75df
40da
5e10
2109
0a8e
ad93
6b7f
6c8f
7532
4063
5e2d
2116
0a92
8cb6
73c8
6f53
747f
3feb
5e4b
2123
0a96
800d
7a02
71e3
73c8
3f73
5e68
2131
0a9b
89ce
7e12
7440
730b
3efb
5e86
213e
0a9f
a845
7fe5
7667
7248
3e82
5ea3
214b
0aa4
d61a
7f73
7859
7181
3e0a
5ec1
2159
0aa8
0b47
7cbd
7a14
70b5
3d91
5ede
2166
0aac
3e7a
77d0
7b98
6fe3
3d17
5efb
2173
0ab1
66bb
70c3
7ce3
6f0c
3c9e
5f19
2181
0ab5
7cfc
67b5
7df5
6e30
3c24
5f36
218e
0ab9
7d57
5ccf
7ece
6d4f
3baa
5f53
219b
0abe
67bc
5044
7f6e
6c69
3b30
5f70
21a9
0ac2
3ff4
424c
7fd3
6b7f
3ab5
5f8d
21b6
0ac6
0cf8
3327
7ffe
6a8f
3a3a
5faa
21c3
0acb
d7b6
2319
7fef
699b
39bf
5fc7
21d1
0acf
a983
126b
7fa6
68a1
3943
5fe4
21de
0ad3
8a77
016a
7f22
67a3
38c8
6001
21eb
0ad8
8003
f062
7e65
66a0
384c
601e
21f9
0adc
8bfc
dfa1
7d6e
6599
37cf
603b
2206
0ae0
ac49
cf74
7c3e
648d
3753
6058
2213
0ae5
db40
c023
7ad6
637c
36d6
6075
2221
0ae9
10a8
b1f4
7935
6267
3659
6091
222e
0aee
4324
a529
775e
614d
35dc
60ae
223b
0af2
69de
99fa
7550
602f
355f
60ca
2249
0af6
7e0a
909b
730d
5f0d
34e1
60e7
2256
0afb
7c22
8936
7095
5de6
3463
6104
2263
0aff
6479
83ed
6dea
5cbb
33e5
6120
2271
0b03
3b36
80d8
6b0d
5b8b
3366
613d
227e
0b08
0794
8006
67ff
5a58
32e8
6159
228b
0b0c
d29d
8179
64c2
5920
3269
6175
2298
0b10
a59a
852b
6158
57e5
31ea
6192
22a6
0b15
886e
8b0b
5dc0
56a5
316a
61ae
22b3
0b19
8035
92ff
59ff
5561
30eb
61ca
22c0
0b1d
8e60
9ce3
5614
541a
306b
61e6
22ce
0b22
b073
a889
5202
52cf
2feb
6202
22db
0b26
e077
b5bd
4dca
517f
2f6b
621e
22e8
0b2b
1601
c442
4970
502d
2eea
623a
22f6
0b2f
47b0
d3d7
44f4
4ed6
2e69
6256
2303
0b33
6cd0
e435
4058
4d7c
2de8
6272
2310
0b38
7edf
f511
3b9f
4c1f
2d67
628e
231d
0b3c
7ab3
061e
36cb
4abe
2ce6
62aa
232b
0b40
6109
1710
31de
4959
2c65
62c6
2338
0b45
365d
2799
2cdb
47f1
2be3
62e2
2345
0b49
022c
376e
27c3
4686
2b61
62fd
2353
0b4d
cd99
4647
2299
4518
2adf
6319
2360
0b52
a1db
53e1
1d5f
43a7
2a5d
6335
236d
0b56
869b
5ffd
1818
4232
29da
6350
237a
0b5a
80a1
6a65
12c5
40bb
2957
636c
2388
0b5f
90f7
72ea
0d6b
3f40
28d5
6387
2395
0b63
b4c2
7963
080a
3dc3
2851
63a3
23a2
0b67
e5bc
7db6
02a5
3c43
27ce
63be
23af
0b6c
1b4f
7fcc
fd3f
3ac0
274b
63da
23bd
0b70
4c1a
7f9e
f7db
393a
26c7
63f5
23ca
0b74
6f90
7d2c
f27a
37b2
2643
6410
23d7
0b79
7f79
7881
ed20
3628
25c0
642b
23e5
0b7d
790d
71b2
e7ce
349a
253b
6447
23f2
0b82
5d6c
68de
e287
330b
24b7
6462
23ff
0b86
316c
5e2d
dd4d
3179
2433
647d
240c
0b8a
fcc3
51d1
d823
2fe5
23ae
6498
241a
0b8f
c8ac
4400
d30c
2e4f
2329
64b3
2427
0b93
9e46
34fb
ce09
2cb6
22a4
64ce
2434
0b97
8500
2504
c91c
2b1c
221f
64e9
2441
0b9c
8147
1465
c449
297f
219a
6504
244f
0ba0
93c1
036a
bf90
27e1
2115
651e
245c
0ba4
b933
f25f
baf5
2641
208f
6539
2469
0ba9
eb0d
e192
b67a
249f
2009
6554
2476
0bad
2092
d14f
b220
22fb
1f83
656f
2484
0bb1
5062
c1e1
ade9
2156
1efd
6589
2491
0bb6
721d
b38d
a9d8
1fb0
1e77
65a4
249e
0bba
7fda
a694
a5ee
1e08
1df1
65be
24ab
0bbe
7730
9b32
a22d
1c5e
1d6b
65d9
24b9
0bc3
59a4
919a
9e97
1ab3
1ce4
65f3
24c6
0bc7
2c63
89f8
9b2d
1908
1c5d
660e
24d3
0bcc
f75c
846f
97f1
175a
1bd7
6628
24e0
0bd0
c3d8
8117
94e4
15ac
1b50
6642
24ed
0bd4
9ade
8000
9208
13fd
1ac9
665d
24fb
0bd9
839d
812f
8f5e
124d
1a41
6677
2508
0bdd
8226
849e
8ce7
109c
19ba
6691
2515
0be1
96bd
8a3f
8aa5
0eeb
1933
66ab
2522
0be6
bdc5
91f6
8898
0d38
18ab
66c5
2530
0bea
f067
9ba2
86c2
0b85
1823
66df
253d
0bee
25c5
a716
8522
09d2
179c
66f9
254a
0bf3
5485
b41e
83bb
081e
1714
6713
2557
0bf7
7476
c27f
828c
066a
168c
672d
2564
0bfb
7fff
d1f8
8197
04b5
1604
6747
2572
0c00
751c
e242
80da
0300
157c
6761
257f
0c04
55b3
f313
8058
014b
14f3
677a
258c
0c08
2747
041e
8010
ff97
146b
6794
2599
0c0d
f1f9
1518
8002
fde2
13e2
67ae
25a7
0c11
bf20
25b1
802e
fc2d
135a
67c7
25b4
0c15
97a5
359f
8095
fa78
12d1
67e1
25c1
0c1a
8273
4499
8135
f8c4
1249
67fa
25ce
0c1e
8340
525b
820f
f710
11c0
6814
25db
0c23
99e9
5ea7
8323
f55c
1137
682d
25e9
0c27
c274
6945
846f
f3a9
10ae
6847
25f6
0c2b
f5c9
7204
85f4
f1f6
1025
6860
2603
0c30
2ae7
78bd
87b0
f044
0f9c
6879
2610
0c34
5882
7d51
89a3
ee93
0f13
6892
261d
0c38
769a
7fac
8bcc
ece2
0e89
68ac
262b
0c3d
7feb
7fc2
8e29
eb33
0e00
68c5
2638
0c41
72d2
7d93
90bb
e984
0d77
68de
2645
0c45
519b
792a
937f
e7d6
0ced
68f7
2652
0c4a
2218
7299
9675
e62a
0c64
6910
265f
0c4e
ec9c
6a00
999a
e47e
0bda
6929
266c
0c52
ba85
5f85
9cee
e2d4
0b51
6942
267a
0c57
949b
5358
a070
e12b
0ac7
695a
2687
0c5b
8182
45b0
a41c
df84
0a3d
6973
2694
0c5f
8492
36cb
a7f3
ddde
09b3
698c
26a1
0c64
9d43
26ed
abf2
dc3a
092a
69a5
26ae
0c68
c740
165e
b017
da97
08a0
69bd
26bc
0c6c
fb2f
056a
b460
d8f6
0816
69d6
26c9
0c71
2ff6
f45d
b8cc
d757
078c
69ef
26d6
0c75
5c55
e385
bd58
d5b9
0702
6a07
26e3
0c7a
7888
d32e
c202
d41e
0678
6a1f
26f0
0c7e
7f9b
c3a3
c6c9
d284
05ee
6a38
26fd
0c82
7054
b52a
cbaa
d0ed
0564
6a50
270b
0c87
4d5e
a806
d0a2
cf58
04da
6a69
2718
0c8b
1cda
9c71
d5b0
cdc5
0450
6a81
2725
0c8f
e748
92a1
dad2
cc34
03c6
6a99
2732
0c94
b60a
8ac2
e004
caa6
033b
6ab1
273f
0c98
91c2
84f8
e545
c91a
02b1
6ac9
274c
0c9c
80cb
815e
ea92
c790
0227
6ae1
2759
0ca1
861d
8003
efe9
c609
019d
6af9
2767
0ca5
a0cb
80ee
f547
c485
0113
6b11
2774
0ca9
cc26
841a
faaa
c303
0089
6b29
2781
0cae
0098
897a
000f
c185
fffe
6b41
278e
0cb2
34ef
90f4
0575
c009
ff74
6b59
279b
0cb6
5fff
9a67
0ad7
be90
feea
6b71
27a8
0cbb
7a3e
a5a8
1035
bd1a
fe60
6b89
27b5
0cbf
7f12
b284
158c
bba7
fdd6
6ba0
27c3
0cc3
6da2
c0c0
1ad9
ba37
fd4c
6bb8
27d0
0cc8
48fd
d01b
2019
b8ca
fcc1
6bcf
27dd
0ccc
178e
e050
254b
b761
fc37
6be7
27ea
0cd0
e1ff
f115
2a6c
b5fa
fbad
6bfe
27f7
0cd5
b1b1
021e
2f7a
b498
fb23
6c16
2804
0cd9
8f1c
131e
3472
b338
fa99
6c2d
2811
0cde
804e
23c6
3952
b1dc
fa0f
6c45
281e
0ce2
87e0
33cc
3e18
b084
f985
6c5c
282c
0ce6
a47e
42e6
42c2
af2f
f8fb
6c73
2839
0ceb
d124
50d1
474e
adde
f871
6c8a
2846
0cef
0600
5d4b
4bb9
ac91
f7e7
6ca1
2853
0cf3
39cf
681e
5001
ab48
f75d
6cb8
2860
0cf8
637d
7118
5425
aa02
f6d3
6cd0
286d
0cfc
7bbd
780f
5823
a8c0
f64a
6ce7
287a
0d00
7e4e
7ce5
5bf9
a783
f5c0
6cfd
2887
0d05
6abf
7f83
5fa5
a649
f536
6d14
2894
0d09
447b
7fdd
6325
a513
f4ac
6d2b
28a2
0d0d
1238
7df2
6678
a3e2
f423
6d42
28af
0d12
dcc4
79cb
699d
a2b4
f399
6d59
28bc
0d16
ad7c
737a
6c91
a18b
f310
6d6f
28c9
0d1a
8ca9
6b1c
6f54
a067
f286
6d86
28d6
0d1f
800c
60d7
71e4
9f46
f1fd
6d9d
28e3
0d23
89d9
54da
7441
9e2a
f174
6db3
28f0
0d27
a85b
475c
7669
9d13
f0ea
6dca
28fd
0d2c
d637
3899
785a
9c00
f061
6de0
290a
0d30
0b66
28d4
7a15
9af1
efd8
6df6
2917
0d34
3e95
1856
7b99
99e7
ef4f
6e0d
2925
0d39
66cd
076a
7ce4
98e2
eec6
6e23
2932
0d3d
7d03
f65b
7df6
97e2
ee3d
6e39
293f
0d42
7d51
e579
7ecf
96e6
edb4
6e50
294c
0d46
67aa
d50f
7f6e
95ef
ed2c
6e66
2959
0d4a
3fda
c568
7fd3
94fd
eca3
6e7c
2966
0d4f
0cda
b6cc
7ffe
940f
ec1b
6e92
2973
0d53
d799
a97c
7fef
9327
eb92
6ea8
2980
0d57
a96d
9db6
7fa6
9244
eb0a
6ebe
298d
0d5c
8a6b
93af
7f22
9165
ea81
6ed4
299a
0d60
8004
8b93
7e65
908c
e9f9
6ee9
29a7
0d64
8c09
858a
7d6e
8fb7
e971
6eff
29b4
0d69
ac60
81ac
7c3e
8ee8
e8e9
6f15
29c1
0d6d
db5d
800d
7ad5
8e1e
e861
6f2b
29ce
0d71
10c6
80b4
7934
8d59
e7da
6f40
29dc
0d76
433e
839d
775d
8c99
e752
6f56
29e9
0d7a
69ef
88bc
754f
8bdf
e6ca
6f6b
29f6
0d7e
7e10
8ff9
730b
8b2a
e643
6f81
2a03
0d83
7c1a
9933
7094
8a7a
e5bc
6f96
2a10
0d87
6467
a440
6de9
89d0
e535
6fac
2a1d
0d8b
3b1b
b0ee
6b0b
892b
e4ad
6fc1
2a2a
0d90
0775
bf04
67fe
888b
e427
6fd6
2a37
0d94
d281
ce42
64c1
87f1
e3a0
6fec
2a44
0d98
a585
de61
6156
875c
e319
7001
2a51
0d9d
8863
ef19
5dbe
86cd
e292
7016
2a5e
0da1
8037
001e
59fc
8643
e20c
702b
2a6b
0da5
8e6e
1123
5612
85bf
e186
7040
2a78
0daa
b08b
21d9
51ff
8540
e100
7055
2a85
0dae
e094
31f6
4dc8
84c7
e07a
706a
2a92
0db2
161f
412f
496d
8453
dff4
707f
2a9f
0db7
47c9
4f41
44f1
83e6
df6e
7094
2aac
0dbb
6ce0
5bea
4055
837d
dee9
70a8
2ab9
0dc0
7ee3
66f1
3b9d
831b
de63
70bd
2ac6
0dc4
7aab
7024
36c9
82be
ddde
70d2
2ad3
0dc8
60f5
775a
31dc
8267
dd59
70e6
2ae0
0dcd
3642
7c71
2cd8
8216
dcd4
70fb
2aed
0dd1
020e
7f52
27c0
81ca
dc4f
710f
2afa
0dd5
cd7d
7ff1
2296
8184
dbca
7124
2b07
0dda
a1c6
7e4a
1d5c
8144
db46
7138
2b14
0dde
8691
7a65
1815
8109
dac2
714d
2b21
0de2
80a4
7453
12c2
80d5
da3e
7161
2b2e
0de7
9106
6c31
0d68
80a6
d9ba
7175
2b3b
0deb
b4da
6223
0807
807d
d936
7189
2b48
0def
e5d9
5657
02a2
805a
d8b2
719e
2b55
0df4
1b6d
4903
fd3c
803c
d82f
71b2
2b62
0df8
4c33
3a62
f7d8
8025
d7ac
71c6
2b6f
0dfc
6f9f
2ab8
f277
8013
d729
71da
2b7c
0e01
7f7c
1a4c
ed1d
8007
d6a6
71ee
2b89
0e05
7903
0969
e7cb
8001
d623
7202
2b96
0e09
5d57
f85a
e284
8001
d5a1
7215
2ba3
0e0e
3150
e76f
dd4a
8006
d51e
7229
2bb0
0e12
fca5
d6f3
d820
8011
d49c
723d
2bbd
0e16
c890
c732
d309
8023
d41a
7251
2bca
0e1b
9e33
b873
ce06
803a
d399
7264
2bd7
0e1f
84f7
aaf9
c919
8056
d317
7278
2be4
0e23
814b
9f01
c446
8079
d296
728b
2bf1
0e28
93d1
94c3
bf8e
80a1
d215
729f
2bfe
0e2c
b94c
8c6c
baf3
80d0
d194
72b2
2c0b
0e30
eb2a
8622
b677
8104
d113
72c6
2c18
0e35
20af
8203
b21d
813e
d093
72d9
2c25
0e39
507a
8020
ade7
817d
d012
72ec
2c32
0e3d
722b
8082
a9d6
81c2
cf92
72ff
2c3f
0e42
7fdb
8328
a5ec
820e
cf13
7313
2c4c
0e46
7725
8806
a22b
825e
ce93
7326
2c59
0e4b
598e
8f04
9e95
82b5
ce14
7339
2c66
0e4f
2c47
9805
9b2b
8311
cd95
734c
2c73
0e53
f73e
a2de
97ef
8373
cd16
735f
2c80
0e58
c3bd
af5e
94e2
83db
cc97
7372
2c8d
0e5c
9acc
bd4d
9206
8448
cc19
7384
2c9a
0e60
8396
cc6b
8f5d
84bb
cb9a
7397
2ca7
0e65
822c
dc74
8ce6
8533
cb1c
73aa
2cb4
0e69
96ce
ed1e
8aa4
85b1
ca9f
73bd
2cc1
0e6d
bddf
fe1e
8897
8635
ca21
73cf
2cce
0e72
f085
0f26
86c1
86be
c9a4
73e2
2cdb
0e76
25e2
1fea
8522
874d
c927
73f4
2ce8
0e7a
549c
301d
83ba
87e1
c8aa
7407
2cf4
0e7f
7483
3f75
828c
887b
c82e
7419
2d01
0e83
7fff
4dac
8196
891a
c7b2
742c
2d0e
0e87
750f
5a82
80da
89be
c736
743e
2d1b
0e8c
559c
65bd
8058
8a68
c6ba
7450
2d28
0e90
272a
6f2a
8010
8b17
c63e
7463
2d35
0e94
f1da
769d
8002
8bcc
c5c3
7475
2d42
0e99
bf06
7bf5
802e
8c86
c548
7487
2d4f
0e9d
9793
7f1a
8095
8d45
c4ce
7499
2d5c
0ea1
826d
7ffc
8136
8e09
c453
74ab
2d69
0ea6
8347
7e99
8210
8ed3
c3d9
74bd
2d76
0eaa
99fb
7af7
8324
8fa2
c35f
74cf
2d83
0eae
c28f
7526
8470
9075
c2e6
74e1
2d90
0eb3
f5e7
6d40
85f5
914e
c26d
74f2
2d9c
0eb7
2b04
6369
87b1
922c
c1f4
7504
2da9
0ebb
5897
57cf
89a4
930f
c17b
7516
2db6
0ec0
76a5
4aa5
8bcd
93f7
c102
7527
2dc3
0ec4
7fea
3c28
8e2b
94e4
c08a
7539
2dd0
0ec8
72c4
2c9a
90bc
95d6
c012
754a
2ddd
0ecd
5184
1c41
9381
96cc
bf9b
755c
2dea
0ed1
21fb
0b67
9676
97c7
bf24
756d
2df7
0ed5
ec7e
fa5a
999c
98c7
bead
757f
2e04
0eda
ba6c
e966
9cf0
99cc
be36
7590
2e11
0ede
948b
d8d9
a072
9ad6
bdc0
75a1
2e1d
0ee2
817d
c8ff
a41e
9be4
bd49
75b2
2e2a
0ee7
849a
ba1e
a7f5
9cf6
bcd4
75c4
2e37
0eeb
9d56
ac7a
abf4
9e0d
bc5e
75d5
2e44
0eef
c75c
a053
b019
9f29
bbe9
75e6
2e51
0ef4
fb4d
95de
b462
a049
bb74
75f7
2e5e
0ef8
3012
8d4c
b8ce
a16d
bb00
7608
2e6b
0efd
5c6a
86c3
bd5a
a296
ba8b
7619
2e78
0f01
7892
8261
c205
a3c2
ba18
7629
2e85
0f05
7f99
803b
c6cc
a4f3
b9a4
763a
2e91
0f0a
7045
8059
cbac
a629
b931
764b
2e9e
0f0e
4d46
82bb
d0a5
a762
b8be
765c
2eab
0f12
1cbc
8757
d5b3
a89f
b84b
766c
2eb8
0f17
e72a
8e17
dad5
a9e1
b7d9
767d
2ec5
0f1b
b5f2
96dd
e007
ab26
b767
768d
2ed2
0f1f
91b3
a181
e548
ac6f
b6f5
769e
2edf
0f24
80c8
add3
ea95
adbc
b684
76ae
2eeb
0f28
8627
bb9a
efec
af0c
b613
76be
2ef8
0f2c
a0df
ca98
f54a
b061
b5a2
76cf
2f05
0f31
cc42
da89
faad
b1b9
b532
76df
2f12
0f35
00b6
eb24
0012
b314
b4c2
76ef
2f1f
0f39
350a
fc1e
0578
b473
b452
76ff
2f2c
0f3e
6013
0d29
0ada
b5d6
b3e3
770f
2f39
0f42
7a47
1df9
1038
b73b
b374
771f
2f45
0f46
7f0e
2e40
158f
b8a4
b306
772f
2f52
0f4b
6d93
3db6
1adc
ba11
b297
773f
2f5f
0f4f
48e4
4c12
201c
bb80
b229
774f
2f6c
0f53
1771
5915
254e
bcf3
b1bc
775f
2f79
0f58
e1e1
6483
2a6f
be69
b14f
776f
2f86
0f5c
b199
6e28
2f7d
bfe2
b0e2
777e
2f92
0f60
8f0e
75d9
3475
c15d
b076
778e
2f9f
0f65
804c
7b71
3955
c2dc
b009
779e
2fac
0f69
87ea
7ed9
3e1b
c45d
af9e
77ad
2fb9
0f6d
a493
7fff
42c5
c5e1
af32
77bd
2fc6
0f72
d140
7ee1
4750
c768
aec7
77cc
2fd3
0f76
061e
7b81
4bbb
c8f1
ae5d
77db
2fdf
0f7a
39ea
75f0
5004
ca7d
adf3
77eb
2fec
0f7f
6390
6e47
5428
cc0b
ad89
77fa
2ff9
0f83
7bc4
64a9
5825
cd9b
ad1f
7809
3006
0f87
7e49
5941
5bfb
cf2e
acb6
7818
3013
0f8c
6aae
4c43
5fa7
d0c3
ac4d
7827
301f
0f90
4462
3deb
6327
d25a
abe5
7836
302c
0f94
121a
2e79
667a
d3f3
ab7d
7845
3039
0f99
dca7
1e34
699e
d58f
ab15
7854
3046
0f9d
ad65
0d65
6c93
d72c
aaae
7863
3053
0fa1
8c9c
fc5a
6f56
d8cb
aa47
7872
305f
0fa6
800b
eb5f
71e6
da6c
a9e1
7881
306c
0faa
89e5
dac2
7442
dc0e
a97b
788f
3079
0fae
a871
cacf
766a
ddb3
a915
789e
3086
0fb3
d654
bbcd
785b
df58
a8b0
78ad
3093
0fb7
0b84
ae01
7a16
e100
a84b
78bb
309f
0fbb
3eaf
a1aa
7b99
e2a8
a7e7
78ca
30ac
0fc0
66df
9700
7ce4
e452
a783
78d8
30b9
0fc4
7d09
8e33
7df7
e5fd
a71f
78e7
30c6
0fc8
7d4b
876b
7ecf
e7aa
a6bc
78f5
30d2
0fcd
6799
82c7
7f6e
e957
a659
7903
30df
0fd1
3fc0
805d
7fd3
eb06
a5f7
7911
30ec
0fd5
0cbc
8037
7ffe
ecb6
a595
791f
30f9
0fda
d77c
8256
7fef
ee66
a533
792e
3106
0fde
a956
86b0
7fa5
f017
a4d2
793c
3112
0fe2
8a5f
8d31
7f22
f1c9
a471
794a
311f
0fe7
8004
95bc
7e64
f37c
a411
7958
312c
0feb
8c16
a02b
7d6d
f52f
a3b1
7965
3139
0fef
ac77
ac4d
7c3d
f6e2
a351
7973
3145
0ff4
db7a
b9eb
7ad4
f896
a2f2
7981
3152
0ff8
10e4
c8c8
7933
fa4b
a293
798f
315f
0ffc
4358
d8a0
775c
fc00
a235
799c
316c
1001
6a00
e92b
754e
fdb4
a1d7
79aa
3178
1005
7e15
fa1e
730a
ff69
a17a
79b8
3185
1009
7c13
0b2b
7092
011e
a11d
79c5
3192
100e
6454
1c06
6de7
02d3
a0c1
79d2
319f
1012
3b01
2c61
6b0a
0488
a064
79e0
31ab
1016
0757
3bf3
67fc
063d
a009
79ed
31b8
101b
d264
4a74
64bf
07f1
9fae
79fa
31c5
101f
a56f
57a3
6154
09a5
9f53
7a08
31d1
1023
8858
6343
5dbc
0b58
9ef8
7a15
31de
1028
8038
6d20
59fa
0d0b
9e9f
7a22
31eb
102c
8e7c
750d
560f
0ebe
9e45
7a2f
31f8
1030
b0a3
7ae6
51fd
106f
9dec
7a3c
3204
1035
e0b1
7e90
4dc6
1220
9d94
7a49
3211
1039
163c
7ffc
496b
13d0
9d3b
7a56
321e
103d
47e2
7f21
44ee
1580
9ce4
7a63
322b
1042
6cef
7c04
4053
172e
9c8d
7a6f
3237
1046
7ee7
76b4
3b9a
18db
9c36
7a7c
3244
104a
7aa2
6f48
36c6
1a87
9bdf
7a89
3251
104f
60e1
65e2
31d9
1c32
9b8a
7a95
325d
1053
3627
5aad
2cd5
1ddc
9b34
7aa2
326a
1057
01ef
4ddc
27bd
1f84
9adf
7aae
3277
105c
cd61
3fa9
2293
212b
9a8b
7abb
3283
1060
a1b2
3055
1d59
22d0
9a37
7ac7
3290
1064
8688
2025
1812
2474
99e3
7ad4
329d
1069
80a7
0f62
12bf
2616
9990
7ae0
32aa
106d
9115
fe5a
0d65
27b6
993d
7aec
32b6
1071
b4f3
ed5a
0804
2954
98eb
7af8
32c3
1076
e5f7
dcae
029f
2af1
989a
7b04
32d0
107a
1b8b
cca2
fd39
2c8c
9848
7b10
32dc
107e
4c4b
bd81
f7d5
2e24
97f8
7b1c
32e9
1083
6fae
af8d
f274
2fbb
97a7
7b28
32f6
1087
7f7f
a307
ed1a
314f
9758
7b34
3302
108b
78f9
9828
e7c8
32e1
9708
7b40
330f
1090
5d42
8f21
e281
3471
96b9
7b4c
331c
1094
3134
881b
dd47
35ff
966b
7b57
3328
1098
fc86
8336
d81e
3789
961d
7b63
3335
109d
c875
8088
d306
3912
95d0
7b6f
3342
10a1
9e1f
801d
ce03
3a98
9583
7b7a
334e
10a5
84ef
81f8
c917
3c1b
9536
7b86
335b
10aa
814f
8610
c443
3d9b
94eb
7b91
3368
10ae
93e2
8c52
bf8b
3f19
949f
7b9d
3374
10b2
b966
94a2
baf0
4094
9454
7ba8
3381
10b7
eb48
9eda
b675
420b
940a
7bb3
338e
10bb
20cc
aacc
b21b
4380
93c0
7bbe
339a
10bf
5091
b840
ade5
44f2
9376
7bc9
33a7
10c4
7238
c6fb
a9d4
4661
932d
7bd5
33b3
10c8
7fdc
d6ba
a5ea
47cc
92e5
7be0
33c0
10cc
7719
e733
a229
4934
929d
7beb
33cd
10d1
5978
f81e
9e93
4a99
9255
7bf6
33d9
10d5
2c2a
092c
9b29
4bfa
920e
7c00
33e6
10d9
f71f
1a11
97ed
4d58
91c8
7c0b
33f3
10de
c3a2
2a7f
94e1
4eb3
9182
7c16
33ff
10e2
9ab9
3a2c
9205
5009
913c
7c21
340c
10e6
838f
48d1
8f5b
515d
90f7
7c2b
3419
10eb
8232
562b
8ce5
52ac
90b3
7c36
3425
10ef
96df
61fc
8aa3
53f8
906f
7c40
3432
10f3
bdf9
6c11
8896
5540
902b
7c4b
343e
10f8
f0a3
743a
86c0
5684
8fe8
7c55
344b
10fc
25ff
7a53
8521
57c4
8fa6
7c60
3458
1100
54b3
7e40
83ba
5900
8f64
7c6a
3464
1105
748f
7fef
828b
5a38
8f22
7c74
3471
1109
7fff
7f58
8196
5b6c
8ee1
7c7e
347d
110d
7503
7c7f
80da
5c9b
8ea1
7c88
348a
1112
5586
7770
8058
5dc7
8e61
7c93
3497
1116
270d
7041
8010
5eee
8e22
7c9d
34a3
111a
f1bc
6715
8002
6011
8de3
7ca7
34b0
111f
beeb
5c14
802f
6130
8da5
7cb0
34bc
1123
9782
4f70
8095
624a
8d67
7cba
34c9
1127
8267
4163
8136
6360
8d29
7cc4
34d6
112c
834e
322e
8211
6471
8ced
7cce
34e2
1130
9a0d
2213
8324
657d
8cb0
7cd7
34ef
1134
c2aa
115e
8471
6685
8c75
7ce1
34fb
1139
f605
005b
85f6
6789
8c3a
7ceb
3508
113d
2b20
ef55
87b2
6887
8bff
7cf4
3515
1141
58ad
de9b
89a5
6981
8bc5
7cfe
3521
1146
76b1
ce79
8bce
6a76
8b8b
7d07
352e
114a
7fe8
bf38
8e2c
6b66
8b52
7d10
353a
114e
72b7
b11e
90be
6c51
8b19
7d1a
3547
1153
516c
a46a
9382
6d38
8ae1
7d23
3553
1157
21dd
9957
9678
6e19
8aaa
7d2c
3560
115b
ec60
9016
999e
6ef5
8a73
7d35
356c
1160
ba52
88d2
9cf2
6fcd
8a3d
7d3e
3579
1164
947a
83ab
a074
709f
8a07
7d47
3586
1168
8179
80ba
a421
716c
89d1
7d50
3592
116d
84a3
800c
a7f7
7234
899d
7d59
359f
1171
9d6a
81a3
abf6
72f7
8968
7d62
35ab
1175
c777
8578
b01b
73b4
8935
7d6b
35b8
117a
fb6c
8b7a
b465
746d
8901
7d73
35c4
117e
302e
938e
b8d1
751f
88cf
7d7c
35d1
1182
5c7f
9d8f
bd5d
75cd
889d
7d84
35dd
1187
789c
a950
c207
7675
886b
7d8d
35ea
118b
7f97
b69a
c6ce
7718
883a
7d95
35f6
118f
7037
c533
cbaf
77b6
880a
7d9e
3603
1194
4d2d
d4d6
d0a8
784e
87da
7da6
3610
1198
1c9f
e53e
d5b6
78e0
87aa
7daf
361c
119c
e70c
f61f
dad7
796d
877c
7db7
3629
11a1
b5d9
072d
e00a
79f5
874d
7dbf
3635
11a5
91a4
181b
e54b
7a76
871f
7dc7
3642
11a9
80c4
289b
ea98
7af3
86f2
7dcf
364e
11ae
8630
3862
efef
7b6a
86c6
7dd7
365b
11b2
a0f3
4729
f54d
7bdb
869a
7ddf
3667
11b6
cc5e
54ad
fab0
7c46
866e
7de7
3674
11bb
00d4
60b0
0015
7cac
8643
7def
3680
11bf
3526
6afb
057b
7d0c
8619
7df7
368d
11c3
6027
7360
0ade
7d67
85ef
7dff
3699
11c8
7a50
79b8
103b
7dbb
85c6
7e06
36a6
11cc
7f0b
7de8
1592
7e0a
859d
7e0e
36b2
11d0
6d83
7fdb
1adf
7e54
8575
7e15
36bf
11d5
48cb
7f88
201f
7e97
854d
7e1d
36cb
11d9
1753
7cf2
2551
7ed5
8526
7e24
36d8
11dd
e1c4
7824
2a72
7f0d
84ff
7e2c
36e4
11e2
b181
7134
2f80
7f3f
84d9
7e33
36f1
11e6
8eff
6841
3478
7f6c
84b4
7e3a
36fd
11ea
804a
5d75
3958
7f92
848f
7e42
370a
11ee
87f5
50ff
3e1e
7fb3
846b
7e49
3716
11f3
a4a8
431a
42c7
7fce
8447
7e50
3722
11f7
d15c
3403
4753
7fe3
8424
7e57
372f
11fb
063d
2400
4bbe
7ff3
8401
7e5e
373b
1200
3a05
1359
5006
7ffc
83df
7e65
3748
1204
63a3
025b
542a
7fff
83be
7e6c
3754
1208
7bcc
f151
5827
7ffe
839d
7e72
3761
120d
7e44
e08b
5bfd
7ff6
837d
7e79
376d
1211
6a9d
d053
5fa9
7fe8
835d
7e80
377a
1215
4448
c0f4
6329
7fd5
833e
7e87
3786
121a
11fc
b2b4
667c
7fbb
831f
7e8d
3793
121e
dc8a
a5d3
69a0
7f9c
8301
7e94
379f
1222
ad4e
9a8c
6c94
7f77
82e4
7e9a
37ab
1227
8c8f
9112
6f57
7f4c
82c7
7ea1
37b8
122b
800a
8990
71e7
7f1b
82aa
7ea7
37c4
122f
89f1
8429
7444
7ee5
828f
7ead
37d1
1234
a887
80f5
766b
7ea9
8274
7eb3
37dd
1238
d670
8002
785c
7e67
8259
7eba
37ea
123c
0ba2
8155
7a17
7e1f
823f
7ec0
37f6
1241
3eca
84e8
7b9a
7dd2
8225
7ec6
3803
1245
66f1
8aaa
7ce5
7d7f
820c
7ecc
380f
1249
7d10
9282
7df7
7d26
81f4
7ed2
381b
124e
7d44
9c4b
7ed0
7cc7
81dc
7ed8
3828
1252
6787
a7da
7f6f
7c63
81c5
7edd
3834
1256
3fa5
b4f9
7fd4
7bf9
81af
7ee3
3841
125b
0c9d
c36d
7ffe
7b89
8199
7ee9
384d
125f
d75f
d2f5
7fef
7b14
8183
7eef
3859
1263
a940
e34a
7fa5
7a99
816e
7ef4
3866
1268
8a53
f421
7f21
7a19
815a
7efa
3872
126c
8005
052d
7e64
7993
8146
7eff
387f
1270
8c23
1623
7d6c
7908
8133
7f05
388b
1275
ac8e
26b4
7c3c
7877
8120
7f0a
3897
1279
db97
3695
7ad3
77e0
810e
7f0f
38a4
127d
1102
457d
7933
7744
80fd
7f15
38b0
1282
4372
532a
775b
76a3
80ec
7f1a
38bd
1286
6a11
5f5d
754c
75fc
80dc
7f1f
38c9
128a
7e1a
69de
7309
7550
80cc
7f24
38d5
128f
7c0b
727e
7091
749e
80bd
7f29
38e2
1293
6441
7916
6de5
73e8
80ae
7f2e
38ee
1297
3ae6
7d87
6b08
732c
80a1
7f33
38fb
129b
0739
7fbe
67fa
726a
8093
7f38
3907
12a0
d248
7fb0
64bd
71a4
8086
7f3d
3913
12a4
a55a
7d5e
6152
70d8
807a
7f41
3920
12a8
884d
78d1
5dba
7007
806f
7f46
392c
12ad
803a
7220
59f8
6f31
8063
7f4b
3938
12b1
8e8a
6967
560d
6e56
8059
7f4f
3945
12b5
b0ba
5ed0
51fb
6d76
804f
7f54
3951
12ba
e0cf
528a
4dc3
6c91
8046
7f58
395d
12be
165a
44cc
4968
6ba8
803d
7f5d
396a
12c2
47fb
35d6
44ec
6ab9
8035
7f61
3976
12c7
6cff
25eb
4050
69c5
802d
7f65
3982
12cb
7eeb
1553
3b97
68cd
8026
7f69
398f
12cf
7a99
045b
36c3
67cf
8020
7f6e
399b
12d4
60cd
f34f
31d6
66cd
801a
7f72
39a7
12d8
360b
e27c
2cd2
65c7
8015
7f76
39b4
12dc
01d1
d230
27ba
64bb
8010
7f7a
39c0
12e1
cd45
c2b4
2290
63ab
800c
7f7e
39cc
12e5
a19d
b44f
1d56
6297
8009
7f81
39d9
12e9
867e
a741
180f
617e
8006
7f85
39e5
12ee
80aa
9bc8
12bc
6061
8004
7f89
39f1
12f2
9124
9215
0d62
5f3f
8002
7f8d
39fe
12f6
b50c
8a56
0801
5e19
8001
7f90
3a0a
12fb
e615
84af
029c
5cef
8000
7f94
3a16
12ff
1ba8
8137
fd36
5bc0
8000
7f97
3a23
1303
4c63
8000
f7d2
5a8d
8001
7f9b
3a2f
1308
6fbc
810f
f271
5956
8002
7f9e
3a3b
130c
7f81
845f
ed17
581b
8004
7fa2
3a48
1310
78f0
89e1
e7c5
56dc
8006
7fa5
3a54
1315
5d2d
917c
e27e
5599
8009
7fa8
3a60
1319
3118
9b0d
dd44
5453
800c
7fab
3a6d
131d
fc68
a669
d81b
5308
8010
7fae
3a79
1321
c85a
b35c
d303
51b9
8015
7fb1
3a85
1326
9e0b
c1ac
ce00
5067
801a
7fb4
3a91
132a
84e7
d117
c914
4f11
8020
7fb7
3a9e
132e
8153
e157
c441
4db8
8027
7fba
3aaa
1333
93f2
f223
bf88
4c5b
802e
7fbd
3ab6
1337
b97f
032d
baee
4afb
8035
7fc0
3ac3
133b
eb66
142a
b672
4997
803d
7fc3
3acf
1340
20ea
24ca
b219
4830
8046
7fc5
3adb
1344
50a9
34c3
ade2
46c5
804f
7fc8
3ae7
1348
7246
43cd
a9d1
4557
8059
7fca
3af4
134d
7fde
51a2
a5e8
43e7
8064
7fcd
3b00
1351
770e
5e04
a227
4273
806f
7fcf
3b0c
1355
5963
68bb
9e91
40fc
807b
7fd2
3b18
135a
2c0e
7196
9b27
3f82
8087
7fd4
3b25
135e
f701
786c
97eb
3e05
8094
7fd6
3b31
1362
c388
7d1f
94df
3c85
80a1
7fd8
3b3d
1367
9aa7
7f9a
9203
3b03
80af
7fda
3b49
136b
8387
7fd0
8f5a
397e
80be
7fdc
3b56
136f
8237
7dc1
8ce3
37f6
80cd
7fde
3b62
1374
96f1
7977
8aa1
366c
80dc
7fe0
3b6e
1378
be13
7304
8895
34df
80ed
7fe2
3b7a
137c
f0c1
6a87
86bf
3350
80fe
7fe4
3b87
1381
261c
6025
8520
31be
810f
7fe6
3b93
1385
54c9
540f
83b9
302b
8121
7fe8
3b9f
1389
749c
467a
828b
2e95
8134
7fe9
3bab
138d
7fff
37a5
8195
2cfd
8147
7feb
3bb8
1392
74f7
27d3
80d9
2b63
815b
7fec
3bc4
1396
556f
174c
8057
29c7
816f
7fee
3bd0
139a
26f0
065b
8010
2829
8184
7fef
3bdc
139f
f19e
f54d
8002
2689
8199
7ff1
3be8
13a3
bed1
e470
802f
24e7
81af
7ff2
3bf5
13a7
9770
d410
8096
2344
81c6
7ff3
3c01
13ac
8261
c478
8136
219f
81dd
7ff4
3c0d
13b0
8354
b5ee
8211
1ff9
81f5
7ff6
3c19
13b4
9a20
a8b5
8325
1e51
820d
7ff7
3c25
13b9
c2c4
9d09
8472
1ca8
8226
7ff8
3c32
13bd
f624
931f
85f7
1afd
8240
7ff9
3c3e
13c1
2b3d
8b24
87b3
1951
825a
7ffa
3c4a
13c6
58c3
853c
89a6
17a4
8274
7ffa
3c56
13ca
76bc
8182
8bd0
15f7
8290
7ffb
3c62
13ce
7fe7
8007
8e2e
1448
82ab
7ffc
3c6f
13d3
72aa
80d1
90bf
1298
82c8
7ffd
3c7b
13d7
5155
83de
9384
10e7
82e5
7ffd
3c87
13db
21c0
891f
967a
0f35
8302
7ffe
3c93
13df
ec42
907d
99a0
0d83
8320
7ffe
3c9f
13e4
ba39
99d5
9cf4
0bd0
833f
7fff
3cab
13e8
946a
a4fe
a076
0a1d
835e
7fff
3cb8
13ec
8174
b1c4
a423
0869
837e
7fff
3cc4
13f1
84ab
bfee
a7fa
06b5
839e
7fff
3cd0
13f5
9d7d
cf3c
abf8
0500
83bf
7fff
3cdc
13f9
c792
df67
b01e
034c
83e1
7fff
3ce8
13fe
fb8a
f026
b467
0197
8403
7fff
3cf4
1402
304a
012d
b8d3
ffe2
8425
7fff
3d01
1406
5c94
122f
bd5f
fe2d
8448
7fff
3d0d
140b
78a6
22de
c20a
fc78
846c
7fff
3d19
140f
7f94
32ef
c6d1
fac3
8490
7fff
3d25
1413
7028
4218
cbb2
f90f
84b5
7fff
3d31
1418
4d15
5015
d0ab
f75b
84db
7fff
3d3d
141c
1c81
5ca6
d5b9
f5a7
8501
7fff
3d49
1420
e6ee
6791
dada
f3f4
8527
7fff
3d55
1425
b5c0
70a6
e00d
f241
854e
7ffe
3d62
1429
9194
77bb
e54e
f08f
8576
7ffe
3d6e
142d
80c1
7caf
ea9b
eedd
859e
7ffd
3d7a
1431
8639
7f6d
eff2
ed2d
85c7
7ffc
3d86
1436
a108
7fe8
f550
eb7d
85f0
7ffc
3d92
143a
cc7a
7e1d
fab3
e9ce
861a
7ffb
3d9e
143e
00f3
7a14
0018
e820
8645
7ffa
3daa
1443
3541
73e1
057e
e674
8670
7ff9
3db6
1447
603b
6b9f
0ae1
e4c8
869b
7ff8
3dc3
144b
7a59
6174
103e
e31e
86c7
7ff8
3dcf
1450
7f07
558e
1595
e175
86f4
7ff6
3ddb
1454
6d73
4823
1ae2
dfcd
8721
7ff5
3de7
1458
48b2
3970
2022
de27
874f
7ff4
3df3
145d
1735
29b8
2554
dc82
877d
7ff3
3dff
1461
e1a6
1943
2a75
dadf
87ac
7ff2
3e0b
1465
b169
085a
2f82
d93e
87db
7ff0
3e17
146a
8ef1
f74c
347a
d79e
880b
7fef
3e23
146e
8048
e665
395a
d601
883c
7fee
3e2f
1472
87ff
d5f2
3e20
d465
886d
7fec
3e3b
1477
a4bd
c63f
42ca
d2cb
889e
7feb
3e47
147b
d179
b792
4755
d133
88d0
7fe9
3e54
147f
065b
aa2f
4bc0
cf9e
8903
7fe7
3e60
1483
3a20
9e51
5008
ce0a
8936
7fe6
3e6c
1488
63b6
9430
542c
cc79
896a
7fe4
3e78
148c
7bd4
8bf9
582a
caea
899e
7fe2
3e84
1490
7e3f
85d1
5bff
c95e
89d3
7fe0
3e90
1495
6a8c
81d4
5fab
c7d4
8a08
7fde
3e9c
1499
442e
8015
632b
c64c
8a3e
7fdc
3ea8
149d
11de
809c
667e
c4c8
8a75
7fda
3eb4
14a2
dc6c
8365
69a2
c346
8aac
7fd8
3ec0
14a6
ad37
8865
6c96
c1c6
8ae3
7fd6
3ecc
14aa
8c82
8f85
6f59
c04a
8b1b
7fd4
3ed8
14af
8009
98a4
71e9
bed0
8b54
7fd1
3ee4
14b3
89fd
a399
7445
bd5a
8b8d
7fcf
3ef0
14b7
a89d
b031
766c
bbe6
8bc7
7fcc
3efc
14bc
d68d
be35
785d
ba76
8c01
7fca
3f08
14c0
0bc0
cd64
7a18
b909
8c3b
7fc7
3f14
14c4
3ee4
dd78
7b9b
b79f
8c77
7fc5
3f20
14c8
6703
ee2a
7ce6
b638
8cb2
7fc2
3f2c
14cd
7d16
ff2d
7df8
b4d5
8cef
7fbf
3f38
14d1
7d3e
1033
7ed0
b375
8d2b
7fbd
3f44
14d5
6775
20f0
7f6f
b218
8d69
7fba
3f50
14da
3f8b
3117
7fd4
b0bf
8da7
7fb7
3f5c
14de
0c7f
405f
7ffe
af6a
8de5
7fb4
3f68
14e2
d743
4e83
7fef
ae18
8e24
7fb1
3f74
14e7
a92a
5b41
7fa5
acca
8e63
7fae
3f80
14eb
8a47
6661
7f21
ab80
8ea3
7fab
3f8c
14ef
8005
6faf
7e63
aa3a
8ee4
7fa8
3f98
14f4
8c30
7702
7d6c
a8f7
8f24
7fa4
3fa4
14f8
aca5
7c38
7c3b
a7b9
8f66
7fa1
3fb0
14fc
dbb4
7f39
7ad2
a67f
8fa8
7f9e
3fbc
1501
1120
7ff7
7932
a548
8fea
7f9a
3fc8
1505
438c
7e70
7759
a416
902d
7f97
3fd4
1509
6a22
7aab
754b
a2e8
9071
7f93
3fe0
150d
7e1f
74b7
7307
a1be
90b5
7f90
3fec
1512
7c04
6cb1
708f
a099
90f9
7f8c
3ff8
1516
642e
62bd
6de4
9f78
913e
7f88
4004
151a
3acb
5709
6b06
9e5b
9184
7f85
4010
151f
071a
49c8
67f8
9d43
91ca
7f81
401c
1523
d22c
3b38
64bb
9c2f
9210
7f7d
4028
1527
a544
2b9b
6150
9b20
9257
7f79
4034
152c
8843
1b38
5db8
9a15
929f
7f75
4040
1530
803c
0a59
59f6
990f
92e7
7f71
404c
1534
8e98
f94b
560b
980e
9330
7f6d
4058
1539
b0d2
e85c
51f8
9711
9379
7f69
4064
153d
e0ec
d7d8
4dc1
9619
93c2
7f65
4070
1541
1678
c80a
4966
9526
940c
7f60
407c
1545
4814
b93b
44e9
9438
9457
7f5c
4088
154a
6d0f
abae
404e
934f
94a2
7f58
4094
154e
7eef
9f9f
3b94
926a
94ed
7f53
40a0
1552
7a91
9547
36c0
918b
9539
7f4f
40ab
1557
60b9
8cd4
31d3
90b1
9585
7f4a
40b7
155b
35f0
866d
2ccf
8fdc
95d2
7f45
40c3
155f
01b3
822e
27b7
8f0b
9620
7f41
40cf
1564
cd29
802b
228d
8e41
966e
7f3c
40db
1568
a189
806e
1d53
8d7b
96bc
7f37
40e7
156c
8675
82f4
180c
8cba
970b
7f32
40f3
1571
80ad
87b2
12b9
8bff
975a
7f2d
40ff
1575
9134
8e94
0d5e
8b49
97aa
7f28
410b
1579
b524
9779
07fe
8a98
97fa
7f23
4117
157d
e632
a239
0299
89ed
984b
7f1e
4123
1582
1bc6
aea3
fd33
8947
989c
7f19
412e
1586
4c7c
bc80
f7cf
88a6
98ee
7f14
413a
158a
6fcb
cb8f
f26e
880b
9940
7f0f
4146
158f
7f84
db8c
ed14
8775
9993
7f09
4152
1593
78e6
ec2f
e7c2
86e5
99e6
7f04
415e
1597
5d18
fd2d
e27b
865a
9a3a
7eff
416a
159c
30fc
0e37
dd41
85d5
9a8e
7ef9
4176
15a0
fc4a
1f00
d818
8555
9ae2
7ef3
4182
15a4
c83e
2f3d
d300
84db
9b37
7eee
418d
15a9
9df8
3ea3
cdfd
8467
9b8c
7ee8
4199
15ad
84de
4cec
c911
83f8
9be2
7ee2
41a5
15b1
8158
59d7
c43e
838f
9c39
7edd
41b1
15b5
9402
652a
bf86
832c
9c8f
7ed7
41bd
15ba
b998
6eb2
baeb
82ce
9ce7
7ed1
41c9
15be
eb84
7642
b670
8276
9d3e
7ecb
41d5
15c2
2107
7bb8
b216
8223
9d96
7ec5
41e0
15c7
50c0
7efc
ade0
81d7
9def
7ebf
41ec
15cb
7254
7fff
a9cf
8190
9e48
7eb9
41f8
15cf
7fdf
7ebc
a5e5
814f
9ea2
7eb3
4204
15d4
7703
7b39
a225
8113
9efb
7eac
4210
15d8
594d
7586
9e8f
80de
9f56
7ea6
421c
15dc
2bf1
6dbd
9b25
80ae
9fb1
7ea0
4228
15e1
f6e3
6400
97ea
8084
a00c
7e99
4233
15e5
c36d
587e
94dd
805f
a067
7e93
423f
15e9
9a94
4b69
9202
8041
a0c4
7e8c
424b
15ed
8380
3cfd
8f58
8028
a120
7e86
4257
15f2
823d
2d7c
8ce2
8016
a17d
7e7f
4263
15f6
9702
1d2c
8aa0
8009
a1db
7e78
426e
15fa
be2d
0c58
8894
8002
a238
7e72
427a
15ff
f0e0
fb4b
86be
8000
a297
7e6b
4286
1603
2639
ea54
851f
8005
a2f5
7e64
4292
1607
54e0
d9bf
83b8
800f
a354
7e5d
429e
160c
74a8
c9d9
828a
801f
a3b4
7e56
42a9
1610
7fff
bae8
8195
8035
a414
7e4f
42b5
1614
74ea
ad32
80d9
8051
a474
7e48
42c1
1618
5559
a0f4
8057
8073
a4d5
7e41
42cd
161d
26d3
9666
8010
809a
a536
7e39
42d9
1621
f180
8db8
8002
80c7
a598
7e32
42e4
1625
beb7
8711
802f
80fa
a5fa
7e2b
42f0
162a
975f
8290
8096
8133
a65c
7e23
42fc
162e
825b
804a
8137
8172
a6bf
7e1c
4308
1632
835b
8048
8212
81b6
a722
7e14
4314
1637
9a32
828a
8326
8200
a786
7e0d
431f
163b
c2df
8707
8472
8250
a7ea
7e05
432b
163f
f642
8daa
85f8
82a6
a84f
7dfd
4337
1644
2b5a
9654
87b4
8301
a8b3
7df6
4343
1648
58d9
a0df
89a8
8362
a919
7dee
434e
164c
76c7
ad1a
8bd1
83c8
a97e
7de6
435a
1650
7fe6
bace
8e2f
8435
a9e4
7dde
4366
1655
729c
c9bd
90c1
84a7
aa4b
7dd6
4372
1659
513d
d9a2
9385
851e
aab2
7dce
437d
165d
21a3
ea36
967b
859b
ab19
7dc6
4389
1662
ec24
fb2d
99a1
861e
ab80
7dbe
4395
1666
ba1f
0c39
9cf6
86a6
abe8
7db6
43a1
166a
9459
1d0e
a078
8734
ac51
7dad
43ac
166f
8170
2d5f
a425
87c7
acba
7da5
43b8
1673
84b3
3ce2
a7fc
8860
ad23
7d9d
43c4
1677
9d90
4b50
abfb
88fe
ad8c
7d94
43cf
167b
c7ad
5868
b020
89a2
adf6
7d8c
43db
1680
fba8
63ed
b46a
8a4b
ae60
7d83
43e7
1684
3066
6dad
b8d6
8af9
aecb
7d7b
43f3
1688
5ca9
757a
bd62
8bad
af36
7d72
43fe
168d
78b0
7b31
c20d
8c66
afa1
7d69
440a
1691
7f92
7eb8
c6d4
8d24
b00d
7d61
4416
1695
7019
7fff
cbb5
8de7
b079
7d58
4421
169a
4cfd
7f00
d0ad
8eb0
b0e6
7d4f
442d
169e
1c63
7bc0
d5bc
8f7e
b152
7d46
4439
16a2
e6d1
764d
dadd
9051
b1c0
7d3d
4444
16a6
b5a7
6ec1
e010
9129
b22d
7d34
4450
16ab
9185
653d
e551
9206
b29b
7d2b
445c
16af
80be
59ed
ea9e
92e8
b309
7d22
4468
16b3
8643
4d04
eff5
93cf
b378
7d18
4473
16b8
a11c
3ebd
f553
94bb
b3e7
7d0f
447f
16bc
cc95
2f59
fab6
95ac
b456
7d06
448b
16c0
0111
1f1e
001b
96a1
b4c6
7cfc
4496
16c5
355d
0e55
0581
979c
b536
7cf3
44a2
16c9
604f
fd4b
0ae4
989b
b5a6
7ce9
44ae
16cd
7a62
ec4d
1041
999f
b617
7ce0
44b9
16d1
7f03
dba9
1598
9aa7
b688
7cd6
44c5
16d6
6d63
cbab
1ae5
9bb5
b6f9
7ccc
44d0
16da
4899
bc99
2025
9cc6
b76b
7cc3
44dc
16de
1717
aebb
2557
9ddd
b7dd
7cb9
44e8
16e3
e189
a24e
2a78
9ef7
b84f
7caf
44f3
16e7
b151
978a
2f85
a017
b8c1
7ca5
44ff
16eb
8ee3
8ea2
347d
a13a
b934
7c9b
450b
16f0
8046
87bd
395d
a262
b9a8
7c91
4516
16f4
880a
82fa
3e23
a38e
ba1b
7c87
4522
16f8
a4d3
8070
42cd
a4bf
ba8f
7c7d
452e
16fc
d195
802a
4758
a5f3
bb03
7c73
4539
1701
0679
8229
4bc2
a72c
bb78
7c68
4545
1705
3a3b
8664
500b
a868
bbed
7c5e
4550
1709
63c9
8cc7
542e
a9a9
bc62
7c54
455c
170e
7bdb
9537
582c
aaed
bcd8
7c49
4568
1712
7e3a
9f8b
5c01
ac36
bd4d
7c3f
4573
1716
6a7c
ab97
5fad
ad82
bdc3
7c34
457f
171b
4415
b922
632d
aed2
be3a
7c2a
458b
171f
11c0
c7ef
667f
b026
beb1
7c1f
4596
1723
dc4f
d7bb
69a3
b17d
bf27
7c14
45a2
1727
ad1f
e83e
6c97
b2d8
bf9f
7c0a
45ad
172c
8c75
f92d
6f5a
b436
c016
7bff
45b9
1730
8009
0a3b
71ea
b598
c08e
7bf4
45c4
1734
8a08
1b1a
7446
b6fd
c106
7be9
45d0
1739
a8b3
2b7f
766d
b866
c17f
7bde
45dc
173d
d6aa
3b1d
785e
b9d2
c1f8
7bd3
45e7
1741
0bde
49af
7a19
bb41
c271
7bc8
45f3
1746
3eff
56f2
7b9c
bcb3
c2ea
7bbd
45fe
174a
6715
62aa
7ce6
be28
c363
7bb2
460a
174e
7d1d
6ca1
7df8
bfa0
c3dd
7ba6
4616
1752
7d38
74ab
7ed1
c11c
c457
7b9b
4621
1757
6763
7aa2
7f6f
c29a
c4d2
7b90
462d
175b
3f71
7e6c
7fd4
c41a
c54c
7b84
4638
175f
0c61
7ff7
7ffe
c59e
c5c7
7b79
4644
1764
d726
7f3c
7fef
c724
c643
7b6d
464f
1768
a913
7c3f
7fa5
c8ad
c6be
7b62
465b
176c
8a3c
770d
7f21
ca38
c73a
7b56
4666
1770
8006
6fbe
7e63
cbc6
c7b6
7b4a
4672
1775
8c3d
6673
7d6b
cd56
c832
7b3e
467d
1779
acbc
5b57
7c3b
cee8
c8ae
7b33
4689
177d
dbd1
4e9b
7ad2
d07d
c92b
7b27
4694
1782
113e
407a
7931
d214
c9a8
7b1b
46a0
1786
43a5
3134
7758
d3ad
ca25
7b0f
46ac
178a
6a33
210e
754a
d548
caa3
7b03
46b7
178f
7e24
1052
7306
d6e5
cb21
7af7
46c3
1793
7bfc
ff4b
708e
d883
cb9f
7aea
46ce
1797
641b
ee48
6de2
da24
cc1d
7ade
46da
179b
3ab0
dd96
6b05
dbc6
cc9b
7ad2
46e5
17a0
06fc
cd80
67f7
dd6a
cd1a
7ac6
46f1
17a4
d20f
be4f
64b9
df10
cd99
7ab9
46fc
17a8
a52f
b049
614e
e0b7
ce18
7aad
4708
17ad
8838
a3ae
5db6
e25f
ce97
7aa0
4713
17b1
803e
98b6
59f4
e409
cf17
7a94
471f
17b5
8ea6
8f93
5609
e5b4
cf97
7a87
472a
17b9
b0ea
8870
51f6
e760
d017
7a7a
4736
17be
e10a
836c
4dbe
e90d
d097
7a6e
4741
17c2
1696
809f
4963
eabc
d117
7a61
474d
17c6
482d
8014
44e7
ec6b
d198
7a54
4758
17cb
6d1f
81cf
404b
ee1b
d219
7a47
4763
17cf
7ef3
85c8
3b92
efcc
d29a
7a3a
476f
17d3
7a88
8bec
36be
f17e
d31b
7a2d
477a
17d8
60a5
941f
31d0
f331
d39d
7a20
4786
17dc
35d4
9e3e
2ccd
f4e4
d41f
7a13
4791
17e0
0194
aa18
27b4
f697
d4a0
7a06
479d
17e4
cd0e
b779
228a
f84b
d523
79f9
47a8
17e9
a174
c624
1d50
fa00
d5a5
79eb
47b4
17ed
866b
d5d6
1809
fbb4
d627
79de
47bf
17f1
80b0
e647
12b6
fd69
d6aa
79d1
47cb
17f6
9143
f72d
0d5b
ff1e
d72d
79c3
47d6
17fa
b53d
083c
07fb
00d3
d7b0
79b6
47e1
17fe
e650
1925
0296
0288
d833
79a8
47ed
1802
1be4
299c
fd30
043d
d8b7
799b
47f8
1807
4c94
3955
f7cc
05f1
d93a
798d
4804
180b
6fda
480a
f26b
07a6
d9be
797f
480f
180f
7f87
5578
ed11
095a
da42
7971
481b
1814
78dc
6161
e7bf
0b0d
dac6
7964
4826
1818
5d04
6b8f
e278
0cc0
db4a
7956
4831
181c
30e0
73d4
dd3f
0e73
dbcf
7948
483d
1821
fc2b
7a0b
d815
1025
dc53
793a
4848
1825
c823
7e17
d2fd
11d6
dcd8
792c
4854
1829
9de4
7fe6
cdfb
1386
dd5d
791e
485f
182d
84d6
7f70
c90e
1535
dde2
790f
486a
1832
815c
7cb6
c43b
16e4
de68
7901
4876
1836
9412
77c6
bf83
1891
deed
78f3
4881
183a
b9b2
70b5
bae9
1a3d
df73
78e5
488d
183f
eba2
67a3
b66d
1be9
dff8
78d6
4898
1843
2124
5cbb
b214
1d92
e07e
78c8
48a3
1847
50d8
502d
adde
1f3b
e104
78b9
48af
184b
7261
4232
a9cd
20e2
e18a
78ab
48ba
1850
7fe1
330b
a5e3
2287
e211
789c
48c5
1854
76f8
22fc
a223
242b
e297
788d
48d1
1858
5937
124d
9e8d
25ce
e31d
787f
48dc
185d
2bd5
014c
9b23
276e
e3a4
7870
48e8
1861
f6c5
f044
97e8
290d
e42b
7861
48f3
1865
c352
df84
94dc
2aaa
e4b2
7852
48fe
1869
9a82
cf58
9200
2c45
e539
7843
490a
186e
8379
c009
8f57
2dde
e5c0
7834
4915
1872
8242
b1dd
8ce1
2f75
e647
7825
4920
1876
9713
a513
8a9f
310a
e6cf
7816
492c
187b
be47
99e8
8893
329c
e756
7807
4937
187f
f0fe
908c
86bd
342c
e7de
77f8
4942
1883
2656
892b
851e
35ba
e866
77e9
494e
1887
54f7
83e6
83b7
3746
e8ee
77d9
4959
188c
74b5
80d5
8289
38ce
e976
77ca
4964
1890
7fff
8006
8194
3a55
e9fe
77ba
4970
1894
74de
817d
80d9
3bd8
ea86
77ab
497b
1899
5542
8533
8057
3d59
eb0e
779b
4986
189d
26b6
8b17
800f
3ed7
eb97
778c
4992
18a1
f162
930f
8002
4053
ec1f
777c
499d
18a5
be9d
9cf6
802f
41cb
eca8
776c
49a8
18aa
974d
a89f
8096
4340
ed30
775d
49b3
18ae
8255
b5d5
8137
44b2
edb9
774d
49bf
18b2
8362
c45d
8212
4622
ee42
773d
49ca
18b7
9a44
d3f3
8326
478e
eecb
772d
49d5
18bb
c2fa
e452
8473
48f6
ef54
771d
49e1
18bf
f660
f52f
85f8
4a5c
efdd
770d
49ec
18c4
2b76
063c
87b5
4bbe
f066
76fd
49f7
18c8
58ef
172e
89a9
4d1c
f0ef
76ed
4a02
18cc
76d3
27b6
8bd2
4e77
f178
76dd
4a0e
18d0
7fe5
3789
8e30
4fce
f201
76cc
4a19
18d5
728f
4660
90c2
5122
f28b
76bc
4a24
18d9
5126
53f8
9387
5272
f314
76ac
4a30
18dd
2186
6011
967d
53bf
f39e
769b
4a3b
18e2
ec06
6a76
99a3
5507
f427
768b
4a46
18e6
ba06
72f7
9cf8
564c
f4b1
767a
4a51
18ea
9449
796d
a07a
578d
f53b
766a
4a5d
18ee
816b
7dbb
a427
58ca
f5c4
7659
4a68
18f3
84bb
7fce
a7fe
5a02
f64e
7649
4a73
18f7
9da4
7f9c
abfd
5b37
f6d8
7638
4a7e
18fb
c7c9
7d26
b022
5c67
f762
7627
4a89
1900
fbc7
7877
b46c
5d94
f7ec
7616
4a95
1904
3082
71a4
b8d8
5ebc
f876
7605
4aa0
1908
5cbe
68cd
bd65
5fdf
f900
75f4
4aab
190c
78ba
5e19
c20f
60ff
f98a
75e3
4ab6
1911
7f8f
51ba
c6d6
621a
fa14
75d2
4ac2
1915
700b
43e7
cbb7
6330
fa9e
75c1
4acd
1919
4ce5
34df
d0b0
6442
fb28
75b0
4ad8
191e
1c46
24e7
d5bf
654f
fbb2
759f
4ae3
1922
e6b3
1448
dae0
6658
fc3c
758e
4aee
1926
b58f
034c
e013
675c
fcc6
757c
4afa
192a
9176
f241
e554
685c
fd50
756b
4b05
192f
80ba
e175
eaa1
6956
fdda
755a
4b10
1933
864c
d133
eff8
6a4c
fe65
7548
4b1b
1937
a130
c1c7
f556
6b3d
feef
7537
4b26
193c
ccb1
b375
fab9
6c29
ff79
7525
4b32
1940
012f
a67f
001e
6d10
0003
7513
4b3d
1944
3578
9b20
0584
6df3
008d
7502
4b48
1948
6063
918b
0ae7
6ed0
0117
74f0
4b53
194d
7a6b
89ed
1044
6fa8
01a2
74de
4b5e
1951
7eff
8467
159b
707b
022c
74cc
4b69
1955
6d54
8113
1ae8
7149
02b6
74ba
4b75
1959
4880
8000
2028
7212
0340
74a8
4b80
195e
16f9
8133
255a
72d6
03ca
7496
4b8b
1962
e16c
84a6
2a7b
7394
0454
7484
4b96
1966
b139
8a4a
2f88
744d
04de
7472
4ba1
196b
8ed5
9206
3480
7501
0568
7460
4bac
196f
8044
9bb5
3960
75b0
05f2
744e
4bb8
1973
8815
a72b
3e26
7659
067d
743c
4bc3
1977
a4e8
b436
42cf
76fc
0706
7429
4bce
197c
d1b1
c299
475a
779b
0790
7417
4bd9
1980
0698
d214
4bc5
7834
081a
7404
4be4
1984
3a56
e25f
500d
78c7
08a4
73f2
4bef
1989
63dc
f331
5431
7955
092e
73df
4bfa
198d
7be3
043c
582e
79de
09b8
73cd
4c05
1991
7e35
1535
5c03
7a60
0a42
73ba
4c11
1995
6a6b
25ce
5faf
7ade
0acb
73a7
4c1c
199a
43fb
35ba
632f
7b55
0b55
7395
4c27
199e
11a2
44b2
6681
7bc8
0bdf
7382
4c32
19a2
dc32
5272
69a5
7c34
0c68
736f
4c3d
19a7
ad08
5ebc
6c99
7c9b
0cf2
735c
4c48
19ab
8c68
6956
6f5c
7cfc
0d7b
7349
4c53
19af
8008
7212
71eb
7d57
0e05
7336
4c5e
19b3
8a14
78c7
7447
7dad
0e8e
7323
4c69
19b8
a8c9
7d57
766e
7dfd
0f17
7310
4c74
19bc
d6c6
7fae
785f
7e47
0fa0
72fd
4c80
19c0
0bfd
7fc0
7a1a
7e8c
1029
72ea
4c8b
19c5
3f19
7d8d
7b9d
7ecb
10b2
72d6
4c96
19c9
6727
7920
7ce7
7f04
113b
72c3
4ca1
19cd
7d23
728c
7df9
7f37
11c4
72b0
4cac
19d1
7d32
69ef
7ed1
7f64
124d
729c
4cb7
19d6
6751
5f71
7f70
7f8c
12d6
7289
4cc2
19da
3f56
5341
7fd4
7fae
135e
7275
4ccd
19de
0c43
4597
7ffe
7fca
13e7
7262
4cd8
19e2
d709
36b0
7fef
7fe0
146f
724e
4ce3
19e7
a8fd
26d1
7fa5
7ff0
14f8
723a
4cee
19eb
8a30
1641
7f20
7ffb
1580
7226
4cf9
19ef
8007
054c
7e62
7fff
1608
7213
4d04
19f4
8c4a
f43f
7d6b
7fff
1690
71ff
4d0f
19f8
acd3
e367
7c3a
7ff8
1718
71eb
4d1a
19fc
dbef
d312
7ad1
7feb
17a0
71d7
4d25
1a00
115c
c388
7930
7fd8
1828
71c3
4d30
1a05
43bf
b512
7757
7fc0
18b0
71af
4d3b
1a09
6a43
a7f0
7549
7fa2
1937
719b
4d46
1a0d
7e2a
9c5e
7305
7f7e
19be
7187
4d51
1a12
7bf5
9291
708c
7f54
1a46
7172
4d5c
1a16
6408
8ab6
6de1
7f24
1acd
715e
4d67
1a1a
3a95
84f0
6b03
7eef
1b54
714a
4d72
1a1e
06de
8159
67f5
7eb4
1bdb
7135
4d7d
1a23
d1f3
8002
64b7
7e73
1c62
7121
4d88
1a27
a51a
80f1
614c
7e2c
1ce8
710d
4d93
1a2b
882d
8421
5db4
7de0
1d6f
70f8
4d9e
1a2f
8040
8985
59f2
7d8d
1df5
70e4
4da9
1a34
8eb4
9103
5606
7d35
1e7c
70cf
4db4
1a38
b102
9a79
51f4
7cd8
1f02
70ba
4dbf
1a3c
e127
a5bd
4dbc
7c75
1f88
70a5
4dca
1a41
16b4
b29c
4961
7c0c
200e
7091
4dd5
1a45
4846
c0da
44e4
7b9d
2093
707c
4de0
1a49
6d2f
d037
4048
7b29
2119
7067
4deb
1a4d
7ef6
e06d
3b8f
7aaf
219e
7052
4df6
1a52
7a7f
f133
36bb
7a2f
2224
703d
4e01
1a56
6092
023c
31ce
79aa
22a9
7028
4e0c
1a5a
35b8
133b
2cca
7920
232e
7013
4e17
1a5f
0176
23e3
27b1
7890
23b2
6ffe
4e22
1a63
ccf2
33e7
2287
77fa
2437
6fe9
4e2d
1a67
a160
4300
1d4d
775f
24bb
6fd3
4e38
1a6b
8662
50e8
1806
76bf
2540
6fbe
4e43
1a70
80b3
5d60
12b3
7619
25c4
6fa9
4e4e
1a74
9152
6830
0d58
756e
2648
6f93
4e59
1a78
b555
7126
07f8
74bd
26cc
6f7e
4e64
1a7c
e66e
781a
0293
7408
274f
6f68
4e6f
1a81
1c01
7cec
fd2d
734c
27d3
6f53
4e79
1a85
4cac
7f86
f7c9
728c
2856
6f3d
4e84
1a89
6fe9
7fdc
f268
71c6
28d9
6f28
4e8f
1a8e
7f89
7ded
ed0e
70fc
295c
6f12
4e9a
1a92
78d2
79c2
e7bc
702c
29de
6efc
4ea5
1a96
5cef
736d
e275
6f57
2a61
6ee6
4eb0
1a9a
30c4
6b0c
dd3c
6e7d
2ae3
6ed1
4ebb
1a9f
fc0d
60c4
d812
6d9d
2b65
6ebb
4ec6
1aa3
c808
54c4
d2fb
6cb9
2be7
6ea5
4ed1
1aa7
9dd1
4743
cdf8
6bd0
2c69
6e8f
4edc
1aab
84ce
387e
c90c
6ae2
2cea
6e79
4ee6
1ab0
8161
28b8
c439
69ef
2d6c
6e63
4ef1
1ab4
9423
1839
bf81
68f8
2ded
6e4c
4efc
1ab8
b9cb
074c
bae6
67fb
2e6e
6e36
4f07
1abd
ebc0
f63d
b66b
66fa
2eee
6e20
4f12
1ac1
2142
e55b
b211
65f4
2f6f
6e0a
4f1d
1ac5
50ef
d4f3
addb
64ea
2fef
6df3
4f28
1ac9
726f
c54e
a9cb
63db
306f
6ddd
4f33
1ace
7fe2
b6b3
a5e1
62c7
30ef
6dc7
4f3d
1ad2
76ed
a966
a221
61af
316e
6db0
4f48
1ad6
5921
9da3
9e8b
6092
31ee
6d9a
4f53
1ada
2bb8
939f
9b21
5f71
326d
6d83
4f5e
1adf
f6a6
8b87
97e6
5e4c
32ec
6d6c
4f69
1ae3
c338
8581
94da
5d22
336a
6d56
4f74
1ae7
9a6f
81a8
91ff
5bf4
33e9
6d3f
4f7e
1aec
8372
800c
8f55
5ac2
3467
6d28
4f89
1af0
8248
80b7
8cdf
598c
34e5
6d11
4f94
1af4
9725
83a4
8a9e
5852
3563
6cfa
4f9f
1af8
be61
88c7
8892
5714
35e0
6ce3
4faa
1afd
f11c
9007
86bc
55d1
365d
6ccc
4fb5
1b01
2673
9945
851d
548b
36da
6cb5
4fbf
1b05
550e
a455
83b7
5341
3757
6c9e
4fca
1b09
74c1
b106
8289
51f3
37d4
6c87
4fd5
1b0e
7fff
bf1e
8194
50a2
3850
6c70
4fe0
1b12
74d2
ce5d
80d8
4f4d
38cc
6c59
4feb
1b16
552b
de7e
8057
4df4
3947
6c41
4ff5
1b1b
2699
ef37
800f
4c98
39c3
6c2a
5000
1b1f
f144
003c
8002
4b38
3a3e
6c13
500b
1b23
be83
1140
802f
49d4
3ab9
6bfb
5016
1b27
973c
21f6
8096
486e
3b34
6be4
5020
1b2c
8250
3211
8138
4704
3bae
6bcc
502b
1b30
8369
4149
8213
4597
3c28
6bb5
5036
1b34
9a57
4f58
8327
4426
3ca2
6b9d
5041
1b38
c314
5bff
8474
42b3
3d1b
6b85
504c
1b3d
f67e
6703
85f9
413d
3d95
6b6e
5056
1b41
2b93
7033
87b6
3fc3
3e0e
6b56
5061
1b45
5905
7765
89aa
3e47
3e86
6b3e
506c
1b4a
76de
7c78
8bd3
3cc8
3eff
6b26
5077
1b4e
7fe4
7f55
8e32
3b46
3f77
6b0e
5081
1b52
7281
7ff0
90c4
39c1
3fef
6af6
508c
1b56
510f
7e45
9389
383a
4066
6ade
5097
1b5b
2168
7a5c
967f
36b0
40de
6ac6
50a2
1b5f
ebe8
7447
99a5
3524
4155
6aae
50ac
1b63
b9ed
6c21
9cfa
3395
41cb
6a96
50b7
1b67
9438
6210
a07c
3204
4242
6a7d
50c2
1b6c
8167
5641
a429
3070
42b8
6a65
50cc
1b70
84c3
48ea
a800
2edb
432e
6a4d
50d7
1b74
9db7
3a47
abff
2d43
43a3
6a35
50e2
1b78
c7e4
2a9c
b025
2ba9
4418
6a1c
50ed
1b7d
fbe5
1a2f
b46f
2a0e
448d
6a04
50f7
1b81
309e
094b
b8db
2870
4502
69eb
5102
1b85
5cd3
f83c
bd67
26d1
4576
69d3
510d
1b8a
78c4
e751
c212
252f
45ea
69ba
5117
1b8e
7f8d
d6d7
c6d9
238c
465d
69a1
5122
1b92
6ffc
c717
cbba
21e8
46d1
6989
512d
1b96
4ccd
b85a
d0b3
2042
4744
6970
5137
1b9b
1c28
aae2
d5c1
1e9a
47b6
6957
5142
1b9f
e695
9eee
dae3
1cf1
4828
693e
514d
1ba3
b576
94b3
e016
1b47
489a
6925
5157
1ba7
9166
8c5f
e557
199b
490c
690c
5162
1bac
80b7
8619
eaa4
17ef
497d
68f3
516d
1bb0
8655
81fe
effb
1641
49ee
68da
5177
1bb4
a145
801f
f559
1492
4a5f
68c1
5182
1bb8
cccd
8085
fabc
12e2
4acf
68a8
518d
1bbd
014e
832f
0021
1132
4b3f
688f
5197
1bc1
3594
8810
0587
0f80
4baf
6876
51a2
1bc5
6077
8f12
0aea
0dce
4c1e
685c
51ad
1bca
7a74
9816
1048
0c1b
4c8d
6843
51b7
1bce
7efc
a2f2
159e
0a68
4cfc
682a
51c2
1bd2
6d44
af75
1aeb
08b4
4d6a
6810
51cd
1bd6
4867
bd67
202b
0700
4dd8
67f7
51d7
1bdb
16db
cc87
255d
054c
4e45
67dd
51e2
1bdf
e14e
dc90
2a7e
0397
4eb2
67c4
51ec
1be3
b122
ed3b
2f8b
01e2
4f1f
67aa
51f7
1be7
8ec7
fe3c
3483
002d
4f8c
6791
5202
1bec
8042
0f44
3963
fe78
4ff8
6777
520c
1bf0
881f
2007
3e28
fcc3
5063
675d
5217
1bf4
a4fd
3038
42d2
fb0f
50cf
6743
5221
1bf8
d1ce
3f8f
475d
f95a
513a
6729
522c
1bfd
06b6
4dc4
4bc7
f7a6
51a4
6710
5237
1c01
3a71
5a98
500f
f5f2
520f
66f6
5241
1c05
63ef
65d0
5433
f43f
5278
66dc
524c
1c0a
7beb
6f39
5830
f28c
52e2
66c2
5256
1c0e
7e30
76a8
5c05
f0da
534b
66a8
5261
1c12
6a5a
7bfd
5fb1
ef28
53b4
668d
526c
1c16
43e1
7f1d
6330
ed77
541c
6673
5276
1c1b
1184
7ffc
6683
ebc7
5484
6659
5281
1c1f
dc15
7e95
69a7
ea18
54ec
663f
528b
1c23
acf1
7aef
6c9b
e86a
5553
6624
5296
1c27
8c5b
7519
6f5d
e6bd
55ba
660a
52a0
1c2c
8007
6d30
71ed
e512
5620
65f0
52ab
1c30
8a20
6356
7449
e367
5686
65d5
52b5
1c34
a8e0
57b9
7670
e1be
56ec
65bb
52c0
1c38
d6e3
4a8d
7861
e016
5751
65a0
52cb
1c3d
0c1b
3c0e
7a1b
de70
57b6
6586
52d5
1c41
3f33
2c7e
7b9d
dccb
581a
656b
52e0
1c45
6739
1c24
7ce8
db27
587e
6550
52ea
1c49
7d29
0b49
7df9
d986
58e2
6536
52f5
1c4e
7d2b
fa3c
7ed1
d7e6
5945
651b
52ff
1c52
673f
e949
7f70
d648
59a8
6500
530a
1c56
3f3c
d8bd
7fd4
d4ac
5a0a
64e5
5314
1c5b
0c25
c8e3
7fff
d311
5a6c
64ca
531f
1c5f
d6ec
ba04
7fef
d179
5ace
64af
5329
1c63
a8e7
ac64
7fa4
cfe3
5b2f
6494
5334
1c67
8a24
a03f
7f20
ce50
5b90
6479
533e
1c6c
8007
95cd
7e62
ccbe
5bf0
645e
5349
1c70
8c57
8d3e
7d6a
cb2f
5c50
6443
5353
1c74
acea
86b9
7c39
c9a2
5cb0
6428
535e
1c78
dc0c
825b
7ad0
c818
5d0f
640c
5368
1c7d
117a
8039
792f
c690
5d6e
63f1
5373
1c81
43d9
805b
7756
c50b
5dcc
63d6
537d
1c85
6a54
82c1
7547
c388
5e2a
63bb
5388
1c89
7e2f
8761
7303
c208
5e87
639f
5392
1c8e
7bed
8e25
708b
c08b
5ee4
6384
539d
1c92
63f5
96ee
6ddf
bf11
5f40
6368
53a7
1c96
3a7a
a195
6b01
bd9a
5f9d
634d
53b1
1c9a
06c0
adea
67f3
bc26
5ff8
6331
53bc
1c9f
d1d7
bbb3
64b5
bab5
6053
6315
53c6
1ca3
a504
cab3
614a
b947
60ae
62fa
53d1
1ca7
8823
daa5
5db2
b7dd
6109
62de
53db
1cab
8042
eb41
59ef
b676
6162
62c2
53e6
1cb0
8ec2
fc3c
5604
b512
61bc
62a6
53f0
1cb4
b11a
0d47
51f1
b3b1
6215
628a
53fb
1cb8
e145
1e16
4dba
b254
626d
626f
5405
1cbc
16d2
2e5c
495e
b0fa
62c6
6253
540f
1cc1
485f
3dd0
44e2
afa4
631d
6237
541a
1cc5
6d3f
4c2b
4046
ae52
6374
621b
5424
1cc9
7efa
592b
3b8c
ad04
63cb
61fe
542f
1cce
7a76
6496
36b8
abb9
6422
61e2
5439
1cd2
607e
6e38
31cb
aa72
6477
61c6
5443
1cd6
359d
75e5
2cc7
a92f
64cd
61aa
544e
1cda
0157
7b79
27af
a7f0
6522
618e
5458
1cdf
ccd6
7edd
2284
a6b5
6576
6171
5463
1ce3
a14b
7fff
1d4a
a57e
65ca
6155
546d
1ce7
8658
7edd
1803
a44b
661e
6139
5477
1ceb
80b6
7b7a
12b0
a31c
6671
611c
5482
1cf0
9161
75e5
0d55
a1f1
66c3
6100
548c
1cf4
b56e
6e38
07f5
a0cb
6716
60e3
5497
1cf8
e68c
6496
0290
9fa9
6767
60c7
54a1
1cfc
1c1f
592b
fd2a
9e8c
67b8
60aa
54ab
1d01
4cc5
4c2b
f7c6
9d73
6809
608d
54b6
1d05
6ff7
3dd0
f265
9c5e
6859
6071
54c0
1d09
7f8c
2e5d
ed0b
9b4e
68a9
6054
54ca
1d0d
78c8
1e16
e7b9
9a43
68f9
6037
54d5
1d12
5cda
0d47
e272
993c
6947
601a
54df
1d16
30a8
fc3c
dd39
983a
6996
5ffd
54e9
1d1a
fbef
eb42
d80f
973c
69e4
5fe0
54f4
1d1e
c7ed
daa6
d2f8
9643
6a31
5fc3
54fe
1d23
9dbe
cab3
cdf5
9550
6a7e
5fa6
5508
1d27
84c6
bbb4
c909
9461
6aca
5f89
5513
1d2b
8165
adea
c436
9377
6b16
5f6c
551d
1d2f
9433
a196
bf7e
9291
6b62
5f4f
5527
1d34
b9e4
96ef
bae4
91b1
6bad
5f32
5532
1d38
ebde
8e25
b669
90d6
6bf7
5f15
553c
1d3c
215f
8761
b20f
9000
6c41
5ef7
5546
1d40
5107
82c1
add9
8f2f
6c8b
5eda
5551
1d45
727d
805b
a9c8
8e63
6cd4
5ebd
555b
1d49
7fe3
8039
a5df
8d9c
6d1c
5e9f
5565
1d4d
76e2
825b
a21f
8cdb
6d64
5e82
5570
1d51
590c
86b9
9e89
8c1f
6dac
5e64
557a
1d56
2b9c
8d3e
9b20
8b68
6df3
5e47
5584
1d5a
f688
95cd
97e4
8ab6
6e39
5e29
558e
1d5e
c31d
a03e
94d8
8a0a
6e7f
5e0c
5599
1d62
9a5d
ac63
91fd
8963
6ec5
5dee
55a3
1d67
836b
ba04
8f54
88c1
6f0a
5dd0
55ad
1d6b
824e
c8e3
8cde
8825
6f4e
5db2
55b7
1d6f
9736
d8bc
8a9d
878f
6f92
5d95
55c2
1d73
be7b
e948
8891
86fd
6fd6
5d77
55cc
1d78
f13a
fa3c
86bb
8672
7019
5d59
55d6
1d7c
2690
0b49
851d
85ec
705b
5d3b
55e0
1d80
5524
1c23
83b6
856b
709d
5d1d
55eb
1d84
74ce
2c7d
8288
84f0
70de
5cff
55f5
1d89
7fff
3c0d
8193
847b
711f
5ce1
55ff
1d8d
74c5
4a8c
80d8
840b
7160
5cc3
5609
1d91
5515
57b9
8057
83a1
71a0
5ca5
5614
1d95
267c
6356
800f
833c
71df
5c87
561e
1d9a
f126
6d30
8002
82de
721e
5c68
5628
1d9e
be69
7519
802f
8284
725c
5c4a
5632
1da2
972a
7aef
8097
8231
729a
5c2c
563d
1da6
824a
7e95
8138
81e3
72d7
5c0e
5647
1dab
8370
7ffc
8213
819b
7314
5bef
5651
1daf
9a69
7f1d
8328
8159
7350
5bd1
565b
1db3
c32f
7bfd
8475
811d
738c
5bb2
5665
1db7
f69d
76a9
85fa
80e6
73c7
5b94
5670
1dbc
2baf
6f39
87b7
80b6
7402
5b75
567a
1dc0
591a
65d0
89ab
808a
743c
5b57
5684
1dc4
76e9
5a98
8bd5
8065
7476
5b38
568e
1dc8
7fe2
4dc4
8e33
8046
74af
5b19
5698
1dcd
7273
3f8f
90c5
802c
74e7
5afb
56a2
1dd1
50f7
3039
938a
8018
751f
5adc
56ad
1dd5
214b
2007
9681
800a
7557
5abd
56b7
1dd9
ebca
0f45
99a7
8002
758e
5a9e
56c1
1dde
b9d3
fe3c
9cfc
8000
75c4
5a7f
56cb
1de2
9428
ed3c
a07e
8004
75fa
5a60
56d5
1de6
8162
dc91
a42b
800d
762f
5a41
56df
1dea
84cb
cc87
a802
801c
7664
5a22
56ea
1def
9dcb
bd67
ac02
8031
7698
5a03
56f4
1df3
c7ff
af76
b027
804c
76cc
59e4
56fe
1df7
fc03
a2f3
b471
806c
76ff
59c5
5708
1dfb
30bb
9816
b8dd
8093
7732
59a6
5712
1e00
5ce8
8f13
bd6a
80bf
7764
5987
571c
1e04
78ce
8810
c215
80f1
7795
5967
5726
1e08
7f8a
832f
c6dc
8129
77c6
5948
5730
1e0c
6fed
8085
cbbd
8167
77f7
5929
573b
1e11
4cb4
801f
d0b6
81aa
7827
5909
5745
1e15
1c0b
81fd
d5c4
81f3
7856
58ea
574f
1e19
e677
8619
dae6
8242
7885
58cb
5759
1e1d
b55d
8c5f
e019
8296
78b3
58ab
5763
1e22
9157
94b2
e55a
82f1
78e1
588c
576d
1e26
80b4
9eee
eaa7
8351
790e
586c
5777
1e2a
865f
aae2
effe
83b6
793b
584c
5781
1e2e
a159
b859
f55c
8422
7967
582d
578b
1e33
cce9
c716
fabf
8492
7992
580d
5795
1e37
016c
d6d6
0024
8509
79bd
57ed
57a0
1e3b
35b0
e751
058a
8585
79e8
57ce
57aa
1e3f
608b
f83c
0aed
8607
7a12
57ae
57b4
1e44
7a7c
094a
104b
868e
7a3b
578e
57be
1e48
7ef8
1a2f
15a1
871b
7a64
576e
57c8
1e4c
6d34
2a9c
1aee
87ad
7a8c
574e
57d2
1e50
484e
3a47
202e
8845
7ab3
572e
57dc
1e55
16bd
48ea
2560
88e2
7adb
570e
57e6
1e59
e131
5641
2a80
8985
7b01
56ee
57f0
1e5d
b10a
6210
2f8e
8a2d
7b27
56ce
57fa
1e61
8eb8
6c21
3485
8ada
7b4c
56ae
5804
1e66
8040
7447
3965
8b8d
7b71
568e
580e
1e6a
882a
7a5c
3e2b
8c45
7b95
566d
5818
1e6e
a513
7e45
42d4
8d03
7bb9
564d
5822
1e72
d1ea
7ff0
475f
8dc5
7bdc
562d
582c
1e77
06d4
7f55
4bca
8e8d
7bff
560d
5836
1e7b
3a8c
7c78
5012
8f5a
7c21
55ec
5840
1e7f
6402
7765
5435
902c
7c42
55cc
584a
1e83
7bf2
7033
5832
9103
7c63
55ab
5854
1e88
7e2b
6703
5c08
91df
7c84
558b
585e
1e8c
6a49
5bff
5fb3
92c0
7ca3
556a
5868
1e90
43c7
4f59
6332
93a7
7cc2
554a
5872
1e94
1166
414a
6685
9492
7ce1
5529
587c
1e99
dbf8
3212
69a9
9582
7cff
5508
5886
1e9d
acda
21f6
6c9c
9677
7d1d
54e8
5890
1ea1
8c4e
1141
6f5f
9770
7d39
54c7
589a
1ea5
8007
003d
71ee
986f
7d56
54a6
58a4
1eaa
8a2c
ef37
744a
9972
7d72
5486
58ae
1eae
a8f6
de7e
7671
9a79
7d8d
5465
58b8
1eb2
d700
ce5e
7862
9b86
7da7
5444
58c2
1eb6
0c39
bf1f
7a1c
9c97
7dc1
5423
58cc
1eba
3f4e
b106
7b9e
9dac
7ddb
5402
58d6
1ebf
674b
a455
7ce8
9ec6
7df4
53e1
58e0
1ec3
7d30
9945
7dfa
9fe5
7e0c
53c0
58ea
1ec7
7d25
9007
7ed2
a108
7e24
539f
58f4
1ecb
672d
88c7
7f70
a22f
7e3b
537e
58fe
1ed0
3f22
83a4
7fd4
a35a
7e52
535d
5908
1ed4
0c06
80b7
7fff
a48a
7e68
533b
5911
1ed8
d6d0
800c
7fee
a5be
7e7d
531a
591b
1edc
a8d1
81a7
7fa4
a6f5
7e92
52f9
5925
1ee1
8a18
8581
7f20
a831
7ea6
52d8
592f
1ee5
8008
8b87
7e61
a971
7eba
52b6
5939
1ee9
8c64
939e
7d69
aab5
7ecd
5295
5943
1eed
ad01
9da3
7c38
abfd
7ee0
5274
594d
1ef2
dc29
a966
7acf
ad48
7ef2
5252
5957
1ef6
1198
b6b3
792e
ae98
7f03
5231
5961
1efa
43f3
c54d
7755
afeb
7f14
520f
596b
1efe
6a65
d4f2
7546
b142
7f24
51ee
5974
1f03
7e34
e55b
7302
b29c
7f34
51cc
597e
1f07
7be6
f63d
7089
b3fa
7f43
51aa
5988
1f0b
63e2
074b
6dde
b55b
7f52
5189
5992
1f0f
3a5f
1838
6b00
b6c0
7f60
5167
599c
1f14
06a1
28b7
67f1
b828
7f6d
5145
59a6
1f18
d1ba
387d
64b3
b993
7f7a
5123
59b0
1f1c
a4ef
4742
6148
bb01
7f86
5102
59ba
1f20
8818
54c4
5db0
bc73
7f92
50e0
59c3
1f24
8043
60c3
59ed
bde8
7f9d
50be
59cd
1f29
8ed0
6b0b
5602
bf5f
7fa7
509c
59d7
1f2d
b132
736d
51ef
c0da
7fb1
507a
59e1
1f31
e162
79c2
4db7
c257
7fba
5058
59eb
1f35
16f0
7ded
495c
c3d8
7fc3
5036
59f5
1f3a
4878
7fdc
44df
c55b
7fcb
5014
59fe
1f3e
6d4f
7f86
4043
c6e1
7fd3
4ff2
5a08
1f42
7efe
7cec
3b8a
c869
7fda
4fd0
5a12
1f46
7a6e
781a
36b5
c9f4
7fe0
4fae
5a1c
1f4b
606a
7126
31c8
cb81
7fe6
4f8b
5a26
1f4f
3581
6830
2cc4
cd11
7feb
4f69
5a30
1f53
0139
5d60
27ac
cea3
7ff0
4f47
5a39
1f57
ccba
50e8
2281
d037
7ff4
4f24
5a43
1f5c
a137
4300
1d47
d1ce
7ff7
4f02
5a4d
1f60
864f
33e8
1800
d366
7ffa
4ee0
5a57
1f64
80b9
23e3
12ad
d501
7ffc
4ebd
5a61
1f68
9171
133c
0d52
d69d
7ffe
4e9b
5a6a
1f6d
b587
023d
07f1
d83c
7fff
4e78
5a74
1f71
e6a9
f134
028d
d9dc
7fff
4e56
5a7e
1f75
1c3c
e06e
fd27
db7e
7fff
4e33
5a88
1f79
4cdd
d037
f7c3
dd22
7fff
4e11
5a91
1f7d
7006
c0da
f262
dec7
7ffe
4dee
5a9b
1f82
7f8e
b29c
ed08
e06d
7ffc
4dcb
5aa5
1f86
78bd
a5be
e7b6
e216
7ffa
4da8
5aaf
1f8a
5cc5
9a7a
e26f
e3bf
7ff7
4d86
5ab8
1f8e
308b
9103
dd36
e56a
7ff4
4d63
5ac2
1f93
fbd1
8985
d80c
e716
7fef
4d40
5acc
1f97
c7d1
8422
d2f5
e8c3
7feb
4d1d
5ad6
1f9b
9daa
80f1
cdf2
ea71
7fe6
4cfa
5adf
1f9f
84be
8002
c906
ec21
7fe0
4cd7
5ae9
1fa4
816a
8159
c433
edd1
7fd9
4cb4
5af3
1fa8
9444
84f0
bf7b
ef82
7fd2
4c91
5afd
1fac
b9fe
8ab6
bae1
f133
7fcb
4c6e
5b06
1fb0
ebfc
9291
b666
f2e6
7fc3
4c4b
5b10
1fb5
217c
9c5e
b20d
f499
7fba
4c28
5b1a
1fb9
511e
a7ef
add7
f64c
7fb0
4c05
5b23
1fbd
728a
b511
a9c6
f800
7fa7
4be2
5b2d
1fc1
7fe4
c388
a5dd
f9b4
7f9c
4bbf
5b37
1fc5
76d6
d311
a21c
fb69
7f91
4b9c
5b40
1fca
58f6
e367
9e87
fd1e
7f85
4b78
5b4a
1fce
2b7f
f43e
9b1e
fed3
7f79
4b55
5b54
1fd2
f66a
054b
97e2
0088
7f6c
4b32
5b5e
1fd6
c302
1640
94d7
023d
7f5f
4b0e
5b67
1fdb
9a4a
26d0
91fc
03f1
7f51
4aeb
5b71
1fdf
8364
36b0
8f52
05a6
7f42
4ac7
5b7b
1fe3
8254
4597
8cdd
075a
7f33
4aa4
5b84
1fe7
9748
5341
8a9b
090e
7f23
4a80
5b8e
1fec
be95
5f71
8890
0ac2
7f13
4a5d
5b98
1ff0
f158
69ef
86ba
0c75
7f02
4a39
5ba1
1ff4
26ad
728c
851c
0e28
7ef1
4a16
5bab
1ff8
553b
7920
83b5
0fda
7edf
49f2
5bb4
1ffc
74da
7d8d
8287
118b
7ecc
49ce
5bbe
2001
7fff
7fc0
8193
133c
7eb9
49ab
5bc8
2005
74b9
7fae
80d8
14eb
7ea5
4987
5bd1
2009
54fe
7d57
8056
169a
7e91
4963
5bdb
200d
265f
78c7
800f
1847
7e7c
493f
5be5
2012
f107
7212
8002
19f4
7e67
491b
5bee
2016
be4f
6956
8030
1b9f
7e50
48f7
5bf8
201a
9719
5ebc
8097
1d49
7e3a
48d4
5c01
201e
8244
5273
8139
1ef2
7e23
48b0
5c0b
2023
8377
44b3
8214
2099
7e0b
488c
5c15
2027
9a7c
35ba
8328
223f
7df2
4868
5c1e
202b
c34a
25ce
8476
23e3
7dda
4844
5c28
202f
f6bb
1536
85fb
2586
7dc0
481f
5c31
2033
2bcc
043d
87b8
2727
7da6
47fb
5c3b
2038
5930
f331
89ac
28c6
7d8b
47d7
5c45
203c
76f4
e25f
8bd6
2a63
7d70
47b3
5c4e
2040
7fe1
d214
8e34
2bfe
7d54
478f
5c58
2044
7266
c29a
90c7
2d98
7d38
476b
5c61
2049
50e0
b437
938c
2f2f
7d1b
4746
5c6b
204d
212e
a72c
9682
30c4
7cfd
4722
5c74
2051
ebac
9bb5
99a9
3257
7cdf
46fe
5c7e
2055
b9ba
9206
9cfe
33e8
7cc1
46d9
5c88
205a
9418
8a4b
a080
3576
7ca2
46b5
5c91
205e
815e
84a7
a42d
3702
7c82
4690
5c9b
2062
84d4
8133
a805
388b
7c61
466c
5ca4
2066
9dde
8000
ac04
3a12
7c41
4647
5cae
206a
c81a
8113
b029
3b96
7c1f
4623
5cb7
206f
fc22
8467
b473
3d17
7bfd
45fe
5cc1
2073
30d7
89ed
b8e0
3e96
7bda
45da
5cca
2077
5cfd
918b
bd6c
4011
7bb7
45b5
5cd4
207b
78d8
9b1f
c217
418a
7b93
4590
5cdd
2080
7f88
a67e
c6df
4300
7b6f
456c
5ce7
2084
6fdf
b374
cbc0
4473
7b4a
4547
5cf0
2088
4c9c
c1c6
d0b9
45e2
7b25
4522
5cfa
208c
1bed
d133
d5c7
474f
7aff
44fd
5d03
2090
e65a
e174
dae9
48b8
7ad8
44d9
5d0d
2095
b545
f241
e01b
4a1e
7ab1
44b4
5d16
2099
9148
034b
e55d
4b81
7a8a
448f
5d20
209d
80b1
1447
eaaa
4ce0
7a61
446a
5d29
20a1
8668
24e7
f001
4e3b
7a39
4445
5d33
20a6
a16e
34df
f55f
4f94
7a0f
4420
5d3c
20aa
cd05
43e6
fac2
50e8
79e5
43fb
5d46
20ae
018a
51b9
0027
5239
79bb
43d6
5d4f
20b2
35cb
5e19
058d
5386
7990
43b1
5d59
20b6
609f
68cc
0af0
54cf
7964
438c
5d62
20bb
7a85
71a4
104e
5614
7938
4367
5d6b
20bf
7ef4
7876
15a4
5756
790c
4341
5d75
20c3
6d24
7d26
1af1
5893
78df
431c
5d7e
20c7
4835
7f9c
2031
59cd
78b1
42f7
5d88
20cc
16a0
7fce
2563
5b02
7882
42d2
5d91
20d0
e113
7dbb
2a83
5c33
7854
42ad
5d9b
20d4
b0f2
796d
2f91
5d60
7824
4287
5da4
20d8
8eaa
72f7
3488
5e89
77f4
4262
5dad
20dd
803e
6a76
3968
5fad
77c4
423c
5db7
20e1
8835
6011
3e2e
60cd
7793
4217
5dc0
20e5
a528
53f8
42d7
61e9
7761
41f2
5dca
20e9
d206
4661
4762
6300
772f
41cc
5dd3
20ed
06f2
378a
4bcc
6413
76fc
41a7
5ddd
20f2
3aa7
27b6
5014
6521
76c9
4181
5de6
20f6
6415
172e
5438
662b
7695
415c
5def
20fa
7bfa
063d
5835
6730
7661
4136
5df9
20fe
7e26
f52f
5c0a
6830
762c
4110
5e02
2103
6a38
e452
5fb5
692b
75f7
40eb
5e0b
2107
43ae
d3f4
6334
6a22
75c1
40c5
5e15
210b
1148
c45d
6687
6b14
758b
409f
5e1e
210f
dbdb
b5d6
69aa
6c01
7554
407a
5e28
2113
acc3
a89f
6c9e
6ce9
751c
4054
5e31
2118
8c41
9cf6
6f60
6dcc
74e4
402e
5e3a
211c
8006
930f
71f0
6eaa
74ab
4008
5e44
2120
8a38
8b18
744b
6f83
7472
3fe2
5e4d
2124
a90c
8533
7672
7057
7439
3fbd
5e56
2129
d71d
817d
7863
7126
73ff
3f97
5e60
212d
0c57
8006
7a1d
71f0
73c4
3f71
5e69
2131
3f68
80d5
7b9f
72b4
7389
3f4b
5e72
2135
675d
83e6
7ce9
7374
734d
3f25
5e7c
2139
7d36
892a
7dfa
742e
7311
3eff
5e85
213e
7d1f
908c
7ed2
74e2
72d4
3ed9
5e8e
2142
671b
99e7
7f70
7592
7297
3eb3
5e98
2146
3f07
a513
7fd5
763c
7259
3e8c
5ea1
214a
0be8
b1dc
7fff
76e1
721a
3e66
5eaa
214e
d6b3
c008
7fee
7780
71db
3e40
5eb3
2153
a8ba
cf58
7fa4
781a
719c
3e1a
5ebd
2157
8a0c
df84
7f1f
78ae
715c
3df4
5ec6
215b
8009
f044
7e61
793d
711c
3dcd
5ecf
215f
8c71
014b
7d69
79c6
70db
3da7
5ed9
2164
ad18
124d
7c38
7a4a
7099
3d81
5ee2
2168
dc46
22fb
7ace
7ac9
7057
3d5b
5eeb
216c
11b6
330b
792d
7b41
7015
3d34
5ef4
2170
440c
4232
7754
7bb4
6fd2
3d0e
5efe
2174
6a76
502c
7545
7c22
6f8e
3ce7
5f07
2179
7e39
5cba
7301
7c8a
6f4a
3cc1
5f10
217d
7bde
67a3
7088
7cec
6f06
3c9a
5f19
2181
63cf
70b4
6ddc
7d48
6ec1
3c74
5f23
2185
3a44
77c5
6afe
7d9f
6e7b
3c4d
5f2c
218a
0683
7cb6
67f0
7df0
6e35
3c27
5f35
218e
d19e
7f70
64b2
7e3b
6def
3c00
5f3e
2192
a4da
7fe6
6146
7e81
6da8
3bda
5f48
2196
880d
7e17
5dae
7ec0
6d60
3bb3
5f51
219a
8045
7a0b
59eb
7efa
6d18
3b8c
5f5a
219f
8ede
73d5
5600
7f2f
6cd0
3b66
5f63
21a3
b14a
6b8f
51ed
7f5d
6c87
3b3f
5f6d
21a7
e180
6161
4db5
7f86
6c3d
3b18
5f76
21ab
170d
5578
4959
7fa8
6bf3
3af1
5f7f
21af
4891
480a
44dd
7fc5
6ba9
3acb
5f88
21b4
6d5e
3956
4040
7fdd
6b5e
3aa4
5f91
21b8
7f02
299c
3b87
7fee
6b12
3a7d
5f9b
21bc
7a65
1925
36b3
7ffa
6ac6
3a56
5fa4
21c0
6056
083c
31c5
7fff
6a7a
3a2f
5fad
21c5
3566
f72e
2cc1
7fff
6a2d
3a08
5fb6
21c9
011b
e648
27a9
7ff9
69df
39e1
5fbf
21cd
cc9e
d5d6
227e
7fee
6991
39ba
5fc8
21d1
a122
c624
1d44
7fdc
6943
3993
5fd2
21d5
8646
b77a
17fd
7fc5
68f4
396c
5fdb
21da
80bd
aa19
12aa
7fa7
68a5
3945
5fe4
21de
9180
9e3e
0d4f
7f84
6855
391e
5fed
21e2
b59f
9420
07ee
7f5b
6805
38f7
5ff6
21e6
e6c7
8bec
028a
7f2d
67b4
38d0
5fff
21ea
1c5a
85c8
fd24
7ef8
6763
38a9
6008
21ef
4cf5
81cf
f7c0
7ebe
6711
3881
6012
21f3
7015
8014
f25f
7e7e
66bf
385a
601b
21f7
7f91
809f
ed05
7e39
666c
3833
6024
21fb
78b3
836c
e7b3
7ded
6619
380c
602d
2200
5cb0
8870
e26c
7d9c
65c6
37e4
6036
2204
306f
8f93
dd33
7d45
6572
37bd
603f
2208
fbb2
98b5
d809
7ce8
651d
3796
6048
220c
c7b6
a3ad
d2f2
7c86
64c8
376e
6051
2210
9d97
b049
cdef
7c1e
6473
3747
605b
2215
84b5
be4f
c903
7bb0
641d
3720
6064
2219
816e
cd7f
c430
7b3d
63c6
36f8
606d
221d
9454
dd95
bf79
7ac4
6370
36d1
6076
2221
ba17
ee48
bade
7a46
6318
36a9
607f
2225
ec1a
ff4b
b664
79c2
62c1
3682
6088
222a
219a
1051
b20a
7938
6269
365a
6091
222e
5136
210d
add4
78a9
6210
3632
609a
2232
7298
3133
a9c4
7815
61b7
360b
60a3
2236
7fe6
4079
a5db
777b
615e
35e3
60ac
223b
76cb
4e9b
a21a
76db
6104
35bc
60b5
223f
58e0
5b56
9e85
7636
60a9
3594
60be
2243
2b63
6673
9b1c
758c
604e
356c
60c7
2247
f64c
6fbe
97e1
74dc
5ff3
3544
60d0
224b
c2e8
770d
94d5
7427
5f98
351d
60d9
2250
9a38
7c3f
91fa
736d
5f3b
34f5
60e2
2254
835e
7f3c
8f51
72ae
5edf
34cd
60ec
2258
8259
7ff7
8cdb
71e9
5e82
34a5
60f5
225c
9759
7e6c
8a9a
711f
5e24
347e
60fe
2260
beaf
7aa2
888e
7050
5dc7
3456
6107
2265
f176
74ab
86b9
6f7c
5d68
342e
6110
2269
26ca
6ca2
851b
6ea3
5d0a
3406
6119
226d
5551
62aa
83b5
6dc4
5cab
33de
6122
2271
74e6
56f3
8287
6ce1
5c4b
33b6
612b
2275
7fff
49b0
8192
6bf9
5beb
338e
6134
227a
74ac
3b1e
80d7
6b0c
5b8b
3366
613d
227e
54e7
2b7f
8056
6a1a
5b2a
333e
6146
2282
2642
1b1b
800f
6923
5ac9
3316
614f
2286
f0e9
0a3b
8002
6827
5a67
32ee
6157
228a
be35
f92d
8030
6727
5a05
32c6
6160
228f
9708
e83e
8097
6622
59a3
329e
6169
2293
823f
d7bb
8139
6518
5940
3275
6172
2297
837e
c7ef
8214
640a
58dd
324d
617b
229b
9a8e
b922
8329
62f7
5879
3225
6184
22a0
c364
ab97
8476
61df
5815
31fd
618d
22a4
f6d9
9f8c
85fc
60c4
57b0
31d5
6196
22a8
2be8
9537
87b9
5fa3
574b
31ac
619f
22ac
5946
8cc7
89ad
5e7f
56e6
3184
61a8
22b0
7700
8664
8bd7
5d56
5681
315c
61b1
22b5
7fe0
8229
8e36
5c29
561b
3133
61ba
22b9
7258
802a
90c8
5af7
55b4
310b
61c3
22bd
50c8
8070
938e
59c2
554d
30e3
61cc
22c1
2110
82fa
9684
5888
54e6
30ba
61d5
22c5
eb8e
87bd
99ab
574b
547e
3092
61de
22ca
b9a0
8ea2
9d00
5609
5416
3069
61e6
22ce
9407
978a
a082
54c4
53ae
3041
61ef
22d2
8159
a24d
a42f
537a
5345
3019
61f8
22d6
84dc
aebb
a807
522d
52dc
2ff0
6201
22da
9df2
bc99
ac06
50dc
5273
2fc7
620a
22df
c836
cbaa
b02c
4f88
5209
2f9f
6213
22e3
fc40
dba9
b476
4e30
519f
2f76
621c
22e7
30f3
ec4d
b8e2
4cd4
5134
2f4e
6225
22eb
5d12
fd4b
bd6f
4b75
50c9
2f25
622e
22ef
78e2
0e55
c21a
4a12
505e
2efd
6236
22f4
7f85
1f1d
c6e1
48ac
4ff2
2ed4
623f
22f8
6fd0
2f59
cbc3
4743
4f86
2eab
6248
22fc
4c84
3ebd
d0bc
45d6
4f19
2e82
6251
2300
1bcf
4d04
d5ca
4466
4eac
2e5a
625a
2304
e63c
59ed
daec
42f3
4e3f
2e31
6263
2309
b52c
653d
e01e
417d
4dd2
2e08
626c
230d
9139
6ec1
e560
4004
4d64
2ddf
6274
2311
80ae
764d
eaad
3e89
4cf6
2db7
627d
2315
8672
7bc0
f004
3d0a
4c87
2d8e
6286
2319
a182
7f00
f562
3b88
4c18
2d65
628f
231e
cd20
7fff
fac5
3a04
4ba9
2d3c
6298
2322
01a9
7eb8
002a
387d
4b39
2d13
62a0
2326
35e7
7b31
0590
36f4
4ac9
2cea
62a9
232a
60b3
757a
0af3
3568
4a59
2cc1
62b2
232e
7a8e
6dad
1051
33da
49e8
2c98
62bb
2333
7ef0
63ee
15a7
3249
4977
2c6f
62c4
2337
6d14
5868
1af4
30b6
4906
2c46
62cc
233b
481c
4b50
2034
2f21
4894
2c1d
62d5
233f
1682
3ce2
2565
2d8a
4822
2bf4
62de
2343
e0f6
2d60
2a86
2bf0
47b0
2bcb
62e7
2348
b0da
1d0f
2f93
2a55
473d
2ba2
62f0
234c
8e9c
0c3a
348b
28b7
46ca
2b79
62f8
2350
803c
fb2d
396b
2718
4657
2b50
6301
2354
883f
ea36
3e30
2577
45e3
2b27
630a
2358
a53d
d9a3
42d9
23d5
456f
2afe
6313
235d
d222
c9bd
4764
2230
44fb
2ad5
631b
2361
0711
bacf
4bcf
208b
4487
2aac
6324
2365
3ac2
ad1b
5016
1ee3
4412
2a82
632d
2369
6428
a0df
543a
1d3a
439d
2a59
6336
236d
7c01
9655
5837
1b90
4327
2a30
633e
2372
7e21
8daa
5c0c
19e5
42b1
2a07
6347
2376
6a27
8707
5fb7
1839
423b
29dd
6350
237a
4394
828a
6336
168b
41c5
29b4
6358
237e
112a
8048
6688
14dc
414e
298b
6361
2382
dbbe
804a
69ac
132d
40d7
2961
636a
2387
acac
8290
6ca0
117c
4060
2938
6373
238b
8c34
8711
6f62
0fcb
3fe8
290f
637b
238f
8006
8db7
71f1
0e19
3f70
28e5
6384
2393
8a44
9665
744c
0c66
3ef8
28bc
638d
2397
a922
a0f3
7673
0ab3
3e80
2892
6395
239c
d739
ad31
7864
0900
3e07
2869
639e
23a0
0c75
bae8
7a1d
074b
3d8e
283f
63a7
23a4
3f83
c9d8
7ba0
0597
3d15
2816
63af
23a8
676f
d9bf
7cea
03e2
3c9b
27ec
63b8
23ac
7d3c
ea53
7dfb
022e
3c21
27c3
63c1
23b1
7d18
fb4b
7ed3
0079
3ba7
2799
63c9
23b5
6709
0c57
7f71
fec4
3b2d
2770
63d2
23b9
3eed
1d2b
7fd5
fd0f
3ab2
2746
63db
23bd
0bca
2d7b
7fff
fb5a
3a37
271d
63e3
23c1
d696
3cfc
7fee
f9a5
39bc
26f3
63ec
23c6
a8a4
4b68
7fa4
f7f1
3941
26c9
63f5
23ca
8a00
587d
7f1f
f63d
38c5
26a0
63fd
23ce
8009
6400
7e60
f48a
3849
2676
6406
23d2
8c7e
6dbc
7d68
f2d7
37cd
264c
640e
23d6
ad2f
7586
7c37
f124
3750
2623
6417
23db
dc63
7b39
7acd
ef73
36d3
25f9
6420
23df
11d4
7ebc
792c
edc2
3656
25cf
6428
23e3
4426
7fff
7753
ec12
35d9
25a5
6431
23e7
6a87
7efc
7544
ea63
355c
257c
6439
23eb
7e3e
7bb8
72ff
e8b4
34de
2552
6442
23f0
7bd6
7642
7087
e707
3460
2528
644b
23f4
63bc
6eb2
6ddb
e55b
33e2
24fe
6453
23f8
3a29
652b
6afc
e3b1
3363
24d4
645c
23fc
0665
59d8
67ee
e207
32e5
24ab
6464
2400
d182
4cec
64b0
e05f
3266
2481
646d
2405
a4c4
3ea3
6144
deb8
31e7
2457
6475
2409
8803
2f3d
5dac
dd13
3167
242d
647e
240d
8047
1f01
59e9
db6f
30e8
2403
6487
2411
8eed
0e37
55fd
d9ce
3068
23d9
648f
2415
b162
fd2d
51ea
d82d
2fe8
23af
6498
2419
e19d
ec30
4db2
d68f
2f68
2385
64a0
241e
172b
db8d
4957
d4f3
2ee7
235b
64a9
2422
48aa
cb8f
44da
d358
2e67
2331
64b1
2426
6d6e
bc80
403e
d1c0
2de6
2307
64ba
242a
7f06
aea4
3b84
d029
2d65
22dd
64c2
242e
7a5c
a239
36b0
ce95
2ce3
22b3
64cb
2433
6042
9779
31c2
cd03
2c62
2289
64d3
2437
354a
8e94
2cbe
cb73
2be0
225f
64dc
243b
00fc
87b3
27a6
c9e6
2b5e
2235
64e4
243f
cc83
82f4
227b
c85b
2adc
220b
64ed
2443
a10e
806e
1d41
c6d3
2a5a
21e0
64f5
2448
863c
802b
17fa
c54d
29d7
21b6
64fe
244c
80c0
822e
12a7
c3cb
2955
218c
6506
2450
918f
866d
0d4c
c24a
28d2
2162
650f
2454
b5b8
8cd4
07eb
c0cd
284f
2138
6517
2458
e6e5
9547
0287
bf52
27cb
210e
6520
245d
1c78
9f9f
fd21
bddb
2748
20e3
6528
2461
4d0d
abad
f7bd
bc66
26c4
20b9
6531
2465
7023
b93b
f25c
baf5
2641
208f
6539
2469
7f93
c80a
ed02
b986
25bd
2065
6542
246d
78a9
d7d7
e7b0
b81b
2538
203a
654a
2471
5c9b
e85b
e269
b6b3
24b4
2010
6553
2476
3053
f94b
dd30
b54f
2430
1fe6
655b
247a
fb94
0a59
d806
b3ee
23ab
1fbb
6563
247e
c79b
1b38
d2ef
b290
2326
1f91
656c
2482
9d83
2b9b
cded
b136
22a1
1f67
6574
2486
84ad
3b38
c901
afdf
221c
1f3c
657d
248b
8173
49c8
c42e
ae8c
2197
1f12
6585
248f
9464
5708
bf76
ad3d
2112
1ee8
658e
2493
ba31
62bd
badc
abf2
208c
1ebd
6596
2497
ec38
6cb1
b661
aaaa
2006
1e93
659e
249b
21b7
74b7
b208
a966
1f80
1e68
65a7
24a0
514d
7aab
add2
a826
1efa
1e3e
65af
24a4
72a5
7e70
a9c2
a6eb
1e74
1e13
65b8
24a8
7fe7
7ff7
a5d8
a5b3
1dee
1de9
65c0
24ac
76c0
7f39
a218
a47f
1d68
1dbe
65c8
24b0
58ca
7c38
9e83
a350
1ce1
1d94
65d1
24b4
2b46
7702
9b1a
a225
1c5a
1d69
65d9
24b9
f62d
6fb0
97df
a0fe
1bd4
1d3f
65e1
24bd
c2cd
6661
94d3
9fdb
1b4d
1d14
65ea
24c1
9a26
5b42
91f8
9ebd
1ac6
1cea
65f2
24c5
8357
4e83
8f50
9da3
1a3e
1cbf
65fb
24c9
825f
4060
8cda
9c8d
19b7
1c95
6603
24ce
976b
3118
8a99
9b7d
1930
1c6a
660b
24d2
bec9
20f1
888d
9a70
18a8
1c3f
6614
24d6
f194
1034
86b8
9969
1820
1c15
661c
24da
26e7
ff2d
851a
9866
1799
1bea
6624
24de
5568
ee2b
83b4
9768
1711
1bbf
662d
24e3
74f3
dd79
8286
966e
1689
1b95
6635
24e7
7fff
cd64
8192
9579
1601
1b6a
663d
24eb
74a0
be35
80d7
9489
1579
1b3f
6646
24ef
54d1
b032
8056
939f
14f0
1b15
664e
24f3
2625
a399
800f
92b9
1468
1aea
6656
24f7
f0cb
98a4
8002
91d8
13e0
1abf
665e
24fc
be1b
8f85
8030
90fb
1357
1a95
6667
2500
96f6
8865
8098
9025
12ce
1a6a
666f
2504
8239
8365
8139
8f53
1246
1a3f
6677
2508
8385
809c
8215
8e86
11bd
1a14
6680
250c
9aa1
8015
832a
8dbe
1134
19e9
6688
2511
c37f
81d4
8477
8cfc
10ab
19bf
6690
2515
f6f7
85d0
85fd
8c3f
1022
1994
6698
2519
2c05
8bf8
87ba
8b87
0f99
1969
66a1
251d
595c
9430
89ae
8ad4
0f10
193e
66a9
2521
770b
9e51
8bd8
8a27
0e86
1913
66b1
2525
7fde
aa2e
8e37
897f
0dfd
18e8
66b9
252a
724b
b792
90ca
88dd
0d74
18be
66c2
252e
50b0
c63f
938f
8840
0cea
1893
66ca
2532
20f3
d5f2
9686
87a8
0c61
1868
66d2
2536
eb70
e665
99ac
8716
0bd7
183d
66da
253a
b987
f74b
9d02
8689
0b4d
1812
66e3
253f
93f7
085a
a084
8602
0ac4
17e7
66eb
2543
8155
1942
a431
8581
0a3a
17bc
66f3
2547
84e4
29b8
a809
8505
09b0
1791
66fb
254b
9e05
3970
ac08
848e
0927
1766
6703
254f
c851
4823
b02e
841e
089d
173b
670c
2553
fc5e
558e
b478
83b3
0813
1710
6714
2558
310f
6174
b8e5
834d
0789
16e5
671c
255c
5d27
6b9f
bd72
82ed
06ff
16ba
6724
2560
78ec
73e1
c21d
8293
0675
168f
672c
2564
7f82
7a14
c6e4
823f
05eb
1664
6735
2568
6fc1
7e1d
cbc5
81f0
0561
1639
673d
256d
4c6b
7fe8
d0be
81a7
04d7
160e
6745
2571
1bb2
7f6d
d5cd
8164
044d
15e3
674d
2575
e61e
7caf
daef
8127
03c3
15b8
6755
2579
b513
77bb
e021
80ef
0338
158d
675d
257d
9129
70a6
e563
80be
02ae
1562
6765
2581
80ab
6792
eab0
8091
0224
1537
676e
2586
867b
5ca6
f007
806b
019a
150c
6776
258a
a196
5015
f565
804b
0110
14e1
677e
258e
cd3c
4219
fac8
8030
0086
14b6
6786
2592
01c7
32ef
002e
801b
fffb
148a
678e
2596
3602
22df
0593
800c
ff71
145f
6796
259a
60c7
1230
0af6
8003
fee7
1434
679e
259f
7a97
012e
1054
8000
fe5d
1409
67a6
25a3
7eec
f026
15aa
8003
fdd3
13de
67af
25a7
6d05
df67
1af6
800b
fd49
13b3
67b7
25ab
4803
cf3c
2037
8019
fcbe
1388
67bf
25af
1664
bfef
2568
802d
fc34
135c
67c7
25b4
e0d8
b1c5
2a89
8047
fbaa
1331
67cf
25b8
b0c2
a4fe
2f96
8066
fb20
1306
67d7
25bc
8e8e
99d5
348e
808c
fa96
12db
67df
25c0
803b
907d
396d
80b7
fa0c
12af
67e7
25c4
884a
891f
3e33
80e8
f982
1284
67ef
25c8
a553
83de
42dc
811f
f8f8
1259
67f7
25cd
d23f
80d1
4767
815c
f86e
122e
67ff
25d1
072f
8007
4bd1
819e
f7e4
1202
6807
25d5
3add
8182
5019
81e6
f75a
11d7
680f
25d9
643b
853c
543c
8234
f6d0
11ac
6818
25dd
7c09
8b24
5839
8287
f647
1181
6820
25e1
7e1c
931f
5c0e
82e1
f5bd
1155
6828
25e6
6a16
9d09
5fb9
8340
f533
112a
6830
25ea
437a
a8b5
6338
83a4
f4a9
10ff
6838
25ee
110c
b5ee
668a
840f
f420
10d3
6840
25f2
dba1
c477
69ae
847f
f396
10a8
6848
25f6
ac95
d410
6ca1
84f4
f30d
107d
6850
25fa
8c27
e46f
6f63
856f
f283
1051
6858
25ff
8005
f54d
71f2
85f0
f1fa
1026
6860
2603
8a50
065a
744e
8676
f171
0ffb
6868
2607
a939
174b
7674
8702
f0e7
0fcf
6870
260b
d756
27d2
7865
8794
f05e
0fa4
6878
260f
0c94
37a4
7a1e
882b
efd5
0f79
6880
2614
3f9d
4679
7ba0
88c7
ef4c
0f4d
6888
2618
6781
540e
7cea
8969
eec3
0f22
6890
261c
7d42
6025
7dfb
8a10
ee3a
0ef7
6898
2620
7d12
6a87
7ed3
8abc
edb1
0ecb
68a0
2624
66f7
7304
7f71
8b6e
ed29
0ea0
68a8
2628
3ed2
7976
7fd5
8c25
eca0
0e74
68af
262d
0bac
7dc1
7fff
8ce2
ec18
0e49
68b7
2631
d67a
7fd0
7fee
8da3
eb8f
0e1d
68bf
2635
a88e
7f9a
7fa3
8e6a
eb07
0df2
68c7
2639
89f5
7d1f
7f1f
8f36
ea7e
0dc7
68cf
263d
800a
786c
7e60
9007
e9f6
0d9b
68d7
2641
8c8b
7196
7d68
90de
e96e
0d70
68df
2646
ad46
68bb
7c36
91b9
e8e6
0d44
68e7
264a
dc80
5e05
7acc
9299
e85e
0d19
68ef
264e
11f2
51a2
792b
937f
e7d7
0ced
68f7
2652
4440
43cd
7752
9469
e74f
0cc2
68ff
2656
6a98
34c4
7543
9558
e6c7
0c96
6907
265a
7e43
24cb
72fe
964c
e640
0c6b
690f
265f
7bcf
142a
7085
9745
e5b9
0c3f
6916
2663
63a9
032e
6dd9
9842
e532
0c14
691e
2667
3a0e
f223
6afb
9945
e4aa
0be8
6926
266b
0646
e158
67ec
9a4c
e424
0bbd
692e
266f
d166
d117
64ae
9b57
e39d
0b91
6936
2673
a4af
c1ac
6142
9c68
e316
0b66
693e
2678
87f8
b35d
5daa
9d7c
e290
0b3a
6946
267c
8049
a669
59e7
9e95
e209
0b0f
694e
2680
8efb
9b0d
55fb
9fb3
e183
0ae3
6955
2684
b17a
917c
51e8
a0d5
e0fd
0ab8
695d
2688
e1ba
89e1
4db0
a1fc
e077
0a8c
6965
268c
1749
845f
4954
a326
dff1
0a61
696d
2691
48c3
810f
44d7
a455
df6b
0a35
6975
2695
6d7e
8000
403b
a588
dee6
0a09
697d
2699
7f09
8137
3b82
a6bf
de60
09de
6984
269d
7a53
84ae
36ad
a7fb
dddb
09b2
698c
26a1
602e
8a56
31c0
a93a
dd56
0987
6994
26a5
352f
9215
2cbb
aa7d
dcd1
095b
699c
26aa
00de
9bc7
27a3
abc4
dc4c
0930
69a4
26ae
cc67
a741
2278
ad0f
dbc8
0904
69ab
26b2
a0fa
b44e
1d3e
ae5e
db43
08d8
69b3
26b6
8633
c2b4
17f7
afb0
dabf
08ad
69bb
26ba
80c3
d230
12a4
b106
da3b
0881
69c3
26be
919f
e27c
0d49
b260
d9b7
0856
69cb
26c3
b5d1
f34e
07e8
b3bd
d933
082a
69d2
26c7
e703
045b
0284
b51e
d8af
07fe
69da
26cb
1c95
1553
fd1e
b682
d82c
07d3
69e2
26cf
4d26
25ea
f7ba
b7e9
d7a9
07a7
69ea
26d3
7032
35d5
f259
b954
d726
077c
69f1
26d7
7f96
44cc
ecff
bac2
d6a3
0750
69f9
26dc
789f
5289
e7ad
bc33
d620
0724
6a01
26e0
5c86
5ed0
e266
bda7
d59e
06f9
6a09
26e4
3037
6967
dd2d
bf1e
d51b
06cd
6a10
26e8
fb76
721f
d804
c098
d499
06a1
6a18
26ec
c780
78d1
d2ec
c215
d417
0676
6a20
26f0
9d70
7d5d
cdea
c395
d396
064a
6a28
26f5
84a5
7fb0
c8fe
c518
d314
061e
6a2f
26f9
8177
7fbe
c42b
c69d
d293
05f3
6a37
26fd
9475
7d87
bf74
c825
d212
05c7
6a3f
2701
ba4a
7916
bad9
c9b0
d191
059c
6a46
2705
ec56
727f
b65f
cb3c
d110
0570
6a4e
2709
21d4
69df
b205
cccc
d090
0544
6a56
270e
5165
5f5d
add0
ce5d
d010
0519
6a5e
2712
72b3
532b
a9bf
cff1
cf90
04ed
6a65
2716
7fe8
457e
a5d6
d187
cf10
04c1
6a6d
271a
76b4
3695
a216
d320
ce90
0496
6a75
271e
58b4
26b4
9e81
d4ba
ce11
046a
6a7c
2722
2b2a
1623
9b18
d656
cd92
043e
6a84
2726
f60f
052e
97dd
d7f4
cd13
0413
6a8c
272b
c2b2
f421
94d2
d994
cc94
03e7
6a93
272f
9a13
e34a
91f7
db36
cc16
03bb
6a9b
2733
8350
d2f6
8f4e
dcd9
cb98
038f
6aa3
2737
8265
c36e
8cd9
de7e
cb1a
0364
6aaa
273b
977c
b4f9
8a98
e024
ca9c
0338
6ab2
273f
bee3
a7da
888c
e1cc
ca1e
030c
6ab9
2744
f1b3
9c4b
86b7
e376
c9a1
02e1
6ac1
2748
2704
9282
8519
e520
c924
02b5
6ac9
274c
557f
8aaa
83b3
e6cc
c8a8
0289
6ad0
2750
74ff
84e8
8286
e879
c82b
025e
6ad8
2754
7fff
8155
8191
ea27
c7af
0232
6ae0
2758
7493
8002
80d7
ebd6
c733
0206
6ae7
275d
54ba
80f5
8056
ed86
c6b7
01db
6aef
2761
2608
8429
800f
ef37
c63c
01af
6af6
2765
f0ad
8990
8002
f0e9
c5c1
0183
6afe
2769
be01
9112
8030
f29b
c546
0158
6b05
276d
96e5
9a8c
8098
f44e
c4cb
012c
6b0d
2771
8233
a5d3
813a
f601
c451
0100
6b15
2776
838c
b2b4
8215
f7b5
c3d7
00d4
6b1c
277a
9ab3
c0f4
832a
f969
c35d
00a9
6b24
277e
c39a
d053
8478
fb1e
c2e3
007d
6b2b
2782
f716
e08a
85fe
fcd2
c26a
0051
6b33
2786
2c21
f151
87bb
fe87
c1f1
0026
6b3a
278a
5971
025a
89b0
003c
c178
fffa
6b42
278e
7716
1359
8bda
01f1
c100
ffce
6b4a
2793
7fdd
2400
8e39
03a6
c088
ffa3
6b51
2797
723d
3403
90cb
055b
c010
ff77
6b59
279b
5099
4319
9391
070f
bf98
ff4b
6b60
279f
20d6
50ff
9687
08c3
bf21
ff1f
6b68
27a3
eb52
5d75
99ae
0a77
beaa
fef4
6b6f
27a7
b96e
6841
9d03
0c2a
be33
fec8
6b77
27ac
93e7
7134
a086
0ddd
bdbd
fe9c
6b7e
27b0
8151
7824
a434
0f8f
bd47
fe71
6b86
27b4
84ec
7cf2
a80b
1140
bcd1
fe45
6b8d
27b8
9e19
7f88
ac0b
12f1
bc5c
fe19
6b95
27bc
c86c
7fdb
b031
14a1
bbe6
fdee
6b9c
27c0
fc7d
7de8
b47b
1650
bb72
fdc2
6ba4
27c4
312b
79b9
b8e7
17fd
bafd
fd96
6bab
27c9
5d3b
7360
bd74
19aa
ba89
fd6b
6bb3
27cd
78f6
6afb
c21f
1b55
ba15
fd3f
6bba
27d1
7f80
60b0
c6e7
1d00
b9a1
fd13
6bc1
27d5
6fb2
54ad
cbc8
1ea9
b92e
fce8
6bc9
27d9
4c53
472a
d0c1
2050
b8bb
fcbc
6bd0
27dd
1b94
3863
d5d0
21f6
b849
fc90
6bd8
27e2
e601
289b
daf2
239b
b7d6
fc64
6bdf
27e6
b4fb
181b
e024
253e
b764
fc39
6be7
27ea
911a
072e
e565
26df
b6f3
fc0d
6bee
27ee
80a8
f61f
eab3
287e
b681
fbe1
6bf6
27f2
8685
e53e
f00a
2a1c
b610
fbb6
6bfd
27f6
a1ab
d4d6
f568
2bb8
b5a0
fb8a
6c04
27fa
cd58
c533
facb
2d51
b52f
fb5e
6c0c
27ff
01e5
b69b
0031
2ee9
b4c0
fb33
6c13
2803
361e
a950
0596
307e
b450
fb07
6c1b
2807
60db
9d90
0af9
3212
b3e1
fadb
6c22
280b
7a9f
938f
1057
33a3
b372
fab0
6c29
280f
7ee8
8b7b
15ad
3531
b303
fa84
6c31
2813
6cf5
8578
1af9
36be
b295
fa58
6c38
2817
47ea
81a3
203a
3847
b227
fa2d
6c40
281c
1646
800c
256b
39ce
b1ba
fa01
6c47
2820
e0bb
80ba
2a8c
3b53
b14c
f9d6
6c4e
2824
b0aa
83ab
2f99
3cd5
b0e0
f9aa
6c56
2828
8e80
88d2
3491
3e54
b073
f97e
6c5d
282c
8039
9016
3970
3fd0
b007
f953
6c64
2830
8855
9957
3e36
4149
af9b
f927
6c6c
2835
a568
a46a
42df
42c0
af30
f8fb
6c73
2839
d25b
b11e
4769
4433
aec5
f8d0
6c7a
283d
074d
bf38
4bd4
45a3
ae5a
f8a4
6c82
2841
3af8
ce79
501b
4710
adf0
f878
6c89
2845
644e
de9b
543e
487a
ad86
f84d
6c90
2849
7c10
ef55
583b
49e1
ad1d
f821
6c98
284d
7e16
005a
5c10
4b44
acb4
f7f6
6c9f
2852
6a05
115e
5fbb
4ca4
ac4b
f7ca
6ca6
2856
4360
2213
633a
4e00
abe3
f79e
6cae
285a
10ee
322d
668c
4f58
ab7b
f773
6cb5
285e
db84
4163
69af
50ae
ab13
f747
6cbc
2862
ac7e
4f70
6ca3
51ff
aaac
f71c
6cc3
2866
8c1a
5c14
6f65
534d
aa45
f6f0
6ccb
286a
8005
6715
71f4
5496
a9df
f6c4
6cd2
286f
8a5b
7041
744f
55dc
a979
f699
6cd9
2873
a94f
7770
7675
571f
a913
f66d
6ce1
2877
d773
7c7f
7866
585d
a8ae
f642
6ce8
287b
0cb2
7f58
7a1f
5997
a849
f616
6cef
287f
3fb7
7fef
7ba1
5acd
a7e5
f5eb
6cf6
2883
6793
7e40
7ceb
5bff
a781
f5bf
6cfe
2887
7d49
7a53
7dfc
5d2d
a71d
f593
6d05
288c
7d0b
743a
7ed3
5e56
a6ba
f568
6d0c
2890
66e5
6c11
7f71
5f7b
a657
f53c
6d13
2894
3eb8
61fd
7fd5
609c
a5f4
f511
6d1b
2898
0b8d
562b
7fff
61b9
a592
f4e5
6d22
289c
d65d
48d1
7fee
62d0
a531
f4ba
6d29
28a0
a878
3a2d
7fa3
63e4
a4d0
f48e
6d30
28a4
89e9
2a80
7f1e
64f3
a46f
f463
6d37
28a9
800b
1a12
7e5f
65fd
a40f
f437
6d3f
28ad
8c98
092d
7d67
6703
a3af
f40c
6d46
28b1
ad5d
f81e
7c36
6804
a34f
f3e0
6d4d
28b5
dc9d
e734
7acc
6900
a2f0
f3b5
6d54
28b9
1211
d6ba
792a
69f8
a291
f389
6d5b
28bd
4459
c6fc
7751
6aea
a233
f35e
6d63
28c1
6aa9
b841
7541
6bd8
a1d5
f332
6d6a
28c6
7e48
aacc
72fd
6cc1
a178
f307
6d71
28ca
7bc7
9eda
7084
6da5
a11b
f2db
6d78
28ce
6396
94a2
6dd7
6e84
a0bf
f2b0
6d7f
28d2
39f3
8c52
6af9
6f5e
a062
f284
6d86
28d6
0628
8610
67ea
7033
a007
f259
6d8e
28da
d149
81f8
64ac
7103
9fac
f22d
6d95
28de
a49a
801d
6140
71cd
9f51
f202
6d9c
28e3
87ee
8088
5da8
7293
9ef6
f1d7
6da3
28e7
804b
8335
59e5
7353
9e9d
f1ab
6daa
28eb
8f09
881b
55f9
740e
9e43
f180
6db1
28ef
b192
8f21
51e6
74c4
9dea
f154
6db8
28f3
e1d8
9828
4dae
7574
9d92
f129
6dbf
28f7
1767
a307
4952
761f
9d39
f0fe
6dc7
28fb
48dc
af8d
44d5
76c5
9ce2
f0d2
6dce
2900
6d8e
bd80
4039
7765
9c8b
f0a7
6dd5
2904
7f0d
cca2
3b7f
7800
9c34
f07b
6ddc
2908
7a4a
dcad
36aa
7895
9bde
f050
6de3
290c
601a
ed59
31bd
7925
9b88
f025
6dea
2910
3513
fe5a
2cb9
79af
9b32
eff9
6df1
2914
00c0
0f62
27a0
7a34
9add
efce
6df8
2918
cc4b
2024
2276
7ab3
9a89
efa3
6dff
291d
a0e5
3054
1d3b
7b2d
9a35
ef77
6e06
2921
862a
3fa9
17f4
7ba1
99e1
ef4c
6e0d
2925
80c7
4ddc
12a1
7c0f
998e
ef21
6e14
2929
91ae
5aad
0d46
7c78
993c
eef5
6e1b
292d
b5ea
65e2
07e5
7cdb
98ea
eeca
6e22
2931
e720
6f48
0281
7d39
9898
ee9f
6e2a
2935
1cb3
76b4
fd1b
7d90
9847
ee73
6e31
293a
4d3e
7c04
f7b7
7de2
97f6
ee48
6e38
293e
7041
7f21
f256
7e2e
97a6
ee1d
6e3f
2942
7f98
7ffc
ecfc
7e75
9756
edf2
6e46
2946
7895
7e91
e7aa
7eb6
9707
edc6
6e4d
294a
5c71
7ae6
e263
7ef1
96b8
ed9b
6e54
294e
301b
750d
dd2a
7f26
9669
ed70
6e5b
2952
fb57
6d20
d801
7f55
961c
ed45
6e62
2956
c764
6343
d2ea
7f7f
95ce
ed19
6e69
295b
9d5d
57a3
cde7
7fa3
9581
ecee
6e70
295f
849d
4a74
c8fb
7fc1
9535
ecc3
6e77
2963
817c
3bf3
c428
7fd9
94e9
ec98
6e7e
2967
9485
2c62
bf71
7feb
949d
ec6d
6e85
296b
ba63
1c06
bad7
7ff8
9452
ec41
6e8c
296f
ec74
0b2c
b65c
7fff
9408
ec16
6e93
2973
21f1
fa1e
b203
7fff
93be
ebeb
6e99
2978
517c
e92b
adcd
7ffb
9375
ebc0
6ea0
297c
72c0
d8a0
a9bd
7ff0
932c
eb95
6ea7
2980
7fe9
c8c8
a5d4
7fdf
92e3
eb6a
6eae
2984
76a9
b9eb
a214
7fc9
929b
eb3f
6eb5
2988
589e
ac4d
9e7f
7fad
9254
eb13
6ebc
298c
2b0d
a02b
9b16
7f8b
920d
eae8
6ec3
2990
f5f1
95bd
97db
7f63
91c6
eabd
6eca
2994
c298
8d31
94d0
7f35
9180
ea92
6ed1
2999
9a01
86b0
91f5
7f02
913b
ea67
6ed8
299d
8349
8256
8f4d
7ec9
90f6
ea3c
6edf
29a1
826b
8037
8cd7
7e8a
90b1
ea11
6ee6
29a5
978e
805d
8a97
7e45
906d
e9e6
6eed
29a9
befd
82c7
888b
7dfb
902a
e9bb
6ef3
29ad
f1d1
876b
86b6
7daa
8fe7
e990
6efa
29b1
2720
8e33
8518
7d54
8fa4
e965
6f01
29b6
5595
96ff
83b2
7cf9
8f62
e93a
6f08
29ba
750b
a1aa
8285
7c97
8f21
e90f
6f0f
29be
7fff
ae01
8191
7c30
8ee0
e8e4
6f16
29c2
7487
bbcd
80d6
7bc4
8ea0
e8b9
6f1d
29c6
54a3
cace
8055
7b51
8e60
e88e
6f24
29ca
25eb
dac2
800f
7ada
8e20
e863
6f2a
29ce
f08f
eb5f
8002
7a5c
8de2
e838
6f31
29d2
bde7
fc5a
8030
79d9
8da3
e80d
6f38
29d7
96d4
0d65
8098
7950
8d65
e7e2
6f3f
29db
822e
1e33
813a
78c2
8d28
e7b7
6f46
29df
8393
2e78
8216
782f
8ceb
e78c
6f4d
29e3
9ac6
3dea
832b
7795
8caf
e761
6f53
29e7
c3b5
4c43
8479
76f7
8c73
e737
6f5a
29eb
f734
5940
85ff
7653
8c38
e70c
6f61
29ef
2c3e
64a8
87bc
75aa
8bfe
e6e1
6f68
29f3
5987
6e47
89b1
74fb
8bc3
e6b6
6f6f
29f8
7721
75f0
8bdb
7447
8b8a
e68b
6f75
29fc
7fdb
7b81
8e3a
738e
8b51
e660
6f7c
2a00
722f
7ee1
90cd
72cf
8b18
e636
6f83
2a04
5081
7fff
9392
720b
8ae0
e60b
6f8a
2a08
20b9
7ed9
9689
7142
8aa9
e5e0
6f91
2a0c
eb34
7b72
99b0
7074
8a72
e5b5
6f97
2a10
b954
75d9
9d05
6fa1
8a3b
e58a
6f9e
2a15
93d7
6e29
a088
6ec8
8a06
e560
6fa5
2a19
814c
6484
a436
6deb
89d0
e535
6fac
2a1d
84f5
5916
a80d
6d09
899b
e50a
6fb2
2a21
9e2c
4c13
ac0d
6c21
8967
e4e0
6fb9
2a25
c888
3db6
b033
6b35
8933
e4b5
6fc0
2a29
fc9b
2e41
b47d
6a44
8900
e48a
6fc7
2a2d
3147
1df9
b8ea
694e
88ce
e45f
6fcd
2a31
5d50
0d2a
bd77
6853
889c
e435
6fd4
2a36
7900
fc1e
c222
6753
886a
e40a
6fdb
2a3a
7f7d
eb24
c6e9
664f
8839
e3e0
6fe2
2a3e
6fa3
da89
cbcb
6546
8809
e3b5
6fe8
2a42
4c3b
ca98
d0c4
6439
87d9
e38a
6fef
2a46
1b77
bb9a
d5d3
6327
87a9
e360
6ff6
2a4a
e5e3
add3
daf5
6210
877a
e335
6ffc
2a4e
b4e2
a181
e027
60f5
874c
e30b
7003
2a52
910b
96dd
e568
5fd5
871e
e2e0
700a
2a57
80a5
8e17
eab6
5eb2
86f1
e2b5
7010
2a5b
868e
8757
f00d
5d89
86c5
e28b
7017
2a5f
a1bf
82bb
f56b
5c5d
8699
e260
701e
2a63
cd74
8059
face
5b2c
866d
e236
7024
2a67
0204
803b
0034
59f8
8642
e20b
702b
2a6b
3639
8261
0599
58bf
8618
e1e1
7032
2a6f
60ee
86c3
0afc
5782
85ee
e1b6
7038
2a73
7aa8
8d4c
105a
5641
85c5
e18c
703f
2a77
7ee4
95de
15b0
54fc
859c
e162
7046
2a7c
6ce5
a052
1afc
53b3
8574
e137
704c
2a80
47d1
ac7a
203d
5267
854c
e10d
7053
2a84
1628
ba1d
256e
5117
8525
e0e2
705a
2a88
e09d
c8fe
2a8f
4fc3
84ff
e0b8
7060
2a8c
b093
d8d9
2f9c
4e6b
84d9
e08e
7067
2a90
8e72
e966
3493
4d10
84b3
e063
706d
2a94
8037
fa5a
3973
4bb1
848e
e039
7074
2a98
8860
0b67
3e38
4a4f
846a
e00f
707b
2a9d
a57e
1c40
42e1
48ea
8446
dfe4
7081
2aa1
d277
2c9a
476c
4781
8423
dfba
7088
2aa5
076c
3c28
4bd6
4615
8401
df90
708e
2aa9
3b13
4aa5
501e
44a6
83df
df65
7095
2aad
6460
57ce
5441
4333
83bd
df3b
709b
2ab1
7c18
6369
583d
41be
839c
df11
70a2
2ab5
7e11
6d3f
5c12
4046
837c
dee7
70a9
2ab9
69f4
7525
5fbd
3eca
835c
debd
70af
2abe
4347
7af7
633c
3d4c
833d
de92
70b6
2ac2
10d0
7e99
668e
3bcb
831f
de68
70bc
2ac6
db66
7ffc
69b1
3a47
8301
de3e
70c3
2aca
ac67
7f1a
6ca4
38c1
82e3
de14
70c9
2ace
8c0d
7bf5
6f66
3738
82c6
ddea
70d0
2ad2
8004
769d
71f5
35ad
82aa
ddc0
70d6
2ad6
8a67
6f2a
7450
341f
828e
dd96
70dd
2ada
a965
65be
7676
328e
8273
dd6c
70e3
2ade
d790
5a83
7867
30fc
8258
dd41
70ea
2ae3
0cd0
4dac
7a20
2f67
823e
dd17
70f0
2ae7
3fd2
3f75
7ba2
2dd0
8225
dced
70f7
2aeb
67a5
301d
7cec
2c37
820c
dcc3
70fd
2aef
7d4f
1fea
7dfc
2a9c
81f4
dc99
7104
2af3
7d05
0f27
7ed4
28ff
81dc
dc6f
710a
2af7
66d3
fe1e
7f72
2760
81c5
dc45
7111
2afb
3e9d
ed1e
7fd5
25bf
81ae
dc1b
7117
2aff
0b6f
dc74
7fff
241d
8198
dbf2
711e
2b04
d640
cc6b
7fee
2279
8183
dbc8
7124
2b08
a862
bd4d
7fa3
20d3
816e
db9e
712b
2b0c
89dd
af5e
7f1e
1f2c
8159
db74
7131
2b10
800c
a2de
7e5f
1d84
8146
db4a
7138
2b14
8ca5
9805
7d66
1bda
8133
db20
713e
2b18
ad75
8f05
7c35
1a2f
8120
daf6
7145
2b1c
dcbb
8806
7acb
1882
810e
dacc
714b
2b20
122f
8328
7929
16d5
80fd
daa3
7151
2b24
4473
8082
7750
1527
80ec
da79
7158
2b29
6ab9
8020
7540
1377
80db
da4f
715e
2b2d
7e4d
8203
72fb
11c7
80cc
da25
7165
2b31
7bbf
8622
7082
1016
80bd
d9fc
716b
2b35
6383
8c6c
6dd6
0e64
80ae
d9d2
7171
2b39
39d8
94c3
6af8
0cb1
80a0
d9a8
7178
2b3d
060a
9f01
67e8
0afe
8093
d97e
717e
2b41
d12d
aaf8
64aa
094b
8086
d955
7185
2b45
a485
b872
613e
0797
807a
d92b
718b
2b49
87e3
c731
5da6
05e2
806e
d902
7191
2b4e
804e
d6f3
59e3
042e
8063
d8d8
7198
2b52
8f17
e76e
55f7
0279
8059
d8ae
719e
2b56
b1aa
f85a
51e3
00c4
804f
d885
71a5
2b5a
e1f5
0968
4dab
ff0f
8046
d85b
71ab
2b5e
1785
1a4c
494f
fd5a
803d
d832
71b1
2b62
48f5
2ab8
44d2
fba5
8035
d808
71b8
2b66
6d9d
3a62
4036
f9f1
802d
d7df
71be
2b6a
7f11
4902
3b7c
f83c
8026
d7b5
71c4
2b6e
7a41
5657
36a8
f688
8020
d78c
71cb
2b73
6006
6223
31ba
f4d5
801a
d762
71d1
2b77
34f7
6c31
2cb6
f322
8015
d739
71d7
2b7b
00a1
7453
279d
f16f
8010
d70f
71de
2b7f
cc2f
7a65
2273
efbe
800c
d6e6
71e4
2b83
a0d1
7e4a
1d38
ee0c
8009
d6bd
71ea
2b87
8620
7ff1
17f1
ec5c
8006
d693
71f0
2b8b
80ca
7f52
129e
eaad
8003
d66a
71f7
2b8f
91bd
7c71
0d43
e8ff
8002
d641
71fd
2b93
b602
775a
07e2
e751
8001
d617
7203
2b98
e73e
7025
027e
e5a5
8000
d5ee
720a
2b9c
1cd0
66f1
fd18
e3fa
8000
d5c5
7210
2ba0
4d56
5bea
f7b4
e250
8001
d59c
7216
2ba4
704f
4f41
f253
e0a8
8002
d572
721c
2ba8
7f9b
4130
ecf9
df01
8004
d549
7223
2bac
788b
31f6
e7a7
dd5c
8006
d520
7229
2bb0
5c5c
21da
e260
dbb8
8009
d4f7
722f
2bb4
2fff
1123
dd27
da16
800c
d4ce
7235
2bb8
fb39
001e
d7fe
d875
8011
d4a5
723c
2bbd
c749
ef19
d2e7
d6d6
8015
d47b
7242
2bc1
9d49
de61
cde4
d53a
801b
d452
7248
2bc5
8495
ce42
c8f8
d39f
8020
d429
724e
2bc9
8180
bf05
c426
d206
8027
d400
7255
2bcd
9496
b0ef
bf6e
d06f
802e
d3d7
725b
2bd1
ba7d
a440
bad4
cedb
8035
d3ae
7261
2bd5
ec92
9933
b65a
cd48
803e
d385
7267
2bd9
220f
8ff9
b201
cbb8
8046
d35c
726d
2bdd
5194
88bc
adcb
ca2a
8050
d333
7274
2be1
72ce
839d
a9bb
c89f
805a
d30a
727a
2be6
7fea
80b4
a5d2
c717
8064
d2e1
7280
2bea
769e
800d
a212
c590
806f
d2b9
7286
2bee
5889
81ac
9e7d
c40d
807b
d290
728c
2bf2
2af1
8589
9b14
c28c
8087
d267
7292
2bf6
f5d3
8b93
97da
c10e
8094
d23e
7299
2bfa
c27d
93ae
94ce
bf93
80a1
d215
729f
2bfe
99ee
9db6
91f4
be1b
80af
d1ed
72a5
2c02
8342
a97c
8f4b
bca6
80be
d1c4
72ab
2c06
8271
b6cc
8cd6
bb34
80cd
d19b
72b1
2c0b
979f
c568
8a95
b9c5
80dd
d172
72b7
2c0f
bf17
d50f
888a
b85a
80ed
d14a
72bd
2c13
f1ef
e578
86b5
b6f1
80fe
d121
72c4
2c17
273d
f65b
8517
b58c
810f
d0f8
72ca
2c1b
55ac
0769
83b2
b42a
8121
d0d0
72d0
2c1f
7518
1856
8284
b2cc
8134
d0a7
72d6
2c23
7fff
28d4
8190
b171
8147
d07e
72dc
2c27
747a
3898
80d6
b01a
815b
d056
72e2
2c2b
548c
475b
8055
aec6
816f
d02d
72e8
2c2f
25cf
54da
800f
ad77
8184
d005
72ee
2c34
f071
60d7
8002
ac2a
819a
cfdc
72f4
2c38
bdcd
6b1c
8030
aae2
81b0
cfb4
72fa
2c3c
96c2
737a
8099
a99e
81c6
cf8b
7300
2c40
8228
79cb
813b
a85d
81de
cf63
7307
2c44
839b
7df2
8216
a721
81f5
cf3b
730d
2c48
9ad8
7fdd
832c
a5e8
820e
cf12
7313
2c4c
c3cf
7f83
847a
a4b4
8227
ceea
7319
2c50
f752
7ce5
8600
a384
8240
cec1
731f
2c54
2c5a
780f
87be
a258
825a
ce99
7325
2c58
599d
7118
89b2
a130
8275
ce71
732b
2c5d
772c
681f
8bdc
a00d
8290
ce49
7331
2c61
7fda
5d4c
8e3b
9eee
82ac
ce20
7337
2c65
7221
50d1
90ce
9dd3
82c8
cdf8
733d
2c69
506a
42e7
9394
9cbd
82e5
cdd0
7343
2c6d
209b
33cc
968b
9bab
8303
cda8
7349
2c71
eb16
23c7
99b2
9a9e
8321
cd7f
734f
2c75
b93b
131e
9d07
9996
8340
cd57
7355
2c79
93c6
021f
a08a
9892
835f
cd2f
735b
2c7d
8148
f116
a438
9793
837f
cd07
7361
2c81
84fd
e051
a810
9699
839f
ccdf
7367
2c86
9e40
d01b
ac0f
95a3
83c0
ccb7
736d
2c8a
c8a3
c0c0
b035
94b3
83e1
cc8f
7373
2c8e
fcb9
b284
b480
93c7
8403
cc67
7379
2c92
3163
a5a8
b8ec
92e0
8426
cc3f
737f
2c96
5d65
9a67
bd79
91fe
8449
cc17
7385
2c9a
790a
90f4
c225
9121
846d
cbef
738b
2c9e
7f7a
897a
c6ec
9049
8491
cbc7
7391
2ca2
6f95
841a
cbce
8f76
84b6
cb9f
7397
2ca6
4c22
80ee
d0c7
8ea9
84dc
cb77
739c
2caa
1b59
8003
d5d6
8de0
8501
cb50
73a2
2cae
e5c5
815e
daf7
8d1d
8528
cb28
73a8
2cb3
b4ca
84f8
e02a
8c5f
854f
cb00
73ae
2cb7
90fc
8ac2
e56b
8ba6
8577
cad8
73b4
2cbb
80a1
92a1
eab9
8af3
859f
cab1
73ba
2cbf
8698
9c71
f010
8a45
85c8
ca89
73c0
2cc3
a1d4
a805
f56e
899c
85f1
ca61
73c6
2cc7
cd90
b52a
fad1
88f8
861b
ca39
73cc
2ccb
0222
c3a2
0037
885a
8645
ca12
73d2
2ccf
3655
d32d
059c
87c2
8670
c9ea
73d7
2cd3
6102
e384
0aff
872f
869c
c9c3
73dd
2cd7
7ab1
f45c
105d
86a1
86c8
c99b
73e3
2cdc
7ee0
0569
15b3
8619
86f5
c974
73e9
2ce0
6cd5
165e
1aff
8597
8722
c94c
73ef
2ce4
47b8
26ed
2040
851a
8750
c925
73f5
2ce8
160a
36cb
2571
84a2
877e
c8fd
73fb
2cec
e080
45b0
2a92
8431
87ad
c8d6
7401
2cf0
b07b
5358
2f9f
83c5
87dc
c8ae
7406
2cf4
8e64
5f85
3496
835e
880c
c887
740c
2cf8
8035
6a00
3976
82fe
883d
c85f
7412
2cfc
886a
7299
3e3b
82a2
886e
c838
7418
2d00
a593
792a
42e4
824d
889f
c811
741e
2d04
d294
7d93
476e
81fe
88d2
c7e9
7423
2d09
078a
7fc2
4bd8
81b4
8904
c7c2
7429
2d0d
3b2e
7fac
5020
816f
8937
c79b
742f
2d11
6473
7d51
5443
8131
896b
c774
7435
2d15
7c1f
78bd
5840
80f9
899f
c74d
743b
2d19
7e0c
7204
5c14
80c6
89d4
c725
7440
2d1d
69e3
6945
5fbf
8099
8a0a
c6fe
7446
2d21
432d
5ea8
633e
8071
8a40
c6d7
744c
2d25
10b1
525c
6690
8050
8a76
c6b0
7452
2d29
db49
4499
69b3
8034
8aad
c689
7458
2d2d
ac50
359f
6ca6
801f
8ae5
c662
745d
2d31
8c00
25b1
6f68
800f
8b1d
c63b
7463
2d36
8004
1518
71f6
8004
8b55
c614
7469
2d3a
8a73
041f
7451
8000
8b8e
c5ed
746f
2d3e
a97c
f313
7678
8002
8bc8
c5c6
7474
2d42
d7ad
e242
7868
8009
8c02
c59f
747a
2d46
0cee
d1f8
7a21
8016
8c3d
c578
7480
2d4a
3fec
c27f
7ba3
8029
8c78
c551
7485
2d4e
67b6
b41e
7cec
8042
8cb4
c52b
748b
2d52
7d55
a716
7dfd
8061
8cf0
c504
7491
2d56
7cfe
9ba2
7ed4
8085
8d2d
c4dd
7497
2d5a
66c1
91f6
7f72
80af
8d6a
c4b6
749c
2d5e
3e83
8a3f
7fd5
80df
8da8
c490
74a2
2d62
0b51
849f
7fff
8115
8de6
c469
74a8
2d67
d624
812f
7fee
8151
8e25
c442
74ad
2d6b
a84c
8000
7fa3
8192
8e65
c41c
74b3
2d6f
89d2
8117
7f1d
81d9
8ea5
c3f5
74b9
2d73
800c
846f
7e5e
8226
8ee5
c3ce
74be
2d77
8cb2
89f8
7d66
8279
8f26
c3a8
74c4
2d7b
ad8c
919a
7c34
82d1
8f67
c381
74ca
2d7f
dcd8
9b32
7aca
832f
8fa9
c35b
74cf
2d83
124d
a694
7928
8393
8fec
c334
74d5
2d87
448d
b38c
774f
83fc
902f
c30e
74db
2d8b
6aca
c1e0
753f
846b
9072
c2e8
74e0
2d8f
7e52
d14f
72fa
84df
90b6
c2c1
74e6
2d93
7bb7
e192
7081
855a
90fb
c29b
74ec
2d98
6370
f25f
6dd4
85da
9140
c275
74f1
2d9c
39bd
0369
6af6
865f
9185
c24e
74f7
2da0
05eb
1465
67e7
86ea
91cb
c228
74fc
2da4
d111
2504
64a8
877a
9212
c202
7502
2da8
a46f
34fa
613c
8810
9259
c1dc
7508
2dac
87d9
4400
5da3
88ab
92a1
c1b5
750d
2db0
8050
51d0
59e0
894c
92e9
c18f
7513
2db4
8f26
5e2d
55f4
89f2
9331
c169
7518
2db8
b1c2
68de
51e1
8a9e
937a
c143
751e
2dbc
e213
71b2
4da9
8b4f
93c4
c11d
7524
2dc0
17a3
7881
494d
8c05
940e
c0f7
7529
2dc4
490e
7d2c
44d0
8cc1
9458
c0d1
752f
2dc9
6dad
7f9e
4033
8d81
94a3
c0ab
7534
2dcd
7f14
7fcc
3b7a
8e47
94ef
c085
753a
2dd1
7a38
7db6
36a5
8f13
953b
c05f
753f
2dd5
5ff2
7964
31b7
8fe3
9587
c039
7545
2dd9
34dc
72ea
2cb3
90b8
95d4
c013
754a
2ddd
0083
6a65
279a
9193
9621
bfed
7550
2de1
cc13
5ffd
2270
9272
966f
bfc7
7555
2de5
a0bd
53e1
1d35
9357
96be
bfa2
755b
2de9
8617
4648
17ee
9440
970d
bf7c
7560
2ded
80cd
376f
129b
952e
975c
bf56
7566
2df1
91cd
279a
0d40
9622
97ac
bf31
756b
2df5
b61b
1711
07df
971a
97fc
bf0b
7571
2df9
e75c
061f
027b
9816
984d
bee5
7576
2dfe
1cee
f511
fd15
9918
989e
bec0
757c
2e02
4d6e
e435
f7b1
9a1e
98f0
be9a
7581
2e06
705e
d3d8
f250
9b29
9942
be74
7587
2e0a
7f9d
c443
ecf6
9c38
9995
be4f
758c
2e0e
7881
b5bd
e7a4
9d4c
99e8
be29
7592
2e12
5c47
a889
e25d
9e65
9a3b
be04
7597
2e16
2fe3
9ce3
dd24
9f82
9a8f
bddf
759d
2e1a
fb1b
9300
d7fb
a0a3
9ae4
bdb9
75a2
2e1e
c72e
8b0b
d2e4
a1c8
9b39
bd94
75a8
2e22
9d36
852b
cde1
a2f2
9b8e
bd6e
75ad
2e26
848d
8179
c8f6
a421
9be4
bd49
75b3
2e2a
8185
8006
c423
a553
9c3a
bd24
75b8
2e2e
94a6
80d8
bf6c
a689
9c91
bcff
75bd
2e33
ba96
83ed
bad2
a7c4
9ce9
bcd9
75c3
2e37
ecb0
8936
b657
a902
9d40
bcb4
75c8
2e3b
222c
909a
b1fe
aa45
9d98
bc8f
75ce
2e3f
51ab
99f9
adc9
ab8b
9df1
bc6a
75d3
2e43
72db
a528
a9b9
acd6
9e4a
bc45
75d8
2e47
7feb
b1f4
a5d0
ae24
9ea3
bc20
75de
2e4b
7692
c022
a210
af76
9efd
bbfb
75e3
2e4f
5873
cf73
9e7b
b0cb
9f58
bbd6
75e9
2e53
2ad4
dfa1
9b13
b224
9fb3
bbb1
75ee
2e57
f5b4
f062
97d8
b381
a00e
bb8c
75f3
2e5b
c262
0169
94cd
b4e1
a06a
bb67
75f9
2e5f
99dc
126b
91f2
b644
a0c6
bb42
75fe
2e63
833b
2318
8f4a
b7ab
a122
bb1d
7603
2e68
8277
3326
8cd5
b915
a17f
baf8
7609
2e6c
97b1
424c
8a94
ba83
a1dd
bad4
760e
2e70
bf32
5044
8889
bbf3
a23a
baaf
7613
2e74
f20d
5ccf
86b4
bd67
a299
ba8a
7619
2e78
275a
67b5
8517
bedd
a2f7
ba66
761e
2e7c
55c2
70c3
83b1
c057
a356
ba41
7623
2e80
7524
77d0
8284
c1d4
a3b6
ba1c
7629
2e84
7fff
7cbd
8190
c353
a416
b9f8
762e
2e88
746e
7f73
80d6
c4d5
a476
b9d3
7633
2e8c
5476
7fe5
8055
c65a
a4d7
b9af
7639
2e90
25b2
7e12
800f
c7e1
a538
b98a
763e
2e94
f053
7a02
8002
c96b
a59a
b966
7643
2e98
bdb3
73c8
8031
caf8
a5fc
b941
7649
2e9c
96b1
6b7f
8099
cc87
a65e
b91d
764e
2ea1
8223
614d
813b
ce18
a6c1
b8f8
7653
2ea5
83a2
5562
8217
cfab
a725
b8d4
7658
2ea9
9aeb
47f2
832c
d141
a788
b8b0
765e
2ead
c3ea
393b
847a
d2d9
a7ec
b88b
7663
2eb1
f770
2980
8601
d473
a851
b867
7668
2eb5
2c77
1908
87bf
d60f
a8b6
b843
766d
2eb9
59b2
081e
89b3
d7ad
a91b
b81f
7673
2ebd
7737
f710
8bde
d94c
a981
b7fb
7678
2ec1
7fd9
e62a
8e3d
daee
a9e7
b7d7
767d
2ec5
7214
d5ba
90d0
dc91
aa4d
b7b3
7682
2ec9
5052
c60a
9396
de35
aab4
b78e
7687
2ecd
207e
b761
968d
dfdc
ab1b
b76a
768d
2ed1
eaf8
aa02
99b4
e183
ab83
b747
7692
2ed5
b922
9e2b
9d09
e32c
abeb
b723
7697
2ed9
93b6
9410
a08c
e4d7
ac53
b6ff
769c
2ede
8144
8bdf
a43a
e682
acbc
b6db
76a2
2ee2
8506
85bf
a812
e82f
ad25
b6b7
76a7
2ee6
9e53
81ca
ac12
e9dd
ad8f
b693
76ac
2eea
c8be
8013
b038
eb8c
adf8
b66f
76b1
2eee
fcd8
80a1
b482
ed3c
ae63
b64c
76b6
2ef2
317f
8373
b8ef
eeec
aecd
b628
76bb
2ef6
5d7a
887b
bd7c
f09e
af38
b604
76c1
2efa
7914
8fa1
c227
f250
afa4
b5e1
76c6
2efe
7f77
98c7
c6ef
f403
b00f
b5bd
76cb
2f02
6f86
a3c2
cbd0
f5b6
b07c
b599
76d0
2f06
4c0a
b060
d0ca
f76a
b0e8
b576
76d5
2f0a
1b3b
be69
d5d8
f91e
b155
b552
76da
2f0e
e5a7
cd9b
dafa
fad2
b1c2
b52f
76df
2f12
b4b1
ddb2
e02d
fc87
b230
b50b
76e5
2f16
90ed
ee66
e56e
fe3c
b29d
b4e8
76ea
2f1b
809f
ff69
eabc
fff1
b30c
b4c5
76ef
2f1f
86a2
106f
f013
01a6
b37a
b4a1
76f4
2f23
a1e9
212a
f571
035b
b3e9
b47e
76f9
2f27
cdac
314f
fad4
050f
b458
b45b
76fe
2f2b
0240
4093
003a
06c4
b4c8
b438
7703
2f2f
3670
4eb2
059f
0878
b538
b414
7708
2f33
6116
5b6b
0b02
0a2c
b5a8
b3f1
770d
2f37
7ab9
6685
1060
0bdf
b619
b3ce
7712
2f3b
7edc
6fcd
15b6
0d92
b68a
b3ab
7717
2f3f
6cc5
7718
1b02
0f44
b6fb
b388
771c
2f43
479f
7c46
2043
10f6
b76d
b365
7722
2f47
15ec
7f3f
2574
12a6
b7df
b342
7727
2f4b
e063
7ff6
2a94
1456
b851
b31f
772c
2f4f
b063
7e67
2fa1
1605
b8c4
b2fc
7731
2f53
8e56
7a99
3499
17b3
b937
b2d9
7736
2f57
8034
749f
3978
1960
b9aa
b2b6
773b
2f5b
8875
6c92
3e3d
1b0c
ba1e
b293
7740
2f60
a5a9
6297
42e6
1cb6
ba92
b271
7745
2f64
d2b0
56dd
4771
1e5f
bb06
b24e
774a
2f68
07a8
4997
4bdb
2007
bb7b
b22b
774f
2f6c
3b49
3b03
5022
21ae
bbef
b209
7754
2f70
6486
2b63
5445
2352
bc65
b1e6
7759
2f74
7c27
1afd
5842
24f6
bcda
b1c3
775e
2f78
7e07
0a1d
5c16
2697
bd50
b1a1
7763
2f7c
69d2
f90f
5fc1
2837
bdc6
b17e
7768
2f80
4313
e821
6340
29d5
be3c
b15c
776d
2f84
1093
d79f
6692
2b71
beb3
b139
7772
2f88
db2c
c7d4
69b5
2d0b
bf2a
b117
7777
2f8c
ac39
b909
6ca8
2ea3
bfa1
b0f4
777c
2f90
8bf4
ab80
6f69
3039
c019
b0d2
7781
2f94
8003
9f78
71f8
31cc
c091
b0b0
7786
2f98
8a7f
9526
7453
335e
c109
b08e
778a
2f9c
a992
8cba
7679
34ed
c181
b06b
778f
2fa0
d7c9
865a
7869
3679
c1fa
b049
7794
2fa5
0d0c
8223
7a22
3804
c273
b027
7799
2fa9
4006
8028
7ba4
398b
c2ed
b005
779e
2fad
67c8
8073
7ced
3b10
c366
afe3
77a3
2fb1
7d5b
8301
7dfe
3c92
c3e0
afc1
77a8
2fb5
7cf8
87c7
7ed5
3e12
c45a
af9f
77ad
2fb9
66af
8eb0
7f72
3f8f
c4d4
af7d
77b2
2fbd
3e68
979b
7fd6
4109
c54f
af5b
77b7
2fc1
0b33
a262
7fff
427f
c5ca
af39
77bc
2fc5
d607
aed2
7fee
43f3
c645
af17
77c0
2fc9
a836
bcb3
7fa2
4564
c6c1
aef5
77c5
2fcd
89c6
cbc6
7f1d
46d2
c73c
aed3
77ca
2fd1
800d
dbc6
7e5e
483c
c7b8
aeb1
77cf
2fd5
8cbf
ec6b
7d65
49a3
c835
ae90
77d4
2fd9
ada3
fd69
7c33
4b07
c8b1
ae6e
77d9
2fdd
dcf5
0e72
7ac9
4c67
c92e
ae4c
77de
2fe1
126b
1f3a
7927
4dc4
c9ab
ae2b
77e3
2fe5
44a6
2f75
774d
4f1d
ca28
ae09
77e7
2fe9
6adb
3ed7
753e
5073
caa6
ade8
77ec
2fed
7e57
4d1c
72f9
51c5
cb23
adc6
77f1
2ff2
7bb0
5a02
707f
5313
cba1
ada5
77f6
2ff6
635d
654f
6dd3
545e
cc20
ad83
77fb
2ffa
39a1
6ed0
6af4
55a5
cc9e
ad62
77ff
2ffe
05cd
7659
67e5
56e7
cd1d
ad40
7804
3002
d0f5
7bc7
64a6
5826
cd9c
ad1f
7809
3006
a45a
7f04
613a
5961
ce1b
acfe
780e
300a
87ce
7fff
5da1
5a98
ce9a
acdd
7813
300e
8052
7eb4
59de
5bca
cf1a
acbb
7817
3012
8f34
7b29
55f2
5cf9
cf99
ac9a
781c
3016
b1da
756e
51df
5e23
d019
ac79
7821
301a
e230
6d9e
4da6
5f49
d09a
ac58
7826
301e
17c0
63db
494a
606b
d11a
ac37
782b
3022
4927
5852
44cd
6188
d19b
ac16
782f
3026
6dbd
4b38
4031
62a1
d21c
abf5
7834
302a
7f18
3cc8
3b77
63b5
d29d
abd4
7839
302e
7a2f
2d44
36a2
64c5
d31e
abb3
783e
3032
5fdd
1cf1
31b4
65d0
d3a0
ab92
7842
3036
34c0
0c1c
2cb0
66d6
d421
ab71
7847
303a
0065
fb0f
2797
67d8
d4a3
ab51
784c
303e
cbf8
ea19
226d
68d5
d525
ab30
7850
3043
a0a9
d986
1d32
69cd
d5a8
ab0f
7855
3047
860e
c9a2
17eb
6ac1
d62a
aaef
785a
304b
80d1
bab6
1298
6bb0
d6ad
aace
785f
304f
91dc
ad04
0d3d
6c99
d730
aaad
7863
3053
b634
a0cb
07dc
6d7e
d7b3
aa8d
7868
3057
e77a
9644
0278
6e5e
d836
aa6c
786d
305b
1d0b
8d9d
fd12
6f39
d8b9
aa4c
7871
305f
4d86
86fe
f7ae
700f
d93d
aa2b
7876
3063
706c
8284
f24d
70df
d9c1
aa0b
787b
3067
7f9f
8046
ecf3
71ab
da45
a9eb
787f
306b
7876
804c
e7a1
7271
dac9
a9ca
7884
306f
5c32
8296
e25a
7332
db4d
a9aa
7889
3073
2fc7
871b
dd21
73ee
dbd2
a98a
788d
3077
fafc
8dc5
d7f8
74a5
dc56
a96a
7892
307b
c713
9676
d2e1
7556
dcdb
a949
7897
307f
9d23
a107
cddf
7602
dd60
a929
789b
3083
8485
ad48
c8f3
76a8
dde5
a909
78a0
3087
818a
bb01
c420
774a
de6a
a8e9
78a4
308b
94b7
c9f3
bf69
77e5
def0
a8c9
78a9
308f
bab0
d9dc
bacf
787c
df75
a8a9
78ae
3093
ecce
ea71
b655
790c
dffb
a889
78b2
3097
2249
fb69
b1fc
7998
e081
a869
78b7
309c
51c2
0c75
adc6
7a1d
e107
a849
78bb
30a0
72e8
1d49
a9b6
7a9e
e18d
a82a
78c0
30a4
7fec
2d97
a5ce
7b18
e213
a80a
78c5
30a8
7687
3d17
a20e
7b8d
e29a
a7ea
78c9
30ac
585d
4b80
9e79
7bfd
e320
a7cb
78ce
30b0
2ab7
5893
9b11
7c66
e3a7
a7ab
78d2
30b4
f596
6413
97d6
7cca
e42e
a78b
78d7
30b8
c248
6dcc
94cb
7d29
e4b5
a76c
78db
30bc
99ca
7592
91f1
7d82
e53c
a74c
78e0
30c0
8335
7b41
8f48
7dd4
e5c3
a72d
78e5
30c4
827d
7ec0
8cd3
7e22
e64a
a70d
78e9
30c8
97c2
7fff
8a93
7e69
e6d2
a6ee
78ee
30cc
bf4c
7ef9
8888
7eab
e759
a6ce
78f2
30d0
f22b
7bb1
86b3
7ee7
e7e1
a6af
78f7
30d4
2777
7636
8516
7f1d
e869
a690
78fb
30d8
55d9
6ea3
83b0
7f4e
e8f1
a671
7900
30dc
7530
6518
8283
7f78
e979
a651
7904
30e0
7fff
59c2
818f
7f9d
ea01
a632
7909
30e4
7461
4cd4
80d5
7fbc
ea89
a613
790d
30e8
545f
3e89
8055
7fd5
eb11
a5f4
7912
30ec
2595
2f21
800f
7fe9
eb9a
a5d5
7916
30f0
f035
1ee4
8003
7ff6
ec22
a5b6
791b
30f4
bd99
0e19
8031
7ffe
ecab
a597
791f
30f8
96a0
fd0f
8099
7fff
ed33
a578
7924
30fc
821d
ec12
813c
7ffc
edbc
a559
7928
3101
83a9
db70
8218
7ff2
ee45
a53b
792c
3105
9afe
cb74
832d
7fe3
eece
a51c
7931
3109
c405
bc66
847b
7fcd
ef57
a4fd
7935
310d
f78f
ae8d
8602
7fb2
efe0
a4de
793a
3111
2c93
a225
87c0
7f91
f069
a4c0
793e
3115
59c8
9768
89b4
7f6a
f0f2
a4a1
7943
3119
7742
8e86
8bdf
7f3e
f17b
a482
7947
311d
7fd7
87a8
8e3e
7f0b
f205
a464
794c
3121
7206
82ee
90d1
7ed3
f28e
a445
7950
3125
503a
806b
9397
7e95
f317
a427
7954
3129
2060
802d
968e
7e51
f3a1
a408
7959
312d
eada
8234
99b5
7e08
f42a
a3ea
795d
3131
b909
8676
9d0b
7db9
f4b4
a3cc
7962
3135
93a6
8ce1
a08e
7d64
f53e
a3ad
7966
3139
813f
9558
a43c
7d09
f5c7
a38f
796a
313d
850e
9fb3
a814
7ca9
f651
a371
796f
3141
9e67
abc4
ac14
7c43
f6db
a353
7973
3145
c8da
b954
b03a
7bd7
f765
a335
7977
3149
fcf6
c825
b485
7b66
f7ef
a317
797c
314d
319b
d7f4
b8f1
7aef
f879
a2f9
7980
3151
5d8e
e879
bd7f
7a72
f903
a2db
7984
3155
791e
f969
c22a
79f0
f98d
a2bd
7989
3159
7f75
0a77
c6f2
7968
fa17
a29f
798d
315d
6f77
1b55
cbd3
78db
faa1
a281
7991
3161
4bf1
2bb7
d0cc
7848
fb2b
a263
7996
3165
1b1e
3b53
d5db
77b0
fbb5
a245
799a
3169
e58a
49e0
dafd
7713
fc3f
a228
799e
316d
b499
571e
e030
7670
fcc9
a20a
79a3
3171
90de
62d0
e571
75c7
fd53
a1ec
79a7
3175
809c
6cc1
eabf
7519
fddd
a1cf
79ab
317a
86ab
74c3
f016
7466
fe68
a1b1
79b0
317e
a1fd
7ab3
f574
73ae
fef2
a194
79b4
3182
cdc8
7e75
fad7
72f0
ff7c
a176
79b8
3186
025f
7ff8
003d
722d
0006
a159
79bc
318a
368c
7f35
05a2
7165
0090
a13b
79c1
318e
612a
7c30
0b05
7098
011a
a11e
79c5
3192
7ac2
76f7
1063
6fc5
01a5
a101
79c9
3196
7ed8
6fa1
15b9
6eee
022f
a0e3
79cd
319a
6cb5
664f
1b05
6e11
02b9
a0c6
79d2
319e
4786
5b2d
2045
6d30
0343
a0a9
79d6
31a2
15ce
4e6b
2577
6c49
03cd
a08c
79da
31a6
e045
4046
2a97
6b5e
0457
a06f
79de
31aa
b04b
30fc
2fa4
6a6e
04e1
a052
79e3
31ae
8e48
20d4
349c
6978
056b
a035
79e7
31b2
8032
1016
397b
687e
05f6
a018
79eb
31b6
8880
ff0f
3e40
6780
0680
9ffb
79ef
31ba
a5be
ee0d
42e9
667c
070a
9fde
79f3
31be
d2cd
dd5c
4773
6574
0793
9fc1
79f8
31c2
07c6
cd48
4bdd
6467
081d
9fa4
79fc
31c6
3b64
be1c
5025
6356
08a7
9f88
7a00
31ca
6499
b01a
5448
6240
0931
9f6b
7a04
31ce
7c2e
a384
5844
6126
09bb
9f4e
7a08
31d2
7e01
9892
5c18
6007
0a45
9f32
7a0d
31d6
69c1
8f77
5fc3
5ee4
0ace
9f15
7a11
31da
42f9
885b
6342
5dbd
0b58
9ef8
7a15
31de
1075
835e
6693
5c91
0be2
9edc
7a19
31e2
db0f
8099
69b6
5b61
0c6b
9ec0
7a1d
31e6
ac22
8016
6ca9
5a2d
0cf5
9ea3
7a21
31ea
8be7
81d9
6f6b
58f5
0d7e
9e87
7a25
31ee
8003
85d9
71f9
57b9
0e08
9e6b
7a2a
31f2
8a8b
8c05
7454
5679
0e91
9e4e
7a2e
31f6
a9a8
9440
767a
5534
0f1a
9e32
7a32
31fa
d7e6
9e64
786a
53ec
0fa3
9e16
7a36
31fe
0d2b
aa45
7a23
52a1
102c
9dfa
7a3a
3202
4020
b7ab
7ba4
5151
10b5
9dde
7a3e
3206
67da
c65a
7cee
4ffe
113e
9dc2
7a42
320a
7d61
d60e
7dfe
4ea7
11c7
9da6
7a46
320e
7cf1
e682
7ed5
4d4c
1250
9d8a
7a4a
3212
669d
f769
7f72
4bee
12d9
9d6e
7a4e
3217
3e4e
0878
7fd6
4a8d
1361
9d52
7a53
321b
0b15
1960
7fff
4928
13ea
9d36
7a57
321f
d5ea
29d4
7fee
47c0
1472
9d1a
7a5b
3223
a81f
398b
7fa2
4654
14fb
9cff
7a5f
3227
89ba
483c
7f1d
44e5
1583
9ce3
7a63
322b
800e
55a4
7e5d
4373
160b
9cc7
7a67
322f
8ccd
6188
7d65
41ff
1693
9cac
7a6b
3233
adba
6baf
7c33
4087
171b
9c90
7a6f
3237
dd12
73ee
7ac8
3f0c
17a3
9c75
7a73
323b
1289
7a1d
7926
3d8e
182b
9c59
7a77
323f
44c0
7e22
774c
3c0e
18b3
9c3e
7a7b
3243
6aeb
7fe9
753d
3a8a
193a
9c23
7a7f
3247
7e5b
7f6a
72f7
3904
19c1
9c07
7a83
324b
7ba8
7ca9
707e
377c
1a49
9bec
7a87
324f
634a
77b0
6dd1
35f1
1ad0
9bd1
7a8b
3253
3986
7098
6af3
3463
1b57
9bb6
7a8f
3257
05af
6780
67e3
32d4
1bde
9b9a
7a93
325b
d0d8
5c91
64a5
3141
1c65
9b7f
7a97
325f
a445
4ffe
6138
2fad
1ceb
9b64
7a9b
3263
87c4
41ff
5d9f
2e16
1d72
9b49
7a9f
3267
8054
32d4
59dc
2c7e
1df8
9b2e
7aa3
326b
8f42
22c2
55f0
2ae3
1e7f
9b14
7aa7
326f
b1f2
1212
51dc
2946
1f05
9af9
7aab
3273
e24e
0110
4da4
27a8
1f8b
9ade
7aaf
3277
17de
f009
4948
2607
2011
9ac3
7ab3
327b
4940
df4a
44cb
2465
2096
9aa8
7ab7
327f
6dcc
cf20
402e
22c1
211c
9a8e
7aba
3283
7f1c
bfd5
3b74
211c
21a1
9a73
7abe
3287
7a26
b1ad
369f
1f75
2226
9a59
7ac2
328b
5fc9
a4e9
31b2
1dcd
22ac
9a3e
7ac6
328f
34a4
99c3
2cad
1c23
2331
9a24
7aca
3293
0046
906e
2795
1a79
23b5
9a09
7ace
3297
cbdc
8914
226a
18cc
243a
99ef
7ad2
329b
a094
83d7
1d2f
171f
24be
99d4
7ad6
329f
8605
80ce
17e8
1571
2543
99ba
7ada
32a3
80d4
8007
1295
13c2
25c7
99a0
7ade
32a7
91ec
8186
0d3a
1211
264b
9986
7ae1
32ab
b64d
8544
07d9
1060
26ce
996b
7ae5
32af
e797
8b30
0275
0eaf
2752
9951
7ae9
32b3
1d29
932f
fd0f
0cfc
27d5
9937
7aed
32b7
4d9f
9d1c
f7ab
0b49
2859
991d
7af1
32bb
707b
a8cb
f24a
0996
28dc
9903
7af5
32bf
7fa2
b606
ecf0
07e2
295f
98e9
7af9
32c3
786c
c492
e79e
062e
29e1
98cf
7afc
32c7
5c1d
d42c
e257
0479
2a64
98b6
7b00
32cb
2faa
e48d
dd1e
02c4
2ae6
989c
7b04
32cf
fade
f56a
d7f5
010f
2b68
9882
7b08
32d3
c6f8
0678
d2de
ff5a
2bea
9868
7b0c
32d7
9d0f
1769
cddc
fda5
2c6c
984f
7b0f
32db
847d
27ef
c8f0
fbf1
2ced
9835
7b13
32df
818e
37bf
c41e
fa3c
2d6e
981c
7b17
32e3
94c7
4693
bf66
f888
2df0
9802
7b1b
32e7
bac9
5425
bacd
f6d3
2e70
97e9
7b1f
32eb
ecec
6039
b652
f520
2ef1
97cf
7b22
32ef
2266
6a97
b1f9
f36d
2f72
97b6
7b26
32f3
51da
7311
adc4
f1ba
2ff2
979d
7b2a
32f7
72f6
7980
a9b4
f008
3072
9783
7b2e
32fb
7fed
7dc7
a5cc
ee57
30f2
976a
7b31
32ff
767b
7fd1
a20c
eca7
3171
9751
7b35
3303
5847
7f97
9e77
eaf7
31f1
9738
7b39
3307
2a9b
7d19
9b0f
e949
3270
971f
7b3d
330b
f578
7862
97d4
e79b
32ef
9706
7b40
330f
c22d
7188
94c9
e5ef
336d
96ed
7b44
3313
99b8
68aa
91ef
e444
33ec
96d4
7b48
3317
832e
5df0
8f47
e29a
346a
96bb
7b4c
331b
8283
518b
8cd2
e0f1
34e8
96a2
7b4f
331f
97d4
43b4
8a92
df4a
3565
9689
7b53
3323
bf66
34a8
8887
dda4
35e3
9671
7b57
3327
f249
24ae
86b2
dc00
3660
9658
7b5a
332b
2794
140c
8515
da5e
36dd
963f
7b5e
332f
55ef
0310
83b0
d8bd
375a
9627
7b62
3333
753c
f205
8283
d71e
37d6
960e
7b65
3337
7fff
e13a
818f
d581
3852
95f6
7b69
333b
7454
d0fb
80d5
d3e5
38ce
95dd
7b6d
333f
5448
c192
8055
d24c
394a
95c5
7b70
3343
2578
b345
800e
d0b5
39c6
95ac
7b74
3347
f016
a654
8003
cf20
3a41
9594
7b78
334b
bd7f
9afb
8031
cd8d
3abc
957c
7b7b
334f
968f
916d
8099
cbfd
3b36
9564
7b7f
3353
8218
89d6
813c
ca6f
3bb1
954b
7b83
3357
83b0
8457
8218
c8e3
3c2b
9533
7b86
335b
9b10
810b
832e
c75a
3ca5
951b
7b8a
335f
c420
8000
847c
c5d4
3d1e
9503
7b8d
3363
f7ad
813b
8603
c450
3d97
94eb
7b91
3367
2cb0
84b7
87c1
c2ce
3e10
94d3
7b95
336b
59de
8a62
89b5
c150
3e89
94bc
7b98
336f
774d
9224
8be0
bfd5
3f02
94a4
7b9c
3373
7fd6
9bda
8e40
be5c
3f7a
948c
7b9f
3377
71f8
a757
90d3
bce6
3ff2
9474
7ba3
337b
5023
b467
9399
bb74
4069
945d
7ba7
337f
2043
c2ce
9690
ba04
40e0
9445
7baa
3383
eabc
d24c
99b7
b898
4157
942d
7bae
3387
b8ef
e299
9d0d
b72f
41ce
9416
7bb1
338b
9396
f36c
a090
b5c9
4244
93fe
7bb5
338f
813b
0479
a43e
b467
42ba
93e7
7bb8
3393
8516
1570
a816
b308
4330
93d0
7bbc
3397
9e7b
2607
ac16
b1ad
43a6
93b8
7bbf
339b
c8f5
35f1
b03c
b055
441b
93a1
7bc3
339f
fd14
44e5
b487
af01
4490
938a
7bc7
33a3
31b7
52a0
b8f4
adb0
4504
9373
7bca
33a7
5da3
5ee4
bd81
ac63
4578
935b
7bce
33ab
7928
6978
c22d
ab1a
45ec
9344
7bd1
33af
7f72
722d
c6f4
a9d5
4660
932d
7bd5
33b3
6f68
78db
cbd6
a894
46d3
9316
7bd8
33b7
4bd9
7d64
d0cf
a757
4746
92ff
7bdc
33bb
1b00
7fb2
d5de
a61e
47b9
92e9
7bdf
33bf
e56c
7fbc
db00
a4e9
482b
92d2
7be3
33c3
b480
7d82
e033
a3b8
489d
92bb
7be6
33c7
90cf
790d
e574
a28b
490f
92a4
7be9
33cb
8099
7271
eac2
a163
4980
928d
7bed
33cf
86b5
69ce
f019
a03f
49f1
9277
7bf0
33d3
a212
5f49
f577
9f1f
4a61
9260
7bf4
33d7
cde4
5314
fada
9e04
4ad2
924a
7bf7
33db
027d
4564
0040
9ced
4b42
9233
7bfb
33df
36a7
367a
05a5
9bda
4bb1
921d
7bfe
33e3
613e
2697
0b08
9acc
4c21
9206
7c02
33e7
7acb
1606
1066
99c3
4c8f
91f0
7c05
33eb
7ed4
0510
15bc
98bf
4cfe
91da
7c08
33ef
6ca5
f403
1b08
97bf
4d6c
91c4
7c0c
33f3
476c
e32d
2048
96c4
4dda
91ad
7c0f
33f7
15b1
d2d9
257a
95cd
4e48
9197
7c13
33fb
e028
c353
2a9a
94dc
4eb5
9181
7c16
33ff
b033
b4e1
2fa7
93ef
4f22
916b
7c19
3403
8e3a
a7c4
349e
9307
4f8e
9155
7c1d
3407
8030
9c39
397e
9225
4ffa
913f
7c20
340b
888b
9272
3e43
9147
5066
9129
7c24
340f
a5d4
8a9e
42ec
906e
50d1
9114
7c27
3413
d2e9
84e0
4776
8f9a
513c
90fe
7c2a
3417
07e5
8151
4be0
8ecc
51a7
90e8
7c2e
341b
3b7e
8002
5027
8e03
5211
90d2
7c31
341f
64ac
80f8
544a
8d3e
527b
90bd
7c34
3423
7c35
8431
5846
8c7f
52e4
90a7
7c38
3427
7dfc
899c
5c1b
8bc6
534d
9092
7c3b
342b
69b0
9121
5fc5
8b11
53b6
907c
7c3e
342f
42df
9a9e
6344
8a62
541e
9067
7c42
3433
1057
a5e8
6695
89b9
5486
9051
7c45
3437
daf2
b2cc
69b8
8914
54ee
903c
7c48
343b
ac0b
c10e
6cab
8875
5555
9027
7c4c
343f
8bda
d06f
6f6c
87dc
55bc
9011
7c4f
3443
8002
e0a8
71fb
8748
5622
8ffc
7c52
3447
8a98
f16f
7455
86b9
5688
8fe7
7c55
344b
a9bf
0278
767b
8630
56ee
8fd2
7c59
344f
d803
1377
786b
85ad
5753
8fbd
7c5c
3453
0d49
241d
7a24
852f
57b8
8fa8
7c5f
3457
403b
341e
7ba5
84b7
581c
8f93
7c62
345b
67ec
4333
7cee
8444
5881
8f7e
7c66
345f
7d67
5116
7dff
83d7
58e4
8f6a
7c69
3463
7ceb
5d89
7ed5
8370
5947
8f55
7c6c
3467
668b
6853
7f73
830e
59aa
8f40
7c6f
346b
3e33
7142
7fd6
82b2
5a0d
8f2b
7c73
346f
0af6
782e
7fff
825b
5a6f
8f17
7c76
3473
d5ce
7cf9
7fee
820b
5ad0
8f02
7c79
3477
a809
7f8b
7fa2
81c0
5b31
8eee
7c7c
347b
89af
7fd9
7f1c
817b
5b92
8ed9
7c80
347f
800f
7de2
7e5d
813b
5bf2
8ec5
7c83
3483
8cda
79af
7d64
8102
5c52
8eb1
7c86
3487
add1
7353
7c32
80ce
5cb2
8e9c
7c89
348b
dd2f
6aeb
7ac7
80a0
5d11
8e88
7c8c
348f
12a7
609c
7925
8078
5d70
8e74
7c90
3493
44d9
5497
774b
8055
5dce
8e60
7c93
3497
6afc
4711
753b
8039
5e2c
8e4c
7c96
349b
7e60
3848
72f6
8022
5e89
8e38
7c99
349f
7ba0
287f
707c
8011
5ee6
8e24
7c9c
34a3
6337
17fe
6dd0
8006
5f42
8e10
7c9f
34a7
396b
0710
6af1
8000
5f9f
8dfc
7ca3
34ab
0590
f601
67e1
8001
5ffa
8de8
7ca6
34af
d0bc
e521
64a3
8007
6055
8dd4
7ca9
34b3
a430
d4ba
6136
8013
60b0
8dc0
7cac
34b7
87ba
c518
5d9d
8025
610b
8dad
7caf
34bb
8056
b682
59da
803d
6164
8d99
7cb2
34bf
8f51
a93a
55ee
805b
61be
8d85
7cb5
34c3
b20a
9d7d
51da
807e
6217
8d72
7cb8
34c7
e26b
937f
4da1
80a8
626f
8d5f
7cbc
34cb
17fc
8b6e
4945
80d7
62c8
8d4b
7cbf
34cf
4959
856f
44c8
810b
631f
8d38
7cc2
34d3
6ddc
819e
402b
8146
6376
8d24
7cc5
34d7
7f1f
800b
3b72
8186
63cd
8d11
7cc8
34db
7a1d
80bd
369d
81cc
6423
8cfe
7ccb
34df
5fb5
83b3
31af
8218
6479
8ceb
7cce
34e3
3489
88dd
2caa
826a
64cf
8cd8
7cd1
34e7
0028
9024
2792
82c1
6524
8cc5
7cd4
34eb
cbc0
9968
2267
831e
6578
8cb2
7cd7
34ef
a080
a47f
1d2d
8381
65cc
8c9f
7cda
34f3
85fb
b135
17e5
83e9
6620
8c8c
7cdd
34f6
80d8
bf52
1292
8457
6673
8c79
7ce0
34fa
91fb
ce95
0d37
84cb
66c5
8c66
7ce3
34fe
b666
deb8
07d6
8544
6717
8c53
7ce6
3502
e7b5
ef72
0272
85c3
6769
8c41
7ce9
3506
1d46
0078
fd0c
8647
67ba
8c2e
7cec
350a
4db7
117c
f7a8
86d1
680b
8c1c
7cef
350e
7089
2230
f247
8761
685b
8c09
7cf3
3512
7fa4
3249
eced
87f6
68ab
8bf7
7cf5
3516
7862
417d
e79b
8890
68fa
8be4
7cf8
351a
5c08
4f87
e254
8930
6949
8bd2
7cfb
351e
2f8e
5c28
dd1b
89d5
6997
8bbf
7cfe
3522
fac0
6727
d7f2
8a80
69e5
8bad
7d01
3526
c6dc
7050
d2db
8b30
6a33
8b9b
7d04
352a
9cfc
777a
cdd9
8be5
6a80
8b89
7d07
352e
8475
7c86
c8ed
8ca0
6acc
8b77
7d0a
3532
8193
7f5b
c41b
8d60
6b18
8b65
7d0d
3536
94d8
7fee
bf64
8e25
6b63
8b53
7d10
353a
bae3
7e3b
baca
8eef
6bae
8b41
7d13
353e
ed0a
7a4a
b650
8fbf
6bf9
8b2f
7d16
3542
2284
742e
b1f7
9093
6c43
8b1d
7d19
3546
51f1
6c01
adc2
916d
6c8c
8b0b
7d1c
354a
7303
61e9
a9b2
924b
6cd5
8af9
7d1f
354e
7fee
5615
a5c9
932f
6d1e
8ae8
7d22
3552
7670
48b9
a20a
9417
6d66
8ad6
7d25
3556
5831
3a12
9e75
9505
6dad
8ac5
7d28
355a
2a7e
2a63
9b0d
95f7
6df4
8ab3
7d2a
355e
f55a
19f4
97d3
96ee
6e3b
8aa2
7d2d
3562
c213
090f
94c8
97ea
6e81
8a90
7d30
3566
99a5
f801
91ee
98eb
6ec6
8a7f
7d33
356a
8327
e716
8f46
99f0
6f0b
8a6e
7d36
356e
8289
d69e
8cd1
9afa
6f50
8a5c
7d39
3572
97e6
c6e1
8a91
9c09
6f94
8a4b
7d3c
3576
bf80
b828
8886
9d1c
6fd7
8a3a
7d3f
357a
f268
aab5
86b1
9e34
701a
8a29
7d41
357e
27b1
9ec7
8514
9f50
705c
8a18
7d44
3582
5606
9492
83af
a071
709e
8a07
7d47
3586
7548
8c45
8282
a196
70e0
89f6
7d4a
358a
7ffe
8607
818f
a2bf
7121
89e5
7d4d
358d
7448
81f3
80d5
a3ec
7161
89d4
7d50
3591
5431
801c
8054
a51e
71a1
89c4
7d52
3595
255a
808a
800e
a654
71e0
89b3
7d55
3599
eff8
833c
8003
a78d
721f
89a2
7d58
359d
bd65
8825
8031
a8cb
725d
8992
7d5b
35a1
967d
8f2f
809a
aa0d
729b
8981
7d5e
35a5
8212
9839
813c
ab53
72d9
8970
7d60
35a9
83b7
a31c
8219
ac9c
7315
8960
7d63
35ad
9b23
afa4
832e
adea
7352
8950
7d66
35b1
c43b
bd9a
847d
af3b
738d
893f
7d69
35b5
f7cb
ccbe
8603
b090
73c8
892f
7d6b
35b9
2ccc
dcca
87c2
b1e8
7403
891f
7d6e
35bd
59f3
ed77
89b7
b344
743d
890f
7d71
35c1
7758
fe78
8be1
b4a4
7477
88ff
7d74
35c5
7fd4
0f80
8e41
b607
74b0
88ee
7d76
35c9
71ea
2041
90d4
b76d
74e8
88de
7d79
35cd
500b
3070
939a
b8d7
7520
88ce
7d7c
35d1
2026
3fc3
9692
ba43
7558
88bf
7d7f
35d5
ea9e
4df4
99b9
bbb3
758f
88af
7d81
35d9
b8d6
5ac2
9d0f
bd26
75c5
889f
7d84
35dd
9386
65f4
a092
be9d
75fb
888f
7d87
35e1
8137
6f56
a440
c016
7630
8880
7d89
35e5
851f
76bf
a818
c192
7665
8870
7d8c
35e9
9e8e
7c0b
ac19
c311
7699
8860
7d8f
35ed
c911
7f24
b03f
c492
76cd
8851
7d92
35f1
fd33
7ffb
b489
c617
7700
8841
7d94
35f5
31d3
7e8c
b8f6
c79e
7733
8832
7d97
35f9
5db8
7ade
bd84
c927
7765
8823
7d9a
35fd
7931
7501
c22f
cab3
7797
8813
7d9c
3600
7f6f
6d11
c6f7
cc42
77c8
8804
7d9f
3604
6f59
6330
cbd9
cdd3
77f8
87f5
7da2
3608
4bc1
578d
d0d2
cf66
7828
87e6
7da4
360c
1ae2
4a5c
d5e1
d0fb
7857
87d7
7da7
3610
e54e
3bd9
db03
d293
7886
87c8
7da9
3614
b468
2c45
e036
d42c
78b4
87b9
7dac
3618
90c0
1be9
e577
d5c8
78e2
87aa
7daf
361c
8096
0b0e
eac5
d765
790f
879b
7db1
3620
86bf
fa00
f01c
d904
793c
878c
7db4
3624
a226
e90e
f57a
daa5
7968
877d
7db7
3628
ce00
d884
fadd
dc48
7993
876f
7db9
362c
029b
c8ad
0043
dded
79be
8760
7dbc
3630
36c2
b9d2
05a8
df93
79e9
8751
7dbe
3634
6151
ac36
0b0b
e13a
7a13
8743
7dc1
3638
7ad3
a017
1069
e2e3
7a3c
8734
7dc3
363c
7ed0
95ac
15bf
e48d
7a65
8726
7dc6
3640
6c95
8d24
1b0b
e638
7a8d
8718
7dc9
3644
4753
86a6
204b
e7e5
7ab4
8709
7dcb
3648
1593
8250
257d
e993
7adb
86fb
7dce
364c
e00a
8035
2a9d
eb41
7b02
86ed
7dd0
3650
b01c
805f
2faa
ecf1
7b28
86df
7dd3
3654
8e2c
82ce
34a1
eea2
7b4d
86d0
7dd5
3658
802f
8775
3980
f053
7b72
86c2
7dd8
365c
8896
8e40
3e45
f205
7b96
86b4
7dda
365f
a5e9
9711
42ee
f3b8
7bba
86a7
7ddd
3663
d305
a1be
4778
f56b
7bdd
8699
7ddf
3667
0803
ae18
4be2
f71f
7c00
868b
7de2
366b
3b99
bbe6
5029
f8d3
7c22
867d
7de4
366f
64be
caea
544c
fa87
7c43
866f
7de7
3673
7c3d
dadf
5848
fc3c
7c64
8662
7de9
3677
7df7
eb7d
5c1d
fdf1
7c84
8654
7dec
367b
699f
fc78
5fc7
ffa6
7ca4
8647
7dee
367f
42c5
0d83
6346
015b
7cc3
8639
7df1
3683
1039
1e50
6697
030f
7ce2
862c
7df3
3687
dad5
2e94
69ba
04c4
7d00
861e
7df6
368b
abf4
3e04
6cac
0679
7d1d
8611
7df8
368f
8bcd
4c5b
6f6e
082d
7d3a
8604
7dfb
3693
8002
5956
71fc
09e1
7d56
85f6
7dfd
3697
8aa4
64bb
7457
0b94
7d72
85e9
7e00
369b
a9d5
6e56
767c
0d47
7d8d
85dc
7e02
369f
d820
75fc
786c
0ef9
7da8
85cf
7e04
36a3
0d67
7b89
7a25
10ab
7dc2
85c2
7e07
36a7
4055
7ee5
7ba6
125c
7ddb
85b5
7e09
36ab
67fd
7fff
7cef
140c
7df4
85a8
7e0c
36af
7d6e
7ed5
7dff
15bb
7e0d
859c
7e0e
36b2
7ce4
7b6a
7ed6
1769
7e24
858f
7e10
36b6
6678
75cd
7f73
1916
7e3c
8582
7e13
36ba
3e19
6e19
7fd6
1ac2
7e52
8575
7e15
36be
0ad8
6471
7fff
1c6d
7e68
8569
7e18
36c2
d5b1
5900
7fed
1e16
7e7e
855c
7e1a
36c6
a7f3
4bfb
7fa2
1fbe
7e93
8550
7e1c
36ca
89a3
3d9c
7f1c
2165
7ea7
8543
7e1f
36ce
8010
2e25
7e5c
230a
7ebb
8537
7e21
36d2
8ce7
1ddc
7d63
24ad
7ece
852b
7e23
36d6
ade9
0d0c
7c31
264f
7ee0
851e
7e26
36da
dd4c
fc00
7ac6
27ef
7ef2
8512
7e28
36de
12c5
eb06
7924
298d
7f04
8506
7e2a
36e2
44f3
da6c
774a
2b2a
7f14
84fa
7e2d
36e6
6b0d
ca7d
753a
2cc4
7f25
84ee
7e2f
36ea
7e65
bb81
72f5
2e5d
7f34
84e2
7e31
36ee
7b98
adbc
707b
2ff3
7f43
84d6
7e34
36f2
6323
a16d
6dce
3187
7f52
84ca
7e36
36f6
3950
96cc
6aef
3319
7f60
84be
7e38
36fa
0572
8e0a
67e0
34a8
7f6d
84b3
7e3b
36fe
d0a0
874d
64a1
3635
7f7a
84a7
7e3d
3701
a41b
82b5
6134
37c0
7f86
849b
7e3f
3705
87af
8056
5d9b
3948
7f92
8490
7e41
3709
8058
803c
59d8
3acd
7f9d
8484
7e44
370d
8f5f
8267
55eb
3c50
7fa7
8479
7e46
3711
b222
86cc
51d8
3dd0
7fb1
846d
7e48
3715
e289
8d59
4d9f
3f4d
7fba
8462
7e4a
3719
181a
95ef
4943
40c8
7fc3
8457
7e4d
371d
4972
a066
44c6
423f
7fcb
844b
7e4f
3721
6deb
ac91
4029
43b3
7fd3
8440
7e51
3725
7f23
ba36
3b6f
4525
7fda
8435
7e53
3729
7a14
c919
369a
4693
7fe0
842a
7e56
372d
5fa1
d8f6
31ac
47fe
7fe6
841f
7e58
3731
346d
e984
2ca8
4965
7feb
8414
7e5a
3735
000a
fa78
278f
4aca
7ff0
8409
7e5c
3739
cba5
0b85
2264
4c2b
7ff4
83fe
7e5f
373d
a06c
1c5e
1d2a
4d88
7ff7
83f3
7e61
3741
85f2
2cb6
17e2
4ee2
7ffa
83e9
7e63
3744
80db
3c42
128f
5038
7ffd
83de
7e65
3748
920b
4abd
0d34
518b
7ffe
83d3
7e67
374c
b67e
57e4
07d3
52da
7fff
83c9
7e69
3750
e7d3
637c
026f
5425
7fff
83be
7e6c
3754
1d64
6d4f
fd09
556c
7fff
83b4
7e6e
3758
4dcf
7532
f7a5
56b0
7fff
83a9
7e70
375c
7098
7aff
f244
57ef
7ffe
839f
7e72
3760
7fa6
7e9e
ecea
592b
7ffc
8395
7e74
3764
7857
7ffd
e798
5a62
7ffa
838a
7e76
3768
5bf3
7f16
e252
5b96
7ff7
8380
7e78
376c
2f72
7bee
dd19
5cc5
7ff4
8376
7e7b
3770
faa1
7692
d7ef
5df0
7fef
836c
7e7d
3774
c6c1
6f1b
d2d9
5f17
7feb
8362
7e7f
3778
9ce9
65ab
cdd6
6039
7fe5
8358
7e81
377c
846d
5a6d
c8eb
6157
7fe0
834e
7e83
3780
8198
4d94
c418
6270
7fd9
8344
7e85
3784
94e9
3f5b
bf61
6385
7fd2
833b
7e87
3787
bafd
3001
bac7
6496
7fcb
8331
7e89
378b
ed28
1fcd
b64d
65a2
7fc2
8327
7e8b
378f
22a1
0f09
b1f5
66a9
7fba
831e
7e8d
3793
5208
fe00
adbf
67ac
7fb0
8314
7e90
3797
7310
ed00
a9b0
68aa
7fa6
830b
7e92
379b
7fef
dc57
a5c7
69a3
7f9c
8301
7e94
379f
7664
cc50
a208
6a97
7f91
82f8
7e96
37a3
581b
bd34
9e73
6b87
7f85
82ee
7e98
37a7
2a61
af47
9b0b
6c71
7f79
82e5
7e9a
37ab
f53b
a2c9
97d1
6d57
7f6c
82dc
7e9c
37af
c1f8
97f3
94c6
6e38
7f5f
82d3
7e9e
37b3
9993
8ef6
91ec
6f13
7f51
82ca
7ea0
37b7
8320
87fb
8f44
6fea
7f42
82c1
7ea2
37bb
828f
8322
8cd0
70bc
7f33
82b8
7ea4
37bf
97f7
8080
8a8f
7188
7f23
82af
7ea6
37c2
bf9a
8021
8885
724f
7f13
82a6
7ea8
37c6
f286
8208
86b0
7311
7f02
829d
7eaa
37ca
27ce
862c
8513
73ce
7ef0
8294
7eac
37ce
561c
8c79
83ae
7486
7ede
828c
7eae
37d2
7555
94d3
8282
7538
7ecc
8283
7eb0
37d6
7ffe
9f15
818e
75e5
7eb9
827a
7eb2
37da
743b
ab0f
80d4
768c
7ea5
8272
7eb4
37de
541a
b88b
8054
772e
7e90
8269
7eb6
37e2
253d
c74c
800e
77cb
7e7c
8261
7eb8
37e6
efda
d70f
8003
7862
7e66
8259
7eba
37ea
bd4b
e78c
8031
78f4
7e50
8250
7ebc
37ee
966c
f878
809a
7980
7e39
8248
7ebe
37f2
820d
0986
813d
7a07
7e22
8240
7ebf
37f6
83bf
1a69
8219
7a88
7e0a
8238
7ec1
37fa
9b36
2ad4
832f
7b03
7df2
8230
7ec3
37fd
c455
3a7d
847e
7b79
7dd9
8228
7ec5
3801
f7ea
491b
8604
7bea
7dbf
8220
7ec7
3805
2ce8
566d
87c3
7c55
7da5
8218
7ec9
3809
5a09
6236
89b8
7cba
7d8b
8210
7ecb
380d
7763
6c41
8be3
7d19
7d6f
8208
7ecd
3811
7fd2
7460
8e42
7d73
7d54
8200
7ecf
3815
71dc
7a6e
90d6
7dc7
7d37
81f9
7ed1
3819
4ff3
7e4f
939c
7e15
7d1a
81f1
7ed2
381d
2008
7ff2
9693
7e5d
7cfd
81ea
7ed4
3821
ea81
7f4f
99bb
7ea0
7cdf
81e2
7ed6
3825
b8bd
7c6a
9d11
7edd
7cc0
81db
7ed8
3829
9376
774f
a094
7f14
7ca1
81d3
7eda
382d
8133
7016
a442
7f46
7c81
81cc
7edc
3831
8527
66df
a81b
7f71
7c61
81c5
7ede
3834
9ea2
5bd5
ac1b
7f97
7c40
81bd
7edf
3838
c92c
4f2a
b041
7fb7
7c1e
81b6
7ee1
383c
fd51
4116
b48c
7fd1
7bfc
81af
7ee3
3840
31ef
31db
b8f9
7fe6
7bda
81a8
7ee5
3844
5dcc
21bd
bd86
7ff4
7bb6
81a1
7ee7
3848
793b
1105
c232
7ffd
7b93
819a
7ee9
384c
7f6c
0000
c6fa
7fff
7b6e
8193
7eea
3850
6f4a
eefc
cbdb
7ffd
7b4a
818d
7eec
3854
4ba8
de44
d0d5
7ff4
7b24
8186
7eee
3858
1ac5
ce26
d5e4
7fe6
7afe
817f
7ef0
385c
e531
beeb
db06
7fd1
7ad8
8179
7ef1
3860
b44f
b0d7
e039
7fb7
7ab0
8172
7ef3
3864
90b1
a42b
e57a
7f97
7a89
816b
7ef5
3867
8093
9921
eac8
7f71
7a61
8165
7ef7
386b
86c8
8fea
f01f
7f46
7a38
815f
7ef8
386f
a23b
88b1
f57d
7f14
7a0e
8158
7efa
3873
ce1b
8396
fae0
7edd
79e5
8152
7efc
3877
02ba
80b1
0046
7ea0
79ba
814c
7efe
387b
36de
800e
05ab
7e5d
798f
8146
7eff
387f
6165
81b1
0b0e
7e15
7963
813f
7f01
3883
7adc
8592
106c
7dc7
7937
8139
7f03
3887
7ecc
8ba0
15c2
7d73
790b
8133
7f05
388b
6c85
93be
1b0e
7d19
78de
812d
7f06
388f
473a
9dc9
204e
7cba
78b0
8128
7f08
3893
1575
a992
2580
7c55
7881
8122
7f0a
3897
dfed
b6e4
2aa0
7bea
7853
811c
7f0b
389a
b004
c583
2fad
7b79
7823
8116
7f0d
389e
8e1f
d52b
34a4
7b04
77f3
8111
7f0f
38a2
802d
e596
3983
7a88
77c3
810b
7f10
38a6
88a1
f679
3e48
7a07
7792
8105
7f12
38aa
a5ff
0787
42f1
7980
7760
8100
7f14
38ae
d322
1873
477b
78f4
772e
80fb
7f15
38b2
0821
28f0
4be5
7862
76fb
80f5
7f17
38b6
3bb4
38b3
502c
77cb
76c8
80f0
7f19
38ba
64d1
4774
544e
772e
7694
80eb
7f1a
38be
7c44
54f0
584b
768c
7660
80e5
7f1c
38c2
7df1
60eb
5c1f
75e5
762b
80e0
7f1e
38c6
698e
6b2c
5fc9
7538
75f6
80db
7f1f
38c9
42ab
7387
6347
7486
75c0
80d6
7f21
38cd
101b
79d4
6699
73ce
7589
80d1
7f22
38d1
dab8
7df8
69bb
7311
7552
80cc
7f24
38d5
abdd
7fdf
6cae
724f
751b
80c8
7f26
38d9
8bc1
7f80
6f6f
7188
74e3
80c3
7f27
38dd
8002
7cdf
71fd
70bc
74aa
80be
7f29
38e1
8ab0
7805
7458
6fea
7471
80b9
7f2a
38e5
a9ec
710a
767d
6f14
7437
80b5
7f2c
38e9
d83d
680d
786d
6e38
73fd
80b0
7f2d
38ed
0d85
5d37
7a26
6d57
73c3
80ac
7f2f
38f1
406f
50ba
7ba7
6c72
7387
80a7
7f31
38f5
680f
42cd
7cf0
6b87
734c
80a3
7f32
38f8
7d74
33b1
7e00
6a97
730f
809f
7f34
38fc
7cdd
23aa
7ed6
69a3
72d3
809a
7f35
3900
6666
1300
7f73
68aa
7295
8096
7f37
3904
3dfe
0201
7fd6
67ac
7257
8092
7f38
3908
0aba
f0f8
7fff
66a9
7219
808e
7f3a
390c
d594
e034
7fed
65a2
71da
808a
7f3b
3910
a7dd
d000
7fa2
6496
719b
8086
7f3d
3914
8998
c0a6
7f1c
6386
715b
8082
7f3e
3918
8011
b26c
7e5c
6271
711a
807e
7f40
391c
8cf4
a593
7d63
6157
70d9
807a
7f41
3920
ae00
9a55
7c30
6039
7098
8076
7f43
3923
dd6a
90e5
7ac6
5f17
7056
8073
7f44
3927
12e3
896e
7923
5df0
7013
806f
7f46
392b
450d
8413
7749
5cc5
6fd0
806c
7f47
392f
6b1d
80ea
7539
5b96
6f8d
8068
7f49
3933
7e6a
8003
72f3
5a63
6f49
8065
7f4a
3937
7b90
8162
707a
592b
6f04
8061
7f4c
393b
6310
8501
6dcd
57f0
6ebf
805e
7f4d
393f
3935
8ace
6aed
56b0
6e7a
805b
7f4e
3943
0554
92b0
67de
556d
6e34
8057
7f50
3947
d084
9c84
649f
5425
6ded
8054
7f51
394b
a406
a81b
6132
52da
6da6
8051
7f53
394e
87a5
b542
5d99
518b
6d5f
804e
7f54
3952
805b
c3bd
59d6
5038
6d17
804b
7f56
3956
8f6e
d349
55e9
4ee2
6cce
8048
7f57
395a
b23a
e3a1
51d5
4d88
6c85
8045
7f58
395e
e2a7
f47a
4d9d
4c2b
6c3b
8043
7f5a
3962
1838
0587
4940
4aca
6bf1
8040
7f5b
3966
498b
167c
44c3
4966
6ba7
803d
7f5d
396a
6dfb
270a
4026
47fe
6b5c
803a
7f5e
396e
7f26
36e6
3b6c
4693
6b10
8038
7f5f
3972
7a0a
45c9
3697
4525
6ac4
8035
7f61
3976
5f8d
536f
31a9
43b3
6a78
8033
7f62
3979
3451
5f99
2ca5
423f
6a2b
8030
7f63
397d
ffeb
6a11
278c
40c8
69de
802e
7f65
3981
cb89
72a7
2261
3f4d
6990
802c
7f66
3985
a058
7933
1d27
3dd0
6941
802a
7f67
3989
85e9
7d99
17df
3c50
68f2
8027
7f69
398d
80df
7fc4
128c
3acd
68a3
8025
7f6a
3991
921a
7faa
0d31
3948
6853
8023
7f6b
3995
b697
7d4b
07d0
37c0
6803
8021
7f6d
3999
e7f1
78b3
026c
3635
67b2
801f
7f6e
399d
1d82
71f7
fd06
34a8
6761
801d
7f6f
39a0
4de7
6934
f7a2
3319
670f
801c
7f71
39a4
70a6
5e93
f241
3187
66bd
801a
7f72
39a8
7fa8
5245
ece7
2ff3
666a
8018
7f73
39ac
784d
4480
e795
2e5d
6617
8017
7f74
39b0
5bde
3584
e24f
2cc4
65c4
8015
7f76
39b4
2f56
2595
dd16
2b2a
6570
8013
7f77
39b8
fa83
14fa
d7ed
298e
651b
8012
7f78
39bc
c6a6
0401
d2d6
27ef
64c6
8010
7f79
39c0
9cd6
f2f5
cdd3
264f
6471
800f
7f7b
39c4
8465
e225
c8e8
24ad
641b
800e
7f7c
39c7
819d
d1dc
c416
230a
63c5
800d
7f7d
39cb
94f9
c265
bf5f
2165
636e
800b
7f7e
39cf
bb16
b406
bac5
1fbe
6317
800a
7f80
39d3
ed46
a701
b64b
1e16
62bf
8009
7f81
39d7
22be
9b90
b1f2
1c6d
6267
8008
7f82
39db
5220
91e7
adbd
1ac2
620e
8007
7f83
39df
731e
8a33
a9ad
1916
61b5
8006
7f85
39e3
7ff0
8497
a5c5
1769
615c
8006
7f86
39e7
7659
812b
a206
15bb
6102
8005
7f87
39eb
5805
8000
9e71
140c
60a7
8004
7f88
39ee
2a45
811b
9b09
125c
604c
8003
7f89
39f2
f51d
8477
97cf
10ab
5ff1
8003
7f8a
39f6
c1de
8a04
94c4
0efa
5f95
8002
7f8c
39fa
9981
91a9
91ea
0d47
5f39
8002
7f8d
39fe
831a
9b44
8f43
0b94
5edd
8001
7f8e
3a02
8295
a6a9
8cce
09e1
5e80
8001
7f8f
3a06
9809
b3a5
8a8e
082d
5e22
8001
7f90
3a0a
bfb5
c1fb
8884
0679
5dc5
8000
7f91
3a0e
f2a4
d16b
86af
04c4
5d66
8000
7f92
3a11
27ea
e1af
8512
0310
5d08
8000
7f94
3a15
5633
f27c
83ad
015b
5ca8
8000
7f95
3a19
7561
0387
8281
ffa6
5c49
8000
7f96
3a1d
7ffe
1483
818e
fdf1
5be9
8000
7f97
3a21
742e
2520
80d4
fc3c
5b89
8000
7f98
3a25
5403
3515
8054
fa87
5b28
8000
7f99
3a29
2520
4419
800e
f8d3
5ac7
8001
7f9a
3a2d
efbc
51e7
8003
f71f
5a65
8001
7f9b
3a31
bd31
5e41
8031
f56b
5a03
8001
7f9c
3a35
965b
68ef
809a
f3b8
59a0
8002
7f9d
3a38
8207
71bf
813d
f205
593e
8002
7f9f
3a3c
83c6
788b
821a
f053
58da
8002
7fa0
3a40
9b48
7d32
8330
eea2
5877
8003
7fa1
3a44
c470
7fa1
847e
ecf1
5813
8004
7fa2
3a48
f808
7fcb
8605
eb42
57ae
8004
7fa3
3a4c
2d05
7db0
87c4
e993
5749
8005
7fa4
3a50
5a1e
795a
89b9
e7e5
56e4
8006
7fa5
3a54
776e
72dc
8be4
e639
567e
8007
7fa6
3a58
7fd1
6a55
8e44
e48d
5618
8008
7fa7
3a5b
71cf
5fea
90d7
e2e3
55b2
8009
7fa8
3a5f
4fdc
53cb
939e
e13a
554b
800a
7fa9
3a63
1feb
462f
9695
df93
54e4
800b
7faa
3a67
ea63
3754
99bd
dded
547c
800c
7fab
3a6b
b8a4
277d
9d13
dc48
5414
800d
7fac
3a6f
9366
16f3
a096
daa6
53ac
800e
7fad
3a73
812f
0601
a444
d904
5343
8010
7fae
3a77
8530
f4f3
a81d
d765
52da
8011
7faf
3a7b
9eb6
e418
ac1d
d5c8
5270
8013
7fb0
3a7e
c947
d3bb
b044
d42c
5206
8014
7fb1
3a82
fd6f
c428
b48e
d293
519c
8016
7fb2
3a86
320a
b5a5
b8fb
d0fb
5132
8017
7fb3
3a8a
5de1
a874
bd89
cf66
50c7
8019
7fb4
3a8e
7945
9cd0
c235
cdd3
505b
801b
7fb5
3a92
7f69
92f0
c6fc
cc42
4fef
801c
7fb5
3a96
6f3b
8aff
cbde
cab3
4f83
801e
7fb6
3a9a
4b90
8522
d0d8
c927
4f17
8020
7fb7
3a9e
1aa7
8174
d5e7
c79e
4eaa
8022
7fb8
3aa1
e513
8005
db09
c617
4e3d
8024
7fb9
3aa5
b437
80dc
e03c
c492
4dcf
8026
7fba
3aa9
90a2
83f4
e57d
c311
4d61
8028
7fbb
3aad
8090
8941
eacb
c192
4cf3
802b
7fbc
3ab1
86d2
90a9
f022
c016
4c85
802d
7fbd
3ab5
a250
9a0c
f580
be9d
4c16
802f
7fbe
3ab9
ce37
a53d
fae3
bd27
4ba6
8031
7fbf
3abd
02d8
b20c
0049
bbb3
4b37
8034
7fbf
3ac0
36f9
c03d
05ae
ba43
4ac7
8036
7fc0
3ac4
6179
cf8f
0b11
b8d7
4a56
8039
7fc1
3ac8
7ae4
dfbe
106f
b76d
49e6
803c
7fc2
3acc
7ec8
f07f
15c5
b607
4975
803e
7fc3
3ad0
6c74
0187
1b11
b4a4
4903
8041
7fc4
3ad4
4721
1288
2051
b344
4892
8044
7fc4
3ad8
1557
2335
2582
b1e8
4820
8047
7fc5
3adc
dfd0
3342
2aa3
b090
47ad
8049
7fc6
3ae0
afec
4265
2fb0
af3b
473b
804c
7fc7
3ae3
8e11
505b
34a7
adea
46c8
804f
7fc8
3ae7
802b
5ce4
3986
ac9d
4654
8052
7fc9
3aeb
88ac
67c6
3e4b
ab53
45e1
8056
7fc9
3aef
a614
70d1
42f3
aa0d
456d
8059
7fca
3af3
d33e
77db
477d
a8cb
44f9
805c
7fcb
3af7
0840
7cc4
4be7
a78d
4484
805f
7fcc
3afb
3bcf
7f75
502e
a654
440f
8063
7fcd
3aff
64e4
7fe4
5451
a51e
439a
8066
7fcd
3b02
7c4b
7e0d
584d
a3ec
4325
806a
7fce
3b06
7dec
79f9
5c21
a2bf
42af
806d
7fcf
3b0a
697c
73bb
5fcb
a196
4239
8071
7fd0
3b0e
4292
6b6f
6349
a071
41c2
8074
7fd0
3b12
0ffd
613a
669b
9f50
414c
8078
7fd1
3b16
da9b
554b
69bd
9e34
40d5
807c
7fd2
3b1a
abc7
47d9
6cb0
9d1c
405d
8080
7fd3
3b1e
8bb4
3920
6f71
9c09
3fe6
8084
7fd3
3b21
8001
2963
71ff
9afb
3f6e
8087
7fd4
3b25
8abc
18ea
7459
99f1
3ef6
808b
7fd5
3b29
aa02
0800
767e
98eb
3e7d
8090
7fd5
3b2d
d85a
f6f2
786e
97ea
3e04
8094
7fd6
3b31
0da3
e60d
7a27
96ee
3d8b
8098
7fd7
3b35
4089
d59d
7ba8
95f7
3d12
809c
7fd7
3b39
6821
c5ef
7cf0
9505
3c99
80a0
7fd8
3b3d
7d7a
b748
7e00
9417
3c1f
80a5
7fd9
3b40
7cd7
a9ec
7ed7
932f
3ba5
80a9
7fda
3b44
6654
9e17
7f74
924b
3b2a
80ae
7fda
3b48
3de4
93ff
7fd6
916d
3ab0
80b2
7fdb
3b4c
0a9c
8bd3
7fff
9093
3a35
80b7
7fdb
3b50
d578
85b6
7fed
8fbf
39b9
80bb
7fdc
3b54
a7c7
81c5
7fa1
8eef
393e
80c0
7fdd
3b58
898c
8012
7f1b
8e25
38c2
80c5
7fdd
3b5c
8012
80a4
7e5b
8d60
3846
80ca
7fde
3b5f
8d02
837a
7d62
8ca0
37ca
80ce
7fdf
3b63
ae17
8885
7c30
8be5
374d
80d3
7fdf
3b67
dd87
8fb0
7ac5
8b30
36d1
80d8
7fe0
3b6b
1301
98d9
7922
8a80
3654
80dd
7fe1
3b6f
4526
a3d7
7748
89d5
35d6
80e2
7fe1
3b73
6b2e
b078
7538
8930
3559
80e8
7fe2
3b77
7e6f
be82
72f2
8890
34db
80ed
7fe2
3b7a
7b88
cdb6
7078
87f6
345d
80f2
7fe3
3b7e
62fd
ddcf
6dcb
8761
33df
80f7
7fe3
3b82
391a
ee83
6aec
86d1
3361
80fd
7fe4
3b86
0536
ff87
67dc
8648
32e2
8102
7fe5
3b8a
d068
108d
649d
85c3
3263
8108
7fe5
3b8e
a3f0
2147
6130
8544
31e4
810d
7fe6
3b92
879b
316b
5d97
84cb
3165
8113
7fe6
3b96
805d
40ad
59d3
8457
30e5
8119
7fe7
3b99
8f7c
4eca
55e7
83e9
3065
811e
7fe7
3b9d
b252
5b80
51d3
8381
2fe5
8124
7fe8
3ba1
e2c4
6697
4d9a
831e
2f65
812a
7fe8
3ba5
1855
6fdb
493e
82c1
2ee4
8130
7fe9
3ba9
49a3
7723
44c0
826a
2e64
8136
7fe9
3bad
6e0a
7c4d
4024
8218
2de3
813c
7fea
3bb1
7f2a
7f42
3b69
81cc
2d62
8142
7fea
3bb4
7a01
7ff5
3694
8186
2ce0
8148
7feb
3bb8
5f79
7e62
31a6
8146
2c5f
814e
7feb
3bbc
3436
7a91
2ca2
810b
2bdd
8155
7fec
3bc0
ffcd
7492
2789
80d7
2b5b
815b
7fec
3bc4
cb6d
6c82
225e
80a8
2ad9
8161
7fed
3bc8
a044
6284
1d24
807e
2a57
8168
7fed
3bcc
85e0
56c7
17dc
805b
29d4
816e
7fee
3bd0
80e2
497f
1289
803d
2952
8175
7fee
3bd3
922a
3ae8
0d2e
8025
28cf
817b
7fef
3bd7
b6b0
2b47
07cd
8013
284c
8182
7fef
3bdb
e80f
1ae0
0269
8007
27c8
8189
7ff0
3bdf
1d9f
09ff
fd03
8001
2745
818f
7ff0
3be3
4dff
f8f1
f79e
8000
26c1
8196
7ff0
3be7
70b4
e803
f23e
8006
263e
819d
7ff1
3beb
7fab
d782
ece4
8011
25ba
81a4
7ff1
3bee
7843
c7b9
e792
8022
2536
81ab
7ff2
3bf2
5bc9
b8f0
e24c
8039
24b1
81b2
7ff2
3bf6
2f3a
ab6a
dd13
8055
242d
81b9
7ff3
3bfa
fa65
9f64
d7ea
8078
23a8
81c0
7ff3
3bfe
c68b
9516
d2d3
80a0
2323
81c8
7ff3
3c02
9cc3
8cad
cdd1
80ce
229e
81cf
7ff4
3c06
845d
8651
c8e5
8102
2219
81d6
7ff4
3c09
81a2
821e
c413
813b
2194
81de
7ff4
3c0d
950a
8027
bf5c
817b
210f
81e5
7ff5
3c11
bb30
8075
bac2
81c0
2089
81ed
7ff5
3c15
ed64
8307
b648
820b
2003
81f4
7ff6
3c19
22db
87d1
b1f0
825b
1f7e
81fc
7ff6
3c1d
5237
8ebe
adbb
82b2
1ef7
8204
7ff6
3c21
732b
97ad
a9ab
830e
1e71
820b
7ff7
3c24
7ff1
a276
a5c3
8370
1deb
8213
7ff7
3c28
764d
aee9
a204
83d7
1d65
821b
7ff7
3c2c
57ef
bccc
9e6f
8444
1cde
8223
7ff8
3c30
2a28
cbe1
9b07
84b7
1c57
822b
7ff8
3c34
f4ff
dbe3
97cd
852f
1bd1
8233
7ff8
3c38
c1c3
ec88
94c3
85ad
1b4a
823b
7ff8
3c3c
996f
fd87
91e9
8630
1ac3
8243
7ff9
3c3f
8313
0e90
8f41
86b9
1a3b
824b
7ff9
3c43
829b
1f58
8ccd
8748
19b4
8254
7ff9
3c47
981b
2f90
8a8d
87dc
192d
825c
7ffa
3c4b
bfcf
3ef1
8882
8875
18a5
8264
7ffa
3c4f
f2c2
4d34
86ae
8914
181d
826d
7ffa
3c53
2807
5a17
8512
89b9
1796
8275
7ffa
3c57
5649
6561
83ad
8a62
170e
827e
7ffb
3c5a
756d
6edf
8280
8b11
1686
8286
7ffb
3c5e
7ffe
7664
818d
8bc6
15fe
828f
7ffb
3c62
7421
7bcf
80d3
8c7f
1576
8298
7ffb
3c66
53ed
7f07
8054
8d3e
14ed
82a1
7ffc
3c6a
2503
7ffe
800e
8e03
1465
82a9
7ffc
3c6e
ef9e
7eaf
8003
8ecc
13dd
82b2
7ffc
3c72
bd18
7b21
8032
8f9a
1354
82bb
7ffc
3c75
964a
7562
809b
906e
12cb
82c4
7ffc
3c79
8202
6d8e
813e
9147
1243
82cd
7ffd
3c7d
83cd
63c8
821a
9225
11ba
82d7
7ffd
3c81
9b5b
583c
8330
9307
1131
82e0
7ffd
3c85
c48b
4b20
847f
93ef
10a8
82e9
7ffd
3c89
f826
3cad
8606
94dc
101f
82f2
7ffd
3c8d
2d21
2d27
87c5
95cd
0f96
82fc
7ffe
3c90
5a34
1cd4
89ba
96c3
0f0d
8305
7ffe
3c94
7779
0bfe
8be5
97bf
0e83
830e
7ffe
3c98
7fcf
faf1
8e45
98be
0dfa
8318
7ffe
3c9c
71c1
e9fb
90d9
99c3
0d71
8322
7ffe
3ca0
4fc4
d969
939f
9acc
0ce7
832b
7ffe
3ca4
1fce
c987
9697
9bda
0c5e
8335
7ffe
3ca7
ea45
ba9c
99bf
9ced
0bd4
833f
7fff
3cab
b88b
aced
9d15
9e03
0b4a
8348
7fff
3caf
9356
a0b7
a098
9f1f
0ac1
8352
7fff
3cb3
812b
9633
a447
a03f
0a37
835c
7fff
3cb7
8539
8d8f
a81f
a163
09ad
8366
7fff
3cbb
9eca
86f4
ac1f
a28b
0924
8370
7fff
3cbf
c963
827f
b046
a3b8
089a
837a
7fff
3cc2
fd8e
8044
b491
a4e9
0810
8384
7fff
3cc6
3226
804e
b8fe
a61e
0786
838f
7fff
3cca
5df6
829c
bd8c
a757
06fc
8399
7fff
3cce
794e
8725
c237
a894
0672
83a3
7fff
3cd2
7f66
8dd3
c6ff
a9d5
05e8
83ae
7fff
3cd6
6f2c
9687
cbe1
ab1a
055e
83b8
7fff
3cd9
4b77
a11c
d0db
ac63
04d4
83c3
7fff
3cdd
1a89
ad5f
d5ea
adb0
044a
83cd
7fff
3ce1
e4f5
bb1a
db0c
af01
03c0
83d8
7fff
3ce5
b41e
ca0f
e03f
b055
0335
83e2
7fff
3ce9
9093
d9f8
e580
b1ad
02ab
83ed
7fff
3ced
808d
ea8f
eace
b308
0221
83f8
7fff
3cf1
86dc
fb87
f025
b467
0197
8403
7fff
3cf4
a264
0c93
f583
b5c9
010d
840e
7fff
3cf8
ce53
1d66
fae6
b72f
0083
8418
7fff
3cfc
02f6
2db3
004c
b898
fff8
8423
7fff
3d00
3715
3d31
05b1
ba04
ff6e
842e
7fff
3d04
618c
4b99
0b14
bb74
fee4
843a
7fff
3d08
7aed
58a9
1072
bce6
fe5a
8445
7fff
3d0b
7ec3
6426
15c8
be5c
fdd0
8450
7fff
3d0f
6c64
6ddb
1b14
bfd4
fd46
845b
7fff
3d13
4708
759e
2054
c150
fcbb
8467
7fff
3d17
1539
7b49
2585
c2ce
fc31
8472
7fff
3d1b
dfb2
7ec4
2aa6
c450
fba7
847d
7fff
3d1f
afd5
7fff
2fb2
c5d3
fb1d
8489
7fff
3d22
8e03
7ef5
34a9
c75a
fa93
8494
7fff
3d26
802a
7ba9
3988
c8e3
fa09
84a0
7fff
3d2a
88b7
762b
3e4d
ca6f
f97f
84ac
7fff
3d2e
a62a
6e94
42f6
cbfd
f8f5
84b7
7fff
3d32
d35b
6506
4780
cd8d
f86b
84c3
7fff
3d36
085e
59ad
4bea
cf20
f7e1
84cf
7fff
3d39
3bea
4cbc
5031
d0b5
f757
84db
7fff
3d3d
64f6
3e6f
5453
d24c
f6cd
84e7
7fff
3d41
7c52
2f05
584f
d3e5
f644
84f3
7fff
3d45
7de6
1ec6
5c23
d580
f5ba
84ff
7fff
3d49
696b
0dfb
5fcd
d71e
f530
850b
7fff
3d4d
4278
fcf1
634b
d8bd
f4a6
8517
7fff
3d51
0fdf
ebf4
669c
da5d
f41d
8524
7fff
3d54
da7e
db53
69bf
dc00
f393
8530
7ffe
3d58
abb0
cb58
6cb1
dda4
f30a
853c
7ffe
3d5c
8ba7
bc4d
6f72
df4a
f280
8549
7ffe
3d60
8001
ae75
7200
e0f1
f1f7
8555
7ffe
3d64
8ac8
a210
745a
e29a
f16e
8561
7ffe
3d68
aa19
9756
7680
e443
f0e4
856e
7ffe
3d6b
d876
8e78
786f
e5ef
f05b
857b
7ffe
3d6f
0dc1
879e
7a27
e79b
efd2
8587
7ffd
3d73
40a3
82e7
7ba8
e949
ef49
8594
7ffd
3d77
6832
8069
7cf1
eaf7
eec0
85a1
7ffd
3d7b
7d80
802f
7e01
eca7
ee37
85ae
7ffd
3d7f
7cd0
8239
7ed7
ee57
edae
85bb
7ffd
3d82
6642
8680
7f74
f008
ed26
85c8
7ffc
3d86
3dc9
8cef
7fd6
f1ba
ec9d
85d5
7ffc
3d8a
0a7d
9568
7fff
f36d
ec15
85e2
7ffc
3d8e
d55b
9fc7
7fed
f520
eb8c
85ef
7ffc
3d92
a7b1
abda
7fa1
f6d3
eb04
85fc
7ffc
3d96
8981
b96d
7f1b
f887
ea7b
8609
7ffb
3d99
8013
c840
7e5b
fa3c
e9f3
8616
7ffb
3d9d
8d0f
d810
7d61
fbf0
e96b
8624
7ffb
3da1
ae2f
e896
7c2f
fda5
e8e3
8631
7ffb
3da5
dda4
f987
7ac4
ff5a
e85b
863f
7ffa
3da9
131f
0a95
7921
010f
e7d4
864c
7ffa
3dac
4540
1b72
7747
02c4
e74c
865a
7ffa
3db0
6b3f
2bd3
7536
0479
e6c4
8667
7ffa
3db4
7e73
3b6d
72f1
062d
e63d
8675
7ff9
3db8
7b80
49f9
7077
07e2
e5b6
8683
7ff9
3dbc
62ea
5734
6dc9
0996
e52f
8691
7ff9
3dc0
38ff
62e3
6aea
0b49
e4a8
869e
7ff8
3dc3
0517
6cd1
67da
0cfc
e421
86ac
7ff8
3dc7
d04b
74d0
649b
0eaf
e39a
86ba
7ff8
3dcb
a3db
7abc
612e
1060
e313
86c8
7ff7
3dcf
8790
7e7a
5d95
1211
e28d
86d6
7ff7
3dd3
805f
7ff9
59d1
13c2
e206
86e4
7ff7
3dd7
8f8b
7f32
55e5
1571
e180
86f3
7ff7
3dda
b26a
7c29
51d1
171f
e0fa
8701
7ff6
3dde
e2e2
76ec
4d98
18cc
e074
870f
7ff6
3de2
1873
6f92
493c
1a78
dfee
871d
7ff5
3de6
49bc
663d
44be
1c23
df68
872c
7ff5
3dea
6e1a
5b18
4021
1dcd
dee3
873a
7ff5
3dee
7f2d
4e54
3b67
1f75
de5d
8749
7ff4
3df1
79f8
402c
3692
211c
ddd8
8757
7ff4
3df5
5f64
30e0
31a4
22c1
dd53
8766
7ff4
3df9
341a
20b7
2c9f
2465
dcce
8775
7ff3
3dfd
ffaf
0ff8
2786
2607
dc49
8783
7ff3
3e01
cb52
fef1
225b
27a8
dbc5
8792
7ff3
3e04
a02f
edef
1d21
2946
db40
87a1
7ff2
3e08
85d7
dd3f
17d9
2ae3
dabc
87b0
7ff2
3e0c
80e6
cd2d
1286
2c7e
da38
87bf
7ff1
3e10
9239
be02
0d2b
2e16
d9b4
87ce
7ff1
3e14
b6c9
b003
07ca
2fad
d930
87dd
7ff0
3e18
e82c
a36f
0266
3141
d8ac
87ec
7ff0
3e1b
1dbd
9881
fd00
32d3
d829
87fb
7ff0
3e1f
4e17
8f68
f79b
3463
d7a6
880a
7fef
3e23
70c3
8850
f23b
35f1
d723
881a
7fef
3e27
7fad
8358
ece1
377c
d6a0
8829
7fee
3e2b
7838
8096
e78f
3904
d61d
8838
7fee
3e2f
5bb3
8017
e249
3a8a
d59b
8848
7fed
3e32
2f1e
81de
dd10
3c0e
d519
8857
7fed
3e36
fa46
85e2
d7e7
3d8e
d496
8867
7fec
3e3a
c670
8c12
d2d0
3f0c
d415
8876
7fec
3e3e
9caf
9450
cdce
4087
d393
8886
7feb
3e42
8455
9e78
c8e3
41ff
d311
8896
7feb
3e45
81a6
aa5b
c410
4373
d290
88a5
7fea
3e49
951a
b7c4
bf59
44e5
d20f
88b5
7fea
3e4d
bb49
c674
bac0
4654
d18e
88c5
7fe9
3e51
ed82
d62b
b646
47bf
d10d
88d5
7fe9
3e55
22f8
e69f
b1ed
4928
d08d
88e5
7fe8
3e59
524e
f787
adb8
4a8d
d00d
88f5
7fe8
3e5c
7338
0896
a9a9
4bee
cf8d
8905
7fe7
3e60
7ff2
197d
a5c1
4d4c
cf0d
8915
7fe7
3e64
7642
29f1
a202
4ea7
ce8d
8926
7fe6
3e68
57d9
39a6
9e6d
4ffe
ce0e
8936
7fe6
3e6c
2a0c
4855
9b05
5151
cd8f
8946
7fe5
3e6f
f4e1
55bb
97cc
52a0
cd10
8956
7fe5
3e73
c1a9
619b
94c1
53ec
cc91
8967
7fe4
3e77
995d
6bc0
91e7
5534
cc13
8977
7fe3
3e7b
830d
73fb
8f40
5678
cb95
8988
7fe3
3e7f
82a1
7a26
8ccc
57b9
cb17
8998
7fe2
3e82
982c
7e27
8a8c
58f5
ca99
89a9
7fe2
3e86
bfe9
7fea
8881
5a2d
ca1c
89ba
7fe1
3e8a
f2e0
7f67
86ad
5b61
c99f
89ca
7fe0
3e8e
2824
7ca2
8511
5c91
c922
89db
7fe0
3e92
5660
77a6
83ac
5dbd
c8a5
89ec
7fdf
3e96
7579
708a
8280
5ee4
c828
89fd
7fdf
3e99
7ffd
676e
818d
6007
c7ac
8a0e
7fde
3e9d
7415
5c7d
80d3
6126
c730
8a1f
7fdd
3ea1
53d6
4fe6
8054
6240
c6b5
8a30
7fdd
3ea5
24e6
41e5
800e
6356
c639
8a41
7fdc
3ea9
ef80
32b8
8003
6467
c5be
8a52
7fdb
3eac
bcfe
22a5
8032
6574
c543
8a63
7fdb
3eb0
9639
11f4
809b
667c
c4c8
8a75
7fda
3eb4
81fd
00f2
813e
6780
c44e
8a86
7fd9
3eb8
83d5
efeb
821b
687e
c3d4
8a97
7fd9
3ebc
9b6e
df2d
8331
6978
c35a
8aa9
7fd8
3ebf
c4a6
cf05
8480
6a6e
c2e1
8aba
7fd7
3ec3
f844
bfbb
8607
6b5e
c267
8acc
7fd7
3ec7
2d3e
b195
87c6
6c49
c1ee
8add
7fd6
3ecb
5a4a
a4d4
89bb
6d30
c176
8aef
7fd5
3ecf
7784
99b1
8be6
6e11
c0fd
8b01
7fd5
3ed2
7fcd
9060
8e47
6eee
c085
8b13
7fd4
3ed6
71b3
8909
90da
6fc5
c00d
8b24
7fd3
3eda
4fac
83d0
93a1
7098
bf96
8b36
7fd2
3ede
1fb0
80cb
9699
7165
bf1e
8b48
7fd2
3ee2
ea27
8008
99c0
722d
bea7
8b5a
7fd1
3ee6
b871
818b
9d17
72f0
be31
8b6c
7fd0
3ee9
9346
854d
a09a
73ae
bdba
8b7e
7fcf
3eed
8127
8b3c
a449
7466
bd44
8b90
7fcf
3ef1
8541
933f
a821
7519
bccf
8ba2
7fce
3ef5
9edd
9d2f
ac22
75c7
bc59
8bb5
7fcd
3ef9
c97e
a8e1
b048
7670
bbe4
8bc7
7fcc
3efc
fdac
b61f
b493
7713
bb6f
8bd9
7fcc
3f00
3242
c4ad
b901
77b0
bafb
8bec
7fcb
3f04
5e0a
d448
bd8e
7848
ba86
8bfe
7fca
3f08
7958
e4aa
c23a
78db
ba12
8c11
7fc9
3f0c
7f63
f588
c702
7968
b99f
8c23
7fc8
3f0f
6f1d
0696
cbe4
79f0
b92c
8c36
7fc8
3f13
4b5f
1786
d0dd
7a72
b8b9
8c48
7fc7
3f17
1a6c
280b
d5ec
7aef
b846
8c5b
7fc6
3f1b
e4d8
37da
db0f
7b66
b7d4
8c6e
7fc5
3f1f
b406
46ac
e042
7bd7
b762
8c81
7fc4
3f22
9084
543b
e583
7c43
b6f0
8c94
7fc4
3f26
808a
604d
ead1
7ca9
b67f
8ca7
7fc3
3f2a
86e6
6aa8
f028
7d09
b60e
8cb9
7fc2
3f2e
a279
731e
f586
7d64
b59d
8ccd
7fc1
3f32
ce6f
7989
fae9
7db9
b52d
8ce0
7fc0
3f35
0315
7dcc
004f
7e08
b4bd
8cf3
7fbf
3f39
3730
7fd3
05b4
7e51
b44d
8d06
7fbe
3f3d
61a0
7f95
0b17
7e95
b3de
8d19
7fbe
3f41
7af5
7d13
1075
7ed3
b36f
8d2c
7fbd
3f45
7ebf
7858
15cb
7f0b
b301
8d40
7fbc
3f48
6c54
717a
1b17
7f3e
b293
8d53
7fbb
3f4c
46ee
6899
2057
7f6a
b225
8d67
7fba
3f50
151b
5ddc
2588
7f91
b1b7
8d7a
7fb9
3f54
df95
5174
2aa8
7fb2
b14a
8d8e
7fb8
3f58
afbd
439a
2fb5
7fcd
b0dd
8da1
7fb7
3f5b
8df5
348d
34ac
7fe3
b071
8db5
7fb6
3f5f
8028
2491
398b
7ff2
b005
8dc9
7fb5
3f63
88c2
13ef
3e50
7ffc
af99
8ddc
7fb4
3f67
a640
02f2
42f9
7fff
af2e
8df0
7fb4
3f6b
d377
f1e8
4783
7ffe
aec3
8e04
7fb3
3f6e
087c
e11d
4bec
7ff6
ae58
8e18
7fb2
3f72
3c05
d0e0
5033
7fe9
adee
8e2c
7fb1
3f76
6509
c178
5455
7fd5
ad84
8e40
7fb0
3f7a
7c5a
b32d
5851
7fbc
ad1b
8e54
7faf
3f7e
7de1
a63e
5c25
7f9d
acb1
8e68
7fae
3f81
695a
9ae8
5fcf
7f78
ac49
8e7c
7fad
3f85
425e
915e
634d
7f4e
abe0
8e90
7fac
3f89
0fc1
89ca
669e
7f1d
ab78
8ea5
7fab
3f8d
da61
8450
69c1
7ee7
ab11
8eb9
7faa
3f90
ab99
8108
6cb3
7eab
aaaa
8ecd
7fa9
3f94
8b9b
8001
6f73
7e69
aa43
8ee2
7fa8
3f98
8001
8140
7201
7e22
a9dd
8ef6
7fa7
3f9c
8ad4
84bf
745c
7dd5
a977
8f0b
7fa6
3fa0
aa2f
8a6e
7681
7d82
a911
8f1f
7fa5
3fa3
d893
9234
7870
7d29
a8ac
8f34
7fa4
3fa7
0de0
9bed
7a28
7cca
a847
8f49
7fa3
3fab
40be
a76c
7ba9
7c66
a7e2
8f5d
7fa2
3faf
6844
b47f
7cf2
7bfd
a77e
8f72
7fa1
3fb3
7d86
c2e8
7e01
7b8d
a71b
8f87
7f9f
3fb6
7cc9
d268
7ed8
7b18
a6b8
8f9c
7f9e
3fba
6630
e2b6
7f74
7a9e
a655
8fb1
7f9d
3fbe
3daf
f38a
7fd7
7a1d
a5f2
8fc6
7f9c
3fc2
0a5f
0497
7fff
7998
a590
8fdb
7f9b
3fc6
d53e
158e
7fed
790c
a52f
8ff0
7f9a
3fc9
a79b
2624
7fa1
787c
a4ce
9005
7f99
3fcd
8975
360c
7f1b
77e5
a46d
901a
7f98
3fd1
8014
44fe
7e5a
774a
a40c
9030
7f97
3fd5
8d1c
52b7
7d61
76a8
a3ad
9045
7f96
3fd8
ae46
5ef8
7c2e
7602
a34d
905a
7f95
3fdc
ddc1
6989
7ac3
7556
a2ee
9070
7f93
3fe0
133d
723b
7920
74a5
a28f
9085
7f92
3fe4
4559
78e5
7746
73ee
a231
909a
7f91
3fe8
6b4f
7d6a
7535
7332
a1d3
90b0
7f90
3feb
7e78
7fb4
72ef
7271
a176
90c6
7f8f
3fef
7b78
7fba
7075
71ab
a119
90db
7f8e
3ff3
62d6
7d7c
6dc8
70df
a0bc
90f1
7f8d
3ff7
38e4
7903
6ae8
700f
a060
9107
7f8b
3ffb
04f9
7264
67d9
6f39
a005
911d
7f8a
3ffe
d02f
69bd
6499
6e5e
9faa
9132
7f89
4002
a3c6
5f35
612c
6d7e
9f4f
9148
7f88
4006
8786
52fd
5d93
6c99
9ef4
915e
7f87
400a
8061
454b
59cf
6bb0
9e9b
9174
7f86
400d
8f99
365f
55e2
6ac1
9e41
918a
7f84
4011
b282
267b
51ce
69ce
9de8
91a0
7f83
4015
e2ff
15e8
4d95
68d5
9d90
91b7
7f82
4019
1891
04f2
4939
67d8
9d38
91cd
7f81
401d
49d5
f3e5
44bb
66d6
9ce0
91e3
7f80
4020
6e29
e30f
401e
65d0
9c89
91f9
7f7e
4024
7f31
d2bd
3b64
64c5
9c32
9210
7f7d
4028
79ef
c339
368f
63b5
9bdc
9226
7f7c
402c
5f50
b4c9
31a1
62a1
9b86
923d
7f7b
4030
33fe
a7af
2c9c
6188
9b30
9253
7f79
4033
ff90
9c26
2783
606b
9adc
926a
7f78
4037
cb36
9263
2258
5f49
9a87
9280
7f77
403b
a01b
8a92
1d1e
5e23
9a33
9297
7f76
403f
85ce
84d7
17d6
5cf9
99e0
92ae
7f74
4042
80e9
814c
1283
5bca
998c
92c4
7f73
4046
9249
8001
0d28
5a98
993a
92db
7f72
404a
b6e2
80fc
07c7
5961
98e8
92f2
7f70
404e
e84a
8438
0262
5826
9896
9309
7f6f
4052
1dda
89a7
fcfd
56e7
9845
9320
7f6e
4055
4e2f
9130
f798
55a5
97f4
9337
7f6d
4059
70d1
9ab0
f238
545e
97a4
934e
7f6b
405d
7faf
a5fd
ecde
5313
9754
9365
7f6a
4061
782e
b2e4
e78c
51c5
9705
937c
7f69
4064
5b9e
c128
e246
5073
96b6
9393
7f67
4068
2f01
d08b
dd0d
4f1d
9668
93ab
7f66
406c
fa28
e0c5
d7e4
4dc4
961a
93c2
7f65
4070
c655
f18d
d2cd
4c67
95cc
93d9
7f63
4074
9c9c
0296
cdcb
4b07
9580
93f1
7f62
4077
844e
1394
c8e0
49a3
9533
9408
7f61
407b
81ab
2439
c40e
483c
94e7
9420
7f5f
407f
952b
343a
bf57
46d2
949c
9437
7f5e
4083
bb63
434d
babd
4564
9451
944f
7f5c
4086
eda0
512e
b643
43f3
9406
9466
7f5b
408a
2316
5d9e
b1eb
4280
93bc
947e
7f5a
408e
5265
6864
adb6
4109
9373
9496
7f58
4092
7345
7150
a9a7
3f8f
932a
94ae
7f57
4095
7ff3
7839
a5bf
3e12
92e1
94c5
7f55
4099
7636
7cff
a200
3c93
929a
94dd
7f54
409d
57c3
7f8d
9e6b
3b10
9252
94f5
7f53
40a1
29ef
7fd8
9b04
398b
920b
950d
7f51
40a5
f4c2
7ddd
97ca
3804
91c5
9525
7f50
40a8
c18e
79a6
94bf
3679
917f
953d
7f4e
40ac
994b
7346
91e6
34ed
9139
9555
7f4d
40b0
8306
6ada
8f3e
335e
90f4
956e
7f4b
40b4
82a7
6089
8cca
31cc
90b0
9586
7f4a
40b7
983e
5480
8a8b
3039
906c
959e
7f49
40bb
c003
46f8
8880
2ea3
9028
95b6
7f47
40bf
f2fe
382d
86ac
2d0b
8fe5
95cf
7f46
40c3
2841
2862
8510
2b71
8fa3
95e7
7f44
40c7
5676
17e0
83ab
29d5
8f61
9600
7f43
40ca
7585
06f2
827f
2837
8f1f
9618
7f41
40ce
7ffd
f5e4
818c
2697
8edf
9631
7f40
40d2
7408
e503
80d3
24f6
8e9e
9649
7f3e
40d6
53bf
d49e
8053
2352
8e5e
9662
7f3d
40d9
24c9
c4fe
800e
21ae
8e1f
967b
7f3b
40dd
ef62
b66a
8003
2007
8de0
9694
7f3a
40e1
bce4
a924
8032
1e60
8da2
96ac
7f38
40e5
9628
9d69
809b
1cb6
8d64
96c5
7f37
40e8
81f7
936f
813e
1b0c
8d27
96de
7f35
40ec
83dc
8b62
821b
1960
8cea
96f7
7f34
40f0
9b81
8567
8332
17b3
8cae
9710
7f32
40f4
c4c1
8199
8481
1605
8c72
9729
7f30
40f7
f863
800a
8608
1456
8c37
9742
7f2f
40fb
2d5a
80c1
87c7
12a7
8bfc
975b
7f2d
40ff
5a5f
83ba
89bc
10f6
8bc2
9775
7f2c
4103
778f
88e8
8be8
0f44
8b89
978e
7f2a
4107
7fcc
9033
8e48
0d92
8b50
97a7
7f29
410a
71a5
997a
90dc
0bdf
8b17
97c0
7f27
410e
4f95
a494
93a2
0a2c
8adf
97da
7f25
4112
1f93
b14d
969a
0878
8aa8
97f3
7f24
4116
ea09
bf6c
99c2
06c4
8a71
980d
7f22
4119
b858
ceb0
9d19
0510
8a3a
9826
7f21
411d
9336
ded5
a09c
035b
8a04
9840
7f1f
4121
8122
ef90
a44b
01a6
89cf
9859
7f1d
4125
854a
0096
a823
fff1
899a
9873
7f1c
4128
9ef1
119a
ac24
fe3c
8966
988d
7f1a
412c
c99a
224d
b04b
fc87
8932
98a6
7f18
4130
fdca
3264
b496
fad2
88ff
98c0
7f17
4134
325e
4197
b903
f91e
88cd
98da
7f15
4137
5e1f
4f9f
bd91
f76a
889a
98f4
7f14
413b
7962
5c3d
c23d
f5b6
8869
990e
7f12
413f
7f60
6738
c705
f403
8838
9928
7f10
4143
6f0e
705e
cbe7
f250
8808
9942
7f0f
4146
4b46
7785
d0e0
f09e
87d8
995c
7f0d
414a
1a4e
7c8d
d5ef
eeec
87a8
9976
7f0b
414e
e4ba
7f5e
db12
ed3c
8779
9990
7f09
4152
b3ed
7fed
e045
eb8c
874b
99ab
7f08
4156
9075
7e36
e586
e9dd
871d
99c5
7f06
4159
8088
7a42
ead4
e82f
86f0
99df
7f04
415d
86f0
7421
f02b
e682
86c4
99fa
7f03
4161
a28e
6bf1
f589
e4d7
8698
9a14
7f01
4165
ce8b
61d6
faec
e32c
866c
9a2e
7eff
4168
0333
55fe
0052
e183
8641
9a49
7efe
416c
374b
48a0
05b7
dfdc
8617
9a64
7efc
4170
61b4
39f7
0b1a
de35
85ed
9a7e
7efa
4174
7afd
2a47
1078
dc91
85c4
9a99
7ef8
4177
7ebb
19d7
15ce
daee
859b
9ab3
7ef7
417b
6c44
08f1
1b1a
d94c
8573
9ace
7ef5
417f
46d5
f7e3
205a
d7ad
854b
9ae9
7ef3
4183
14fd
e6f9
258b
d60f
8524
9b04
7ef1
4186
df78
d681
2aab
d473
84fe
9b1f
7eef
418a
afa5
c6c6
2fb8
d2d9
84d8
9b3a
7eee
418e
8de7
b80f
34af
d141
84b2
9b55
7eec
4192
8027
aa9f
398e
cfac
848e
9b70
7eea
4195
88cd
9eb3
3e53
ce18
8469
9b8b
7ee8
4199
a655
9482
42fb
cc87
8446
9ba6
7ee7
419d
d394
8c39
4785
caf8
8423
9bc1
7ee5
41a1
089a
85fe
4bee
c96b
8400
9bdc
7ee3
41a4
3c1f
81ee
5035
c7e1
83de
9bf7
7ee1
41a8
651c
801b
5458
c65a
83bd
9c13
7edf
41ac
7c61
808d
5853
c4d5
839c
9c2e
7edd
41b0
7ddb
8343
5c27
c353
837b
9c49
7edc
41b3
6949
8830
5fd1
c1d4
835c
9c65
7eda
41b7
4244
8f3d
634f
c057
833d
9c80
7ed8
41bb
0fa3
984b
66a0
bedd
831e
9c9c
7ed6
41bf
da44
a330
69c2
bd67
8300
9cb7
7ed4
41c2
ab82
afbb
6cb4
bbf3
82e2
9cd3
7ed2
41c6
8b8e
bdb4
6f75
ba83
82c6
9cee
7ed0
41ca
8001
ccd9
7203
b915
82a9
9d0a
7ecf
41ce
8ae1
dce7
745d
b7ab
828e
9d26
7ecd
41d1
aa46
ed95
7682
b644
8272
9d42
7ecb
41d5
d8b0
fe96
7871
b4e1
8258
9d5e
7ec9
41d9
0dfe
0f9e
7a29
b381
823e
9d79
7ec7
41dd
40d8
205e
7baa
b224
8224
9d95
7ec5
41e0
6856
308c
7cf2
b0cb
820b
9db1
7ec3
41e4
7d8b
3fdd
7e02
af76
81f3
9dcd
7ec1
41e8
7cc2
4e0b
7ed8
ae24
81db
9de9
7ebf
41ec
661d
5ad7
7f74
acd6
81c4
9e05
7ebd
41ef
3d94
6606
7fd7
ab8b
81ae
9e22
7ebb
41f3
0a41
6f65
7fff
aa45
8198
9e3e
7eb9
41f7
d522
76ca
7fed
a903
8182
9e5a
7eb8
41fb
a786
7c13
7fa1
a7c4
816d
9e76
7eb6
41fe
896a
7f28
7f1a
a689
8159
9e93
7eb4
4202
8015
7ffa
7e5a
a553
8145
9eaf
7eb2
4206
8d2a
7e88
7d60
a421
8132
9ecb
7eb0
420a
ae5d
7ad5
7c2d
a2f2
8120
9ee8
7eae
420d
dddf
74f5
7ac2
a1c9
810e
9f04
7eac
4211
135b
6d01
791f
a0a3
80fc
9f21
7eaa
4215
4573
631d
7745
9f82
80eb
9f3d
7ea8
4219
6b60
5777
7534
9e65
80db
9f5a
7ea6
421c
7e7d
4a43
72ee
9d4c
80cb
9f77
7ea4
4220
7b70
3bbe
7074
9c38
80bc
9f93
7ea2
4224
62c3
2c29
6dc6
9b29
80ae
9fb0
7ea0
4227
38c8
1bcc
6ae7
9a1e
80a0
9fcd
7e9e
422b
04db
0af0
67d7
9918
8093
9fea
7e9c
422f
d013
f9e2
6497
9816
8086
a007
7e9a
4233
a3b1
e8f0
612a
971a
807a
a024
7e98
4236
877c
d867
5d91
9622
806e
a041
7e96
423a
8064
c892
59cd
952e
8063
a05e
7e93
423e
8fa8
b9b9
55e0
9440
8059
a07b
7e91
4242
b29a
ac1f
51cc
9357
804f
a098
7e8f
4245
e31d
a003
4d93
9272
8045
a0b5
7e8d
4249
18af
959b
4937
9193
803d
a0d2
7e8b
424d
49ee
8d17
44b9
90b8
8035
a0ef
7e89
4251
6e39
869d
401c
8fe3
802d
a10d
7e87
4254
7f34
824a
3b61
8f13
8026
a12a
7e85
4258
79e6
8034
368c
8e47
8020
a147
7e83
425c
5f3c
8062
319e
8d81
801a
a165
7e81
4260
33e3
82d4
2c99
8cc1
8015
a182
7e7f
4263
ff72
877f
2780
8c05
8010
a1a0
7e7c
4267
cb1a
8e4e
2255
8b4f
800c
a1bd
7e7a
426b
a007
9722
1d1b
8a9e
8009
a1db
7e78
426e
85c5
a1d2
17d3
89f2
8006
a1f9
7e76
4272
80ed
ae2f
1280
894c
8003
a216
7e74
4276
9259
bbff
0d25
88ab
8002
a234
7e72
427a
